<HelpCollection>
  <HelpFolder name="VBCodeProvider class" link="ms-help://MS.NETFrameworkSDKv1.1/cpref/html/frlrfmicrosoftvisualbasicvbcodeproviderClassTopic.htm" ismsdn="true">
    <HelpTopic name="VBCodeProvider members" link="ms-help://MS.NETFrameworkSDKv1.1/cpref/html/frlrfmicrosoftvisualbasicvbcodeproviderMembersTopic.htm" ismsdn="true" />
    <HelpFolder name="Constructors" link="ms-help://MS.NETFrameworkSDKv1.1/cpref/html/frlrfmicrosoftvisualbasicvbcodeproviderclassctorTopic.htm" ismsdn="true">
      <HelpTopic name=".ctor()" link="ms-help://MS.NETFrameworkSDKv1.1/cpref/html/frlrfmicrosoftvisualbasicvbcodeproviderclassctorTopic.htm" ismsdn="true" />
    </HelpFolder>
    <HelpFolder name="Methods" link="ms-help://MS.NETFrameworkSDKv1.1/cpref/html/frlrfmicrosoftvisualbasicvbcodeproviderMethodsTopic.htm" ismsdn="true">
      <HelpTopic name="GetConverter(System.Type)" link="ms-help://MS.NETFrameworkSDKv1.1/cpref/html/frlrfmicrosoftvisualbasicvbcodeproviderclassGetConverterTopic.htm" ismsdn="true" />
      <HelpTopic name="CreateCompiler()" link="ms-help://MS.NETFrameworkSDKv1.1/cpref/html/frlrfmicrosoftvisualbasicvbcodeproviderclassCreateCompilerTopic.htm" ismsdn="true" />
      <HelpTopic name="CreateGenerator()" link="ms-help://MS.NETFrameworkSDKv1.1/cpref/html/frlrfmicrosoftvisualbasicvbcodeproviderclassCreateGeneratorTopic.htm" ismsdn="true" />
    </HelpFolder>
    <HelpFolder name="Properties" link="ms-help://MS.NETFrameworkSDKv1.1/cpref/html/frlrfmicrosoftvisualbasicvbcodeproviderPropertiesTopic.htm" ismsdn="true">
      <HelpTopic name="FileExtension" link="ms-help://MS.NETFrameworkSDKv1.1/cpref/html/frlrfmicrosoftvisualbasicvbcodeproviderclassFileExtensionTopic.htm" ismsdn="true" />
      <HelpTopic name="LanguageOptions" link="ms-help://MS.NETFrameworkSDKv1.1/cpref/html/frlrfmicrosoftvisualbasicvbcodeproviderclassLanguageOptionsTopic.htm" ismsdn="true" />
    </HelpFolder>
  </HelpFolder>
</HelpCollection>