<HelpCollection>
  <HelpFolder name="Audio class" link="ms-help://MS.DirectX9.1033/DirectX9_m/directx/ref/ns/Microsoft.DirectX.AudioVideoPlayback/c/Audio/Audio.htm" ismsdn="true">
    <HelpTopic name="Audio members" link="ms-help://MS.DirectX9.1033/DirectX9_m/directx/ref/ns/Microsoft.DirectX.AudioVideoPlayback/c/Audio/Audio.htm" ismsdn="true" />
    <HelpFolder name="Constructors" link="ms-help://MS.DirectX9.1033/DirectX9_m/directx/ref/ns/Microsoft.DirectX.AudioVideoPlayback/c/Audio/m/ctor.htm" ismsdn="true">
      <HelpTopic name=".ctor(System.String)" link="ms-help://MS.DirectX9.1033/DirectX9_m/directx/ref/ns/Microsoft.DirectX.AudioVideoPlayback/c/Audio/m/ctor0.htm" ismsdn="true" />
      <HelpTopic name=".ctor(System.String, System.Boolean)" link="ms-help://MS.DirectX9.1033/DirectX9_m/directx/ref/ns/Microsoft.DirectX.AudioVideoPlayback/c/Audio/m/ctor1.htm" ismsdn="true" />
    </HelpFolder>
    <HelpFolder name="Methods">
      <HelpTopic name="Dispose()" link="ms-help://MS.DirectX9.1033/DirectX9_m/directx/ref/ns/Microsoft.DirectX.AudioVideoPlayback/c/Audio/m/Dispose.htm" ismsdn="true" />
      <HelpTopic name="Open(System.String)" link="ms-help://MS.DirectX9.1033/DirectX9_m/directx/ref/ns/Microsoft.DirectX.AudioVideoPlayback/c/Audio/m/Open0.htm" ismsdn="true" />
      <HelpTopic name="Open(System.String, System.Boolean)" link="ms-help://MS.DirectX9.1033/DirectX9_m/directx/ref/ns/Microsoft.DirectX.AudioVideoPlayback/c/Audio/m/Open1.htm" ismsdn="true" />
      <HelpTopic name="OpenUrl(System.String)" link="ms-help://MS.DirectX9.1033/DirectX9_m/directx/ref/ns/Microsoft.DirectX.AudioVideoPlayback/c/Audio/m/OpenUrl0.htm" ismsdn="true" />
      <HelpTopic name="OpenUrl(System.String, System.Boolean)" link="ms-help://MS.DirectX9.1033/DirectX9_m/directx/ref/ns/Microsoft.DirectX.AudioVideoPlayback/c/Audio/m/OpenUrl1.htm" ismsdn="true" />
      <HelpTopic name="Play()" link="ms-help://MS.DirectX9.1033/DirectX9_m/directx/ref/ns/Microsoft.DirectX.AudioVideoPlayback/c/Audio/m/Play.htm" ismsdn="true" />
      <HelpTopic name="Pause()" link="ms-help://MS.DirectX9.1033/DirectX9_m/directx/ref/ns/Microsoft.DirectX.AudioVideoPlayback/c/Audio/m/Pause.htm" ismsdn="true" />
      <HelpTopic name="Stop()" link="ms-help://MS.DirectX9.1033/DirectX9_m/directx/ref/ns/Microsoft.DirectX.AudioVideoPlayback/c/Audio/m/Stop.htm" ismsdn="true" />
      <HelpTopic name="StopWhenReady()" link="ms-help://MS.DirectX9.1033/DirectX9_m/directx/ref/ns/Microsoft.DirectX.AudioVideoPlayback/c/Audio/m/StopWhenReady.htm" ismsdn="true" />
      <HelpTopic name="FromFile(System.String)" link="ms-help://MS.DirectX9.1033/DirectX9_m/directx/ref/ns/Microsoft.DirectX.AudioVideoPlayback/c/Audio/m/FromFile0.htm" ismsdn="true" />
      <HelpTopic name="FromFile(System.String, System.Boolean)" link="ms-help://MS.DirectX9.1033/DirectX9_m/directx/ref/ns/Microsoft.DirectX.AudioVideoPlayback/c/Audio/m/FromFile1.htm" ismsdn="true" />
      <HelpTopic name="FromUrl(System.String)" link="ms-help://MS.DirectX9.1033/DirectX9_m/directx/ref/ns/Microsoft.DirectX.AudioVideoPlayback/c/Audio/m/FromUrl0.htm" ismsdn="true" />
      <HelpTopic name="FromUrl(System.String, System.Boolean)" link="ms-help://MS.DirectX9.1033/DirectX9_m/directx/ref/ns/Microsoft.DirectX.AudioVideoPlayback/c/Audio/m/FromUrl1.htm" ismsdn="true" />
      <HelpTopic name="SeekCurrentPosition(System.Double, Microsoft.DirectX.AudioVideoPlayback.SeekPositionFlags)" link="ms-help://MS.DirectX9.1033/DirectX9_m/directx/ref/ns/Microsoft.DirectX.AudioVideoPlayback/c/Audio/m/SeekCurrentPosition.htm" ismsdn="true" />
      <HelpTopic name="SeekStopPosition(System.Double, Microsoft.DirectX.AudioVideoPlayback.SeekPositionFlags)" link="ms-help://MS.DirectX9.1033/DirectX9_m/directx/ref/ns/Microsoft.DirectX.AudioVideoPlayback/c/Audio/m/SeekStopPosition.htm" ismsdn="true" />
    </HelpFolder>
    <HelpFolder name="Properties">
      <HelpTopic name="StopPosition" link="ms-help://MS.DirectX9.1033/DirectX9_m/directx/ref/ns/Microsoft.DirectX.AudioVideoPlayback/c/Audio/p/StopPosition.htm" ismsdn="true" />
      <HelpTopic name="SeekingCaps" link="ms-help://MS.DirectX9.1033/DirectX9_m/directx/ref/ns/Microsoft.DirectX.AudioVideoPlayback/c/Audio/p/SeekingCaps.htm" ismsdn="true" />
      <HelpTopic name="Disposed" link="ms-help://MS.DirectX9.1033/DirectX9_m/directx/ref/ns/Microsoft.DirectX.AudioVideoPlayback/c/Audio/p/Disposed.htm" ismsdn="true" />
      <HelpTopic name="CurrentPosition" link="ms-help://MS.DirectX9.1033/DirectX9_m/directx/ref/ns/Microsoft.DirectX.AudioVideoPlayback/c/Audio/p/CurrentPosition.htm" ismsdn="true" />
      <HelpTopic name="Duration" link="ms-help://MS.DirectX9.1033/DirectX9_m/directx/ref/ns/Microsoft.DirectX.AudioVideoPlayback/c/Audio/p/Duration.htm" ismsdn="true" />
      <HelpTopic name="Volume" link="ms-help://MS.DirectX9.1033/DirectX9_m/directx/ref/ns/Microsoft.DirectX.AudioVideoPlayback/c/Audio/p/Volume.htm" ismsdn="true" />
      <HelpTopic name="Balance" link="ms-help://MS.DirectX9.1033/DirectX9_m/directx/ref/ns/Microsoft.DirectX.AudioVideoPlayback/c/Audio/p/Balance.htm" ismsdn="true" />
      <HelpTopic name="State" link="ms-help://MS.DirectX9.1033/DirectX9_m/directx/ref/ns/Microsoft.DirectX.AudioVideoPlayback/c/Audio/p/State.htm" ismsdn="true" />
      <HelpTopic name="Playing" link="ms-help://MS.DirectX9.1033/DirectX9_m/directx/ref/ns/Microsoft.DirectX.AudioVideoPlayback/c/Audio/p/Playing.htm" ismsdn="true" />
      <HelpTopic name="Paused" link="ms-help://MS.DirectX9.1033/DirectX9_m/directx/ref/ns/Microsoft.DirectX.AudioVideoPlayback/c/Audio/p/Paused.htm" ismsdn="true" />
      <HelpTopic name="Stopped" link="ms-help://MS.DirectX9.1033/DirectX9_m/directx/ref/ns/Microsoft.DirectX.AudioVideoPlayback/c/Audio/p/Stopped.htm" ismsdn="true" />
    </HelpFolder>
    <HelpFolder name="Events">
      <HelpTopic name="Ending" link="ms-help://MS.DirectX9.1033/DirectX9_m/directx/ref/ns/Microsoft.DirectX.AudioVideoPlayback/c/Audio/e/Ending.htm" ismsdn="true" />
      <HelpTopic name="Stopping" link="ms-help://MS.DirectX9.1033/DirectX9_m/directx/ref/ns/Microsoft.DirectX.AudioVideoPlayback/c/Audio/e/Stopping.htm" ismsdn="true" />
      <HelpTopic name="Starting" link="ms-help://MS.DirectX9.1033/DirectX9_m/directx/ref/ns/Microsoft.DirectX.AudioVideoPlayback/c/Audio/e/Starting.htm" ismsdn="true" />
      <HelpTopic name="Pausing" link="ms-help://MS.DirectX9.1033/DirectX9_m/directx/ref/ns/Microsoft.DirectX.AudioVideoPlayback/c/Audio/e/Pausing.htm" ismsdn="true" />
      <HelpTopic name="Disposing" link="ms-help://MS.DirectX9.1033/DirectX9_m/directx/ref/ns/Microsoft.DirectX.AudioVideoPlayback/c/Audio/e/Disposing.htm" ismsdn="true" />
    </HelpFolder>
  </HelpFolder>
  <HelpFolder name="SeekingCaps structure" link="ms-help://MS.DirectX9.1033/DirectX9_m/directx/ref/ns/Microsoft.DirectX.AudioVideoPlayback/s/SeekingCaps/SeekingCaps.htm" ismsdn="true">
    <HelpTopic name="SeekingCaps members" link="ms-help://MS.DirectX9.1033/DirectX9_m/directx/ref/ns/Microsoft.DirectX.AudioVideoPlayback/s/SeekingCaps/SeekingCaps.htm" ismsdn="true" />
    <HelpFolder name="Properties">
      <HelpTopic name="CanGetDuration" link="ms-help://MS.DirectX9.1033/DirectX9_m/directx/ref/ns/Microsoft.DirectX.AudioVideoPlayback/s/SeekingCaps/p/CanGetDuration.htm" ismsdn="true" />
      <HelpTopic name="CanGetStopPosition" link="ms-help://MS.DirectX9.1033/DirectX9_m/directx/ref/ns/Microsoft.DirectX.AudioVideoPlayback/s/SeekingCaps/p/CanGetStopPosition.htm" ismsdn="true" />
      <HelpTopic name="CanGetCurrentPosition" link="ms-help://MS.DirectX9.1033/DirectX9_m/directx/ref/ns/Microsoft.DirectX.AudioVideoPlayback/s/SeekingCaps/p/CanGetCurrentPosition.htm" ismsdn="true" />
      <HelpTopic name="CanSeekBackwards" link="ms-help://MS.DirectX9.1033/DirectX9_m/directx/ref/ns/Microsoft.DirectX.AudioVideoPlayback/s/SeekingCaps/p/CanSeekBackwards.htm" ismsdn="true" />
      <HelpTopic name="CanSeekForwards" link="ms-help://MS.DirectX9.1033/DirectX9_m/directx/ref/ns/Microsoft.DirectX.AudioVideoPlayback/s/SeekingCaps/p/CanSeekForwards.htm" ismsdn="true" />
      <HelpTopic name="CanSeekAbsolute" link="ms-help://MS.DirectX9.1033/DirectX9_m/directx/ref/ns/Microsoft.DirectX.AudioVideoPlayback/s/SeekingCaps/p/CanSeekAbsolute.htm" ismsdn="true" />
    </HelpFolder>
  </HelpFolder>
  <HelpTopic name="SeekPositionFlags enumeration" link="ms-help://MS.DirectX9.1033/DirectX9_m/directx/ref/ns/Microsoft.DirectX.AudioVideoPlayback/e/SeekPositionFlags/SeekPositionFlags.htm" ismsdn="true" />
  <HelpTopic name="StateFlags enumeration" link="ms-help://MS.DirectX9.1033/DirectX9_m/directx/ref/ns/Microsoft.DirectX.AudioVideoPlayback/e/StateFlags/StateFlags.htm" ismsdn="true" />
  <HelpFolder name="TextureRenderEventArgs class" link="ms-help://MS.DirectX9.1033/DirectX9_m/directx/ref/ns/Microsoft.DirectX.AudioVideoPlayback/c/TextureRenderEventArgs/TextureRenderEventArgs.htm" ismsdn="true">
    <HelpTopic name="TextureRenderEventArgs members" link="ms-help://MS.DirectX9.1033/DirectX9_m/directx/ref/ns/Microsoft.DirectX.AudioVideoPlayback/c/TextureRenderEventArgs/TextureRenderEventArgs.htm" ismsdn="true" />
    <HelpFolder name="Properties">
      <HelpTopic name="Texture" link="ms-help://MS.DirectX9.1033/DirectX9_m/directx/ref/ns/Microsoft.DirectX.AudioVideoPlayback/c/TextureRenderEventArgs/p/Texture.htm" ismsdn="true" />
    </HelpFolder>
  </HelpFolder>
  <HelpTopic name="TextureRenderEventHandler delegate" link="ms-help://MS.DirectX9.1033/DirectX9_m/directx/ref/ns/Microsoft.DirectX.AudioVideoPlayback/d/TextureRenderEventHandler/TextureRenderEventHandler.htm" ismsdn="true" />
  <HelpFolder name="Video class" link="ms-help://MS.DirectX9.1033/DirectX9_m/directx/ref/ns/Microsoft.DirectX.AudioVideoPlayback/c/Video/Video.htm" ismsdn="true">
    <HelpTopic name="Video members" link="ms-help://MS.DirectX9.1033/DirectX9_m/directx/ref/ns/Microsoft.DirectX.AudioVideoPlayback/c/Video/Video.htm" ismsdn="true" />
    <HelpFolder name="Constructors" link="ms-help://MS.DirectX9.1033/DirectX9_m/directx/ref/ns/Microsoft.DirectX.AudioVideoPlayback/c/Video/m/ctor.htm" ismsdn="true">
      <HelpTopic name=".ctor(System.String)" link="ms-help://MS.DirectX9.1033/DirectX9_m/directx/ref/ns/Microsoft.DirectX.AudioVideoPlayback/c/Video/m/ctor0.htm" ismsdn="true" />
      <HelpTopic name=".ctor(System.String, System.Boolean)" link="ms-help://MS.DirectX9.1033/DirectX9_m/directx/ref/ns/Microsoft.DirectX.AudioVideoPlayback/c/Video/m/ctor1.htm" ismsdn="true" />
    </HelpFolder>
    <HelpFolder name="Methods">
      <HelpTopic name="Dispose()" link="ms-help://MS.DirectX9.1033/DirectX9_m/directx/ref/ns/Microsoft.DirectX.AudioVideoPlayback/c/Video/m/Dispose.htm" ismsdn="true" />
      <HelpTopic name="Open(System.String)" link="ms-help://MS.DirectX9.1033/DirectX9_m/directx/ref/ns/Microsoft.DirectX.AudioVideoPlayback/c/Video/m/Open0.htm" ismsdn="true" />
      <HelpTopic name="Open(System.String, System.Boolean)" link="ms-help://MS.DirectX9.1033/DirectX9_m/directx/ref/ns/Microsoft.DirectX.AudioVideoPlayback/c/Video/m/Open1.htm" ismsdn="true" />
      <HelpTopic name="OpenUrl(System.String)" link="ms-help://MS.DirectX9.1033/DirectX9_m/directx/ref/ns/Microsoft.DirectX.AudioVideoPlayback/c/Video/m/OpenUrl0.htm" ismsdn="true" />
      <HelpTopic name="OpenUrl(System.String, System.Boolean)" link="ms-help://MS.DirectX9.1033/DirectX9_m/directx/ref/ns/Microsoft.DirectX.AudioVideoPlayback/c/Video/m/OpenUrl1.htm" ismsdn="true" />
      <HelpTopic name="Play()" link="ms-help://MS.DirectX9.1033/DirectX9_m/directx/ref/ns/Microsoft.DirectX.AudioVideoPlayback/c/Video/m/Play.htm" ismsdn="true" />
      <HelpTopic name="Pause()" link="ms-help://MS.DirectX9.1033/DirectX9_m/directx/ref/ns/Microsoft.DirectX.AudioVideoPlayback/c/Video/m/Pause.htm" ismsdn="true" />
      <HelpTopic name="Stop()" link="ms-help://MS.DirectX9.1033/DirectX9_m/directx/ref/ns/Microsoft.DirectX.AudioVideoPlayback/c/Video/m/Stop.htm" ismsdn="true" />
      <HelpTopic name="StopWhenReady()" link="ms-help://MS.DirectX9.1033/DirectX9_m/directx/ref/ns/Microsoft.DirectX.AudioVideoPlayback/c/Video/m/StopWhenReady.htm" ismsdn="true" />
      <HelpTopic name="HideCursor()" link="ms-help://MS.DirectX9.1033/DirectX9_m/directx/ref/ns/Microsoft.DirectX.AudioVideoPlayback/c/Video/m/HideCursor.htm" ismsdn="true" />
      <HelpTopic name="ShowCursor()" link="ms-help://MS.DirectX9.1033/DirectX9_m/directx/ref/ns/Microsoft.DirectX.AudioVideoPlayback/c/Video/m/ShowCursor.htm" ismsdn="true" />
      <HelpTopic name="FromFile(System.String)" link="ms-help://MS.DirectX9.1033/DirectX9_m/directx/ref/ns/Microsoft.DirectX.AudioVideoPlayback/c/Video/m/FromFile0.htm" ismsdn="true" />
      <HelpTopic name="FromFile(System.String, System.Boolean)" link="ms-help://MS.DirectX9.1033/DirectX9_m/directx/ref/ns/Microsoft.DirectX.AudioVideoPlayback/c/Video/m/FromFile1.htm" ismsdn="true" />
      <HelpTopic name="FromUrl(System.String)" link="ms-help://MS.DirectX9.1033/DirectX9_m/directx/ref/ns/Microsoft.DirectX.AudioVideoPlayback/c/Video/m/FromUrl0.htm" ismsdn="true" />
      <HelpTopic name="FromUrl(System.String, System.Boolean)" link="ms-help://MS.DirectX9.1033/DirectX9_m/directx/ref/ns/Microsoft.DirectX.AudioVideoPlayback/c/Video/m/FromUrl1.htm" ismsdn="true" />
      <HelpTopic name="SeekCurrentPosition(System.Double, Microsoft.DirectX.AudioVideoPlayback.SeekPositionFlags)" link="ms-help://MS.DirectX9.1033/DirectX9_m/directx/ref/ns/Microsoft.DirectX.AudioVideoPlayback/c/Video/m/SeekCurrentPosition.htm" ismsdn="true" />
      <HelpTopic name="SeekStopPosition(System.Double, Microsoft.DirectX.AudioVideoPlayback.SeekPositionFlags)" link="ms-help://MS.DirectX9.1033/DirectX9_m/directx/ref/ns/Microsoft.DirectX.AudioVideoPlayback/c/Video/m/SeekStopPosition.htm" ismsdn="true" />
      <HelpTopic name="RenderToTexture(Microsoft.DirectX.Direct3D.Device)" link="ms-help://MS.DirectX9.1033/DirectX9_m/directx/ref/ns/Microsoft.DirectX.AudioVideoPlayback/c/Video/m/RenderToTexture.htm" ismsdn="true" />
    </HelpFolder>
    <HelpFolder name="Properties">
      <HelpTopic name="StopPosition" link="ms-help://MS.DirectX9.1033/DirectX9_m/directx/ref/ns/Microsoft.DirectX.AudioVideoPlayback/c/Video/p/StopPosition.htm" ismsdn="true" />
      <HelpTopic name="SeekingCaps" link="ms-help://MS.DirectX9.1033/DirectX9_m/directx/ref/ns/Microsoft.DirectX.AudioVideoPlayback/c/Video/p/SeekingCaps.htm" ismsdn="true" />
      <HelpTopic name="CurrentPosition" link="ms-help://MS.DirectX9.1033/DirectX9_m/directx/ref/ns/Microsoft.DirectX.AudioVideoPlayback/c/Video/p/CurrentPosition.htm" ismsdn="true" />
      <HelpTopic name="Duration" link="ms-help://MS.DirectX9.1033/DirectX9_m/directx/ref/ns/Microsoft.DirectX.AudioVideoPlayback/c/Video/p/Duration.htm" ismsdn="true" />
      <HelpTopic name="Disposed" link="ms-help://MS.DirectX9.1033/DirectX9_m/directx/ref/ns/Microsoft.DirectX.AudioVideoPlayback/c/Video/p/Disposed.htm" ismsdn="true" />
      <HelpTopic name="Audio" link="ms-help://MS.DirectX9.1033/DirectX9_m/directx/ref/ns/Microsoft.DirectX.AudioVideoPlayback/c/Video/p/Audio.htm" ismsdn="true" />
      <HelpTopic name="IsCursorHidden" link="ms-help://MS.DirectX9.1033/DirectX9_m/directx/ref/ns/Microsoft.DirectX.AudioVideoPlayback/c/Video/p/IsCursorHidden.htm" ismsdn="true" />
      <HelpTopic name="AverageTimePerFrame" link="ms-help://MS.DirectX9.1033/DirectX9_m/directx/ref/ns/Microsoft.DirectX.AudioVideoPlayback/c/Video/p/AverageTimePerFrame.htm" ismsdn="true" />
      <HelpTopic name="Size" link="ms-help://MS.DirectX9.1033/DirectX9_m/directx/ref/ns/Microsoft.DirectX.AudioVideoPlayback/c/Video/p/Size.htm" ismsdn="true" />
      <HelpTopic name="DefaultSize" link="ms-help://MS.DirectX9.1033/DirectX9_m/directx/ref/ns/Microsoft.DirectX.AudioVideoPlayback/c/Video/p/DefaultSize.htm" ismsdn="true" />
      <HelpTopic name="MinimumIdealSize" link="ms-help://MS.DirectX9.1033/DirectX9_m/directx/ref/ns/Microsoft.DirectX.AudioVideoPlayback/c/Video/p/MinimumIdealSize.htm" ismsdn="true" />
      <HelpTopic name="MaximumIdealSize" link="ms-help://MS.DirectX9.1033/DirectX9_m/directx/ref/ns/Microsoft.DirectX.AudioVideoPlayback/c/Video/p/MaximumIdealSize.htm" ismsdn="true" />
      <HelpTopic name="Caption" link="ms-help://MS.DirectX9.1033/DirectX9_m/directx/ref/ns/Microsoft.DirectX.AudioVideoPlayback/c/Video/p/Caption.htm" ismsdn="true" />
      <HelpTopic name="Fullscreen" link="ms-help://MS.DirectX9.1033/DirectX9_m/directx/ref/ns/Microsoft.DirectX.AudioVideoPlayback/c/Video/p/Fullscreen.htm" ismsdn="true" />
      <HelpTopic name="Owner" link="ms-help://MS.DirectX9.1033/DirectX9_m/directx/ref/ns/Microsoft.DirectX.AudioVideoPlayback/c/Video/p/Owner.htm" ismsdn="true" />
      <HelpTopic name="State" link="ms-help://MS.DirectX9.1033/DirectX9_m/directx/ref/ns/Microsoft.DirectX.AudioVideoPlayback/c/Video/p/State.htm" ismsdn="true" />
      <HelpTopic name="Playing" link="ms-help://MS.DirectX9.1033/DirectX9_m/directx/ref/ns/Microsoft.DirectX.AudioVideoPlayback/c/Video/p/Playing.htm" ismsdn="true" />
      <HelpTopic name="Paused" link="ms-help://MS.DirectX9.1033/DirectX9_m/directx/ref/ns/Microsoft.DirectX.AudioVideoPlayback/c/Video/p/Paused.htm" ismsdn="true" />
      <HelpTopic name="Stopped" link="ms-help://MS.DirectX9.1033/DirectX9_m/directx/ref/ns/Microsoft.DirectX.AudioVideoPlayback/c/Video/p/Stopped.htm" ismsdn="true" />
    </HelpFolder>
    <HelpFolder name="Events">
      <HelpTopic name="TextureReadyToRender" link="ms-help://MS.DirectX9.1033/DirectX9_m/directx/ref/ns/Microsoft.DirectX.AudioVideoPlayback/c/Video/e/TextureReadyToRender.htm" ismsdn="true" />
      <HelpTopic name="Ending" link="ms-help://MS.DirectX9.1033/DirectX9_m/directx/ref/ns/Microsoft.DirectX.AudioVideoPlayback/c/Video/e/Ending.htm" ismsdn="true" />
      <HelpTopic name="Stopping" link="ms-help://MS.DirectX9.1033/DirectX9_m/directx/ref/ns/Microsoft.DirectX.AudioVideoPlayback/c/Video/e/Stopping.htm" ismsdn="true" />
      <HelpTopic name="Starting" link="ms-help://MS.DirectX9.1033/DirectX9_m/directx/ref/ns/Microsoft.DirectX.AudioVideoPlayback/c/Video/e/Starting.htm" ismsdn="true" />
      <HelpTopic name="Pausing" link="ms-help://MS.DirectX9.1033/DirectX9_m/directx/ref/ns/Microsoft.DirectX.AudioVideoPlayback/c/Video/e/Pausing.htm" ismsdn="true" />
      <HelpTopic name="Disposing" link="ms-help://MS.DirectX9.1033/DirectX9_m/directx/ref/ns/Microsoft.DirectX.AudioVideoPlayback/c/Video/e/Disposing.htm" ismsdn="true" />
    </HelpFolder>
  </HelpFolder>
</HelpCollection>