<HelpCollection>
  <HelpFolder name="PowerModeChangedEventArgs class" link="ms-help://MS.NETFrameworkSDKv1.1/cpref/html/frlrfmicrosoftwin32powermodechangedeventargsClassTopic.htm" ismsdn="true">
    <HelpTopic name="PowerModeChangedEventArgs members" link="ms-help://MS.NETFrameworkSDKv1.1/cpref/html/frlrfmicrosoftwin32powermodechangedeventargsMembersTopic.htm" ismsdn="true" />
    <HelpFolder name="Constructors" link="ms-help://MS.NETFrameworkSDKv1.1/cpref/html/frlrfmicrosoftwin32powermodechangedeventargsclassctorTopic.htm" ismsdn="true">
      <HelpTopic name=".ctor(Microsoft.Win32.PowerModes)" link="ms-help://MS.NETFrameworkSDKv1.1/cpref/html/frlrfmicrosoftwin32powermodechangedeventargsclassctorTopic.htm" ismsdn="true" />
    </HelpFolder>
    <HelpFolder name="Properties" link="ms-help://MS.NETFrameworkSDKv1.1/cpref/html/frlrfmicrosoftwin32powermodechangedeventargsPropertiesTopic.htm" ismsdn="true">
      <HelpTopic name="Mode" link="ms-help://MS.NETFrameworkSDKv1.1/cpref/html/frlrfmicrosoftwin32powermodechangedeventargsclassModeTopic.htm" ismsdn="true" />
    </HelpFolder>
  </HelpFolder>
  <HelpTopic name="PowerModeChangedEventHandler delegate" link="ms-help://MS.NETFrameworkSDKv1.1/cpref/html/frlrfmicrosoftwin32powermodechangedeventhandlerClassTopic.htm" ismsdn="true" />
  <HelpTopic name="PowerModes enumeration" link="ms-help://MS.NETFrameworkSDKv1.1/cpref/html/frlrfmicrosoftwin32powermodesClassTopic.htm" ismsdn="true" />
  <HelpFolder name="Registry class" link="ms-help://MS.NETFrameworkSDKv1.1/cpref/html/frlrfmicrosoftwin32registryClassTopic.htm" ismsdn="true">
    <HelpTopic name="Registry members" link="ms-help://MS.NETFrameworkSDKv1.1/cpref/html/frlrfmicrosoftwin32registryMembersTopic.htm" ismsdn="true" />
    <HelpFolder name="Fields" link="ms-help://MS.NETFrameworkSDKv1.1/cpref/html/frlrfmicrosoftwin32registryFieldsTopic.htm" ismsdn="true">
      <HelpTopic name="CurrentUser" link="ms-help://MS.NETFrameworkSDKv1.1/cpref/html/frlrfmicrosoftwin32registryclassCurrentUserTopic.htm" ismsdn="true" />
      <HelpTopic name="LocalMachine" link="ms-help://MS.NETFrameworkSDKv1.1/cpref/html/frlrfmicrosoftwin32registryclassLocalMachineTopic.htm" ismsdn="true" />
      <HelpTopic name="ClassesRoot" link="ms-help://MS.NETFrameworkSDKv1.1/cpref/html/frlrfmicrosoftwin32registryclassClassesRootTopic.htm" ismsdn="true" />
      <HelpTopic name="Users" link="ms-help://MS.NETFrameworkSDKv1.1/cpref/html/frlrfmicrosoftwin32registryclassUsersTopic.htm" ismsdn="true" />
      <HelpTopic name="PerformanceData" link="ms-help://MS.NETFrameworkSDKv1.1/cpref/html/frlrfmicrosoftwin32registryclassPerformanceDataTopic.htm" ismsdn="true" />
      <HelpTopic name="CurrentConfig" link="ms-help://MS.NETFrameworkSDKv1.1/cpref/html/frlrfmicrosoftwin32registryclassCurrentConfigTopic.htm" ismsdn="true" />
      <HelpTopic name="DynData" link="ms-help://MS.NETFrameworkSDKv1.1/cpref/html/frlrfmicrosoftwin32registryclassDynDataTopic.htm" ismsdn="true" />
    </HelpFolder>
  </HelpFolder>
  <HelpTopic name="RegistryHive enumeration" link="ms-help://MS.NETFrameworkSDKv1.1/cpref/html/frlrfmicrosoftwin32registryhiveClassTopic.htm" ismsdn="true" />
  <HelpFolder name="RegistryKey class" link="ms-help://MS.NETFrameworkSDKv1.1/cpref/html/frlrfmicrosoftwin32registrykeyClassTopic.htm" ismsdn="true">
    <HelpTopic name="RegistryKey members" link="ms-help://MS.NETFrameworkSDKv1.1/cpref/html/frlrfmicrosoftwin32registrykeyMembersTopic.htm" ismsdn="true" />
    <HelpFolder name="Methods" link="ms-help://MS.NETFrameworkSDKv1.1/cpref/html/frlrfmicrosoftwin32registrykeyMethodsTopic.htm" ismsdn="true">
      <HelpTopic name="ToString()" link="ms-help://MS.NETFrameworkSDKv1.1/cpref/html/frlrfmicrosoftwin32registrykeyclassToStringTopic.htm" ismsdn="true" />
      <HelpTopic name="Close()" link="ms-help://MS.NETFrameworkSDKv1.1/cpref/html/frlrfmicrosoftwin32registrykeyclassCloseTopic.htm" ismsdn="true" />
      <HelpTopic name="Flush()" link="ms-help://MS.NETFrameworkSDKv1.1/cpref/html/frlrfmicrosoftwin32registrykeyclassFlushTopic.htm" ismsdn="true" />
      <HelpTopic name="CreateSubKey(System.String)" link="ms-help://MS.NETFrameworkSDKv1.1/cpref/html/frlrfmicrosoftwin32registrykeyclassCreateSubKeyTopic.htm" ismsdn="true" />
      <HelpTopic name="DeleteSubKey(System.String)" link="ms-help://MS.NETFrameworkSDKv1.1/cpref/html/frlrfmicrosoftwin32registrykeyclassDeleteSubKeyTopic1.htm" ismsdn="true" />
      <HelpTopic name="DeleteSubKey(System.String, System.Boolean)" link="ms-help://MS.NETFrameworkSDKv1.1/cpref/html/frlrfmicrosoftwin32registrykeyclassDeleteSubKeyTopic2.htm" ismsdn="true" />
      <HelpTopic name="DeleteSubKeyTree(System.String)" link="ms-help://MS.NETFrameworkSDKv1.1/cpref/html/frlrfmicrosoftwin32registrykeyclassDeleteSubKeyTreeTopic.htm" ismsdn="true" />
      <HelpTopic name="DeleteValue(System.String)" link="ms-help://MS.NETFrameworkSDKv1.1/cpref/html/frlrfmicrosoftwin32registrykeyclassDeleteValueTopic1.htm" ismsdn="true" />
      <HelpTopic name="DeleteValue(System.String, System.Boolean)" link="ms-help://MS.NETFrameworkSDKv1.1/cpref/html/frlrfmicrosoftwin32registrykeyclassDeleteValueTopic2.htm" ismsdn="true" />
      <HelpTopic name="OpenRemoteBaseKey(Microsoft.Win32.RegistryHive, System.String)" link="ms-help://MS.NETFrameworkSDKv1.1/cpref/html/frlrfmicrosoftwin32registrykeyclassOpenRemoteBaseKeyTopic.htm" ismsdn="true" />
      <HelpTopic name="OpenSubKey(System.String, System.Boolean)" link="ms-help://MS.NETFrameworkSDKv1.1/cpref/html/frlrfmicrosoftwin32registrykeyclassOpenSubKeyTopic1.htm" ismsdn="true" />
      <HelpTopic name="OpenSubKey(System.String)" link="ms-help://MS.NETFrameworkSDKv1.1/cpref/html/frlrfmicrosoftwin32registrykeyclassOpenSubKeyTopic2.htm" ismsdn="true" />
      <HelpTopic name="GetSubKeyNames()" link="ms-help://MS.NETFrameworkSDKv1.1/cpref/html/frlrfmicrosoftwin32registrykeyclassGetSubKeyNamesTopic.htm" ismsdn="true" />
      <HelpTopic name="GetValueNames()" link="ms-help://MS.NETFrameworkSDKv1.1/cpref/html/frlrfmicrosoftwin32registrykeyclassGetValueNamesTopic.htm" ismsdn="true" />
      <HelpTopic name="GetValue(System.String, System.Object)" link="ms-help://MS.NETFrameworkSDKv1.1/cpref/html/frlrfmicrosoftwin32registrykeyclassGetValueTopic1.htm" ismsdn="true" />
      <HelpTopic name="GetValue(System.String)" link="ms-help://MS.NETFrameworkSDKv1.1/cpref/html/frlrfmicrosoftwin32registrykeyclassGetValueTopic2.htm" ismsdn="true" />
      <HelpTopic name="SetValue(System.String, System.Object)" link="ms-help://MS.NETFrameworkSDKv1.1/cpref/html/frlrfmicrosoftwin32registrykeyclassSetValueTopic.htm" ismsdn="true" />
    </HelpFolder>
    <HelpFolder name="Properties" link="ms-help://MS.NETFrameworkSDKv1.1/cpref/html/frlrfmicrosoftwin32registrykeyPropertiesTopic.htm" ismsdn="true">
      <HelpTopic name="SubKeyCount" link="ms-help://MS.NETFrameworkSDKv1.1/cpref/html/frlrfmicrosoftwin32registrykeyclassSubKeyCountTopic.htm" ismsdn="true" />
      <HelpTopic name="ValueCount" link="ms-help://MS.NETFrameworkSDKv1.1/cpref/html/frlrfmicrosoftwin32registrykeyclassValueCountTopic.htm" ismsdn="true" />
      <HelpTopic name="Name" link="ms-help://MS.NETFrameworkSDKv1.1/cpref/html/frlrfmicrosoftwin32registrykeyclassNameTopic.htm" ismsdn="true" />
    </HelpFolder>
  </HelpFolder>
  <HelpFolder name="SessionEndedEventArgs class" link="ms-help://MS.NETFrameworkSDKv1.1/cpref/html/frlrfmicrosoftwin32sessionendedeventargsClassTopic.htm" ismsdn="true">
    <HelpTopic name="SessionEndedEventArgs members" link="ms-help://MS.NETFrameworkSDKv1.1/cpref/html/frlrfmicrosoftwin32sessionendedeventargsMembersTopic.htm" ismsdn="true" />
    <HelpFolder name="Constructors" link="ms-help://MS.NETFrameworkSDKv1.1/cpref/html/frlrfmicrosoftwin32sessionendedeventargsclassctorTopic.htm" ismsdn="true">
      <HelpTopic name=".ctor(Microsoft.Win32.SessionEndReasons)" link="ms-help://MS.NETFrameworkSDKv1.1/cpref/html/frlrfmicrosoftwin32sessionendedeventargsclassctorTopic.htm" ismsdn="true" />
    </HelpFolder>
    <HelpFolder name="Properties" link="ms-help://MS.NETFrameworkSDKv1.1/cpref/html/frlrfmicrosoftwin32sessionendedeventargsPropertiesTopic.htm" ismsdn="true">
      <HelpTopic name="Reason" link="ms-help://MS.NETFrameworkSDKv1.1/cpref/html/frlrfmicrosoftwin32sessionendedeventargsclassReasonTopic.htm" ismsdn="true" />
    </HelpFolder>
  </HelpFolder>
  <HelpTopic name="SessionEndedEventHandler delegate" link="ms-help://MS.NETFrameworkSDKv1.1/cpref/html/frlrfmicrosoftwin32sessionendedeventhandlerClassTopic.htm" ismsdn="true" />
  <HelpFolder name="SessionEndingEventArgs class" link="ms-help://MS.NETFrameworkSDKv1.1/cpref/html/frlrfmicrosoftwin32sessionendingeventargsClassTopic.htm" ismsdn="true">
    <HelpTopic name="SessionEndingEventArgs members" link="ms-help://MS.NETFrameworkSDKv1.1/cpref/html/frlrfmicrosoftwin32sessionendingeventargsMembersTopic.htm" ismsdn="true" />
    <HelpFolder name="Constructors" link="ms-help://MS.NETFrameworkSDKv1.1/cpref/html/frlrfmicrosoftwin32sessionendingeventargsclassctorTopic.htm" ismsdn="true">
      <HelpTopic name=".ctor(Microsoft.Win32.SessionEndReasons)" link="ms-help://MS.NETFrameworkSDKv1.1/cpref/html/frlrfmicrosoftwin32sessionendingeventargsclassctorTopic.htm" ismsdn="true" />
    </HelpFolder>
    <HelpFolder name="Properties" link="ms-help://MS.NETFrameworkSDKv1.1/cpref/html/frlrfmicrosoftwin32sessionendingeventargsPropertiesTopic.htm" ismsdn="true">
      <HelpTopic name="Cancel" link="ms-help://MS.NETFrameworkSDKv1.1/cpref/html/frlrfmicrosoftwin32sessionendingeventargsclassCancelTopic.htm" ismsdn="true" />
      <HelpTopic name="Reason" link="ms-help://MS.NETFrameworkSDKv1.1/cpref/html/frlrfmicrosoftwin32sessionendingeventargsclassReasonTopic.htm" ismsdn="true" />
    </HelpFolder>
  </HelpFolder>
  <HelpTopic name="SessionEndingEventHandler delegate" link="ms-help://MS.NETFrameworkSDKv1.1/cpref/html/frlrfmicrosoftwin32sessionendingeventhandlerClassTopic.htm" ismsdn="true" />
  <HelpTopic name="SessionEndReasons enumeration" link="ms-help://MS.NETFrameworkSDKv1.1/cpref/html/frlrfmicrosoftwin32sessionendreasonsClassTopic.htm" ismsdn="true" />
  <HelpFolder name="SystemEvents class" link="ms-help://MS.NETFrameworkSDKv1.1/cpref/html/frlrfmicrosoftwin32systemeventsClassTopic.htm" ismsdn="true">
    <HelpTopic name="SystemEvents members" link="ms-help://MS.NETFrameworkSDKv1.1/cpref/html/frlrfmicrosoftwin32systemeventsMembersTopic.htm" ismsdn="true" />
    <HelpFolder name="Methods" link="ms-help://MS.NETFrameworkSDKv1.1/cpref/html/frlrfmicrosoftwin32systemeventsMethodsTopic.htm" ismsdn="true">
      <HelpTopic name="CreateTimer(System.Int32)" link="ms-help://MS.NETFrameworkSDKv1.1/cpref/html/frlrfmicrosoftwin32systemeventsclassCreateTimerTopic.htm" ismsdn="true" />
      <HelpTopic name="InvokeOnEventsThread(System.Delegate)" link="ms-help://MS.NETFrameworkSDKv1.1/cpref/html/frlrfmicrosoftwin32systemeventsclassInvokeOnEventsThreadTopic.htm" ismsdn="true" />
      <HelpTopic name="KillTimer(System.IntPtr)" link="ms-help://MS.NETFrameworkSDKv1.1/cpref/html/frlrfmicrosoftwin32systemeventsclassKillTimerTopic.htm" ismsdn="true" />
    </HelpFolder>
    <HelpFolder name="Events" link="ms-help://MS.NETFrameworkSDKv1.1/cpref/html/frlrfmicrosoftwin32systemeventsEventsTopic.htm" ismsdn="true">
      <HelpTopic name="DisplaySettingsChanged" link="ms-help://MS.NETFrameworkSDKv1.1/cpref/html/frlrfmicrosoftwin32systemeventsclassDisplaySettingsChangedTopic.htm" ismsdn="true" />
      <HelpTopic name="EventsThreadShutdown" link="ms-help://MS.NETFrameworkSDKv1.1/cpref/html/frlrfmicrosoftwin32systemeventsclassEventsThreadShutdownTopic.htm" ismsdn="true" />
      <HelpTopic name="InstalledFontsChanged" link="ms-help://MS.NETFrameworkSDKv1.1/cpref/html/frlrfmicrosoftwin32systemeventsclassInstalledFontsChangedTopic.htm" ismsdn="true" />
      <HelpTopic name="LowMemory" link="ms-help://MS.NETFrameworkSDKv1.1/cpref/html/frlrfmicrosoftwin32systemeventsclassLowMemoryTopic.htm" ismsdn="true" />
      <HelpTopic name="PaletteChanged" link="ms-help://MS.NETFrameworkSDKv1.1/cpref/html/frlrfmicrosoftwin32systemeventsclassPaletteChangedTopic.htm" ismsdn="true" />
      <HelpTopic name="PowerModeChanged" link="ms-help://MS.NETFrameworkSDKv1.1/cpref/html/frlrfmicrosoftwin32systemeventsclassPowerModeChangedTopic.htm" ismsdn="true" />
      <HelpTopic name="SessionEnded" link="ms-help://MS.NETFrameworkSDKv1.1/cpref/html/frlrfmicrosoftwin32systemeventsclassSessionEndedTopic.htm" ismsdn="true" />
      <HelpTopic name="SessionEnding" link="ms-help://MS.NETFrameworkSDKv1.1/cpref/html/frlrfmicrosoftwin32systemeventsclassSessionEndingTopic.htm" ismsdn="true" />
      <HelpTopic name="TimeChanged" link="ms-help://MS.NETFrameworkSDKv1.1/cpref/html/frlrfmicrosoftwin32systemeventsclassTimeChangedTopic.htm" ismsdn="true" />
      <HelpTopic name="TimerElapsed" link="ms-help://MS.NETFrameworkSDKv1.1/cpref/html/frlrfmicrosoftwin32systemeventsclassTimerElapsedTopic.htm" ismsdn="true" />
      <HelpTopic name="UserPreferenceChanged" link="ms-help://MS.NETFrameworkSDKv1.1/cpref/html/frlrfmicrosoftwin32systemeventsclassUserPreferenceChangedTopic.htm" ismsdn="true" />
      <HelpTopic name="UserPreferenceChanging" link="ms-help://MS.NETFrameworkSDKv1.1/cpref/html/frlrfmicrosoftwin32systemeventsclassUserPreferenceChangingTopic.htm" ismsdn="true" />
    </HelpFolder>
  </HelpFolder>
  <HelpFolder name="TimerElapsedEventArgs class" link="ms-help://MS.NETFrameworkSDKv1.1/cpref/html/frlrfmicrosoftwin32timerelapsedeventargsClassTopic.htm" ismsdn="true">
    <HelpTopic name="TimerElapsedEventArgs members" link="ms-help://MS.NETFrameworkSDKv1.1/cpref/html/frlrfmicrosoftwin32timerelapsedeventargsMembersTopic.htm" ismsdn="true" />
    <HelpFolder name="Constructors" link="ms-help://MS.NETFrameworkSDKv1.1/cpref/html/frlrfmicrosoftwin32timerelapsedeventargsclassctorTopic.htm" ismsdn="true">
      <HelpTopic name=".ctor(System.IntPtr)" link="ms-help://MS.NETFrameworkSDKv1.1/cpref/html/frlrfmicrosoftwin32timerelapsedeventargsclassctorTopic.htm" ismsdn="true" />
    </HelpFolder>
    <HelpFolder name="Properties" link="ms-help://MS.NETFrameworkSDKv1.1/cpref/html/frlrfmicrosoftwin32timerelapsedeventargsPropertiesTopic.htm" ismsdn="true">
      <HelpTopic name="TimerId" link="ms-help://MS.NETFrameworkSDKv1.1/cpref/html/frlrfmicrosoftwin32timerelapsedeventargsclassTimerIdTopic.htm" ismsdn="true" />
    </HelpFolder>
  </HelpFolder>
  <HelpTopic name="TimerElapsedEventHandler delegate" link="ms-help://MS.NETFrameworkSDKv1.1/cpref/html/frlrfmicrosoftwin32timerelapsedeventhandlerClassTopic.htm" ismsdn="true" />
  <HelpTopic name="UserPreferenceCategory enumeration" link="ms-help://MS.NETFrameworkSDKv1.1/cpref/html/frlrfmicrosoftwin32userpreferencecategoryClassTopic.htm" ismsdn="true" />
  <HelpFolder name="UserPreferenceChangedEventArgs class" link="ms-help://MS.NETFrameworkSDKv1.1/cpref/html/frlrfmicrosoftwin32userpreferencechangedeventargsClassTopic.htm" ismsdn="true">
    <HelpTopic name="UserPreferenceChangedEventArgs members" link="ms-help://MS.NETFrameworkSDKv1.1/cpref/html/frlrfmicrosoftwin32userpreferencechangedeventargsMembersTopic.htm" ismsdn="true" />
    <HelpFolder name="Constructors" link="ms-help://MS.NETFrameworkSDKv1.1/cpref/html/frlrfmicrosoftwin32userpreferencechangedeventargsclassctorTopic.htm" ismsdn="true">
      <HelpTopic name=".ctor(Microsoft.Win32.UserPreferenceCategory)" link="ms-help://MS.NETFrameworkSDKv1.1/cpref/html/frlrfmicrosoftwin32userpreferencechangedeventargsclassctorTopic.htm" ismsdn="true" />
    </HelpFolder>
    <HelpFolder name="Properties" link="ms-help://MS.NETFrameworkSDKv1.1/cpref/html/frlrfmicrosoftwin32userpreferencechangedeventargsPropertiesTopic.htm" ismsdn="true">
      <HelpTopic name="Category" link="ms-help://MS.NETFrameworkSDKv1.1/cpref/html/frlrfmicrosoftwin32userpreferencechangedeventargsclassCategoryTopic.htm" ismsdn="true" />
    </HelpFolder>
  </HelpFolder>
  <HelpTopic name="UserPreferenceChangedEventHandler delegate" link="ms-help://MS.NETFrameworkSDKv1.1/cpref/html/frlrfmicrosoftwin32userpreferencechangedeventhandlerClassTopic.htm" ismsdn="true" />
  <HelpFolder name="UserPreferenceChangingEventArgs class" link="ms-help://MS.NETFrameworkSDKv1.1/cpref/html/frlrfmicrosoftwin32userpreferencechangingeventargsClassTopic.htm" ismsdn="true">
    <HelpTopic name="UserPreferenceChangingEventArgs members" link="ms-help://MS.NETFrameworkSDKv1.1/cpref/html/frlrfmicrosoftwin32userpreferencechangingeventargsMembersTopic.htm" ismsdn="true" />
    <HelpFolder name="Constructors" link="ms-help://MS.NETFrameworkSDKv1.1/cpref/html/frlrfmicrosoftwin32userpreferencechangingeventargsclassctorTopic.htm" ismsdn="true">
      <HelpTopic name=".ctor(Microsoft.Win32.UserPreferenceCategory)" link="ms-help://MS.NETFrameworkSDKv1.1/cpref/html/frlrfmicrosoftwin32userpreferencechangingeventargsclassctorTopic.htm" ismsdn="true" />
    </HelpFolder>
    <HelpFolder name="Properties" link="ms-help://MS.NETFrameworkSDKv1.1/cpref/html/frlrfmicrosoftwin32userpreferencechangingeventargsPropertiesTopic.htm" ismsdn="true">
      <HelpTopic name="Category" link="ms-help://MS.NETFrameworkSDKv1.1/cpref/html/frlrfmicrosoftwin32userpreferencechangingeventargsclassCategoryTopic.htm" ismsdn="true" />
    </HelpFolder>
  </HelpFolder>
  <HelpTopic name="UserPreferenceChangingEventHandler delegate" link="ms-help://MS.NETFrameworkSDKv1.1/cpref/html/frlrfmicrosoftwin32userpreferencechangingeventhandlerClassTopic.htm" ismsdn="true" />
</HelpCollection>