<HelpCollection>
  <HelpFolder name="CSharpCodeProvider class" link="ms-help://MS.NETFrameworkSDKv1.1/cpref/html/frlrfmicrosoftcsharpcsharpcodeproviderClassTopic.htm" ismsdn="true">
    <HelpTopic name="CSharpCodeProvider members" link="ms-help://MS.NETFrameworkSDKv1.1/cpref/html/frlrfmicrosoftcsharpcsharpcodeproviderMembersTopic.htm" ismsdn="true" />
    <HelpFolder name="Constructors" link="ms-help://MS.NETFrameworkSDKv1.1/cpref/html/frlrfmicrosoftcsharpcsharpcodeproviderclassctorTopic.htm" ismsdn="true">
      <HelpTopic name=".ctor()" link="ms-help://MS.NETFrameworkSDKv1.1/cpref/html/frlrfmicrosoftcsharpcsharpcodeproviderclassctorTopic.htm" ismsdn="true" />
    </HelpFolder>
    <HelpFolder name="Methods" link="ms-help://MS.NETFrameworkSDKv1.1/cpref/html/frlrfmicrosoftcsharpcsharpcodeproviderMethodsTopic.htm" ismsdn="true">
      <HelpTopic name="GetConverter(System.Type)" link="ms-help://MS.NETFrameworkSDKv1.1/cpref/html/frlrfmicrosoftcsharpcsharpcodeproviderclassGetConverterTopic.htm" ismsdn="true" />
      <HelpTopic name="CreateCompiler()" link="ms-help://MS.NETFrameworkSDKv1.1/cpref/html/frlrfmicrosoftcsharpcsharpcodeproviderclassCreateCompilerTopic.htm" ismsdn="true" />
      <HelpTopic name="CreateGenerator()" link="ms-help://MS.NETFrameworkSDKv1.1/cpref/html/frlrfmicrosoftcsharpcsharpcodeproviderclassCreateGeneratorTopic.htm" ismsdn="true" />
    </HelpFolder>
    <HelpFolder name="Properties" link="ms-help://MS.NETFrameworkSDKv1.1/cpref/html/frlrfmicrosoftcsharpcsharpcodeproviderPropertiesTopic.htm" ismsdn="true">
      <HelpTopic name="FileExtension" link="ms-help://MS.NETFrameworkSDKv1.1/cpref/html/frlrfmicrosoftcsharpcsharpcodeproviderclassFileExtensionTopic.htm" ismsdn="true" />
    </HelpFolder>
  </HelpFolder>
</HelpCollection>