<HelpCollection>
  <HelpFolder name="Collection`1 class" link="ms-help://MS.NETFrameworkSDKv1.1/cpref/html/frlrfsystemcollectionsobjectmodelcollection`1ClassTopic.htm" ismsdn="true">
    <HelpTopic name="Collection`1 members" link="ms-help://MS.NETFrameworkSDKv1.1/cpref/html/frlrfsystemcollectionsobjectmodelcollection`1MembersTopic.htm" ismsdn="true" />
    <HelpFolder name="Constructors" link="ms-help://MS.NETFrameworkSDKv1.1/cpref/html/frlrfsystemcollectionsobjectmodelcollection`1classctorTopic.htm" ismsdn="true">
      <HelpTopic name=".ctor()" link="ms-help://MS.NETFrameworkSDKv1.1/cpref/html/frlrfsystemcollectionsobjectmodelcollection`1classctorTopic1.htm" ismsdn="true" />
      <HelpTopic name=".ctor(System.Collections.Generic.IList`1[T])" link="ms-help://MS.NETFrameworkSDKv1.1/cpref/html/frlrfsystemcollectionsobjectmodelcollection`1classctorTopic1.htm" ismsdn="true" />
    </HelpFolder>
    <HelpFolder name="Methods" link="ms-help://MS.NETFrameworkSDKv1.1/cpref/html/frlrfsystemcollectionsobjectmodelcollection`1MethodsTopic.htm" ismsdn="true">
      <HelpTopic name="Add(T)" link="ms-help://MS.NETFrameworkSDKv1.1/cpref/html/frlrfsystemcollectionsobjectmodelcollection`1classAddTopic.htm" ismsdn="true" />
      <HelpTopic name="Clear()" link="ms-help://MS.NETFrameworkSDKv1.1/cpref/html/frlrfsystemcollectionsobjectmodelcollection`1classClearTopic.htm" ismsdn="true" />
      <HelpTopic name="CopyTo(T[], System.Int32)" link="ms-help://MS.NETFrameworkSDKv1.1/cpref/html/frlrfsystemcollectionsobjectmodelcollection`1classCopyToTopic.htm" ismsdn="true" />
      <HelpTopic name="Contains(T)" link="ms-help://MS.NETFrameworkSDKv1.1/cpref/html/frlrfsystemcollectionsobjectmodelcollection`1classContainsTopic.htm" ismsdn="true" />
      <HelpTopic name="GetEnumerator()" link="ms-help://MS.NETFrameworkSDKv1.1/cpref/html/frlrfsystemcollectionsobjectmodelcollection`1classGetEnumeratorTopic.htm" ismsdn="true" />
      <HelpTopic name="IndexOf(T)" link="ms-help://MS.NETFrameworkSDKv1.1/cpref/html/frlrfsystemcollectionsobjectmodelcollection`1classIndexOfTopic.htm" ismsdn="true" />
      <HelpTopic name="Insert(System.Int32, T)" link="ms-help://MS.NETFrameworkSDKv1.1/cpref/html/frlrfsystemcollectionsobjectmodelcollection`1classInsertTopic.htm" ismsdn="true" />
      <HelpTopic name="Remove(T)" link="ms-help://MS.NETFrameworkSDKv1.1/cpref/html/frlrfsystemcollectionsobjectmodelcollection`1classRemoveTopic.htm" ismsdn="true" />
      <HelpTopic name="RemoveAt(System.Int32)" link="ms-help://MS.NETFrameworkSDKv1.1/cpref/html/frlrfsystemcollectionsobjectmodelcollection`1classRemoveAtTopic.htm" ismsdn="true" />
    </HelpFolder>
    <HelpFolder name="Properties" link="ms-help://MS.NETFrameworkSDKv1.1/cpref/html/frlrfsystemcollectionsobjectmodelcollection`1PropertiesTopic.htm" ismsdn="true">
      <HelpTopic name="Count" link="ms-help://MS.NETFrameworkSDKv1.1/cpref/html/frlrfsystemcollectionsobjectmodelcollection`1classCountTopic.htm" ismsdn="true" />
      <HelpTopic name="Item" link="ms-help://MS.NETFrameworkSDKv1.1/cpref/html/frlrfsystemcollectionsobjectmodelcollection`1classItemTopic.htm" ismsdn="true" />
    </HelpFolder>
  </HelpFolder>
  <HelpFolder name="KeyedCollection`2 class" link="ms-help://MS.NETFrameworkSDKv1.1/cpref/html/frlrfsystemcollectionsobjectmodelkeyedcollection`2ClassTopic.htm" ismsdn="true">
    <HelpTopic name="KeyedCollection`2 members" link="ms-help://MS.NETFrameworkSDKv1.1/cpref/html/frlrfsystemcollectionsobjectmodelkeyedcollection`2MembersTopic.htm" ismsdn="true" />
    <HelpFolder name="Methods" link="ms-help://MS.NETFrameworkSDKv1.1/cpref/html/frlrfsystemcollectionsobjectmodelkeyedcollection`2MethodsTopic.htm" ismsdn="true">
      <HelpTopic name="Contains(TKey)" link="ms-help://MS.NETFrameworkSDKv1.1/cpref/html/frlrfsystemcollectionsobjectmodelkeyedcollection`2classContainsTopic.htm" ismsdn="true" />
      <HelpTopic name="Remove(TKey)" link="ms-help://MS.NETFrameworkSDKv1.1/cpref/html/frlrfsystemcollectionsobjectmodelkeyedcollection`2classRemoveTopic.htm" ismsdn="true" />
    </HelpFolder>
    <HelpFolder name="Properties" link="ms-help://MS.NETFrameworkSDKv1.1/cpref/html/frlrfsystemcollectionsobjectmodelkeyedcollection`2PropertiesTopic.htm" ismsdn="true">
      <HelpTopic name="Comparer" link="ms-help://MS.NETFrameworkSDKv1.1/cpref/html/frlrfsystemcollectionsobjectmodelkeyedcollection`2classComparerTopic.htm" ismsdn="true" />
      <HelpTopic name="Item" link="ms-help://MS.NETFrameworkSDKv1.1/cpref/html/frlrfsystemcollectionsobjectmodelkeyedcollection`2classItemTopic.htm" ismsdn="true" />
    </HelpFolder>
  </HelpFolder>
  <HelpFolder name="ReadOnlyCollection`1 class" link="ms-help://MS.NETFrameworkSDKv1.1/cpref/html/frlrfsystemcollectionsobjectmodelreadonlycollection`1ClassTopic.htm" ismsdn="true">
    <HelpTopic name="ReadOnlyCollection`1 members" link="ms-help://MS.NETFrameworkSDKv1.1/cpref/html/frlrfsystemcollectionsobjectmodelreadonlycollection`1MembersTopic.htm" ismsdn="true" />
    <HelpFolder name="Constructors" link="ms-help://MS.NETFrameworkSDKv1.1/cpref/html/frlrfsystemcollectionsobjectmodelreadonlycollection`1classctorTopic.htm" ismsdn="true">
      <HelpTopic name=".ctor(System.Collections.Generic.IList`1[T])" link="ms-help://MS.NETFrameworkSDKv1.1/cpref/html/frlrfsystemcollectionsobjectmodelreadonlycollection`1classctorTopic.htm" ismsdn="true" />
    </HelpFolder>
    <HelpFolder name="Methods" link="ms-help://MS.NETFrameworkSDKv1.1/cpref/html/frlrfsystemcollectionsobjectmodelreadonlycollection`1MethodsTopic.htm" ismsdn="true">
      <HelpTopic name="Contains(T)" link="ms-help://MS.NETFrameworkSDKv1.1/cpref/html/frlrfsystemcollectionsobjectmodelreadonlycollection`1classContainsTopic.htm" ismsdn="true" />
      <HelpTopic name="CopyTo(T[], System.Int32)" link="ms-help://MS.NETFrameworkSDKv1.1/cpref/html/frlrfsystemcollectionsobjectmodelreadonlycollection`1classCopyToTopic.htm" ismsdn="true" />
      <HelpTopic name="GetEnumerator()" link="ms-help://MS.NETFrameworkSDKv1.1/cpref/html/frlrfsystemcollectionsobjectmodelreadonlycollection`1classGetEnumeratorTopic.htm" ismsdn="true" />
      <HelpTopic name="IndexOf(T)" link="ms-help://MS.NETFrameworkSDKv1.1/cpref/html/frlrfsystemcollectionsobjectmodelreadonlycollection`1classIndexOfTopic.htm" ismsdn="true" />
    </HelpFolder>
    <HelpFolder name="Properties" link="ms-help://MS.NETFrameworkSDKv1.1/cpref/html/frlrfsystemcollectionsobjectmodelreadonlycollection`1PropertiesTopic.htm" ismsdn="true">
      <HelpTopic name="Count" link="ms-help://MS.NETFrameworkSDKv1.1/cpref/html/frlrfsystemcollectionsobjectmodelreadonlycollection`1classCountTopic.htm" ismsdn="true" />
      <HelpTopic name="Item" link="ms-help://MS.NETFrameworkSDKv1.1/cpref/html/frlrfsystemcollectionsobjectmodelreadonlycollection`1classItemTopic.htm" ismsdn="true" />
    </HelpFolder>
  </HelpFolder>
</HelpCollection>