<HelpCollection>
  <HelpFolder name="ASCIIEncoding class" link="ms-help://MS.NETFrameworkSDKv1.1/cpref/html/frlrfsystemtextasciiencodingClassTopic.htm" ismsdn="true">
    <HelpTopic name="ASCIIEncoding members" link="ms-help://MS.NETFrameworkSDKv1.1/cpref/html/frlrfsystemtextasciiencodingMembersTopic.htm" ismsdn="true" />
    <HelpFolder name="Constructors" link="ms-help://MS.NETFrameworkSDKv1.1/cpref/html/frlrfsystemtextasciiencodingclassctorTopic.htm" ismsdn="true">
      <HelpTopic name=".ctor()" link="ms-help://MS.NETFrameworkSDKv1.1/cpref/html/frlrfsystemtextasciiencodingclassctorTopic.htm" ismsdn="true" />
    </HelpFolder>
    <HelpFolder name="Methods" link="ms-help://MS.NETFrameworkSDKv1.1/cpref/html/frlrfsystemtextasciiencodingMethodsTopic.htm" ismsdn="true">
      <HelpTopic name="GetString(System.Byte[], System.Int32, System.Int32)" link="ms-help://MS.NETFrameworkSDKv1.1/cpref/html/frlrfsystemtextasciiencodingclassGetStringTopic0.htm" ismsdn="true" />
      <HelpTopic name="GetString(System.Byte[])" link="ms-help://MS.NETFrameworkSDKv1.1/cpref/html/frlrfsystemtextasciiencodingclassGetStringTopic1.htm" ismsdn="true" />
      <HelpTopic name="GetMaxCharCount(System.Int32)" link="ms-help://MS.NETFrameworkSDKv1.1/cpref/html/frlrfsystemtextasciiencodingclassGetMaxCharCountTopic.htm" ismsdn="true" />
      <HelpTopic name="GetMaxByteCount(System.Int32)" link="ms-help://MS.NETFrameworkSDKv1.1/cpref/html/frlrfsystemtextasciiencodingclassGetMaxByteCountTopic.htm" ismsdn="true" />
      <HelpTopic name="GetChars(System.Byte[], System.Int32, System.Int32, System.Char[], System.Int32)" link="ms-help://MS.NETFrameworkSDKv1.1/cpref/html/frlrfsystemtextasciiencodingclassGetCharsTopic.htm" ismsdn="true" />
      <HelpTopic name="GetCharCount(System.Byte[], System.Int32, System.Int32)" link="ms-help://MS.NETFrameworkSDKv1.1/cpref/html/frlrfsystemtextasciiencodingclassGetCharCountTopic.htm" ismsdn="true" />
      <HelpTopic name="GetBytes(System.String, System.Int32, System.Int32, System.Byte[], System.Int32)" link="ms-help://MS.NETFrameworkSDKv1.1/cpref/html/frlrfsystemtextasciiencodingclassGetBytesTopic1.htm" ismsdn="true" />
      <HelpTopic name="GetBytes(System.Char[], System.Int32, System.Int32, System.Byte[], System.Int32)" link="ms-help://MS.NETFrameworkSDKv1.1/cpref/html/frlrfsystemtextasciiencodingclassGetBytesTopic2.htm" ismsdn="true" />
      <HelpTopic name="GetByteCount(System.Char[], System.Int32, System.Int32)" link="ms-help://MS.NETFrameworkSDKv1.1/cpref/html/frlrfsystemtextasciiencodingclassGetByteCountTopic1.htm" ismsdn="true" />
      <HelpTopic name="GetByteCount(System.String)" link="ms-help://MS.NETFrameworkSDKv1.1/cpref/html/frlrfsystemtextasciiencodingclassGetByteCountTopic2.htm" ismsdn="true" />
    </HelpFolder>
  </HelpFolder>
  <HelpFolder name="Decoder class" link="ms-help://MS.NETFrameworkSDKv1.1/cpref/html/frlrfsystemtextdecoderClassTopic.htm" ismsdn="true">
    <HelpTopic name="Decoder members" link="ms-help://MS.NETFrameworkSDKv1.1/cpref/html/frlrfsystemtextdecoderMembersTopic.htm" ismsdn="true" />
    <HelpFolder name="Methods" link="ms-help://MS.NETFrameworkSDKv1.1/cpref/html/frlrfsystemtextdecoderMethodsTopic.htm" ismsdn="true">
      <HelpTopic name="GetChars(System.Byte[], System.Int32, System.Int32, System.Char[], System.Int32)" link="ms-help://MS.NETFrameworkSDKv1.1/cpref/html/frlrfsystemtextdecoderclassGetCharsTopic.htm" ismsdn="true" />
      <HelpTopic name="GetCharCount(System.Byte[], System.Int32, System.Int32)" link="ms-help://MS.NETFrameworkSDKv1.1/cpref/html/frlrfsystemtextdecoderclassGetCharCountTopic.htm" ismsdn="true" />
    </HelpFolder>
  </HelpFolder>
  <HelpFolder name="Encoder class" link="ms-help://MS.NETFrameworkSDKv1.1/cpref/html/frlrfsystemtextencoderClassTopic.htm" ismsdn="true">
    <HelpTopic name="Encoder members" link="ms-help://MS.NETFrameworkSDKv1.1/cpref/html/frlrfsystemtextencoderMembersTopic.htm" ismsdn="true" />
    <HelpFolder name="Methods" link="ms-help://MS.NETFrameworkSDKv1.1/cpref/html/frlrfsystemtextencoderMethodsTopic.htm" ismsdn="true">
      <HelpTopic name="GetBytes(System.Char[], System.Int32, System.Int32, System.Byte[], System.Int32, System.Boolean)" link="ms-help://MS.NETFrameworkSDKv1.1/cpref/html/frlrfsystemtextencoderclassGetBytesTopic.htm" ismsdn="true" />
      <HelpTopic name="GetByteCount(System.Char[], System.Int32, System.Int32, System.Boolean)" link="ms-help://MS.NETFrameworkSDKv1.1/cpref/html/frlrfsystemtextencoderclassGetByteCountTopic.htm" ismsdn="true" />
    </HelpFolder>
  </HelpFolder>
  <HelpFolder name="Encoding class" link="ms-help://MS.NETFrameworkSDKv1.1/cpref/html/frlrfsystemtextencodingClassTopic.htm" ismsdn="true">
    <HelpTopic name="Encoding members" link="ms-help://MS.NETFrameworkSDKv1.1/cpref/html/frlrfsystemtextencodingMembersTopic.htm" ismsdn="true" />
    <HelpFolder name="Methods" link="ms-help://MS.NETFrameworkSDKv1.1/cpref/html/frlrfsystemtextencodingMethodsTopic.htm" ismsdn="true">
      <HelpTopic name="GetString(System.Byte[], System.Int32, System.Int32)" link="ms-help://MS.NETFrameworkSDKv1.1/cpref/html/frlrfsystemtextencodingclassGetStringTopic0.htm" ismsdn="true" />
      <HelpTopic name="GetString(System.Byte[])" link="ms-help://MS.NETFrameworkSDKv1.1/cpref/html/frlrfsystemtextencodingclassGetStringTopic1.htm" ismsdn="true" />
      <HelpTopic name="GetMaxCharCount(System.Int32)" link="ms-help://MS.NETFrameworkSDKv1.1/cpref/html/frlrfsystemtextencodingclassGetMaxCharCountTopic.htm" ismsdn="true" />
      <HelpTopic name="GetMaxByteCount(System.Int32)" link="ms-help://MS.NETFrameworkSDKv1.1/cpref/html/frlrfsystemtextencodingclassGetMaxByteCountTopic.htm" ismsdn="true" />
      <HelpTopic name="GetEncoder()" link="ms-help://MS.NETFrameworkSDKv1.1/cpref/html/frlrfsystemtextencodingclassGetEncoderTopic.htm" ismsdn="true" />
      <HelpTopic name="GetDecoder()" link="ms-help://MS.NETFrameworkSDKv1.1/cpref/html/frlrfsystemtextencodingclassGetDecoderTopic.htm" ismsdn="true" />
      <HelpTopic name="GetChars(System.Byte[], System.Int32, System.Int32, System.Char[], System.Int32)" link="ms-help://MS.NETFrameworkSDKv1.1/cpref/html/frlrfsystemtextencodingclassGetCharsTopic1.htm" ismsdn="true" />
      <HelpTopic name="GetChars(System.Byte[], System.Int32, System.Int32)" link="ms-help://MS.NETFrameworkSDKv1.1/cpref/html/frlrfsystemtextencodingclassGetCharsTopic2.htm" ismsdn="true" />
      <HelpTopic name="GetChars(System.Byte[])" link="ms-help://MS.NETFrameworkSDKv1.1/cpref/html/frlrfsystemtextencodingclassGetCharsTopic3.htm" ismsdn="true" />
      <HelpTopic name="GetCharCount(System.Byte[], System.Int32, System.Int32)" link="ms-help://MS.NETFrameworkSDKv1.1/cpref/html/frlrfsystemtextencodingclassGetCharCountTopic1.htm" ismsdn="true" />
      <HelpTopic name="GetCharCount(System.Byte[])" link="ms-help://MS.NETFrameworkSDKv1.1/cpref/html/frlrfsystemtextencodingclassGetCharCountTopic2.htm" ismsdn="true" />
      <HelpTopic name="GetBytes(System.String, System.Int32, System.Int32, System.Byte[], System.Int32)" link="ms-help://MS.NETFrameworkSDKv1.1/cpref/html/frlrfsystemtextencodingclassGetBytesTopic1.htm" ismsdn="true" />
      <HelpTopic name="GetBytes(System.String)" link="ms-help://MS.NETFrameworkSDKv1.1/cpref/html/frlrfsystemtextencodingclassGetBytesTopic2.htm" ismsdn="true" />
      <HelpTopic name="GetBytes(System.Char[], System.Int32, System.Int32, System.Byte[], System.Int32)" link="ms-help://MS.NETFrameworkSDKv1.1/cpref/html/frlrfsystemtextencodingclassGetBytesTopic3.htm" ismsdn="true" />
      <HelpTopic name="GetBytes(System.Char[], System.Int32, System.Int32)" link="ms-help://MS.NETFrameworkSDKv1.1/cpref/html/frlrfsystemtextencodingclassGetBytesTopic4.htm" ismsdn="true" />
      <HelpTopic name="GetBytes(System.Char[])" link="ms-help://MS.NETFrameworkSDKv1.1/cpref/html/frlrfsystemtextencodingclassGetBytesTopic5.htm" ismsdn="true" />
      <HelpTopic name="GetByteCount(System.Char[], System.Int32, System.Int32)" link="ms-help://MS.NETFrameworkSDKv1.1/cpref/html/frlrfsystemtextencodingclassGetByteCountTopic1.htm" ismsdn="true" />
      <HelpTopic name="GetByteCount(System.String)" link="ms-help://MS.NETFrameworkSDKv1.1/cpref/html/frlrfsystemtextencodingclassGetByteCountTopic2.htm" ismsdn="true" />
      <HelpTopic name="GetByteCount(System.Char[])" link="ms-help://MS.NETFrameworkSDKv1.1/cpref/html/frlrfsystemtextencodingclassGetByteCountTopic3.htm" ismsdn="true" />
      <HelpTopic name="GetPreamble()" link="ms-help://MS.NETFrameworkSDKv1.1/cpref/html/frlrfsystemtextencodingclassGetPreambleTopic.htm" ismsdn="true" />
      <HelpTopic name="GetHashCode()" link="ms-help://MS.NETFrameworkSDKv1.1/cpref/html/frlrfsystemtextencodingclassGetHashCodeTopic.htm" ismsdn="true" />
      <HelpTopic name="Equals(System.Object)" link="ms-help://MS.NETFrameworkSDKv1.1/cpref/html/frlrfsystemtextencodingclassEqualsTopic.htm" ismsdn="true" />
      <HelpTopic name="Convert(System.Text.Encoding, System.Text.Encoding, System.Byte[])" link="ms-help://MS.NETFrameworkSDKv1.1/cpref/html/frlrfsystemtextencodingclassConvertTopic1.htm" ismsdn="true" />
      <HelpTopic name="Convert(System.Text.Encoding, System.Text.Encoding, System.Byte[], System.Int32, System.Int32)" link="ms-help://MS.NETFrameworkSDKv1.1/cpref/html/frlrfsystemtextencodingclassConvertTopic2.htm" ismsdn="true" />
      <HelpTopic name="GetEncoding(System.Int32)" link="ms-help://MS.NETFrameworkSDKv1.1/cpref/html/frlrfsystemtextencodingclassGetEncodingTopic1.htm" ismsdn="true" />
      <HelpTopic name="GetEncoding(System.String)" link="ms-help://MS.NETFrameworkSDKv1.1/cpref/html/frlrfsystemtextencodingclassGetEncodingTopic2.htm" ismsdn="true" />
    </HelpFolder>
    <HelpFolder name="Properties" link="ms-help://MS.NETFrameworkSDKv1.1/cpref/html/frlrfsystemtextencodingPropertiesTopic.htm" ismsdn="true">
      <HelpTopic name="BodyName" link="ms-help://MS.NETFrameworkSDKv1.1/cpref/html/frlrfsystemtextencodingclassBodyNameTopic.htm" ismsdn="true" />
      <HelpTopic name="EncodingName" link="ms-help://MS.NETFrameworkSDKv1.1/cpref/html/frlrfsystemtextencodingclassEncodingNameTopic.htm" ismsdn="true" />
      <HelpTopic name="HeaderName" link="ms-help://MS.NETFrameworkSDKv1.1/cpref/html/frlrfsystemtextencodingclassHeaderNameTopic.htm" ismsdn="true" />
      <HelpTopic name="WebName" link="ms-help://MS.NETFrameworkSDKv1.1/cpref/html/frlrfsystemtextencodingclassWebNameTopic.htm" ismsdn="true" />
      <HelpTopic name="WindowsCodePage" link="ms-help://MS.NETFrameworkSDKv1.1/cpref/html/frlrfsystemtextencodingclassWindowsCodePageTopic.htm" ismsdn="true" />
      <HelpTopic name="IsBrowserDisplay" link="ms-help://MS.NETFrameworkSDKv1.1/cpref/html/frlrfsystemtextencodingclassIsBrowserDisplayTopic.htm" ismsdn="true" />
      <HelpTopic name="IsBrowserSave" link="ms-help://MS.NETFrameworkSDKv1.1/cpref/html/frlrfsystemtextencodingclassIsBrowserSaveTopic.htm" ismsdn="true" />
      <HelpTopic name="IsMailNewsDisplay" link="ms-help://MS.NETFrameworkSDKv1.1/cpref/html/frlrfsystemtextencodingclassIsMailNewsDisplayTopic.htm" ismsdn="true" />
      <HelpTopic name="IsMailNewsSave" link="ms-help://MS.NETFrameworkSDKv1.1/cpref/html/frlrfsystemtextencodingclassIsMailNewsSaveTopic.htm" ismsdn="true" />
      <HelpTopic name="ASCII" link="ms-help://MS.NETFrameworkSDKv1.1/cpref/html/frlrfsystemtextencodingclassASCIITopic.htm" ismsdn="true" />
      <HelpTopic name="CodePage" link="ms-help://MS.NETFrameworkSDKv1.1/cpref/html/frlrfsystemtextencodingclassCodePageTopic.htm" ismsdn="true" />
      <HelpTopic name="Default" link="ms-help://MS.NETFrameworkSDKv1.1/cpref/html/frlrfsystemtextencodingclassDefaultTopic.htm" ismsdn="true" />
      <HelpTopic name="Unicode" link="ms-help://MS.NETFrameworkSDKv1.1/cpref/html/frlrfsystemtextencodingclassUnicodeTopic.htm" ismsdn="true" />
      <HelpTopic name="BigEndianUnicode" link="ms-help://MS.NETFrameworkSDKv1.1/cpref/html/frlrfsystemtextencodingclassBigEndianUnicodeTopic.htm" ismsdn="true" />
      <HelpTopic name="UTF7" link="ms-help://MS.NETFrameworkSDKv1.1/cpref/html/frlrfsystemtextencodingclassUTF7Topic.htm" ismsdn="true" />
      <HelpTopic name="UTF8" link="ms-help://MS.NETFrameworkSDKv1.1/cpref/html/frlrfsystemtextencodingclassUTF8Topic.htm" ismsdn="true" />
    </HelpFolder>
  </HelpFolder>
  <HelpFolder name="StringBuilder class" link="ms-help://MS.NETFrameworkSDKv1.1/cpref/html/frlrfsystemtextstringbuilderClassTopic.htm" ismsdn="true">
    <HelpTopic name="StringBuilder members" link="ms-help://MS.NETFrameworkSDKv1.1/cpref/html/frlrfsystemtextstringbuilderMembersTopic.htm" ismsdn="true" />
    <HelpFolder name="Constructors" link="ms-help://MS.NETFrameworkSDKv1.1/cpref/html/frlrfsystemtextstringbuilderclassctorTopic.htm" ismsdn="true">
      <HelpTopic name=".ctor()" link="ms-help://MS.NETFrameworkSDKv1.1/cpref/html/frlrfsystemtextstringbuilderclassctorTopic1.htm" ismsdn="true" />
      <HelpTopic name=".ctor(System.Int32)" link="ms-help://MS.NETFrameworkSDKv1.1/cpref/html/frlrfsystemtextstringbuilderclassctorTopic1.htm" ismsdn="true" />
      <HelpTopic name=".ctor(System.String)" link="ms-help://MS.NETFrameworkSDKv1.1/cpref/html/frlrfsystemtextstringbuilderclassctorTopic2.htm" ismsdn="true" />
      <HelpTopic name=".ctor(System.String, System.Int32)" link="ms-help://MS.NETFrameworkSDKv1.1/cpref/html/frlrfsystemtextstringbuilderclassctorTopic3.htm" ismsdn="true" />
      <HelpTopic name=".ctor(System.String, System.Int32, System.Int32, System.Int32)" link="ms-help://MS.NETFrameworkSDKv1.1/cpref/html/frlrfsystemtextstringbuilderclassctorTopic4.htm" ismsdn="true" />
      <HelpTopic name=".ctor(System.Int32, System.Int32)" link="ms-help://MS.NETFrameworkSDKv1.1/cpref/html/frlrfsystemtextstringbuilderclassctorTopic5.htm" ismsdn="true" />
    </HelpFolder>
    <HelpFolder name="Methods" link="ms-help://MS.NETFrameworkSDKv1.1/cpref/html/frlrfsystemtextstringbuilderMethodsTopic.htm" ismsdn="true">
      <HelpTopic name="ToString()" link="ms-help://MS.NETFrameworkSDKv1.1/cpref/html/frlrfsystemtextstringbuilderclassToStringTopic.htm" ismsdn="true" />
      <HelpTopic name="EnsureCapacity(System.Int32)" link="ms-help://MS.NETFrameworkSDKv1.1/cpref/html/frlrfsystemtextstringbuilderclassEnsureCapacityTopic.htm" ismsdn="true" />
      <HelpTopic name="ToString(System.Int32, System.Int32)" link="ms-help://MS.NETFrameworkSDKv1.1/cpref/html/frlrfsystemtextstringbuilderclassToStringTopic.htm" ismsdn="true" />
      <HelpTopic name="Append(System.Char, System.Int32)" link="ms-help://MS.NETFrameworkSDKv1.1/cpref/html/frlrfsystemtextstringbuilderclassAppendTopic1.htm" ismsdn="true" />
      <HelpTopic name="Append(System.Char[], System.Int32, System.Int32)" link="ms-help://MS.NETFrameworkSDKv1.1/cpref/html/frlrfsystemtextstringbuilderclassAppendTopic2.htm" ismsdn="true" />
      <HelpTopic name="Append(System.String)" link="ms-help://MS.NETFrameworkSDKv1.1/cpref/html/frlrfsystemtextstringbuilderclassAppendTopic3.htm" ismsdn="true" />
      <HelpTopic name="Append(System.String, System.Int32, System.Int32)" link="ms-help://MS.NETFrameworkSDKv1.1/cpref/html/frlrfsystemtextstringbuilderclassAppendTopic4.htm" ismsdn="true" />
      <HelpTopic name="Insert(System.Int32, System.String, System.Int32)" link="ms-help://MS.NETFrameworkSDKv1.1/cpref/html/frlrfsystemtextstringbuilderclassInsertTopic.htm" ismsdn="true" />
      <HelpTopic name="Remove(System.Int32, System.Int32)" link="ms-help://MS.NETFrameworkSDKv1.1/cpref/html/frlrfsystemtextstringbuilderclassRemoveTopic.htm" ismsdn="true" />
      <HelpTopic name="Append(System.Boolean)" link="ms-help://MS.NETFrameworkSDKv1.1/cpref/html/frlrfsystemtextstringbuilderclassAppendTopic1.htm" ismsdn="true" />
      <HelpTopic name="Append(System.SByte)" link="ms-help://MS.NETFrameworkSDKv1.1/cpref/html/frlrfsystemtextstringbuilderclassAppendTopic2.htm" ismsdn="true" />
      <HelpTopic name="Append(System.Byte)" link="ms-help://MS.NETFrameworkSDKv1.1/cpref/html/frlrfsystemtextstringbuilderclassAppendTopic3.htm" ismsdn="true" />
      <HelpTopic name="Append(System.Char)" link="ms-help://MS.NETFrameworkSDKv1.1/cpref/html/frlrfsystemtextstringbuilderclassAppendTopic4.htm" ismsdn="true" />
      <HelpTopic name="Append(System.Int16)" link="ms-help://MS.NETFrameworkSDKv1.1/cpref/html/frlrfsystemtextstringbuilderclassAppendTopic5.htm" ismsdn="true" />
      <HelpTopic name="Append(System.Int32)" link="ms-help://MS.NETFrameworkSDKv1.1/cpref/html/frlrfsystemtextstringbuilderclassAppendTopic6.htm" ismsdn="true" />
      <HelpTopic name="Append(System.Int64)" link="ms-help://MS.NETFrameworkSDKv1.1/cpref/html/frlrfsystemtextstringbuilderclassAppendTopic7.htm" ismsdn="true" />
      <HelpTopic name="Append(System.Single)" link="ms-help://MS.NETFrameworkSDKv1.1/cpref/html/frlrfsystemtextstringbuilderclassAppendTopic8.htm" ismsdn="true" />
      <HelpTopic name="Append(System.Double)" link="ms-help://MS.NETFrameworkSDKv1.1/cpref/html/frlrfsystemtextstringbuilderclassAppendTopic9.htm" ismsdn="true" />
      <HelpTopic name="Append(System.Decimal)" link="ms-help://MS.NETFrameworkSDKv1.1/cpref/html/frlrfsystemtextstringbuilderclassAppendTopic10.htm" ismsdn="true" />
      <HelpTopic name="Append(System.UInt16)" link="ms-help://MS.NETFrameworkSDKv1.1/cpref/html/frlrfsystemtextstringbuilderclassAppendTopic11.htm" ismsdn="true" />
      <HelpTopic name="Append(System.UInt32)" link="ms-help://MS.NETFrameworkSDKv1.1/cpref/html/frlrfsystemtextstringbuilderclassAppendTopic12.htm" ismsdn="true" />
      <HelpTopic name="Append(System.UInt64)" link="ms-help://MS.NETFrameworkSDKv1.1/cpref/html/frlrfsystemtextstringbuilderclassAppendTopic13.htm" ismsdn="true" />
      <HelpTopic name="Append(System.Object)" link="ms-help://MS.NETFrameworkSDKv1.1/cpref/html/frlrfsystemtextstringbuilderclassAppendTopic14.htm" ismsdn="true" />
      <HelpTopic name="Append(System.Char[])" link="ms-help://MS.NETFrameworkSDKv1.1/cpref/html/frlrfsystemtextstringbuilderclassAppendTopic15.htm" ismsdn="true" />
      <HelpTopic name="Insert(System.Int32, System.String)" link="ms-help://MS.NETFrameworkSDKv1.1/cpref/html/frlrfsystemtextstringbuilderclassInsertTopic1.htm" ismsdn="true" />
      <HelpTopic name="Insert(System.Int32, System.Boolean)" link="ms-help://MS.NETFrameworkSDKv1.1/cpref/html/frlrfsystemtextstringbuilderclassInsertTopic2.htm" ismsdn="true" />
      <HelpTopic name="Insert(System.Int32, System.SByte)" link="ms-help://MS.NETFrameworkSDKv1.1/cpref/html/frlrfsystemtextstringbuilderclassInsertTopic3.htm" ismsdn="true" />
      <HelpTopic name="Insert(System.Int32, System.Byte)" link="ms-help://MS.NETFrameworkSDKv1.1/cpref/html/frlrfsystemtextstringbuilderclassInsertTopic4.htm" ismsdn="true" />
      <HelpTopic name="Insert(System.Int32, System.Int16)" link="ms-help://MS.NETFrameworkSDKv1.1/cpref/html/frlrfsystemtextstringbuilderclassInsertTopic5.htm" ismsdn="true" />
      <HelpTopic name="Insert(System.Int32, System.Char)" link="ms-help://MS.NETFrameworkSDKv1.1/cpref/html/frlrfsystemtextstringbuilderclassInsertTopic6.htm" ismsdn="true" />
      <HelpTopic name="Insert(System.Int32, System.Char[])" link="ms-help://MS.NETFrameworkSDKv1.1/cpref/html/frlrfsystemtextstringbuilderclassInsertTopic7.htm" ismsdn="true" />
      <HelpTopic name="Insert(System.Int32, System.Char[], System.Int32, System.Int32)" link="ms-help://MS.NETFrameworkSDKv1.1/cpref/html/frlrfsystemtextstringbuilderclassInsertTopic8.htm" ismsdn="true" />
      <HelpTopic name="Insert(System.Int32, System.Int32)" link="ms-help://MS.NETFrameworkSDKv1.1/cpref/html/frlrfsystemtextstringbuilderclassInsertTopic9.htm" ismsdn="true" />
      <HelpTopic name="Insert(System.Int32, System.Int64)" link="ms-help://MS.NETFrameworkSDKv1.1/cpref/html/frlrfsystemtextstringbuilderclassInsertTopic10.htm" ismsdn="true" />
      <HelpTopic name="Insert(System.Int32, System.Single)" link="ms-help://MS.NETFrameworkSDKv1.1/cpref/html/frlrfsystemtextstringbuilderclassInsertTopic11.htm" ismsdn="true" />
      <HelpTopic name="Insert(System.Int32, System.Double)" link="ms-help://MS.NETFrameworkSDKv1.1/cpref/html/frlrfsystemtextstringbuilderclassInsertTopic12.htm" ismsdn="true" />
      <HelpTopic name="Insert(System.Int32, System.Decimal)" link="ms-help://MS.NETFrameworkSDKv1.1/cpref/html/frlrfsystemtextstringbuilderclassInsertTopic13.htm" ismsdn="true" />
      <HelpTopic name="Insert(System.Int32, System.UInt16)" link="ms-help://MS.NETFrameworkSDKv1.1/cpref/html/frlrfsystemtextstringbuilderclassInsertTopic14.htm" ismsdn="true" />
      <HelpTopic name="Insert(System.Int32, System.UInt32)" link="ms-help://MS.NETFrameworkSDKv1.1/cpref/html/frlrfsystemtextstringbuilderclassInsertTopic15.htm" ismsdn="true" />
      <HelpTopic name="Insert(System.Int32, System.UInt64)" link="ms-help://MS.NETFrameworkSDKv1.1/cpref/html/frlrfsystemtextstringbuilderclassInsertTopic16.htm" ismsdn="true" />
      <HelpTopic name="Insert(System.Int32, System.Object)" link="ms-help://MS.NETFrameworkSDKv1.1/cpref/html/frlrfsystemtextstringbuilderclassInsertTopic17.htm" ismsdn="true" />
      <HelpTopic name="AppendFormat(System.String, System.Object)" link="ms-help://MS.NETFrameworkSDKv1.1/cpref/html/frlrfsystemtextstringbuilderclassAppendFormatTopic1.htm" ismsdn="true" />
      <HelpTopic name="AppendFormat(System.String, System.Object, System.Object)" link="ms-help://MS.NETFrameworkSDKv1.1/cpref/html/frlrfsystemtextstringbuilderclassAppendFormatTopic2.htm" ismsdn="true" />
      <HelpTopic name="AppendFormat(System.String, System.Object, System.Object, System.Object)" link="ms-help://MS.NETFrameworkSDKv1.1/cpref/html/frlrfsystemtextstringbuilderclassAppendFormatTopic3.htm" ismsdn="true" />
      <HelpTopic name="AppendFormat(System.String, System.Object[])" link="ms-help://MS.NETFrameworkSDKv1.1/cpref/html/frlrfsystemtextstringbuilderclassAppendFormatTopic4.htm" ismsdn="true" />
      <HelpTopic name="AppendFormat(System.IFormatProvider, System.String, System.Object[])" link="ms-help://MS.NETFrameworkSDKv1.1/cpref/html/frlrfsystemtextstringbuilderclassAppendFormatTopic5.htm" ismsdn="true" />
      <HelpTopic name="Replace(System.String, System.String)" link="ms-help://MS.NETFrameworkSDKv1.1/cpref/html/frlrfsystemtextstringbuilderclassReplaceTopic1.htm" ismsdn="true" />
      <HelpTopic name="Replace(System.String, System.String, System.Int32, System.Int32)" link="ms-help://MS.NETFrameworkSDKv1.1/cpref/html/frlrfsystemtextstringbuilderclassReplaceTopic2.htm" ismsdn="true" />
      <HelpTopic name="Equals(System.Text.StringBuilder)" link="ms-help://MS.NETFrameworkSDKv1.1/cpref/html/frlrfsystemtextstringbuilderclassEqualsTopic.htm" ismsdn="true" />
      <HelpTopic name="Replace(System.Char, System.Char)" link="ms-help://MS.NETFrameworkSDKv1.1/cpref/html/frlrfsystemtextstringbuilderclassReplaceTopic1.htm" ismsdn="true" />
      <HelpTopic name="Replace(System.Char, System.Char, System.Int32, System.Int32)" link="ms-help://MS.NETFrameworkSDKv1.1/cpref/html/frlrfsystemtextstringbuilderclassReplaceTopic2.htm" ismsdn="true" />
    </HelpFolder>
    <HelpFolder name="Properties" link="ms-help://MS.NETFrameworkSDKv1.1/cpref/html/frlrfsystemtextstringbuilderPropertiesTopic.htm" ismsdn="true">
      <HelpTopic name="Capacity" link="ms-help://MS.NETFrameworkSDKv1.1/cpref/html/frlrfsystemtextstringbuilderclassCapacityTopic.htm" ismsdn="true" />
      <HelpTopic name="MaxCapacity" link="ms-help://MS.NETFrameworkSDKv1.1/cpref/html/frlrfsystemtextstringbuilderclassMaxCapacityTopic.htm" ismsdn="true" />
      <HelpTopic name="Length" link="ms-help://MS.NETFrameworkSDKv1.1/cpref/html/frlrfsystemtextstringbuilderclassLengthTopic.htm" ismsdn="true" />
      <HelpTopic name="Chars" link="ms-help://MS.NETFrameworkSDKv1.1/cpref/html/frlrfsystemtextstringbuilderclassCharsTopic.htm" ismsdn="true" />
    </HelpFolder>
  </HelpFolder>
  <HelpFolder name="UnicodeEncoding class" link="ms-help://MS.NETFrameworkSDKv1.1/cpref/html/frlrfsystemtextunicodeencodingClassTopic.htm" ismsdn="true">
    <HelpTopic name="UnicodeEncoding members" link="ms-help://MS.NETFrameworkSDKv1.1/cpref/html/frlrfsystemtextunicodeencodingMembersTopic.htm" ismsdn="true" />
    <HelpFolder name="Constructors" link="ms-help://MS.NETFrameworkSDKv1.1/cpref/html/frlrfsystemtextunicodeencodingclassctorTopic.htm" ismsdn="true">
      <HelpTopic name=".ctor()" link="ms-help://MS.NETFrameworkSDKv1.1/cpref/html/frlrfsystemtextunicodeencodingclassctorTopic1.htm" ismsdn="true" />
      <HelpTopic name=".ctor(System.Boolean, System.Boolean)" link="ms-help://MS.NETFrameworkSDKv1.1/cpref/html/frlrfsystemtextunicodeencodingclassctorTopic1.htm" ismsdn="true" />
    </HelpFolder>
    <HelpFolder name="Fields" link="ms-help://MS.NETFrameworkSDKv1.1/cpref/html/frlrfsystemtextunicodeencodingFieldsTopic.htm" ismsdn="true">
      <HelpTopic name="CharSize" link="ms-help://MS.NETFrameworkSDKv1.1/cpref/html/frlrfsystemtextunicodeencodingclassCharSizeTopic.htm" ismsdn="true" />
    </HelpFolder>
    <HelpFolder name="Methods" link="ms-help://MS.NETFrameworkSDKv1.1/cpref/html/frlrfsystemtextunicodeencodingMethodsTopic.htm" ismsdn="true">
      <HelpTopic name="GetMaxCharCount(System.Int32)" link="ms-help://MS.NETFrameworkSDKv1.1/cpref/html/frlrfsystemtextunicodeencodingclassGetMaxCharCountTopic.htm" ismsdn="true" />
      <HelpTopic name="GetMaxByteCount(System.Int32)" link="ms-help://MS.NETFrameworkSDKv1.1/cpref/html/frlrfsystemtextunicodeencodingclassGetMaxByteCountTopic.htm" ismsdn="true" />
      <HelpTopic name="GetDecoder()" link="ms-help://MS.NETFrameworkSDKv1.1/cpref/html/frlrfsystemtextunicodeencodingclassGetDecoderTopic.htm" ismsdn="true" />
      <HelpTopic name="GetChars(System.Byte[], System.Int32, System.Int32, System.Char[], System.Int32)" link="ms-help://MS.NETFrameworkSDKv1.1/cpref/html/frlrfsystemtextunicodeencodingclassGetCharsTopic.htm" ismsdn="true" />
      <HelpTopic name="GetCharCount(System.Byte[], System.Int32, System.Int32)" link="ms-help://MS.NETFrameworkSDKv1.1/cpref/html/frlrfsystemtextunicodeencodingclassGetCharCountTopic.htm" ismsdn="true" />
      <HelpTopic name="GetBytes(System.String, System.Int32, System.Int32, System.Byte[], System.Int32)" link="ms-help://MS.NETFrameworkSDKv1.1/cpref/html/frlrfsystemtextunicodeencodingclassGetBytesTopic1.htm" ismsdn="true" />
      <HelpTopic name="GetBytes(System.String)" link="ms-help://MS.NETFrameworkSDKv1.1/cpref/html/frlrfsystemtextunicodeencodingclassGetBytesTopic2.htm" ismsdn="true" />
      <HelpTopic name="GetBytes(System.Char[], System.Int32, System.Int32, System.Byte[], System.Int32)" link="ms-help://MS.NETFrameworkSDKv1.1/cpref/html/frlrfsystemtextunicodeencodingclassGetBytesTopic3.htm" ismsdn="true" />
      <HelpTopic name="GetByteCount(System.Char[], System.Int32, System.Int32)" link="ms-help://MS.NETFrameworkSDKv1.1/cpref/html/frlrfsystemtextunicodeencodingclassGetByteCountTopic1.htm" ismsdn="true" />
      <HelpTopic name="GetByteCount(System.String)" link="ms-help://MS.NETFrameworkSDKv1.1/cpref/html/frlrfsystemtextunicodeencodingclassGetByteCountTopic2.htm" ismsdn="true" />
      <HelpTopic name="GetPreamble()" link="ms-help://MS.NETFrameworkSDKv1.1/cpref/html/frlrfsystemtextunicodeencodingclassGetPreambleTopic.htm" ismsdn="true" />
      <HelpTopic name="GetHashCode()" link="ms-help://MS.NETFrameworkSDKv1.1/cpref/html/frlrfsystemtextunicodeencodingclassGetHashCodeTopic.htm" ismsdn="true" />
      <HelpTopic name="Equals(System.Object)" link="ms-help://MS.NETFrameworkSDKv1.1/cpref/html/frlrfsystemtextunicodeencodingclassEqualsTopic.htm" ismsdn="true" />
    </HelpFolder>
  </HelpFolder>
  <HelpFolder name="UTF7Encoding class" link="ms-help://MS.NETFrameworkSDKv1.1/cpref/html/frlrfsystemtextutf7encodingClassTopic.htm" ismsdn="true">
    <HelpTopic name="UTF7Encoding members" link="ms-help://MS.NETFrameworkSDKv1.1/cpref/html/frlrfsystemtextutf7encodingMembersTopic.htm" ismsdn="true" />
    <HelpFolder name="Constructors" link="ms-help://MS.NETFrameworkSDKv1.1/cpref/html/frlrfsystemtextutf7encodingclassctorTopic.htm" ismsdn="true">
      <HelpTopic name=".ctor()" link="ms-help://MS.NETFrameworkSDKv1.1/cpref/html/frlrfsystemtextutf7encodingclassctorTopic1.htm" ismsdn="true" />
      <HelpTopic name=".ctor(System.Boolean)" link="ms-help://MS.NETFrameworkSDKv1.1/cpref/html/frlrfsystemtextutf7encodingclassctorTopic1.htm" ismsdn="true" />
    </HelpFolder>
    <HelpFolder name="Methods" link="ms-help://MS.NETFrameworkSDKv1.1/cpref/html/frlrfsystemtextutf7encodingMethodsTopic.htm" ismsdn="true">
      <HelpTopic name="GetMaxCharCount(System.Int32)" link="ms-help://MS.NETFrameworkSDKv1.1/cpref/html/frlrfsystemtextutf7encodingclassGetMaxCharCountTopic.htm" ismsdn="true" />
      <HelpTopic name="GetMaxByteCount(System.Int32)" link="ms-help://MS.NETFrameworkSDKv1.1/cpref/html/frlrfsystemtextutf7encodingclassGetMaxByteCountTopic.htm" ismsdn="true" />
      <HelpTopic name="GetEncoder()" link="ms-help://MS.NETFrameworkSDKv1.1/cpref/html/frlrfsystemtextutf7encodingclassGetEncoderTopic.htm" ismsdn="true" />
      <HelpTopic name="GetDecoder()" link="ms-help://MS.NETFrameworkSDKv1.1/cpref/html/frlrfsystemtextutf7encodingclassGetDecoderTopic.htm" ismsdn="true" />
      <HelpTopic name="GetChars(System.Byte[], System.Int32, System.Int32, System.Char[], System.Int32)" link="ms-help://MS.NETFrameworkSDKv1.1/cpref/html/frlrfsystemtextutf7encodingclassGetCharsTopic.htm" ismsdn="true" />
      <HelpTopic name="GetCharCount(System.Byte[], System.Int32, System.Int32)" link="ms-help://MS.NETFrameworkSDKv1.1/cpref/html/frlrfsystemtextutf7encodingclassGetCharCountTopic.htm" ismsdn="true" />
      <HelpTopic name="GetBytes(System.Char[], System.Int32, System.Int32, System.Byte[], System.Int32)" link="ms-help://MS.NETFrameworkSDKv1.1/cpref/html/frlrfsystemtextutf7encodingclassGetBytesTopic.htm" ismsdn="true" />
      <HelpTopic name="GetByteCount(System.Char[], System.Int32, System.Int32)" link="ms-help://MS.NETFrameworkSDKv1.1/cpref/html/frlrfsystemtextutf7encodingclassGetByteCountTopic.htm" ismsdn="true" />
    </HelpFolder>
  </HelpFolder>
  <HelpFolder name="UTF8Encoding class" link="ms-help://MS.NETFrameworkSDKv1.1/cpref/html/frlrfsystemtextutf8encodingClassTopic.htm" ismsdn="true">
    <HelpTopic name="UTF8Encoding members" link="ms-help://MS.NETFrameworkSDKv1.1/cpref/html/frlrfsystemtextutf8encodingMembersTopic.htm" ismsdn="true" />
    <HelpFolder name="Constructors" link="ms-help://MS.NETFrameworkSDKv1.1/cpref/html/frlrfsystemtextutf8encodingclassctorTopic.htm" ismsdn="true">
      <HelpTopic name=".ctor()" link="ms-help://MS.NETFrameworkSDKv1.1/cpref/html/frlrfsystemtextutf8encodingclassctorTopic1.htm" ismsdn="true" />
      <HelpTopic name=".ctor(System.Boolean)" link="ms-help://MS.NETFrameworkSDKv1.1/cpref/html/frlrfsystemtextutf8encodingclassctorTopic1.htm" ismsdn="true" />
      <HelpTopic name=".ctor(System.Boolean, System.Boolean)" link="ms-help://MS.NETFrameworkSDKv1.1/cpref/html/frlrfsystemtextutf8encodingclassctorTopic2.htm" ismsdn="true" />
    </HelpFolder>
    <HelpFolder name="Methods" link="ms-help://MS.NETFrameworkSDKv1.1/cpref/html/frlrfsystemtextutf8encodingMethodsTopic.htm" ismsdn="true">
      <HelpTopic name="GetMaxCharCount(System.Int32)" link="ms-help://MS.NETFrameworkSDKv1.1/cpref/html/frlrfsystemtextutf8encodingclassGetMaxCharCountTopic.htm" ismsdn="true" />
      <HelpTopic name="GetMaxByteCount(System.Int32)" link="ms-help://MS.NETFrameworkSDKv1.1/cpref/html/frlrfsystemtextutf8encodingclassGetMaxByteCountTopic.htm" ismsdn="true" />
      <HelpTopic name="GetEncoder()" link="ms-help://MS.NETFrameworkSDKv1.1/cpref/html/frlrfsystemtextutf8encodingclassGetEncoderTopic.htm" ismsdn="true" />
      <HelpTopic name="GetDecoder()" link="ms-help://MS.NETFrameworkSDKv1.1/cpref/html/frlrfsystemtextutf8encodingclassGetDecoderTopic.htm" ismsdn="true" />
      <HelpTopic name="GetChars(System.Byte[], System.Int32, System.Int32, System.Char[], System.Int32)" link="ms-help://MS.NETFrameworkSDKv1.1/cpref/html/frlrfsystemtextutf8encodingclassGetCharsTopic.htm" ismsdn="true" />
      <HelpTopic name="GetCharCount(System.Byte[], System.Int32, System.Int32)" link="ms-help://MS.NETFrameworkSDKv1.1/cpref/html/frlrfsystemtextutf8encodingclassGetCharCountTopic.htm" ismsdn="true" />
      <HelpTopic name="GetBytes(System.String, System.Int32, System.Int32, System.Byte[], System.Int32)" link="ms-help://MS.NETFrameworkSDKv1.1/cpref/html/frlrfsystemtextutf8encodingclassGetBytesTopic1.htm" ismsdn="true" />
      <HelpTopic name="GetBytes(System.String)" link="ms-help://MS.NETFrameworkSDKv1.1/cpref/html/frlrfsystemtextutf8encodingclassGetBytesTopic2.htm" ismsdn="true" />
      <HelpTopic name="GetBytes(System.Char[], System.Int32, System.Int32, System.Byte[], System.Int32)" link="ms-help://MS.NETFrameworkSDKv1.1/cpref/html/frlrfsystemtextutf8encodingclassGetBytesTopic3.htm" ismsdn="true" />
      <HelpTopic name="GetByteCount(System.Char[], System.Int32, System.Int32)" link="ms-help://MS.NETFrameworkSDKv1.1/cpref/html/frlrfsystemtextutf8encodingclassGetByteCountTopic1.htm" ismsdn="true" />
      <HelpTopic name="GetByteCount(System.String)" link="ms-help://MS.NETFrameworkSDKv1.1/cpref/html/frlrfsystemtextutf8encodingclassGetByteCountTopic2.htm" ismsdn="true" />
      <HelpTopic name="GetPreamble()" link="ms-help://MS.NETFrameworkSDKv1.1/cpref/html/frlrfsystemtextutf8encodingclassGetPreambleTopic.htm" ismsdn="true" />
      <HelpTopic name="GetHashCode()" link="ms-help://MS.NETFrameworkSDKv1.1/cpref/html/frlrfsystemtextutf8encodingclassGetHashCodeTopic.htm" ismsdn="true" />
      <HelpTopic name="Equals(System.Object)" link="ms-help://MS.NETFrameworkSDKv1.1/cpref/html/frlrfsystemtextutf8encodingclassEqualsTopic.htm" ismsdn="true" />
    </HelpFolder>
  </HelpFolder>
</HelpCollection>