<HelpCollection>
  <HelpTopic name="BackgroundType enumeration" link="ms-help://MS.NETFrameworkSDKv1.1/cpref/html/frlrfsystemwindowsformsvisualstylesbackgroundtypeClassTopic.htm" ismsdn="true" />
  <HelpTopic name="BooleanProperty enumeration" link="ms-help://MS.NETFrameworkSDKv1.1/cpref/html/frlrfsystemwindowsformsvisualstylesbooleanpropertyClassTopic.htm" ismsdn="true" />
  <HelpTopic name="BorderType enumeration" link="ms-help://MS.NETFrameworkSDKv1.1/cpref/html/frlrfsystemwindowsformsvisualstylesbordertypeClassTopic.htm" ismsdn="true" />
  <HelpTopic name="CheckBoxState enumeration" link="ms-help://MS.NETFrameworkSDKv1.1/cpref/html/frlrfsystemwindowsformsvisualstylescheckboxstateClassTopic.htm" ismsdn="true" />
  <HelpTopic name="ColorProperty enumeration" link="ms-help://MS.NETFrameworkSDKv1.1/cpref/html/frlrfsystemwindowsformsvisualstylescolorpropertyClassTopic.htm" ismsdn="true" />
  <HelpTopic name="ComboBoxState enumeration" link="ms-help://MS.NETFrameworkSDKv1.1/cpref/html/frlrfsystemwindowsformsvisualstylescomboboxstateClassTopic.htm" ismsdn="true" />
  <HelpTopic name="ContentAlignment enumeration" link="ms-help://MS.NETFrameworkSDKv1.1/cpref/html/frlrfsystemwindowsformsvisualstylescontentalignmentClassTopic.htm" ismsdn="true" />
  <HelpTopic name="EdgeEffects enumeration" link="ms-help://MS.NETFrameworkSDKv1.1/cpref/html/frlrfsystemwindowsformsvisualstylesedgeeffectsClassTopic.htm" ismsdn="true" />
  <HelpTopic name="Edges enumeration" link="ms-help://MS.NETFrameworkSDKv1.1/cpref/html/frlrfsystemwindowsformsvisualstylesedgesClassTopic.htm" ismsdn="true" />
  <HelpTopic name="EdgeStyle enumeration" link="ms-help://MS.NETFrameworkSDKv1.1/cpref/html/frlrfsystemwindowsformsvisualstylesedgestyleClassTopic.htm" ismsdn="true" />
  <HelpTopic name="EnumProperty enumeration" link="ms-help://MS.NETFrameworkSDKv1.1/cpref/html/frlrfsystemwindowsformsvisualstylesenumpropertyClassTopic.htm" ismsdn="true" />
  <HelpTopic name="FilenameProperty enumeration" link="ms-help://MS.NETFrameworkSDKv1.1/cpref/html/frlrfsystemwindowsformsvisualstylesfilenamepropertyClassTopic.htm" ismsdn="true" />
  <HelpTopic name="FillType enumeration" link="ms-help://MS.NETFrameworkSDKv1.1/cpref/html/frlrfsystemwindowsformsvisualstylesfilltypeClassTopic.htm" ismsdn="true" />
  <HelpTopic name="FontProperty enumeration" link="ms-help://MS.NETFrameworkSDKv1.1/cpref/html/frlrfsystemwindowsformsvisualstylesfontpropertyClassTopic.htm" ismsdn="true" />
  <HelpTopic name="GlyphFontSizingType enumeration" link="ms-help://MS.NETFrameworkSDKv1.1/cpref/html/frlrfsystemwindowsformsvisualstylesglyphfontsizingtypeClassTopic.htm" ismsdn="true" />
  <HelpTopic name="GlyphType enumeration" link="ms-help://MS.NETFrameworkSDKv1.1/cpref/html/frlrfsystemwindowsformsvisualstylesglyphtypeClassTopic.htm" ismsdn="true" />
  <HelpTopic name="GroupBoxState enumeration" link="ms-help://MS.NETFrameworkSDKv1.1/cpref/html/frlrfsystemwindowsformsvisualstylesgroupboxstateClassTopic.htm" ismsdn="true" />
  <HelpTopic name="HitTestCode enumeration" link="ms-help://MS.NETFrameworkSDKv1.1/cpref/html/frlrfsystemwindowsformsvisualstyleshittestcodeClassTopic.htm" ismsdn="true" />
  <HelpTopic name="HitTestOptions enumeration" link="ms-help://MS.NETFrameworkSDKv1.1/cpref/html/frlrfsystemwindowsformsvisualstyleshittestoptionsClassTopic.htm" ismsdn="true" />
  <HelpTopic name="HorizontalAlign enumeration" link="ms-help://MS.NETFrameworkSDKv1.1/cpref/html/frlrfsystemwindowsformsvisualstyleshorizontalalignClassTopic.htm" ismsdn="true" />
  <HelpTopic name="IconEffect enumeration" link="ms-help://MS.NETFrameworkSDKv1.1/cpref/html/frlrfsystemwindowsformsvisualstylesiconeffectClassTopic.htm" ismsdn="true" />
  <HelpTopic name="ImageOrientation enumeration" link="ms-help://MS.NETFrameworkSDKv1.1/cpref/html/frlrfsystemwindowsformsvisualstylesimageorientationClassTopic.htm" ismsdn="true" />
  <HelpTopic name="ImageSelectType enumeration" link="ms-help://MS.NETFrameworkSDKv1.1/cpref/html/frlrfsystemwindowsformsvisualstylesimageselecttypeClassTopic.htm" ismsdn="true" />
  <HelpTopic name="IntegerProperty enumeration" link="ms-help://MS.NETFrameworkSDKv1.1/cpref/html/frlrfsystemwindowsformsvisualstylesintegerpropertyClassTopic.htm" ismsdn="true" />
  <HelpTopic name="MarginProperty enumeration" link="ms-help://MS.NETFrameworkSDKv1.1/cpref/html/frlrfsystemwindowsformsvisualstylesmarginpropertyClassTopic.htm" ismsdn="true" />
  <HelpTopic name="OffsetType enumeration" link="ms-help://MS.NETFrameworkSDKv1.1/cpref/html/frlrfsystemwindowsformsvisualstylesoffsettypeClassTopic.htm" ismsdn="true" />
  <HelpTopic name="PointProperty enumeration" link="ms-help://MS.NETFrameworkSDKv1.1/cpref/html/frlrfsystemwindowsformsvisualstylespointpropertyClassTopic.htm" ismsdn="true" />
  <HelpTopic name="PushButtonState enumeration" link="ms-help://MS.NETFrameworkSDKv1.1/cpref/html/frlrfsystemwindowsformsvisualstylespushbuttonstateClassTopic.htm" ismsdn="true" />
  <HelpTopic name="RadioButtonState enumeration" link="ms-help://MS.NETFrameworkSDKv1.1/cpref/html/frlrfsystemwindowsformsvisualstylesradiobuttonstateClassTopic.htm" ismsdn="true" />
  <HelpTopic name="ScrollBarArrowButtonState enumeration" link="ms-help://MS.NETFrameworkSDKv1.1/cpref/html/frlrfsystemwindowsformsvisualstylesscrollbararrowbuttonstateClassTopic.htm" ismsdn="true" />
  <HelpTopic name="ScrollBarSizeBoxState enumeration" link="ms-help://MS.NETFrameworkSDKv1.1/cpref/html/frlrfsystemwindowsformsvisualstylesscrollbarsizeboxstateClassTopic.htm" ismsdn="true" />
  <HelpTopic name="ScrollBarState enumeration" link="ms-help://MS.NETFrameworkSDKv1.1/cpref/html/frlrfsystemwindowsformsvisualstylesscrollbarstateClassTopic.htm" ismsdn="true" />
  <HelpTopic name="SizingType enumeration" link="ms-help://MS.NETFrameworkSDKv1.1/cpref/html/frlrfsystemwindowsformsvisualstylessizingtypeClassTopic.htm" ismsdn="true" />
  <HelpTopic name="StringProperty enumeration" link="ms-help://MS.NETFrameworkSDKv1.1/cpref/html/frlrfsystemwindowsformsvisualstylesstringpropertyClassTopic.htm" ismsdn="true" />
  <HelpTopic name="TabItemState enumeration" link="ms-help://MS.NETFrameworkSDKv1.1/cpref/html/frlrfsystemwindowsformsvisualstylestabitemstateClassTopic.htm" ismsdn="true" />
  <HelpTopic name="TextBoxState enumeration" link="ms-help://MS.NETFrameworkSDKv1.1/cpref/html/frlrfsystemwindowsformsvisualstylestextboxstateClassTopic.htm" ismsdn="true" />
  <HelpFolder name="TextMetrics structure" link="ms-help://MS.NETFrameworkSDKv1.1/cpref/html/frlrfsystemwindowsformsvisualstylestextmetricsClassTopic.htm" ismsdn="true">
    <HelpTopic name="TextMetrics members" link="ms-help://MS.NETFrameworkSDKv1.1/cpref/html/frlrfsystemwindowsformsvisualstylestextmetricsMembersTopic.htm" ismsdn="true" />
    <HelpFolder name="Properties" link="ms-help://MS.NETFrameworkSDKv1.1/cpref/html/frlrfsystemwindowsformsvisualstylestextmetricsPropertiesTopic.htm" ismsdn="true">
      <HelpTopic name="Height" link="ms-help://MS.NETFrameworkSDKv1.1/cpref/html/frlrfsystemwindowsformsvisualstylestextmetricsclassHeightTopic.htm" ismsdn="true" />
      <HelpTopic name="Ascent" link="ms-help://MS.NETFrameworkSDKv1.1/cpref/html/frlrfsystemwindowsformsvisualstylestextmetricsclassAscentTopic.htm" ismsdn="true" />
      <HelpTopic name="Descent" link="ms-help://MS.NETFrameworkSDKv1.1/cpref/html/frlrfsystemwindowsformsvisualstylestextmetricsclassDescentTopic.htm" ismsdn="true" />
      <HelpTopic name="InternalLeading" link="ms-help://MS.NETFrameworkSDKv1.1/cpref/html/frlrfsystemwindowsformsvisualstylestextmetricsclassInternalLeadingTopic.htm" ismsdn="true" />
      <HelpTopic name="ExternalLeading" link="ms-help://MS.NETFrameworkSDKv1.1/cpref/html/frlrfsystemwindowsformsvisualstylestextmetricsclassExternalLeadingTopic.htm" ismsdn="true" />
      <HelpTopic name="AverageCharWidth" link="ms-help://MS.NETFrameworkSDKv1.1/cpref/html/frlrfsystemwindowsformsvisualstylestextmetricsclassAverageCharWidthTopic.htm" ismsdn="true" />
      <HelpTopic name="MaxCharWidth" link="ms-help://MS.NETFrameworkSDKv1.1/cpref/html/frlrfsystemwindowsformsvisualstylestextmetricsclassMaxCharWidthTopic.htm" ismsdn="true" />
      <HelpTopic name="Weight" link="ms-help://MS.NETFrameworkSDKv1.1/cpref/html/frlrfsystemwindowsformsvisualstylestextmetricsclassWeightTopic.htm" ismsdn="true" />
      <HelpTopic name="Overhang" link="ms-help://MS.NETFrameworkSDKv1.1/cpref/html/frlrfsystemwindowsformsvisualstylestextmetricsclassOverhangTopic.htm" ismsdn="true" />
      <HelpTopic name="DigitizedAspectX" link="ms-help://MS.NETFrameworkSDKv1.1/cpref/html/frlrfsystemwindowsformsvisualstylestextmetricsclassDigitizedAspectXTopic.htm" ismsdn="true" />
      <HelpTopic name="DigitizedAspectY" link="ms-help://MS.NETFrameworkSDKv1.1/cpref/html/frlrfsystemwindowsformsvisualstylestextmetricsclassDigitizedAspectYTopic.htm" ismsdn="true" />
      <HelpTopic name="FirstChar" link="ms-help://MS.NETFrameworkSDKv1.1/cpref/html/frlrfsystemwindowsformsvisualstylestextmetricsclassFirstCharTopic.htm" ismsdn="true" />
      <HelpTopic name="LastChar" link="ms-help://MS.NETFrameworkSDKv1.1/cpref/html/frlrfsystemwindowsformsvisualstylestextmetricsclassLastCharTopic.htm" ismsdn="true" />
      <HelpTopic name="DefaultChar" link="ms-help://MS.NETFrameworkSDKv1.1/cpref/html/frlrfsystemwindowsformsvisualstylestextmetricsclassDefaultCharTopic.htm" ismsdn="true" />
      <HelpTopic name="BreakChar" link="ms-help://MS.NETFrameworkSDKv1.1/cpref/html/frlrfsystemwindowsformsvisualstylestextmetricsclassBreakCharTopic.htm" ismsdn="true" />
      <HelpTopic name="Italic" link="ms-help://MS.NETFrameworkSDKv1.1/cpref/html/frlrfsystemwindowsformsvisualstylestextmetricsclassItalicTopic.htm" ismsdn="true" />
      <HelpTopic name="Underlined" link="ms-help://MS.NETFrameworkSDKv1.1/cpref/html/frlrfsystemwindowsformsvisualstylestextmetricsclassUnderlinedTopic.htm" ismsdn="true" />
      <HelpTopic name="StruckOut" link="ms-help://MS.NETFrameworkSDKv1.1/cpref/html/frlrfsystemwindowsformsvisualstylestextmetricsclassStruckOutTopic.htm" ismsdn="true" />
      <HelpTopic name="PitchAndFamily" link="ms-help://MS.NETFrameworkSDKv1.1/cpref/html/frlrfsystemwindowsformsvisualstylestextmetricsclassPitchAndFamilyTopic.htm" ismsdn="true" />
      <HelpTopic name="CharSet" link="ms-help://MS.NETFrameworkSDKv1.1/cpref/html/frlrfsystemwindowsformsvisualstylestextmetricsclassCharSetTopic.htm" ismsdn="true" />
    </HelpFolder>
  </HelpFolder>
  <HelpTopic name="TextMetricsCharacterSet enumeration" link="ms-help://MS.NETFrameworkSDKv1.1/cpref/html/frlrfsystemwindowsformsvisualstylestextmetricscharactersetClassTopic.htm" ismsdn="true" />
  <HelpTopic name="TextMetricsPitchAndFamilyValues enumeration" link="ms-help://MS.NETFrameworkSDKv1.1/cpref/html/frlrfsystemwindowsformsvisualstylestextmetricspitchandfamilyvaluesClassTopic.htm" ismsdn="true" />
  <HelpTopic name="TextShadowType enumeration" link="ms-help://MS.NETFrameworkSDKv1.1/cpref/html/frlrfsystemwindowsformsvisualstylestextshadowtypeClassTopic.htm" ismsdn="true" />
  <HelpTopic name="ThemeSizeType enumeration" link="ms-help://MS.NETFrameworkSDKv1.1/cpref/html/frlrfsystemwindowsformsvisualstylesthemesizetypeClassTopic.htm" ismsdn="true" />
  <HelpTopic name="ToolBarState enumeration" link="ms-help://MS.NETFrameworkSDKv1.1/cpref/html/frlrfsystemwindowsformsvisualstylestoolbarstateClassTopic.htm" ismsdn="true" />
  <HelpTopic name="TrackBarThumbState enumeration" link="ms-help://MS.NETFrameworkSDKv1.1/cpref/html/frlrfsystemwindowsformsvisualstylestrackbarthumbstateClassTopic.htm" ismsdn="true" />
  <HelpTopic name="TrueSizeScalingType enumeration" link="ms-help://MS.NETFrameworkSDKv1.1/cpref/html/frlrfsystemwindowsformsvisualstylestruesizescalingtypeClassTopic.htm" ismsdn="true" />
  <HelpTopic name="VerticalAlignment enumeration" link="ms-help://MS.NETFrameworkSDKv1.1/cpref/html/frlrfsystemwindowsformsvisualstylesverticalalignmentClassTopic.htm" ismsdn="true" />
  <HelpFolder name="VisualStyleElement class" link="ms-help://MS.NETFrameworkSDKv1.1/cpref/html/frlrfsystemwindowsformsvisualstylesvisualstyleelementClassTopic.htm" ismsdn="true">
    <HelpTopic name="VisualStyleElement members" link="ms-help://MS.NETFrameworkSDKv1.1/cpref/html/frlrfsystemwindowsformsvisualstylesvisualstyleelementMembersTopic.htm" ismsdn="true" />
    <HelpFolder name="Methods" link="ms-help://MS.NETFrameworkSDKv1.1/cpref/html/frlrfsystemwindowsformsvisualstylesvisualstyleelementMethodsTopic.htm" ismsdn="true">
      <HelpTopic name="CreateElement(System.String, System.Int32, System.Int32)" link="ms-help://MS.NETFrameworkSDKv1.1/cpref/html/frlrfsystemwindowsformsvisualstylesvisualstyleelementclassCreateElementTopic.htm" ismsdn="true" />
    </HelpFolder>
    <HelpFolder name="Properties" link="ms-help://MS.NETFrameworkSDKv1.1/cpref/html/frlrfsystemwindowsformsvisualstylesvisualstyleelementPropertiesTopic.htm" ismsdn="true">
      <HelpTopic name="ClassName" link="ms-help://MS.NETFrameworkSDKv1.1/cpref/html/frlrfsystemwindowsformsvisualstylesvisualstyleelementclassClassNameTopic.htm" ismsdn="true" />
      <HelpTopic name="Part" link="ms-help://MS.NETFrameworkSDKv1.1/cpref/html/frlrfsystemwindowsformsvisualstylesvisualstyleelementclassPartTopic.htm" ismsdn="true" />
      <HelpTopic name="State" link="ms-help://MS.NETFrameworkSDKv1.1/cpref/html/frlrfsystemwindowsformsvisualstylesvisualstyleelementclassStateTopic.htm" ismsdn="true" />
    </HelpFolder>
  </HelpFolder>
  <HelpFolder name="VisualStyleInformation class" link="ms-help://MS.NETFrameworkSDKv1.1/cpref/html/frlrfsystemwindowsformsvisualstylesvisualstyleinformationClassTopic.htm" ismsdn="true">
    <HelpTopic name="VisualStyleInformation members" link="ms-help://MS.NETFrameworkSDKv1.1/cpref/html/frlrfsystemwindowsformsvisualstylesvisualstyleinformationMembersTopic.htm" ismsdn="true" />
    <HelpFolder name="Properties" link="ms-help://MS.NETFrameworkSDKv1.1/cpref/html/frlrfsystemwindowsformsvisualstylesvisualstyleinformationPropertiesTopic.htm" ismsdn="true">
      <HelpTopic name="IsSupportedByOS" link="ms-help://MS.NETFrameworkSDKv1.1/cpref/html/frlrfsystemwindowsformsvisualstylesvisualstyleinformationclassIsSupportedByOSTopic.htm" ismsdn="true" />
      <HelpTopic name="IsEnabledByUser" link="ms-help://MS.NETFrameworkSDKv1.1/cpref/html/frlrfsystemwindowsformsvisualstylesvisualstyleinformationclassIsEnabledByUserTopic.htm" ismsdn="true" />
      <HelpTopic name="ColorScheme" link="ms-help://MS.NETFrameworkSDKv1.1/cpref/html/frlrfsystemwindowsformsvisualstylesvisualstyleinformationclassColorSchemeTopic.htm" ismsdn="true" />
      <HelpTopic name="Size" link="ms-help://MS.NETFrameworkSDKv1.1/cpref/html/frlrfsystemwindowsformsvisualstylesvisualstyleinformationclassSizeTopic.htm" ismsdn="true" />
      <HelpTopic name="DisplayName" link="ms-help://MS.NETFrameworkSDKv1.1/cpref/html/frlrfsystemwindowsformsvisualstylesvisualstyleinformationclassDisplayNameTopic.htm" ismsdn="true" />
      <HelpTopic name="Company" link="ms-help://MS.NETFrameworkSDKv1.1/cpref/html/frlrfsystemwindowsformsvisualstylesvisualstyleinformationclassCompanyTopic.htm" ismsdn="true" />
      <HelpTopic name="Author" link="ms-help://MS.NETFrameworkSDKv1.1/cpref/html/frlrfsystemwindowsformsvisualstylesvisualstyleinformationclassAuthorTopic.htm" ismsdn="true" />
      <HelpTopic name="Copyright" link="ms-help://MS.NETFrameworkSDKv1.1/cpref/html/frlrfsystemwindowsformsvisualstylesvisualstyleinformationclassCopyrightTopic.htm" ismsdn="true" />
      <HelpTopic name="Url" link="ms-help://MS.NETFrameworkSDKv1.1/cpref/html/frlrfsystemwindowsformsvisualstylesvisualstyleinformationclassUrlTopic.htm" ismsdn="true" />
      <HelpTopic name="Version" link="ms-help://MS.NETFrameworkSDKv1.1/cpref/html/frlrfsystemwindowsformsvisualstylesvisualstyleinformationclassVersionTopic.htm" ismsdn="true" />
      <HelpTopic name="Description" link="ms-help://MS.NETFrameworkSDKv1.1/cpref/html/frlrfsystemwindowsformsvisualstylesvisualstyleinformationclassDescriptionTopic.htm" ismsdn="true" />
      <HelpTopic name="SupportsFlatMenus" link="ms-help://MS.NETFrameworkSDKv1.1/cpref/html/frlrfsystemwindowsformsvisualstylesvisualstyleinformationclassSupportsFlatMenusTopic.htm" ismsdn="true" />
      <HelpTopic name="MinimumColorDepth" link="ms-help://MS.NETFrameworkSDKv1.1/cpref/html/frlrfsystemwindowsformsvisualstylesvisualstyleinformationclassMinimumColorDepthTopic.htm" ismsdn="true" />
      <HelpTopic name="TextControlBorder" link="ms-help://MS.NETFrameworkSDKv1.1/cpref/html/frlrfsystemwindowsformsvisualstylesvisualstyleinformationclassTextControlBorderTopic.htm" ismsdn="true" />
      <HelpTopic name="ControlHighlightHot" link="ms-help://MS.NETFrameworkSDKv1.1/cpref/html/frlrfsystemwindowsformsvisualstylesvisualstyleinformationclassControlHighlightHotTopic.htm" ismsdn="true" />
    </HelpFolder>
  </HelpFolder>
  <HelpFolder name="VisualStyleRenderer class" link="ms-help://MS.NETFrameworkSDKv1.1/cpref/html/frlrfsystemwindowsformsvisualstylesvisualstylerendererClassTopic.htm" ismsdn="true">
    <HelpTopic name="VisualStyleRenderer members" link="ms-help://MS.NETFrameworkSDKv1.1/cpref/html/frlrfsystemwindowsformsvisualstylesvisualstylerendererMembersTopic.htm" ismsdn="true" />
    <HelpFolder name="Constructors" link="ms-help://MS.NETFrameworkSDKv1.1/cpref/html/frlrfsystemwindowsformsvisualstylesvisualstylerendererclassctorTopic.htm" ismsdn="true">
      <HelpTopic name=".ctor(System.Windows.Forms.VisualStyles.VisualStyleElement)" link="ms-help://MS.NETFrameworkSDKv1.1/cpref/html/frlrfsystemwindowsformsvisualstylesvisualstylerendererclassctorTopic1.htm" ismsdn="true" />
      <HelpTopic name=".ctor(System.String, System.Int32, System.Int32)" link="ms-help://MS.NETFrameworkSDKv1.1/cpref/html/frlrfsystemwindowsformsvisualstylesvisualstylerendererclassctorTopic1.htm" ismsdn="true" />
    </HelpFolder>
    <HelpFolder name="Methods" link="ms-help://MS.NETFrameworkSDKv1.1/cpref/html/frlrfsystemwindowsformsvisualstylesvisualstylerendererMethodsTopic.htm" ismsdn="true">
      <HelpTopic name="IsElementDefined(System.Windows.Forms.VisualStyles.VisualStyleElement)" link="ms-help://MS.NETFrameworkSDKv1.1/cpref/html/frlrfsystemwindowsformsvisualstylesvisualstylerendererclassIsElementDefinedTopic.htm" ismsdn="true" />
      <HelpTopic name="SetParameters(System.Windows.Forms.VisualStyles.VisualStyleElement)" link="ms-help://MS.NETFrameworkSDKv1.1/cpref/html/frlrfsystemwindowsformsvisualstylesvisualstylerendererclassSetParametersTopic1.htm" ismsdn="true" />
      <HelpTopic name="SetParameters(System.String, System.Int32, System.Int32)" link="ms-help://MS.NETFrameworkSDKv1.1/cpref/html/frlrfsystemwindowsformsvisualstylesvisualstylerendererclassSetParametersTopic2.htm" ismsdn="true" />
      <HelpTopic name="DrawBackground(System.Drawing.IDeviceContext, System.Drawing.Rectangle)" link="ms-help://MS.NETFrameworkSDKv1.1/cpref/html/frlrfsystemwindowsformsvisualstylesvisualstylerendererclassDrawBackgroundTopic1.htm" ismsdn="true" />
      <HelpTopic name="DrawBackground(System.Drawing.IDeviceContext, System.Drawing.Rectangle, System.Drawing.Rectangle)" link="ms-help://MS.NETFrameworkSDKv1.1/cpref/html/frlrfsystemwindowsformsvisualstylesvisualstylerendererclassDrawBackgroundTopic2.htm" ismsdn="true" />
      <HelpTopic name="DrawEdge(System.Drawing.IDeviceContext, System.Drawing.Rectangle, System.Windows.Forms.VisualStyles.Edges, System.Windows.Forms.VisualStyles.EdgeStyle, System.Windows.Forms.VisualStyles.EdgeEffects)" link="ms-help://MS.NETFrameworkSDKv1.1/cpref/html/frlrfsystemwindowsformsvisualstylesvisualstylerendererclassDrawEdgeTopic.htm" ismsdn="true" />
      <HelpTopic name="DrawImage(System.Drawing.Graphics, System.Drawing.Rectangle, System.Drawing.Image)" link="ms-help://MS.NETFrameworkSDKv1.1/cpref/html/frlrfsystemwindowsformsvisualstylesvisualstylerendererclassDrawImageTopic1.htm" ismsdn="true" />
      <HelpTopic name="DrawImage(System.Drawing.Graphics, System.Drawing.Rectangle, System.Windows.Forms.ImageList, System.Int32)" link="ms-help://MS.NETFrameworkSDKv1.1/cpref/html/frlrfsystemwindowsformsvisualstylesvisualstylerendererclassDrawImageTopic2.htm" ismsdn="true" />
      <HelpTopic name="DrawParentBackground(System.Drawing.IDeviceContext, System.Drawing.Rectangle, System.Windows.Forms.Control)" link="ms-help://MS.NETFrameworkSDKv1.1/cpref/html/frlrfsystemwindowsformsvisualstylesvisualstylerendererclassDrawParentBackgroundTopic.htm" ismsdn="true" />
      <HelpTopic name="DrawText(System.Drawing.IDeviceContext, System.Drawing.Rectangle, System.String)" link="ms-help://MS.NETFrameworkSDKv1.1/cpref/html/frlrfsystemwindowsformsvisualstylesvisualstylerendererclassDrawTextTopic1.htm" ismsdn="true" />
      <HelpTopic name="DrawText(System.Drawing.IDeviceContext, System.Drawing.Rectangle, System.String, System.Boolean)" link="ms-help://MS.NETFrameworkSDKv1.1/cpref/html/frlrfsystemwindowsformsvisualstylesvisualstylerendererclassDrawTextTopic2.htm" ismsdn="true" />
      <HelpTopic name="DrawText(System.Drawing.IDeviceContext, System.Drawing.Rectangle, System.String, System.Boolean, System.Windows.Forms.TextFormatFlags)" link="ms-help://MS.NETFrameworkSDKv1.1/cpref/html/frlrfsystemwindowsformsvisualstylesvisualstylerendererclassDrawTextTopic3.htm" ismsdn="true" />
      <HelpTopic name="GetBackgroundContentRectangle(System.Drawing.IDeviceContext, System.Drawing.Rectangle)" link="ms-help://MS.NETFrameworkSDKv1.1/cpref/html/frlrfsystemwindowsformsvisualstylesvisualstylerendererclassGetBackgroundContentRectangleTopic.htm" ismsdn="true" />
      <HelpTopic name="GetBackgroundExtent(System.Drawing.IDeviceContext, System.Drawing.Rectangle)" link="ms-help://MS.NETFrameworkSDKv1.1/cpref/html/frlrfsystemwindowsformsvisualstylesvisualstylerendererclassGetBackgroundExtentTopic.htm" ismsdn="true" />
      <HelpTopic name="GetBackgroundRegion(System.Drawing.IDeviceContext, System.Drawing.Rectangle)" link="ms-help://MS.NETFrameworkSDKv1.1/cpref/html/frlrfsystemwindowsformsvisualstylesvisualstylerendererclassGetBackgroundRegionTopic.htm" ismsdn="true" />
      <HelpTopic name="GetBoolean(System.Windows.Forms.VisualStyles.BooleanProperty)" link="ms-help://MS.NETFrameworkSDKv1.1/cpref/html/frlrfsystemwindowsformsvisualstylesvisualstylerendererclassGetBooleanTopic.htm" ismsdn="true" />
      <HelpTopic name="GetColor(System.Windows.Forms.VisualStyles.ColorProperty)" link="ms-help://MS.NETFrameworkSDKv1.1/cpref/html/frlrfsystemwindowsformsvisualstylesvisualstylerendererclassGetColorTopic.htm" ismsdn="true" />
      <HelpTopic name="GetEnumValue(System.Windows.Forms.VisualStyles.EnumProperty)" link="ms-help://MS.NETFrameworkSDKv1.1/cpref/html/frlrfsystemwindowsformsvisualstylesvisualstylerendererclassGetEnumValueTopic.htm" ismsdn="true" />
      <HelpTopic name="GetFilename(System.Windows.Forms.VisualStyles.FilenameProperty)" link="ms-help://MS.NETFrameworkSDKv1.1/cpref/html/frlrfsystemwindowsformsvisualstylesvisualstylerendererclassGetFilenameTopic.htm" ismsdn="true" />
      <HelpTopic name="GetFont(System.Drawing.IDeviceContext, System.Windows.Forms.VisualStyles.FontProperty)" link="ms-help://MS.NETFrameworkSDKv1.1/cpref/html/frlrfsystemwindowsformsvisualstylesvisualstylerendererclassGetFontTopic.htm" ismsdn="true" />
      <HelpTopic name="GetInteger(System.Windows.Forms.VisualStyles.IntegerProperty)" link="ms-help://MS.NETFrameworkSDKv1.1/cpref/html/frlrfsystemwindowsformsvisualstylesvisualstylerendererclassGetIntegerTopic.htm" ismsdn="true" />
      <HelpTopic name="GetPartSize(System.Drawing.IDeviceContext, System.Windows.Forms.VisualStyles.ThemeSizeType)" link="ms-help://MS.NETFrameworkSDKv1.1/cpref/html/frlrfsystemwindowsformsvisualstylesvisualstylerendererclassGetPartSizeTopic1.htm" ismsdn="true" />
      <HelpTopic name="GetPartSize(System.Drawing.IDeviceContext, System.Drawing.Rectangle, System.Windows.Forms.VisualStyles.ThemeSizeType)" link="ms-help://MS.NETFrameworkSDKv1.1/cpref/html/frlrfsystemwindowsformsvisualstylesvisualstylerendererclassGetPartSizeTopic2.htm" ismsdn="true" />
      <HelpTopic name="GetPoint(System.Windows.Forms.VisualStyles.PointProperty)" link="ms-help://MS.NETFrameworkSDKv1.1/cpref/html/frlrfsystemwindowsformsvisualstylesvisualstylerendererclassGetPointTopic.htm" ismsdn="true" />
      <HelpTopic name="GetMargins(System.Drawing.IDeviceContext, System.Windows.Forms.VisualStyles.MarginProperty)" link="ms-help://MS.NETFrameworkSDKv1.1/cpref/html/frlrfsystemwindowsformsvisualstylesvisualstylerendererclassGetMarginsTopic.htm" ismsdn="true" />
      <HelpTopic name="GetString(System.Windows.Forms.VisualStyles.StringProperty)" link="ms-help://MS.NETFrameworkSDKv1.1/cpref/html/frlrfsystemwindowsformsvisualstylesvisualstylerendererclassGetStringTopic.htm" ismsdn="true" />
      <HelpTopic name="GetTextExtent(System.Drawing.IDeviceContext, System.String, System.Windows.Forms.TextFormatFlags)" link="ms-help://MS.NETFrameworkSDKv1.1/cpref/html/frlrfsystemwindowsformsvisualstylesvisualstylerendererclassGetTextExtentTopic1.htm" ismsdn="true" />
      <HelpTopic name="GetTextExtent(System.Drawing.IDeviceContext, System.Drawing.Rectangle, System.String, System.Windows.Forms.TextFormatFlags)" link="ms-help://MS.NETFrameworkSDKv1.1/cpref/html/frlrfsystemwindowsformsvisualstylesvisualstylerendererclassGetTextExtentTopic2.htm" ismsdn="true" />
      <HelpTopic name="GetTextMetrics(System.Drawing.IDeviceContext)" link="ms-help://MS.NETFrameworkSDKv1.1/cpref/html/frlrfsystemwindowsformsvisualstylesvisualstylerendererclassGetTextMetricsTopic.htm" ismsdn="true" />
      <HelpTopic name="HitTestBackground(System.Drawing.IDeviceContext, System.Drawing.Rectangle, System.Drawing.Point, System.Windows.Forms.VisualStyles.HitTestOptions)" link="ms-help://MS.NETFrameworkSDKv1.1/cpref/html/frlrfsystemwindowsformsvisualstylesvisualstylerendererclassHitTestBackgroundTopic1.htm" ismsdn="true" />
      <HelpTopic name="HitTestBackground(System.Drawing.Graphics, System.Drawing.Rectangle, System.Drawing.Region, System.Drawing.Point, System.Windows.Forms.VisualStyles.HitTestOptions)" link="ms-help://MS.NETFrameworkSDKv1.1/cpref/html/frlrfsystemwindowsformsvisualstylesvisualstylerendererclassHitTestBackgroundTopic2.htm" ismsdn="true" />
      <HelpTopic name="HitTestBackground(System.Drawing.IDeviceContext, System.Drawing.Rectangle, System.IntPtr, System.Drawing.Point, System.Windows.Forms.VisualStyles.HitTestOptions)" link="ms-help://MS.NETFrameworkSDKv1.1/cpref/html/frlrfsystemwindowsformsvisualstylesvisualstylerendererclassHitTestBackgroundTopic3.htm" ismsdn="true" />
      <HelpTopic name="IsBackgroundPartiallyTransparent()" link="ms-help://MS.NETFrameworkSDKv1.1/cpref/html/frlrfsystemwindowsformsvisualstylesvisualstylerendererclassIsBackgroundPartiallyTransparentTopic.htm" ismsdn="true" />
    </HelpFolder>
    <HelpFolder name="Properties" link="ms-help://MS.NETFrameworkSDKv1.1/cpref/html/frlrfsystemwindowsformsvisualstylesvisualstylerendererPropertiesTopic.htm" ismsdn="true">
      <HelpTopic name="IsSupported" link="ms-help://MS.NETFrameworkSDKv1.1/cpref/html/frlrfsystemwindowsformsvisualstylesvisualstylerendererclassIsSupportedTopic.htm" ismsdn="true" />
      <HelpTopic name="Class" link="ms-help://MS.NETFrameworkSDKv1.1/cpref/html/frlrfsystemwindowsformsvisualstylesvisualstylerendererclassClassTopic.htm" ismsdn="true" />
      <HelpTopic name="Part" link="ms-help://MS.NETFrameworkSDKv1.1/cpref/html/frlrfsystemwindowsformsvisualstylesvisualstylerendererclassPartTopic.htm" ismsdn="true" />
      <HelpTopic name="State" link="ms-help://MS.NETFrameworkSDKv1.1/cpref/html/frlrfsystemwindowsformsvisualstylesvisualstylerendererclassStateTopic.htm" ismsdn="true" />
      <HelpTopic name="Handle" link="ms-help://MS.NETFrameworkSDKv1.1/cpref/html/frlrfsystemwindowsformsvisualstylesvisualstylerendererclassHandleTopic.htm" ismsdn="true" />
      <HelpTopic name="LastHResult" link="ms-help://MS.NETFrameworkSDKv1.1/cpref/html/frlrfsystemwindowsformsvisualstylesvisualstylerendererclassLastHResultTopic.htm" ismsdn="true" />
    </HelpFolder>
  </HelpFolder>
  <HelpTopic name="VisualStyleState enumeration" link="ms-help://MS.NETFrameworkSDKv1.1/cpref/html/frlrfsystemwindowsformsvisualstylesvisualstylestateClassTopic.htm" ismsdn="true" />
</HelpCollection>