<HelpCollection>
  <HelpFolder name="AccessControlEntry class" link="ms-help://MS.NETFrameworkSDKv1.1/cpref/html/frlrfsystemmessagingaccesscontrolentryClassTopic.htm" ismsdn="true">
    <HelpTopic name="AccessControlEntry members" link="ms-help://MS.NETFrameworkSDKv1.1/cpref/html/frlrfsystemmessagingaccesscontrolentryMembersTopic.htm" ismsdn="true" />
    <HelpFolder name="Constructors" link="ms-help://MS.NETFrameworkSDKv1.1/cpref/html/frlrfsystemmessagingaccesscontrolentryclassctorTopic.htm" ismsdn="true">
      <HelpTopic name=".ctor()" link="ms-help://MS.NETFrameworkSDKv1.1/cpref/html/frlrfsystemmessagingaccesscontrolentryclassctorTopic1.htm" ismsdn="true" />
      <HelpTopic name=".ctor(System.Messaging.Trustee)" link="ms-help://MS.NETFrameworkSDKv1.1/cpref/html/frlrfsystemmessagingaccesscontrolentryclassctorTopic1.htm" ismsdn="true" />
      <HelpTopic name=".ctor(System.Messaging.Trustee, System.Messaging.GenericAccessRights, System.Messaging.StandardAccessRights, System.Messaging.AccessControlEntryType)" link="ms-help://MS.NETFrameworkSDKv1.1/cpref/html/frlrfsystemmessagingaccesscontrolentryclassctorTopic2.htm" ismsdn="true" />
    </HelpFolder>
    <HelpFolder name="Properties" link="ms-help://MS.NETFrameworkSDKv1.1/cpref/html/frlrfsystemmessagingaccesscontrolentryPropertiesTopic.htm" ismsdn="true">
      <HelpTopic name="EntryType" link="ms-help://MS.NETFrameworkSDKv1.1/cpref/html/frlrfsystemmessagingaccesscontrolentryclassEntryTypeTopic.htm" ismsdn="true" />
      <HelpTopic name="GenericAccessRights" link="ms-help://MS.NETFrameworkSDKv1.1/cpref/html/frlrfsystemmessagingaccesscontrolentryclassGenericAccessRightsTopic.htm" ismsdn="true" />
      <HelpTopic name="StandardAccessRights" link="ms-help://MS.NETFrameworkSDKv1.1/cpref/html/frlrfsystemmessagingaccesscontrolentryclassStandardAccessRightsTopic.htm" ismsdn="true" />
      <HelpTopic name="Trustee" link="ms-help://MS.NETFrameworkSDKv1.1/cpref/html/frlrfsystemmessagingaccesscontrolentryclassTrusteeTopic.htm" ismsdn="true" />
    </HelpFolder>
  </HelpFolder>
  <HelpTopic name="AccessControlEntryType enumeration" link="ms-help://MS.NETFrameworkSDKv1.1/cpref/html/frlrfsystemmessagingaccesscontrolentrytypeClassTopic.htm" ismsdn="true" />
  <HelpFolder name="AccessControlList class" link="ms-help://MS.NETFrameworkSDKv1.1/cpref/html/frlrfsystemmessagingaccesscontrollistClassTopic.htm" ismsdn="true">
    <HelpTopic name="AccessControlList members" link="ms-help://MS.NETFrameworkSDKv1.1/cpref/html/frlrfsystemmessagingaccesscontrollistMembersTopic.htm" ismsdn="true" />
    <HelpFolder name="Constructors" link="ms-help://MS.NETFrameworkSDKv1.1/cpref/html/frlrfsystemmessagingaccesscontrollistclassctorTopic.htm" ismsdn="true">
      <HelpTopic name=".ctor()" link="ms-help://MS.NETFrameworkSDKv1.1/cpref/html/frlrfsystemmessagingaccesscontrollistclassctorTopic.htm" ismsdn="true" />
    </HelpFolder>
    <HelpFolder name="Methods" link="ms-help://MS.NETFrameworkSDKv1.1/cpref/html/frlrfsystemmessagingaccesscontrollistMethodsTopic.htm" ismsdn="true">
      <HelpTopic name="Add(System.Messaging.AccessControlEntry)" link="ms-help://MS.NETFrameworkSDKv1.1/cpref/html/frlrfsystemmessagingaccesscontrollistclassAddTopic.htm" ismsdn="true" />
      <HelpTopic name="Insert(System.Int32, System.Messaging.AccessControlEntry)" link="ms-help://MS.NETFrameworkSDKv1.1/cpref/html/frlrfsystemmessagingaccesscontrollistclassInsertTopic.htm" ismsdn="true" />
      <HelpTopic name="IndexOf(System.Messaging.AccessControlEntry)" link="ms-help://MS.NETFrameworkSDKv1.1/cpref/html/frlrfsystemmessagingaccesscontrollistclassIndexOfTopic.htm" ismsdn="true" />
      <HelpTopic name="Contains(System.Messaging.AccessControlEntry)" link="ms-help://MS.NETFrameworkSDKv1.1/cpref/html/frlrfsystemmessagingaccesscontrollistclassContainsTopic.htm" ismsdn="true" />
      <HelpTopic name="Remove(System.Messaging.AccessControlEntry)" link="ms-help://MS.NETFrameworkSDKv1.1/cpref/html/frlrfsystemmessagingaccesscontrollistclassRemoveTopic.htm" ismsdn="true" />
      <HelpTopic name="CopyTo(System.Messaging.AccessControlEntry[], System.Int32)" link="ms-help://MS.NETFrameworkSDKv1.1/cpref/html/frlrfsystemmessagingaccesscontrollistclassCopyToTopic.htm" ismsdn="true" />
    </HelpFolder>
  </HelpFolder>
  <HelpTopic name="AcknowledgeTypes enumeration" link="ms-help://MS.NETFrameworkSDKv1.1/cpref/html/frlrfsystemmessagingacknowledgetypesClassTopic.htm" ismsdn="true" />
  <HelpTopic name="Acknowledgment enumeration" link="ms-help://MS.NETFrameworkSDKv1.1/cpref/html/frlrfsystemmessagingacknowledgmentClassTopic.htm" ismsdn="true" />
  <HelpFolder name="ActiveXMessageFormatter class" link="ms-help://MS.NETFrameworkSDKv1.1/cpref/html/frlrfsystemmessagingactivexmessageformatterClassTopic.htm" ismsdn="true">
    <HelpTopic name="ActiveXMessageFormatter members" link="ms-help://MS.NETFrameworkSDKv1.1/cpref/html/frlrfsystemmessagingactivexmessageformatterMembersTopic.htm" ismsdn="true" />
    <HelpFolder name="Constructors" link="ms-help://MS.NETFrameworkSDKv1.1/cpref/html/frlrfsystemmessagingactivexmessageformatterclassctorTopic.htm" ismsdn="true">
      <HelpTopic name=".ctor()" link="ms-help://MS.NETFrameworkSDKv1.1/cpref/html/frlrfsystemmessagingactivexmessageformatterclassctorTopic.htm" ismsdn="true" />
    </HelpFolder>
    <HelpFolder name="Methods" link="ms-help://MS.NETFrameworkSDKv1.1/cpref/html/frlrfsystemmessagingactivexmessageformatterMethodsTopic.htm" ismsdn="true">
      <HelpTopic name="CanRead(System.Messaging.Message)" link="ms-help://MS.NETFrameworkSDKv1.1/cpref/html/frlrfsystemmessagingactivexmessageformatterclassCanReadTopic.htm" ismsdn="true" />
      <HelpTopic name="Clone()" link="ms-help://MS.NETFrameworkSDKv1.1/cpref/html/frlrfsystemmessagingactivexmessageformatterclassCloneTopic.htm" ismsdn="true" />
      <HelpTopic name="InitStreamedObject(System.Object)" link="ms-help://MS.NETFrameworkSDKv1.1/cpref/html/frlrfsystemmessagingactivexmessageformatterclassInitStreamedObjectTopic.htm" ismsdn="true" />
      <HelpTopic name="Read(System.Messaging.Message)" link="ms-help://MS.NETFrameworkSDKv1.1/cpref/html/frlrfsystemmessagingactivexmessageformatterclassReadTopic.htm" ismsdn="true" />
      <HelpTopic name="Write(System.Messaging.Message, System.Object)" link="ms-help://MS.NETFrameworkSDKv1.1/cpref/html/frlrfsystemmessagingactivexmessageformatterclassWriteTopic.htm" ismsdn="true" />
    </HelpFolder>
  </HelpFolder>
  <HelpFolder name="BinaryMessageFormatter class" link="ms-help://MS.NETFrameworkSDKv1.1/cpref/html/frlrfsystemmessagingbinarymessageformatterClassTopic.htm" ismsdn="true">
    <HelpTopic name="BinaryMessageFormatter members" link="ms-help://MS.NETFrameworkSDKv1.1/cpref/html/frlrfsystemmessagingbinarymessageformatterMembersTopic.htm" ismsdn="true" />
    <HelpFolder name="Constructors" link="ms-help://MS.NETFrameworkSDKv1.1/cpref/html/frlrfsystemmessagingbinarymessageformatterclassctorTopic.htm" ismsdn="true">
      <HelpTopic name=".ctor()" link="ms-help://MS.NETFrameworkSDKv1.1/cpref/html/frlrfsystemmessagingbinarymessageformatterclassctorTopic1.htm" ismsdn="true" />
      <HelpTopic name=".ctor(System.Runtime.Serialization.Formatters.FormatterAssemblyStyle, System.Runtime.Serialization.Formatters.FormatterTypeStyle)" link="ms-help://MS.NETFrameworkSDKv1.1/cpref/html/frlrfsystemmessagingbinarymessageformatterclassctorTopic1.htm" ismsdn="true" />
    </HelpFolder>
    <HelpFolder name="Methods" link="ms-help://MS.NETFrameworkSDKv1.1/cpref/html/frlrfsystemmessagingbinarymessageformatterMethodsTopic.htm" ismsdn="true">
      <HelpTopic name="CanRead(System.Messaging.Message)" link="ms-help://MS.NETFrameworkSDKv1.1/cpref/html/frlrfsystemmessagingbinarymessageformatterclassCanReadTopic.htm" ismsdn="true" />
      <HelpTopic name="Clone()" link="ms-help://MS.NETFrameworkSDKv1.1/cpref/html/frlrfsystemmessagingbinarymessageformatterclassCloneTopic.htm" ismsdn="true" />
      <HelpTopic name="Read(System.Messaging.Message)" link="ms-help://MS.NETFrameworkSDKv1.1/cpref/html/frlrfsystemmessagingbinarymessageformatterclassReadTopic.htm" ismsdn="true" />
      <HelpTopic name="Write(System.Messaging.Message, System.Object)" link="ms-help://MS.NETFrameworkSDKv1.1/cpref/html/frlrfsystemmessagingbinarymessageformatterclassWriteTopic.htm" ismsdn="true" />
    </HelpFolder>
    <HelpFolder name="Properties" link="ms-help://MS.NETFrameworkSDKv1.1/cpref/html/frlrfsystemmessagingbinarymessageformatterPropertiesTopic.htm" ismsdn="true">
      <HelpTopic name="TopObjectFormat" link="ms-help://MS.NETFrameworkSDKv1.1/cpref/html/frlrfsystemmessagingbinarymessageformatterclassTopObjectFormatTopic.htm" ismsdn="true" />
      <HelpTopic name="TypeFormat" link="ms-help://MS.NETFrameworkSDKv1.1/cpref/html/frlrfsystemmessagingbinarymessageformatterclassTypeFormatTopic.htm" ismsdn="true" />
    </HelpFolder>
  </HelpFolder>
  <HelpTopic name="CryptographicProviderType enumeration" link="ms-help://MS.NETFrameworkSDKv1.1/cpref/html/frlrfsystemmessagingcryptographicprovidertypeClassTopic.htm" ismsdn="true" />
  <HelpFolder name="Cursor class" link="ms-help://MS.NETFrameworkSDKv1.1/cpref/html/frlrfsystemmessagingcursorClassTopic.htm" ismsdn="true">
    <HelpTopic name="Cursor members" link="ms-help://MS.NETFrameworkSDKv1.1/cpref/html/frlrfsystemmessagingcursorMembersTopic.htm" ismsdn="true" />
    <HelpFolder name="Methods" link="ms-help://MS.NETFrameworkSDKv1.1/cpref/html/frlrfsystemmessagingcursorMethodsTopic.htm" ismsdn="true">
      <HelpTopic name="Close()" link="ms-help://MS.NETFrameworkSDKv1.1/cpref/html/frlrfsystemmessagingcursorclassCloseTopic.htm" ismsdn="true" />
      <HelpTopic name="Dispose()" link="ms-help://MS.NETFrameworkSDKv1.1/cpref/html/frlrfsystemmessagingcursorclassDisposeTopic.htm" ismsdn="true" />
    </HelpFolder>
  </HelpFolder>
  <HelpFolder name="DefaultPropertiesToSend class" link="ms-help://MS.NETFrameworkSDKv1.1/cpref/html/frlrfsystemmessagingdefaultpropertiestosendClassTopic.htm" ismsdn="true">
    <HelpTopic name="DefaultPropertiesToSend members" link="ms-help://MS.NETFrameworkSDKv1.1/cpref/html/frlrfsystemmessagingdefaultpropertiestosendMembersTopic.htm" ismsdn="true" />
    <HelpFolder name="Constructors" link="ms-help://MS.NETFrameworkSDKv1.1/cpref/html/frlrfsystemmessagingdefaultpropertiestosendclassctorTopic.htm" ismsdn="true">
      <HelpTopic name=".ctor()" link="ms-help://MS.NETFrameworkSDKv1.1/cpref/html/frlrfsystemmessagingdefaultpropertiestosendclassctorTopic.htm" ismsdn="true" />
    </HelpFolder>
    <HelpFolder name="Properties" link="ms-help://MS.NETFrameworkSDKv1.1/cpref/html/frlrfsystemmessagingdefaultpropertiestosendPropertiesTopic.htm" ismsdn="true">
      <HelpTopic name="AcknowledgeType" link="ms-help://MS.NETFrameworkSDKv1.1/cpref/html/frlrfsystemmessagingdefaultpropertiestosendclassAcknowledgeTypeTopic.htm" ismsdn="true" />
      <HelpTopic name="AdministrationQueue" link="ms-help://MS.NETFrameworkSDKv1.1/cpref/html/frlrfsystemmessagingdefaultpropertiestosendclassAdministrationQueueTopic.htm" ismsdn="true" />
      <HelpTopic name="AppSpecific" link="ms-help://MS.NETFrameworkSDKv1.1/cpref/html/frlrfsystemmessagingdefaultpropertiestosendclassAppSpecificTopic.htm" ismsdn="true" />
      <HelpTopic name="AttachSenderId" link="ms-help://MS.NETFrameworkSDKv1.1/cpref/html/frlrfsystemmessagingdefaultpropertiestosendclassAttachSenderIdTopic.htm" ismsdn="true" />
      <HelpTopic name="EncryptionAlgorithm" link="ms-help://MS.NETFrameworkSDKv1.1/cpref/html/frlrfsystemmessagingdefaultpropertiestosendclassEncryptionAlgorithmTopic.htm" ismsdn="true" />
      <HelpTopic name="Extension" link="ms-help://MS.NETFrameworkSDKv1.1/cpref/html/frlrfsystemmessagingdefaultpropertiestosendclassExtensionTopic.htm" ismsdn="true" />
      <HelpTopic name="HashAlgorithm" link="ms-help://MS.NETFrameworkSDKv1.1/cpref/html/frlrfsystemmessagingdefaultpropertiestosendclassHashAlgorithmTopic.htm" ismsdn="true" />
      <HelpTopic name="Label" link="ms-help://MS.NETFrameworkSDKv1.1/cpref/html/frlrfsystemmessagingdefaultpropertiestosendclassLabelTopic.htm" ismsdn="true" />
      <HelpTopic name="Priority" link="ms-help://MS.NETFrameworkSDKv1.1/cpref/html/frlrfsystemmessagingdefaultpropertiestosendclassPriorityTopic.htm" ismsdn="true" />
      <HelpTopic name="Recoverable" link="ms-help://MS.NETFrameworkSDKv1.1/cpref/html/frlrfsystemmessagingdefaultpropertiestosendclassRecoverableTopic.htm" ismsdn="true" />
      <HelpTopic name="ResponseQueue" link="ms-help://MS.NETFrameworkSDKv1.1/cpref/html/frlrfsystemmessagingdefaultpropertiestosendclassResponseQueueTopic.htm" ismsdn="true" />
      <HelpTopic name="TimeToBeReceived" link="ms-help://MS.NETFrameworkSDKv1.1/cpref/html/frlrfsystemmessagingdefaultpropertiestosendclassTimeToBeReceivedTopic.htm" ismsdn="true" />
      <HelpTopic name="TimeToReachQueue" link="ms-help://MS.NETFrameworkSDKv1.1/cpref/html/frlrfsystemmessagingdefaultpropertiestosendclassTimeToReachQueueTopic.htm" ismsdn="true" />
      <HelpTopic name="TransactionStatusQueue" link="ms-help://MS.NETFrameworkSDKv1.1/cpref/html/frlrfsystemmessagingdefaultpropertiestosendclassTransactionStatusQueueTopic.htm" ismsdn="true" />
      <HelpTopic name="UseAuthentication" link="ms-help://MS.NETFrameworkSDKv1.1/cpref/html/frlrfsystemmessagingdefaultpropertiestosendclassUseAuthenticationTopic.htm" ismsdn="true" />
      <HelpTopic name="UseDeadLetterQueue" link="ms-help://MS.NETFrameworkSDKv1.1/cpref/html/frlrfsystemmessagingdefaultpropertiestosendclassUseDeadLetterQueueTopic.htm" ismsdn="true" />
      <HelpTopic name="UseEncryption" link="ms-help://MS.NETFrameworkSDKv1.1/cpref/html/frlrfsystemmessagingdefaultpropertiestosendclassUseEncryptionTopic.htm" ismsdn="true" />
      <HelpTopic name="UseJournalQueue" link="ms-help://MS.NETFrameworkSDKv1.1/cpref/html/frlrfsystemmessagingdefaultpropertiestosendclassUseJournalQueueTopic.htm" ismsdn="true" />
      <HelpTopic name="UseTracing" link="ms-help://MS.NETFrameworkSDKv1.1/cpref/html/frlrfsystemmessagingdefaultpropertiestosendclassUseTracingTopic.htm" ismsdn="true" />
    </HelpFolder>
  </HelpFolder>
  <HelpTopic name="EncryptionAlgorithm enumeration" link="ms-help://MS.NETFrameworkSDKv1.1/cpref/html/frlrfsystemmessagingencryptionalgorithmClassTopic.htm" ismsdn="true" />
  <HelpTopic name="EncryptionRequired enumeration" link="ms-help://MS.NETFrameworkSDKv1.1/cpref/html/frlrfsystemmessagingencryptionrequiredClassTopic.htm" ismsdn="true" />
  <HelpTopic name="GenericAccessRights enumeration" link="ms-help://MS.NETFrameworkSDKv1.1/cpref/html/frlrfsystemmessaginggenericaccessrightsClassTopic.htm" ismsdn="true" />
  <HelpTopic name="HashAlgorithm enumeration" link="ms-help://MS.NETFrameworkSDKv1.1/cpref/html/frlrfsystemmessaginghashalgorithmClassTopic.htm" ismsdn="true" />
  <HelpFolder name="IMessageFormatter interface" link="ms-help://MS.NETFrameworkSDKv1.1/cpref/html/frlrfsystemmessagingimessageformatterClassTopic.htm" ismsdn="true">
    <HelpTopic name="IMessageFormatter members" link="ms-help://MS.NETFrameworkSDKv1.1/cpref/html/frlrfsystemmessagingimessageformatterMembersTopic.htm" ismsdn="true" />
    <HelpFolder name="Methods" link="ms-help://MS.NETFrameworkSDKv1.1/cpref/html/frlrfsystemmessagingimessageformatterMethodsTopic.htm" ismsdn="true">
      <HelpTopic name="CanRead(System.Messaging.Message)" link="ms-help://MS.NETFrameworkSDKv1.1/cpref/html/frlrfsystemmessagingimessageformatterclassCanReadTopic.htm" ismsdn="true" />
      <HelpTopic name="Read(System.Messaging.Message)" link="ms-help://MS.NETFrameworkSDKv1.1/cpref/html/frlrfsystemmessagingimessageformatterclassReadTopic.htm" ismsdn="true" />
      <HelpTopic name="Write(System.Messaging.Message, System.Object)" link="ms-help://MS.NETFrameworkSDKv1.1/cpref/html/frlrfsystemmessagingimessageformatterclassWriteTopic.htm" ismsdn="true" />
    </HelpFolder>
  </HelpFolder>
  <HelpFolder name="Message class" link="ms-help://MS.NETFrameworkSDKv1.1/cpref/html/frlrfsystemmessagingmessageClassTopic.htm" ismsdn="true">
    <HelpTopic name="Message members" link="ms-help://MS.NETFrameworkSDKv1.1/cpref/html/frlrfsystemmessagingmessageMembersTopic.htm" ismsdn="true" />
    <HelpFolder name="Constructors" link="ms-help://MS.NETFrameworkSDKv1.1/cpref/html/frlrfsystemmessagingmessageclassctorTopic.htm" ismsdn="true">
      <HelpTopic name=".ctor()" link="ms-help://MS.NETFrameworkSDKv1.1/cpref/html/frlrfsystemmessagingmessageclassctorTopic1.htm" ismsdn="true" />
      <HelpTopic name=".ctor(System.Object)" link="ms-help://MS.NETFrameworkSDKv1.1/cpref/html/frlrfsystemmessagingmessageclassctorTopic1.htm" ismsdn="true" />
      <HelpTopic name=".ctor(System.Object, System.Messaging.IMessageFormatter)" link="ms-help://MS.NETFrameworkSDKv1.1/cpref/html/frlrfsystemmessagingmessageclassctorTopic2.htm" ismsdn="true" />
    </HelpFolder>
    <HelpFolder name="Fields" link="ms-help://MS.NETFrameworkSDKv1.1/cpref/html/frlrfsystemmessagingmessageFieldsTopic.htm" ismsdn="true">
      <HelpTopic name="InfiniteTimeout" link="ms-help://MS.NETFrameworkSDKv1.1/cpref/html/frlrfsystemmessagingmessageclassInfiniteTimeoutTopic.htm" ismsdn="true" />
    </HelpFolder>
    <HelpFolder name="Properties" link="ms-help://MS.NETFrameworkSDKv1.1/cpref/html/frlrfsystemmessagingmessagePropertiesTopic.htm" ismsdn="true">
      <HelpTopic name="Acknowledgment" link="ms-help://MS.NETFrameworkSDKv1.1/cpref/html/frlrfsystemmessagingmessageclassAcknowledgmentTopic.htm" ismsdn="true" />
      <HelpTopic name="AcknowledgeType" link="ms-help://MS.NETFrameworkSDKv1.1/cpref/html/frlrfsystemmessagingmessageclassAcknowledgeTypeTopic.htm" ismsdn="true" />
      <HelpTopic name="AdministrationQueue" link="ms-help://MS.NETFrameworkSDKv1.1/cpref/html/frlrfsystemmessagingmessageclassAdministrationQueueTopic.htm" ismsdn="true" />
      <HelpTopic name="AppSpecific" link="ms-help://MS.NETFrameworkSDKv1.1/cpref/html/frlrfsystemmessagingmessageclassAppSpecificTopic.htm" ismsdn="true" />
      <HelpTopic name="ArrivedTime" link="ms-help://MS.NETFrameworkSDKv1.1/cpref/html/frlrfsystemmessagingmessageclassArrivedTimeTopic.htm" ismsdn="true" />
      <HelpTopic name="AttachSenderId" link="ms-help://MS.NETFrameworkSDKv1.1/cpref/html/frlrfsystemmessagingmessageclassAttachSenderIdTopic.htm" ismsdn="true" />
      <HelpTopic name="Authenticated" link="ms-help://MS.NETFrameworkSDKv1.1/cpref/html/frlrfsystemmessagingmessageclassAuthenticatedTopic.htm" ismsdn="true" />
      <HelpTopic name="AuthenticationProviderName" link="ms-help://MS.NETFrameworkSDKv1.1/cpref/html/frlrfsystemmessagingmessageclassAuthenticationProviderNameTopic.htm" ismsdn="true" />
      <HelpTopic name="AuthenticationProviderType" link="ms-help://MS.NETFrameworkSDKv1.1/cpref/html/frlrfsystemmessagingmessageclassAuthenticationProviderTypeTopic.htm" ismsdn="true" />
      <HelpTopic name="Body" link="ms-help://MS.NETFrameworkSDKv1.1/cpref/html/frlrfsystemmessagingmessageclassBodyTopic.htm" ismsdn="true" />
      <HelpTopic name="BodyStream" link="ms-help://MS.NETFrameworkSDKv1.1/cpref/html/frlrfsystemmessagingmessageclassBodyStreamTopic.htm" ismsdn="true" />
      <HelpTopic name="BodyType" link="ms-help://MS.NETFrameworkSDKv1.1/cpref/html/frlrfsystemmessagingmessageclassBodyTypeTopic.htm" ismsdn="true" />
      <HelpTopic name="ConnectorType" link="ms-help://MS.NETFrameworkSDKv1.1/cpref/html/frlrfsystemmessagingmessageclassConnectorTypeTopic.htm" ismsdn="true" />
      <HelpTopic name="CorrelationId" link="ms-help://MS.NETFrameworkSDKv1.1/cpref/html/frlrfsystemmessagingmessageclassCorrelationIdTopic.htm" ismsdn="true" />
      <HelpTopic name="DestinationQueue" link="ms-help://MS.NETFrameworkSDKv1.1/cpref/html/frlrfsystemmessagingmessageclassDestinationQueueTopic.htm" ismsdn="true" />
      <HelpTopic name="DestinationSymmetricKey" link="ms-help://MS.NETFrameworkSDKv1.1/cpref/html/frlrfsystemmessagingmessageclassDestinationSymmetricKeyTopic.htm" ismsdn="true" />
      <HelpTopic name="DigitalSignature" link="ms-help://MS.NETFrameworkSDKv1.1/cpref/html/frlrfsystemmessagingmessageclassDigitalSignatureTopic.htm" ismsdn="true" />
      <HelpTopic name="EncryptionAlgorithm" link="ms-help://MS.NETFrameworkSDKv1.1/cpref/html/frlrfsystemmessagingmessageclassEncryptionAlgorithmTopic.htm" ismsdn="true" />
      <HelpTopic name="Extension" link="ms-help://MS.NETFrameworkSDKv1.1/cpref/html/frlrfsystemmessagingmessageclassExtensionTopic.htm" ismsdn="true" />
      <HelpTopic name="Formatter" link="ms-help://MS.NETFrameworkSDKv1.1/cpref/html/frlrfsystemmessagingmessageclassFormatterTopic.htm" ismsdn="true" />
      <HelpTopic name="HashAlgorithm" link="ms-help://MS.NETFrameworkSDKv1.1/cpref/html/frlrfsystemmessagingmessageclassHashAlgorithmTopic.htm" ismsdn="true" />
      <HelpTopic name="Id" link="ms-help://MS.NETFrameworkSDKv1.1/cpref/html/frlrfsystemmessagingmessageclassIdTopic.htm" ismsdn="true" />
      <HelpTopic name="IsFirstInTransaction" link="ms-help://MS.NETFrameworkSDKv1.1/cpref/html/frlrfsystemmessagingmessageclassIsFirstInTransactionTopic.htm" ismsdn="true" />
      <HelpTopic name="IsLastInTransaction" link="ms-help://MS.NETFrameworkSDKv1.1/cpref/html/frlrfsystemmessagingmessageclassIsLastInTransactionTopic.htm" ismsdn="true" />
      <HelpTopic name="Label" link="ms-help://MS.NETFrameworkSDKv1.1/cpref/html/frlrfsystemmessagingmessageclassLabelTopic.htm" ismsdn="true" />
      <HelpTopic name="LookupId" link="ms-help://MS.NETFrameworkSDKv1.1/cpref/html/frlrfsystemmessagingmessageclassLookupIdTopic.htm" ismsdn="true" />
      <HelpTopic name="MessageType" link="ms-help://MS.NETFrameworkSDKv1.1/cpref/html/frlrfsystemmessagingmessageclassMessageTypeTopic.htm" ismsdn="true" />
      <HelpTopic name="Priority" link="ms-help://MS.NETFrameworkSDKv1.1/cpref/html/frlrfsystemmessagingmessageclassPriorityTopic.htm" ismsdn="true" />
      <HelpTopic name="Recoverable" link="ms-help://MS.NETFrameworkSDKv1.1/cpref/html/frlrfsystemmessagingmessageclassRecoverableTopic.htm" ismsdn="true" />
      <HelpTopic name="ResponseQueue" link="ms-help://MS.NETFrameworkSDKv1.1/cpref/html/frlrfsystemmessagingmessageclassResponseQueueTopic.htm" ismsdn="true" />
      <HelpTopic name="SecurityContext" link="ms-help://MS.NETFrameworkSDKv1.1/cpref/html/frlrfsystemmessagingmessageclassSecurityContextTopic.htm" ismsdn="true" />
      <HelpTopic name="SenderCertificate" link="ms-help://MS.NETFrameworkSDKv1.1/cpref/html/frlrfsystemmessagingmessageclassSenderCertificateTopic.htm" ismsdn="true" />
      <HelpTopic name="SenderId" link="ms-help://MS.NETFrameworkSDKv1.1/cpref/html/frlrfsystemmessagingmessageclassSenderIdTopic.htm" ismsdn="true" />
      <HelpTopic name="SenderVersion" link="ms-help://MS.NETFrameworkSDKv1.1/cpref/html/frlrfsystemmessagingmessageclassSenderVersionTopic.htm" ismsdn="true" />
      <HelpTopic name="SentTime" link="ms-help://MS.NETFrameworkSDKv1.1/cpref/html/frlrfsystemmessagingmessageclassSentTimeTopic.htm" ismsdn="true" />
      <HelpTopic name="SourceMachine" link="ms-help://MS.NETFrameworkSDKv1.1/cpref/html/frlrfsystemmessagingmessageclassSourceMachineTopic.htm" ismsdn="true" />
      <HelpTopic name="TimeToBeReceived" link="ms-help://MS.NETFrameworkSDKv1.1/cpref/html/frlrfsystemmessagingmessageclassTimeToBeReceivedTopic.htm" ismsdn="true" />
      <HelpTopic name="TimeToReachQueue" link="ms-help://MS.NETFrameworkSDKv1.1/cpref/html/frlrfsystemmessagingmessageclassTimeToReachQueueTopic.htm" ismsdn="true" />
      <HelpTopic name="TransactionId" link="ms-help://MS.NETFrameworkSDKv1.1/cpref/html/frlrfsystemmessagingmessageclassTransactionIdTopic.htm" ismsdn="true" />
      <HelpTopic name="TransactionStatusQueue" link="ms-help://MS.NETFrameworkSDKv1.1/cpref/html/frlrfsystemmessagingmessageclassTransactionStatusQueueTopic.htm" ismsdn="true" />
      <HelpTopic name="UseAuthentication" link="ms-help://MS.NETFrameworkSDKv1.1/cpref/html/frlrfsystemmessagingmessageclassUseAuthenticationTopic.htm" ismsdn="true" />
      <HelpTopic name="UseDeadLetterQueue" link="ms-help://MS.NETFrameworkSDKv1.1/cpref/html/frlrfsystemmessagingmessageclassUseDeadLetterQueueTopic.htm" ismsdn="true" />
      <HelpTopic name="UseEncryption" link="ms-help://MS.NETFrameworkSDKv1.1/cpref/html/frlrfsystemmessagingmessageclassUseEncryptionTopic.htm" ismsdn="true" />
      <HelpTopic name="UseJournalQueue" link="ms-help://MS.NETFrameworkSDKv1.1/cpref/html/frlrfsystemmessagingmessageclassUseJournalQueueTopic.htm" ismsdn="true" />
      <HelpTopic name="UseTracing" link="ms-help://MS.NETFrameworkSDKv1.1/cpref/html/frlrfsystemmessagingmessageclassUseTracingTopic.htm" ismsdn="true" />
    </HelpFolder>
  </HelpFolder>
  <HelpFolder name="MessageEnumerator class" link="ms-help://MS.NETFrameworkSDKv1.1/cpref/html/frlrfsystemmessagingmessageenumeratorClassTopic.htm" ismsdn="true">
    <HelpTopic name="MessageEnumerator members" link="ms-help://MS.NETFrameworkSDKv1.1/cpref/html/frlrfsystemmessagingmessageenumeratorMembersTopic.htm" ismsdn="true" />
    <HelpFolder name="Methods" link="ms-help://MS.NETFrameworkSDKv1.1/cpref/html/frlrfsystemmessagingmessageenumeratorMethodsTopic.htm" ismsdn="true">
      <HelpTopic name="Close()" link="ms-help://MS.NETFrameworkSDKv1.1/cpref/html/frlrfsystemmessagingmessageenumeratorclassCloseTopic.htm" ismsdn="true" />
      <HelpTopic name="Dispose()" link="ms-help://MS.NETFrameworkSDKv1.1/cpref/html/frlrfsystemmessagingmessageenumeratorclassDisposeTopic.htm" ismsdn="true" />
      <HelpTopic name="MoveNext()" link="ms-help://MS.NETFrameworkSDKv1.1/cpref/html/frlrfsystemmessagingmessageenumeratorclassMoveNextTopic1.htm" ismsdn="true" />
      <HelpTopic name="MoveNext(System.TimeSpan)" link="ms-help://MS.NETFrameworkSDKv1.1/cpref/html/frlrfsystemmessagingmessageenumeratorclassMoveNextTopic2.htm" ismsdn="true" />
      <HelpTopic name="RemoveCurrent()" link="ms-help://MS.NETFrameworkSDKv1.1/cpref/html/frlrfsystemmessagingmessageenumeratorclassRemoveCurrentTopic1.htm" ismsdn="true" />
      <HelpTopic name="RemoveCurrent(System.Messaging.MessageQueueTransaction)" link="ms-help://MS.NETFrameworkSDKv1.1/cpref/html/frlrfsystemmessagingmessageenumeratorclassRemoveCurrentTopic2.htm" ismsdn="true" />
      <HelpTopic name="RemoveCurrent(System.Messaging.MessageQueueTransactionType)" link="ms-help://MS.NETFrameworkSDKv1.1/cpref/html/frlrfsystemmessagingmessageenumeratorclassRemoveCurrentTopic3.htm" ismsdn="true" />
      <HelpTopic name="RemoveCurrent(System.TimeSpan)" link="ms-help://MS.NETFrameworkSDKv1.1/cpref/html/frlrfsystemmessagingmessageenumeratorclassRemoveCurrentTopic4.htm" ismsdn="true" />
      <HelpTopic name="RemoveCurrent(System.TimeSpan, System.Messaging.MessageQueueTransaction)" link="ms-help://MS.NETFrameworkSDKv1.1/cpref/html/frlrfsystemmessagingmessageenumeratorclassRemoveCurrentTopic5.htm" ismsdn="true" />
      <HelpTopic name="RemoveCurrent(System.TimeSpan, System.Messaging.MessageQueueTransactionType)" link="ms-help://MS.NETFrameworkSDKv1.1/cpref/html/frlrfsystemmessagingmessageenumeratorclassRemoveCurrentTopic6.htm" ismsdn="true" />
      <HelpTopic name="Reset()" link="ms-help://MS.NETFrameworkSDKv1.1/cpref/html/frlrfsystemmessagingmessageenumeratorclassResetTopic.htm" ismsdn="true" />
    </HelpFolder>
    <HelpFolder name="Properties" link="ms-help://MS.NETFrameworkSDKv1.1/cpref/html/frlrfsystemmessagingmessageenumeratorPropertiesTopic.htm" ismsdn="true">
      <HelpTopic name="Current" link="ms-help://MS.NETFrameworkSDKv1.1/cpref/html/frlrfsystemmessagingmessageenumeratorclassCurrentTopic.htm" ismsdn="true" />
      <HelpTopic name="CursorHandle" link="ms-help://MS.NETFrameworkSDKv1.1/cpref/html/frlrfsystemmessagingmessageenumeratorclassCursorHandleTopic.htm" ismsdn="true" />
    </HelpFolder>
  </HelpFolder>
  <HelpTopic name="MessageLookupAction enumeration" link="ms-help://MS.NETFrameworkSDKv1.1/cpref/html/frlrfsystemmessagingmessagelookupactionClassTopic.htm" ismsdn="true" />
  <HelpTopic name="MessagePriority enumeration" link="ms-help://MS.NETFrameworkSDKv1.1/cpref/html/frlrfsystemmessagingmessagepriorityClassTopic.htm" ismsdn="true" />
  <HelpFolder name="MessagePropertyFilter class" link="ms-help://MS.NETFrameworkSDKv1.1/cpref/html/frlrfsystemmessagingmessagepropertyfilterClassTopic.htm" ismsdn="true">
    <HelpTopic name="MessagePropertyFilter members" link="ms-help://MS.NETFrameworkSDKv1.1/cpref/html/frlrfsystemmessagingmessagepropertyfilterMembersTopic.htm" ismsdn="true" />
    <HelpFolder name="Constructors" link="ms-help://MS.NETFrameworkSDKv1.1/cpref/html/frlrfsystemmessagingmessagepropertyfilterclassctorTopic.htm" ismsdn="true">
      <HelpTopic name=".ctor()" link="ms-help://MS.NETFrameworkSDKv1.1/cpref/html/frlrfsystemmessagingmessagepropertyfilterclassctorTopic.htm" ismsdn="true" />
    </HelpFolder>
    <HelpFolder name="Methods" link="ms-help://MS.NETFrameworkSDKv1.1/cpref/html/frlrfsystemmessagingmessagepropertyfilterMethodsTopic.htm" ismsdn="true">
      <HelpTopic name="ClearAll()" link="ms-help://MS.NETFrameworkSDKv1.1/cpref/html/frlrfsystemmessagingmessagepropertyfilterclassClearAllTopic.htm" ismsdn="true" />
      <HelpTopic name="SetDefaults()" link="ms-help://MS.NETFrameworkSDKv1.1/cpref/html/frlrfsystemmessagingmessagepropertyfilterclassSetDefaultsTopic.htm" ismsdn="true" />
      <HelpTopic name="SetAll()" link="ms-help://MS.NETFrameworkSDKv1.1/cpref/html/frlrfsystemmessagingmessagepropertyfilterclassSetAllTopic.htm" ismsdn="true" />
      <HelpTopic name="Clone()" link="ms-help://MS.NETFrameworkSDKv1.1/cpref/html/frlrfsystemmessagingmessagepropertyfilterclassCloneTopic.htm" ismsdn="true" />
    </HelpFolder>
    <HelpFolder name="Properties" link="ms-help://MS.NETFrameworkSDKv1.1/cpref/html/frlrfsystemmessagingmessagepropertyfilterPropertiesTopic.htm" ismsdn="true">
      <HelpTopic name="Acknowledgment" link="ms-help://MS.NETFrameworkSDKv1.1/cpref/html/frlrfsystemmessagingmessagepropertyfilterclassAcknowledgmentTopic.htm" ismsdn="true" />
      <HelpTopic name="AcknowledgeType" link="ms-help://MS.NETFrameworkSDKv1.1/cpref/html/frlrfsystemmessagingmessagepropertyfilterclassAcknowledgeTypeTopic.htm" ismsdn="true" />
      <HelpTopic name="AdministrationQueue" link="ms-help://MS.NETFrameworkSDKv1.1/cpref/html/frlrfsystemmessagingmessagepropertyfilterclassAdministrationQueueTopic.htm" ismsdn="true" />
      <HelpTopic name="AppSpecific" link="ms-help://MS.NETFrameworkSDKv1.1/cpref/html/frlrfsystemmessagingmessagepropertyfilterclassAppSpecificTopic.htm" ismsdn="true" />
      <HelpTopic name="ArrivedTime" link="ms-help://MS.NETFrameworkSDKv1.1/cpref/html/frlrfsystemmessagingmessagepropertyfilterclassArrivedTimeTopic.htm" ismsdn="true" />
      <HelpTopic name="AttachSenderId" link="ms-help://MS.NETFrameworkSDKv1.1/cpref/html/frlrfsystemmessagingmessagepropertyfilterclassAttachSenderIdTopic.htm" ismsdn="true" />
      <HelpTopic name="Authenticated" link="ms-help://MS.NETFrameworkSDKv1.1/cpref/html/frlrfsystemmessagingmessagepropertyfilterclassAuthenticatedTopic.htm" ismsdn="true" />
      <HelpTopic name="AuthenticationProviderName" link="ms-help://MS.NETFrameworkSDKv1.1/cpref/html/frlrfsystemmessagingmessagepropertyfilterclassAuthenticationProviderNameTopic.htm" ismsdn="true" />
      <HelpTopic name="AuthenticationProviderType" link="ms-help://MS.NETFrameworkSDKv1.1/cpref/html/frlrfsystemmessagingmessagepropertyfilterclassAuthenticationProviderTypeTopic.htm" ismsdn="true" />
      <HelpTopic name="Body" link="ms-help://MS.NETFrameworkSDKv1.1/cpref/html/frlrfsystemmessagingmessagepropertyfilterclassBodyTopic.htm" ismsdn="true" />
      <HelpTopic name="ConnectorType" link="ms-help://MS.NETFrameworkSDKv1.1/cpref/html/frlrfsystemmessagingmessagepropertyfilterclassConnectorTypeTopic.htm" ismsdn="true" />
      <HelpTopic name="CorrelationId" link="ms-help://MS.NETFrameworkSDKv1.1/cpref/html/frlrfsystemmessagingmessagepropertyfilterclassCorrelationIdTopic.htm" ismsdn="true" />
      <HelpTopic name="DefaultBodySize" link="ms-help://MS.NETFrameworkSDKv1.1/cpref/html/frlrfsystemmessagingmessagepropertyfilterclassDefaultBodySizeTopic.htm" ismsdn="true" />
      <HelpTopic name="DefaultExtensionSize" link="ms-help://MS.NETFrameworkSDKv1.1/cpref/html/frlrfsystemmessagingmessagepropertyfilterclassDefaultExtensionSizeTopic.htm" ismsdn="true" />
      <HelpTopic name="DefaultLabelSize" link="ms-help://MS.NETFrameworkSDKv1.1/cpref/html/frlrfsystemmessagingmessagepropertyfilterclassDefaultLabelSizeTopic.htm" ismsdn="true" />
      <HelpTopic name="DestinationQueue" link="ms-help://MS.NETFrameworkSDKv1.1/cpref/html/frlrfsystemmessagingmessagepropertyfilterclassDestinationQueueTopic.htm" ismsdn="true" />
      <HelpTopic name="DestinationSymmetricKey" link="ms-help://MS.NETFrameworkSDKv1.1/cpref/html/frlrfsystemmessagingmessagepropertyfilterclassDestinationSymmetricKeyTopic.htm" ismsdn="true" />
      <HelpTopic name="DigitalSignature" link="ms-help://MS.NETFrameworkSDKv1.1/cpref/html/frlrfsystemmessagingmessagepropertyfilterclassDigitalSignatureTopic.htm" ismsdn="true" />
      <HelpTopic name="EncryptionAlgorithm" link="ms-help://MS.NETFrameworkSDKv1.1/cpref/html/frlrfsystemmessagingmessagepropertyfilterclassEncryptionAlgorithmTopic.htm" ismsdn="true" />
      <HelpTopic name="Extension" link="ms-help://MS.NETFrameworkSDKv1.1/cpref/html/frlrfsystemmessagingmessagepropertyfilterclassExtensionTopic.htm" ismsdn="true" />
      <HelpTopic name="HashAlgorithm" link="ms-help://MS.NETFrameworkSDKv1.1/cpref/html/frlrfsystemmessagingmessagepropertyfilterclassHashAlgorithmTopic.htm" ismsdn="true" />
      <HelpTopic name="Id" link="ms-help://MS.NETFrameworkSDKv1.1/cpref/html/frlrfsystemmessagingmessagepropertyfilterclassIdTopic.htm" ismsdn="true" />
      <HelpTopic name="IsFirstInTransaction" link="ms-help://MS.NETFrameworkSDKv1.1/cpref/html/frlrfsystemmessagingmessagepropertyfilterclassIsFirstInTransactionTopic.htm" ismsdn="true" />
      <HelpTopic name="IsLastInTransaction" link="ms-help://MS.NETFrameworkSDKv1.1/cpref/html/frlrfsystemmessagingmessagepropertyfilterclassIsLastInTransactionTopic.htm" ismsdn="true" />
      <HelpTopic name="Label" link="ms-help://MS.NETFrameworkSDKv1.1/cpref/html/frlrfsystemmessagingmessagepropertyfilterclassLabelTopic.htm" ismsdn="true" />
      <HelpTopic name="LookupId" link="ms-help://MS.NETFrameworkSDKv1.1/cpref/html/frlrfsystemmessagingmessagepropertyfilterclassLookupIdTopic.htm" ismsdn="true" />
      <HelpTopic name="MessageType" link="ms-help://MS.NETFrameworkSDKv1.1/cpref/html/frlrfsystemmessagingmessagepropertyfilterclassMessageTypeTopic.htm" ismsdn="true" />
      <HelpTopic name="Priority" link="ms-help://MS.NETFrameworkSDKv1.1/cpref/html/frlrfsystemmessagingmessagepropertyfilterclassPriorityTopic.htm" ismsdn="true" />
      <HelpTopic name="Recoverable" link="ms-help://MS.NETFrameworkSDKv1.1/cpref/html/frlrfsystemmessagingmessagepropertyfilterclassRecoverableTopic.htm" ismsdn="true" />
      <HelpTopic name="ResponseQueue" link="ms-help://MS.NETFrameworkSDKv1.1/cpref/html/frlrfsystemmessagingmessagepropertyfilterclassResponseQueueTopic.htm" ismsdn="true" />
      <HelpTopic name="SenderCertificate" link="ms-help://MS.NETFrameworkSDKv1.1/cpref/html/frlrfsystemmessagingmessagepropertyfilterclassSenderCertificateTopic.htm" ismsdn="true" />
      <HelpTopic name="SenderId" link="ms-help://MS.NETFrameworkSDKv1.1/cpref/html/frlrfsystemmessagingmessagepropertyfilterclassSenderIdTopic.htm" ismsdn="true" />
      <HelpTopic name="SenderVersion" link="ms-help://MS.NETFrameworkSDKv1.1/cpref/html/frlrfsystemmessagingmessagepropertyfilterclassSenderVersionTopic.htm" ismsdn="true" />
      <HelpTopic name="SentTime" link="ms-help://MS.NETFrameworkSDKv1.1/cpref/html/frlrfsystemmessagingmessagepropertyfilterclassSentTimeTopic.htm" ismsdn="true" />
      <HelpTopic name="SourceMachine" link="ms-help://MS.NETFrameworkSDKv1.1/cpref/html/frlrfsystemmessagingmessagepropertyfilterclassSourceMachineTopic.htm" ismsdn="true" />
      <HelpTopic name="TimeToBeReceived" link="ms-help://MS.NETFrameworkSDKv1.1/cpref/html/frlrfsystemmessagingmessagepropertyfilterclassTimeToBeReceivedTopic.htm" ismsdn="true" />
      <HelpTopic name="TimeToReachQueue" link="ms-help://MS.NETFrameworkSDKv1.1/cpref/html/frlrfsystemmessagingmessagepropertyfilterclassTimeToReachQueueTopic.htm" ismsdn="true" />
      <HelpTopic name="TransactionId" link="ms-help://MS.NETFrameworkSDKv1.1/cpref/html/frlrfsystemmessagingmessagepropertyfilterclassTransactionIdTopic.htm" ismsdn="true" />
      <HelpTopic name="TransactionStatusQueue" link="ms-help://MS.NETFrameworkSDKv1.1/cpref/html/frlrfsystemmessagingmessagepropertyfilterclassTransactionStatusQueueTopic.htm" ismsdn="true" />
      <HelpTopic name="UseAuthentication" link="ms-help://MS.NETFrameworkSDKv1.1/cpref/html/frlrfsystemmessagingmessagepropertyfilterclassUseAuthenticationTopic.htm" ismsdn="true" />
      <HelpTopic name="UseDeadLetterQueue" link="ms-help://MS.NETFrameworkSDKv1.1/cpref/html/frlrfsystemmessagingmessagepropertyfilterclassUseDeadLetterQueueTopic.htm" ismsdn="true" />
      <HelpTopic name="UseEncryption" link="ms-help://MS.NETFrameworkSDKv1.1/cpref/html/frlrfsystemmessagingmessagepropertyfilterclassUseEncryptionTopic.htm" ismsdn="true" />
      <HelpTopic name="UseJournalQueue" link="ms-help://MS.NETFrameworkSDKv1.1/cpref/html/frlrfsystemmessagingmessagepropertyfilterclassUseJournalQueueTopic.htm" ismsdn="true" />
      <HelpTopic name="UseTracing" link="ms-help://MS.NETFrameworkSDKv1.1/cpref/html/frlrfsystemmessagingmessagepropertyfilterclassUseTracingTopic.htm" ismsdn="true" />
    </HelpFolder>
  </HelpFolder>
  <HelpFolder name="MessageQueue class" link="ms-help://MS.NETFrameworkSDKv1.1/cpref/html/frlrfsystemmessagingmessagequeueClassTopic.htm" ismsdn="true">
    <HelpTopic name="MessageQueue members" link="ms-help://MS.NETFrameworkSDKv1.1/cpref/html/frlrfsystemmessagingmessagequeueMembersTopic.htm" ismsdn="true" />
    <HelpFolder name="Constructors" link="ms-help://MS.NETFrameworkSDKv1.1/cpref/html/frlrfsystemmessagingmessagequeueclassctorTopic.htm" ismsdn="true">
      <HelpTopic name=".ctor()" link="ms-help://MS.NETFrameworkSDKv1.1/cpref/html/frlrfsystemmessagingmessagequeueclassctorTopic1.htm" ismsdn="true" />
      <HelpTopic name=".ctor(System.String)" link="ms-help://MS.NETFrameworkSDKv1.1/cpref/html/frlrfsystemmessagingmessagequeueclassctorTopic1.htm" ismsdn="true" />
      <HelpTopic name=".ctor(System.String, System.Messaging.QueueAccessMode)" link="ms-help://MS.NETFrameworkSDKv1.1/cpref/html/frlrfsystemmessagingmessagequeueclassctorTopic2.htm" ismsdn="true" />
      <HelpTopic name=".ctor(System.String, System.Boolean)" link="ms-help://MS.NETFrameworkSDKv1.1/cpref/html/frlrfsystemmessagingmessagequeueclassctorTopic3.htm" ismsdn="true" />
      <HelpTopic name=".ctor(System.String, System.Boolean, System.Boolean)" link="ms-help://MS.NETFrameworkSDKv1.1/cpref/html/frlrfsystemmessagingmessagequeueclassctorTopic4.htm" ismsdn="true" />
      <HelpTopic name=".ctor(System.String, System.Boolean, System.Boolean, System.Messaging.QueueAccessMode)" link="ms-help://MS.NETFrameworkSDKv1.1/cpref/html/frlrfsystemmessagingmessagequeueclassctorTopic5.htm" ismsdn="true" />
    </HelpFolder>
    <HelpFolder name="Fields" link="ms-help://MS.NETFrameworkSDKv1.1/cpref/html/frlrfsystemmessagingmessagequeueFieldsTopic.htm" ismsdn="true">
      <HelpTopic name="InfiniteTimeout" link="ms-help://MS.NETFrameworkSDKv1.1/cpref/html/frlrfsystemmessagingmessagequeueclassInfiniteTimeoutTopic.htm" ismsdn="true" />
      <HelpTopic name="InfiniteQueueSize" link="ms-help://MS.NETFrameworkSDKv1.1/cpref/html/frlrfsystemmessagingmessagequeueclassInfiniteQueueSizeTopic.htm" ismsdn="true" />
    </HelpFolder>
    <HelpFolder name="Methods" link="ms-help://MS.NETFrameworkSDKv1.1/cpref/html/frlrfsystemmessagingmessagequeueMethodsTopic.htm" ismsdn="true">
      <HelpTopic name="BeginPeek()" link="ms-help://MS.NETFrameworkSDKv1.1/cpref/html/frlrfsystemmessagingmessagequeueclassBeginPeekTopic1.htm" ismsdn="true" />
      <HelpTopic name="BeginPeek(System.TimeSpan)" link="ms-help://MS.NETFrameworkSDKv1.1/cpref/html/frlrfsystemmessagingmessagequeueclassBeginPeekTopic2.htm" ismsdn="true" />
      <HelpTopic name="BeginPeek(System.TimeSpan, System.Object)" link="ms-help://MS.NETFrameworkSDKv1.1/cpref/html/frlrfsystemmessagingmessagequeueclassBeginPeekTopic3.htm" ismsdn="true" />
      <HelpTopic name="BeginPeek(System.TimeSpan, System.Object, System.AsyncCallback)" link="ms-help://MS.NETFrameworkSDKv1.1/cpref/html/frlrfsystemmessagingmessagequeueclassBeginPeekTopic4.htm" ismsdn="true" />
      <HelpTopic name="BeginPeek(System.TimeSpan, System.Messaging.Cursor, System.Messaging.PeekAction, System.Object, System.AsyncCallback)" link="ms-help://MS.NETFrameworkSDKv1.1/cpref/html/frlrfsystemmessagingmessagequeueclassBeginPeekTopic5.htm" ismsdn="true" />
      <HelpTopic name="BeginReceive()" link="ms-help://MS.NETFrameworkSDKv1.1/cpref/html/frlrfsystemmessagingmessagequeueclassBeginReceiveTopic1.htm" ismsdn="true" />
      <HelpTopic name="BeginReceive(System.TimeSpan)" link="ms-help://MS.NETFrameworkSDKv1.1/cpref/html/frlrfsystemmessagingmessagequeueclassBeginReceiveTopic2.htm" ismsdn="true" />
      <HelpTopic name="BeginReceive(System.TimeSpan, System.Object)" link="ms-help://MS.NETFrameworkSDKv1.1/cpref/html/frlrfsystemmessagingmessagequeueclassBeginReceiveTopic3.htm" ismsdn="true" />
      <HelpTopic name="BeginReceive(System.TimeSpan, System.Object, System.AsyncCallback)" link="ms-help://MS.NETFrameworkSDKv1.1/cpref/html/frlrfsystemmessagingmessagequeueclassBeginReceiveTopic4.htm" ismsdn="true" />
      <HelpTopic name="BeginReceive(System.TimeSpan, System.Messaging.Cursor, System.Object, System.AsyncCallback)" link="ms-help://MS.NETFrameworkSDKv1.1/cpref/html/frlrfsystemmessagingmessagequeueclassBeginReceiveTopic5.htm" ismsdn="true" />
      <HelpTopic name="ClearConnectionCache()" link="ms-help://MS.NETFrameworkSDKv1.1/cpref/html/frlrfsystemmessagingmessagequeueclassClearConnectionCacheTopic.htm" ismsdn="true" />
      <HelpTopic name="Close()" link="ms-help://MS.NETFrameworkSDKv1.1/cpref/html/frlrfsystemmessagingmessagequeueclassCloseTopic.htm" ismsdn="true" />
      <HelpTopic name="Create(System.String)" link="ms-help://MS.NETFrameworkSDKv1.1/cpref/html/frlrfsystemmessagingmessagequeueclassCreateTopic1.htm" ismsdn="true" />
      <HelpTopic name="Create(System.String, System.Boolean)" link="ms-help://MS.NETFrameworkSDKv1.1/cpref/html/frlrfsystemmessagingmessagequeueclassCreateTopic2.htm" ismsdn="true" />
      <HelpTopic name="CreateCursor()" link="ms-help://MS.NETFrameworkSDKv1.1/cpref/html/frlrfsystemmessagingmessagequeueclassCreateCursorTopic.htm" ismsdn="true" />
      <HelpTopic name="Delete(System.String)" link="ms-help://MS.NETFrameworkSDKv1.1/cpref/html/frlrfsystemmessagingmessagequeueclassDeleteTopic.htm" ismsdn="true" />
      <HelpTopic name="EndPeek(System.IAsyncResult)" link="ms-help://MS.NETFrameworkSDKv1.1/cpref/html/frlrfsystemmessagingmessagequeueclassEndPeekTopic.htm" ismsdn="true" />
      <HelpTopic name="EndReceive(System.IAsyncResult)" link="ms-help://MS.NETFrameworkSDKv1.1/cpref/html/frlrfsystemmessagingmessagequeueclassEndReceiveTopic.htm" ismsdn="true" />
      <HelpTopic name="Exists(System.String)" link="ms-help://MS.NETFrameworkSDKv1.1/cpref/html/frlrfsystemmessagingmessagequeueclassExistsTopic.htm" ismsdn="true" />
      <HelpTopic name="GetAllMessages()" link="ms-help://MS.NETFrameworkSDKv1.1/cpref/html/frlrfsystemmessagingmessagequeueclassGetAllMessagesTopic.htm" ismsdn="true" />
      <HelpTopic name="GetEnumerator()" link="ms-help://MS.NETFrameworkSDKv1.1/cpref/html/frlrfsystemmessagingmessagequeueclassGetEnumeratorTopic.htm" ismsdn="true" />
      <HelpTopic name="GetMachineId(System.String)" link="ms-help://MS.NETFrameworkSDKv1.1/cpref/html/frlrfsystemmessagingmessagequeueclassGetMachineIdTopic.htm" ismsdn="true" />
      <HelpTopic name="GetSecurityContext()" link="ms-help://MS.NETFrameworkSDKv1.1/cpref/html/frlrfsystemmessagingmessagequeueclassGetSecurityContextTopic.htm" ismsdn="true" />
      <HelpTopic name="GetMessageQueueEnumerator()" link="ms-help://MS.NETFrameworkSDKv1.1/cpref/html/frlrfsystemmessagingmessagequeueclassGetMessageQueueEnumeratorTopic1.htm" ismsdn="true" />
      <HelpTopic name="GetMessageQueueEnumerator(System.Messaging.MessageQueueCriteria)" link="ms-help://MS.NETFrameworkSDKv1.1/cpref/html/frlrfsystemmessagingmessagequeueclassGetMessageQueueEnumeratorTopic2.htm" ismsdn="true" />
      <HelpTopic name="GetMessageEnumerator()" link="ms-help://MS.NETFrameworkSDKv1.1/cpref/html/frlrfsystemmessagingmessagequeueclassGetMessageEnumeratorTopic.htm" ismsdn="true" />
      <HelpTopic name="GetMessageEnumerator2()" link="ms-help://MS.NETFrameworkSDKv1.1/cpref/html/frlrfsystemmessagingmessagequeueclassGetMessageEnumerator2Topic.htm" ismsdn="true" />
      <HelpTopic name="GetPrivateQueuesByMachine(System.String)" link="ms-help://MS.NETFrameworkSDKv1.1/cpref/html/frlrfsystemmessagingmessagequeueclassGetPrivateQueuesByMachineTopic.htm" ismsdn="true" />
      <HelpTopic name="GetPublicQueues()" link="ms-help://MS.NETFrameworkSDKv1.1/cpref/html/frlrfsystemmessagingmessagequeueclassGetPublicQueuesTopic1.htm" ismsdn="true" />
      <HelpTopic name="GetPublicQueues(System.Messaging.MessageQueueCriteria)" link="ms-help://MS.NETFrameworkSDKv1.1/cpref/html/frlrfsystemmessagingmessagequeueclassGetPublicQueuesTopic2.htm" ismsdn="true" />
      <HelpTopic name="GetPublicQueuesByCategory(System.Guid)" link="ms-help://MS.NETFrameworkSDKv1.1/cpref/html/frlrfsystemmessagingmessagequeueclassGetPublicQueuesByCategoryTopic.htm" ismsdn="true" />
      <HelpTopic name="GetPublicQueuesByLabel(System.String)" link="ms-help://MS.NETFrameworkSDKv1.1/cpref/html/frlrfsystemmessagingmessagequeueclassGetPublicQueuesByLabelTopic.htm" ismsdn="true" />
      <HelpTopic name="GetPublicQueuesByMachine(System.String)" link="ms-help://MS.NETFrameworkSDKv1.1/cpref/html/frlrfsystemmessagingmessagequeueclassGetPublicQueuesByMachineTopic.htm" ismsdn="true" />
      <HelpTopic name="Peek()" link="ms-help://MS.NETFrameworkSDKv1.1/cpref/html/frlrfsystemmessagingmessagequeueclassPeekTopic1.htm" ismsdn="true" />
      <HelpTopic name="Peek(System.TimeSpan)" link="ms-help://MS.NETFrameworkSDKv1.1/cpref/html/frlrfsystemmessagingmessagequeueclassPeekTopic2.htm" ismsdn="true" />
      <HelpTopic name="Peek(System.TimeSpan, System.Messaging.Cursor, System.Messaging.PeekAction)" link="ms-help://MS.NETFrameworkSDKv1.1/cpref/html/frlrfsystemmessagingmessagequeueclassPeekTopic3.htm" ismsdn="true" />
      <HelpTopic name="PeekById(System.String)" link="ms-help://MS.NETFrameworkSDKv1.1/cpref/html/frlrfsystemmessagingmessagequeueclassPeekByIdTopic1.htm" ismsdn="true" />
      <HelpTopic name="PeekById(System.String, System.TimeSpan)" link="ms-help://MS.NETFrameworkSDKv1.1/cpref/html/frlrfsystemmessagingmessagequeueclassPeekByIdTopic2.htm" ismsdn="true" />
      <HelpTopic name="PeekByCorrelationId(System.String)" link="ms-help://MS.NETFrameworkSDKv1.1/cpref/html/frlrfsystemmessagingmessagequeueclassPeekByCorrelationIdTopic1.htm" ismsdn="true" />
      <HelpTopic name="PeekByCorrelationId(System.String, System.TimeSpan)" link="ms-help://MS.NETFrameworkSDKv1.1/cpref/html/frlrfsystemmessagingmessagequeueclassPeekByCorrelationIdTopic2.htm" ismsdn="true" />
      <HelpTopic name="Purge()" link="ms-help://MS.NETFrameworkSDKv1.1/cpref/html/frlrfsystemmessagingmessagequeueclassPurgeTopic.htm" ismsdn="true" />
      <HelpTopic name="Receive()" link="ms-help://MS.NETFrameworkSDKv1.1/cpref/html/frlrfsystemmessagingmessagequeueclassReceiveTopic1.htm" ismsdn="true" />
      <HelpTopic name="Receive(System.Messaging.MessageQueueTransaction)" link="ms-help://MS.NETFrameworkSDKv1.1/cpref/html/frlrfsystemmessagingmessagequeueclassReceiveTopic2.htm" ismsdn="true" />
      <HelpTopic name="Receive(System.Messaging.MessageQueueTransactionType)" link="ms-help://MS.NETFrameworkSDKv1.1/cpref/html/frlrfsystemmessagingmessagequeueclassReceiveTopic3.htm" ismsdn="true" />
      <HelpTopic name="Receive(System.TimeSpan)" link="ms-help://MS.NETFrameworkSDKv1.1/cpref/html/frlrfsystemmessagingmessagequeueclassReceiveTopic4.htm" ismsdn="true" />
      <HelpTopic name="Receive(System.TimeSpan, System.Messaging.Cursor)" link="ms-help://MS.NETFrameworkSDKv1.1/cpref/html/frlrfsystemmessagingmessagequeueclassReceiveTopic5.htm" ismsdn="true" />
      <HelpTopic name="Receive(System.TimeSpan, System.Messaging.MessageQueueTransaction)" link="ms-help://MS.NETFrameworkSDKv1.1/cpref/html/frlrfsystemmessagingmessagequeueclassReceiveTopic6.htm" ismsdn="true" />
      <HelpTopic name="Receive(System.TimeSpan, System.Messaging.MessageQueueTransactionType)" link="ms-help://MS.NETFrameworkSDKv1.1/cpref/html/frlrfsystemmessagingmessagequeueclassReceiveTopic7.htm" ismsdn="true" />
      <HelpTopic name="Receive(System.TimeSpan, System.Messaging.Cursor, System.Messaging.MessageQueueTransaction)" link="ms-help://MS.NETFrameworkSDKv1.1/cpref/html/frlrfsystemmessagingmessagequeueclassReceiveTopic8.htm" ismsdn="true" />
      <HelpTopic name="Receive(System.TimeSpan, System.Messaging.Cursor, System.Messaging.MessageQueueTransactionType)" link="ms-help://MS.NETFrameworkSDKv1.1/cpref/html/frlrfsystemmessagingmessagequeueclassReceiveTopic9.htm" ismsdn="true" />
      <HelpTopic name="ReceiveById(System.String)" link="ms-help://MS.NETFrameworkSDKv1.1/cpref/html/frlrfsystemmessagingmessagequeueclassReceiveByIdTopic1.htm" ismsdn="true" />
      <HelpTopic name="ReceiveById(System.String, System.Messaging.MessageQueueTransaction)" link="ms-help://MS.NETFrameworkSDKv1.1/cpref/html/frlrfsystemmessagingmessagequeueclassReceiveByIdTopic2.htm" ismsdn="true" />
      <HelpTopic name="ReceiveById(System.String, System.Messaging.MessageQueueTransactionType)" link="ms-help://MS.NETFrameworkSDKv1.1/cpref/html/frlrfsystemmessagingmessagequeueclassReceiveByIdTopic3.htm" ismsdn="true" />
      <HelpTopic name="ReceiveById(System.String, System.TimeSpan)" link="ms-help://MS.NETFrameworkSDKv1.1/cpref/html/frlrfsystemmessagingmessagequeueclassReceiveByIdTopic4.htm" ismsdn="true" />
      <HelpTopic name="ReceiveById(System.String, System.TimeSpan, System.Messaging.MessageQueueTransaction)" link="ms-help://MS.NETFrameworkSDKv1.1/cpref/html/frlrfsystemmessagingmessagequeueclassReceiveByIdTopic5.htm" ismsdn="true" />
      <HelpTopic name="ReceiveById(System.String, System.TimeSpan, System.Messaging.MessageQueueTransactionType)" link="ms-help://MS.NETFrameworkSDKv1.1/cpref/html/frlrfsystemmessagingmessagequeueclassReceiveByIdTopic6.htm" ismsdn="true" />
      <HelpTopic name="ReceiveByCorrelationId(System.String)" link="ms-help://MS.NETFrameworkSDKv1.1/cpref/html/frlrfsystemmessagingmessagequeueclassReceiveByCorrelationIdTopic1.htm" ismsdn="true" />
      <HelpTopic name="ReceiveByCorrelationId(System.String, System.Messaging.MessageQueueTransaction)" link="ms-help://MS.NETFrameworkSDKv1.1/cpref/html/frlrfsystemmessagingmessagequeueclassReceiveByCorrelationIdTopic2.htm" ismsdn="true" />
      <HelpTopic name="ReceiveByCorrelationId(System.String, System.Messaging.MessageQueueTransactionType)" link="ms-help://MS.NETFrameworkSDKv1.1/cpref/html/frlrfsystemmessagingmessagequeueclassReceiveByCorrelationIdTopic3.htm" ismsdn="true" />
      <HelpTopic name="ReceiveByCorrelationId(System.String, System.TimeSpan)" link="ms-help://MS.NETFrameworkSDKv1.1/cpref/html/frlrfsystemmessagingmessagequeueclassReceiveByCorrelationIdTopic4.htm" ismsdn="true" />
      <HelpTopic name="ReceiveByCorrelationId(System.String, System.TimeSpan, System.Messaging.MessageQueueTransaction)" link="ms-help://MS.NETFrameworkSDKv1.1/cpref/html/frlrfsystemmessagingmessagequeueclassReceiveByCorrelationIdTopic5.htm" ismsdn="true" />
      <HelpTopic name="ReceiveByCorrelationId(System.String, System.TimeSpan, System.Messaging.MessageQueueTransactionType)" link="ms-help://MS.NETFrameworkSDKv1.1/cpref/html/frlrfsystemmessagingmessagequeueclassReceiveByCorrelationIdTopic6.htm" ismsdn="true" />
      <HelpTopic name="ReceiveByLookupId(System.Int64)" link="ms-help://MS.NETFrameworkSDKv1.1/cpref/html/frlrfsystemmessagingmessagequeueclassReceiveByLookupIdTopic1.htm" ismsdn="true" />
      <HelpTopic name="ReceiveByLookupId(System.Messaging.MessageLookupAction, System.Int64, System.Messaging.MessageQueueTransactionType)" link="ms-help://MS.NETFrameworkSDKv1.1/cpref/html/frlrfsystemmessagingmessagequeueclassReceiveByLookupIdTopic2.htm" ismsdn="true" />
      <HelpTopic name="ReceiveByLookupId(System.Messaging.MessageLookupAction, System.Int64, System.Messaging.MessageQueueTransaction)" link="ms-help://MS.NETFrameworkSDKv1.1/cpref/html/frlrfsystemmessagingmessagequeueclassReceiveByLookupIdTopic3.htm" ismsdn="true" />
      <HelpTopic name="PeekByLookupId(System.Int64)" link="ms-help://MS.NETFrameworkSDKv1.1/cpref/html/frlrfsystemmessagingmessagequeueclassPeekByLookupIdTopic1.htm" ismsdn="true" />
      <HelpTopic name="PeekByLookupId(System.Messaging.MessageLookupAction, System.Int64)" link="ms-help://MS.NETFrameworkSDKv1.1/cpref/html/frlrfsystemmessagingmessagequeueclassPeekByLookupIdTopic2.htm" ismsdn="true" />
      <HelpTopic name="Refresh()" link="ms-help://MS.NETFrameworkSDKv1.1/cpref/html/frlrfsystemmessagingmessagequeueclassRefreshTopic.htm" ismsdn="true" />
      <HelpTopic name="Send(System.Object)" link="ms-help://MS.NETFrameworkSDKv1.1/cpref/html/frlrfsystemmessagingmessagequeueclassSendTopic1.htm" ismsdn="true" />
      <HelpTopic name="Send(System.Object, System.Messaging.MessageQueueTransaction)" link="ms-help://MS.NETFrameworkSDKv1.1/cpref/html/frlrfsystemmessagingmessagequeueclassSendTopic2.htm" ismsdn="true" />
      <HelpTopic name="Send(System.Object, System.Messaging.MessageQueueTransactionType)" link="ms-help://MS.NETFrameworkSDKv1.1/cpref/html/frlrfsystemmessagingmessagequeueclassSendTopic3.htm" ismsdn="true" />
      <HelpTopic name="Send(System.Object, System.String)" link="ms-help://MS.NETFrameworkSDKv1.1/cpref/html/frlrfsystemmessagingmessagequeueclassSendTopic4.htm" ismsdn="true" />
      <HelpTopic name="Send(System.Object, System.String, System.Messaging.MessageQueueTransaction)" link="ms-help://MS.NETFrameworkSDKv1.1/cpref/html/frlrfsystemmessagingmessagequeueclassSendTopic5.htm" ismsdn="true" />
      <HelpTopic name="Send(System.Object, System.String, System.Messaging.MessageQueueTransactionType)" link="ms-help://MS.NETFrameworkSDKv1.1/cpref/html/frlrfsystemmessagingmessagequeueclassSendTopic6.htm" ismsdn="true" />
      <HelpTopic name="ResetPermissions()" link="ms-help://MS.NETFrameworkSDKv1.1/cpref/html/frlrfsystemmessagingmessagequeueclassResetPermissionsTopic.htm" ismsdn="true" />
      <HelpTopic name="SetPermissions(System.String, System.Messaging.MessageQueueAccessRights)" link="ms-help://MS.NETFrameworkSDKv1.1/cpref/html/frlrfsystemmessagingmessagequeueclassSetPermissionsTopic1.htm" ismsdn="true" />
      <HelpTopic name="SetPermissions(System.String, System.Messaging.MessageQueueAccessRights, System.Messaging.AccessControlEntryType)" link="ms-help://MS.NETFrameworkSDKv1.1/cpref/html/frlrfsystemmessagingmessagequeueclassSetPermissionsTopic2.htm" ismsdn="true" />
      <HelpTopic name="SetPermissions(System.Messaging.MessageQueueAccessControlEntry)" link="ms-help://MS.NETFrameworkSDKv1.1/cpref/html/frlrfsystemmessagingmessagequeueclassSetPermissionsTopic3.htm" ismsdn="true" />
      <HelpTopic name="SetPermissions(System.Messaging.AccessControlList)" link="ms-help://MS.NETFrameworkSDKv1.1/cpref/html/frlrfsystemmessagingmessagequeueclassSetPermissionsTopic4.htm" ismsdn="true" />
    </HelpFolder>
    <HelpFolder name="Properties" link="ms-help://MS.NETFrameworkSDKv1.1/cpref/html/frlrfsystemmessagingmessagequeuePropertiesTopic.htm" ismsdn="true">
      <HelpTopic name="AccessMode" link="ms-help://MS.NETFrameworkSDKv1.1/cpref/html/frlrfsystemmessagingmessagequeueclassAccessModeTopic.htm" ismsdn="true" />
      <HelpTopic name="Authenticate" link="ms-help://MS.NETFrameworkSDKv1.1/cpref/html/frlrfsystemmessagingmessagequeueclassAuthenticateTopic.htm" ismsdn="true" />
      <HelpTopic name="BasePriority" link="ms-help://MS.NETFrameworkSDKv1.1/cpref/html/frlrfsystemmessagingmessagequeueclassBasePriorityTopic.htm" ismsdn="true" />
      <HelpTopic name="CanRead" link="ms-help://MS.NETFrameworkSDKv1.1/cpref/html/frlrfsystemmessagingmessagequeueclassCanReadTopic.htm" ismsdn="true" />
      <HelpTopic name="CanWrite" link="ms-help://MS.NETFrameworkSDKv1.1/cpref/html/frlrfsystemmessagingmessagequeueclassCanWriteTopic.htm" ismsdn="true" />
      <HelpTopic name="Category" link="ms-help://MS.NETFrameworkSDKv1.1/cpref/html/frlrfsystemmessagingmessagequeueclassCategoryTopic.htm" ismsdn="true" />
      <HelpTopic name="CreateTime" link="ms-help://MS.NETFrameworkSDKv1.1/cpref/html/frlrfsystemmessagingmessagequeueclassCreateTimeTopic.htm" ismsdn="true" />
      <HelpTopic name="DefaultPropertiesToSend" link="ms-help://MS.NETFrameworkSDKv1.1/cpref/html/frlrfsystemmessagingmessagequeueclassDefaultPropertiesToSendTopic.htm" ismsdn="true" />
      <HelpTopic name="DenySharedReceive" link="ms-help://MS.NETFrameworkSDKv1.1/cpref/html/frlrfsystemmessagingmessagequeueclassDenySharedReceiveTopic.htm" ismsdn="true" />
      <HelpTopic name="EnableConnectionCache" link="ms-help://MS.NETFrameworkSDKv1.1/cpref/html/frlrfsystemmessagingmessagequeueclassEnableConnectionCacheTopic.htm" ismsdn="true" />
      <HelpTopic name="EncryptionRequired" link="ms-help://MS.NETFrameworkSDKv1.1/cpref/html/frlrfsystemmessagingmessagequeueclassEncryptionRequiredTopic.htm" ismsdn="true" />
      <HelpTopic name="FormatName" link="ms-help://MS.NETFrameworkSDKv1.1/cpref/html/frlrfsystemmessagingmessagequeueclassFormatNameTopic.htm" ismsdn="true" />
      <HelpTopic name="Formatter" link="ms-help://MS.NETFrameworkSDKv1.1/cpref/html/frlrfsystemmessagingmessagequeueclassFormatterTopic.htm" ismsdn="true" />
      <HelpTopic name="Id" link="ms-help://MS.NETFrameworkSDKv1.1/cpref/html/frlrfsystemmessagingmessagequeueclassIdTopic.htm" ismsdn="true" />
      <HelpTopic name="Label" link="ms-help://MS.NETFrameworkSDKv1.1/cpref/html/frlrfsystemmessagingmessagequeueclassLabelTopic.htm" ismsdn="true" />
      <HelpTopic name="LastModifyTime" link="ms-help://MS.NETFrameworkSDKv1.1/cpref/html/frlrfsystemmessagingmessagequeueclassLastModifyTimeTopic.htm" ismsdn="true" />
      <HelpTopic name="MachineName" link="ms-help://MS.NETFrameworkSDKv1.1/cpref/html/frlrfsystemmessagingmessagequeueclassMachineNameTopic.htm" ismsdn="true" />
      <HelpTopic name="MaximumJournalSize" link="ms-help://MS.NETFrameworkSDKv1.1/cpref/html/frlrfsystemmessagingmessagequeueclassMaximumJournalSizeTopic.htm" ismsdn="true" />
      <HelpTopic name="MaximumQueueSize" link="ms-help://MS.NETFrameworkSDKv1.1/cpref/html/frlrfsystemmessagingmessagequeueclassMaximumQueueSizeTopic.htm" ismsdn="true" />
      <HelpTopic name="MessageReadPropertyFilter" link="ms-help://MS.NETFrameworkSDKv1.1/cpref/html/frlrfsystemmessagingmessagequeueclassMessageReadPropertyFilterTopic.htm" ismsdn="true" />
      <HelpTopic name="MulticastAddress" link="ms-help://MS.NETFrameworkSDKv1.1/cpref/html/frlrfsystemmessagingmessagequeueclassMulticastAddressTopic.htm" ismsdn="true" />
      <HelpTopic name="Path" link="ms-help://MS.NETFrameworkSDKv1.1/cpref/html/frlrfsystemmessagingmessagequeueclassPathTopic.htm" ismsdn="true" />
      <HelpTopic name="QueueName" link="ms-help://MS.NETFrameworkSDKv1.1/cpref/html/frlrfsystemmessagingmessagequeueclassQueueNameTopic.htm" ismsdn="true" />
      <HelpTopic name="ReadHandle" link="ms-help://MS.NETFrameworkSDKv1.1/cpref/html/frlrfsystemmessagingmessagequeueclassReadHandleTopic.htm" ismsdn="true" />
      <HelpTopic name="SynchronizingObject" link="ms-help://MS.NETFrameworkSDKv1.1/cpref/html/frlrfsystemmessagingmessagequeueclassSynchronizingObjectTopic.htm" ismsdn="true" />
      <HelpTopic name="Transactional" link="ms-help://MS.NETFrameworkSDKv1.1/cpref/html/frlrfsystemmessagingmessagequeueclassTransactionalTopic.htm" ismsdn="true" />
      <HelpTopic name="UseJournalQueue" link="ms-help://MS.NETFrameworkSDKv1.1/cpref/html/frlrfsystemmessagingmessagequeueclassUseJournalQueueTopic.htm" ismsdn="true" />
      <HelpTopic name="WriteHandle" link="ms-help://MS.NETFrameworkSDKv1.1/cpref/html/frlrfsystemmessagingmessagequeueclassWriteHandleTopic.htm" ismsdn="true" />
    </HelpFolder>
    <HelpFolder name="Events" link="ms-help://MS.NETFrameworkSDKv1.1/cpref/html/frlrfsystemmessagingmessagequeueEventsTopic.htm" ismsdn="true">
      <HelpTopic name="PeekCompleted" link="ms-help://MS.NETFrameworkSDKv1.1/cpref/html/frlrfsystemmessagingmessagequeueclassPeekCompletedTopic.htm" ismsdn="true" />
      <HelpTopic name="ReceiveCompleted" link="ms-help://MS.NETFrameworkSDKv1.1/cpref/html/frlrfsystemmessagingmessagequeueclassReceiveCompletedTopic.htm" ismsdn="true" />
    </HelpFolder>
  </HelpFolder>
  <HelpFolder name="MessageQueueAccessControlEntry class" link="ms-help://MS.NETFrameworkSDKv1.1/cpref/html/frlrfsystemmessagingmessagequeueaccesscontrolentryClassTopic.htm" ismsdn="true">
    <HelpTopic name="MessageQueueAccessControlEntry members" link="ms-help://MS.NETFrameworkSDKv1.1/cpref/html/frlrfsystemmessagingmessagequeueaccesscontrolentryMembersTopic.htm" ismsdn="true" />
    <HelpFolder name="Constructors" link="ms-help://MS.NETFrameworkSDKv1.1/cpref/html/frlrfsystemmessagingmessagequeueaccesscontrolentryclassctorTopic.htm" ismsdn="true">
      <HelpTopic name=".ctor(System.Messaging.Trustee, System.Messaging.MessageQueueAccessRights)" link="ms-help://MS.NETFrameworkSDKv1.1/cpref/html/frlrfsystemmessagingmessagequeueaccesscontrolentryclassctorTopic1.htm" ismsdn="true" />
      <HelpTopic name=".ctor(System.Messaging.Trustee, System.Messaging.MessageQueueAccessRights, System.Messaging.AccessControlEntryType)" link="ms-help://MS.NETFrameworkSDKv1.1/cpref/html/frlrfsystemmessagingmessagequeueaccesscontrolentryclassctorTopic1.htm" ismsdn="true" />
    </HelpFolder>
    <HelpFolder name="Properties" link="ms-help://MS.NETFrameworkSDKv1.1/cpref/html/frlrfsystemmessagingmessagequeueaccesscontrolentryPropertiesTopic.htm" ismsdn="true">
      <HelpTopic name="MessageQueueAccessRights" link="ms-help://MS.NETFrameworkSDKv1.1/cpref/html/frlrfsystemmessagingmessagequeueaccesscontrolentryclassMessageQueueAccessRightsTopic.htm" ismsdn="true" />
    </HelpFolder>
  </HelpFolder>
  <HelpTopic name="MessageQueueAccessRights enumeration" link="ms-help://MS.NETFrameworkSDKv1.1/cpref/html/frlrfsystemmessagingmessagequeueaccessrightsClassTopic.htm" ismsdn="true" />
  <HelpFolder name="MessageQueueCriteria class" link="ms-help://MS.NETFrameworkSDKv1.1/cpref/html/frlrfsystemmessagingmessagequeuecriteriaClassTopic.htm" ismsdn="true">
    <HelpTopic name="MessageQueueCriteria members" link="ms-help://MS.NETFrameworkSDKv1.1/cpref/html/frlrfsystemmessagingmessagequeuecriteriaMembersTopic.htm" ismsdn="true" />
    <HelpFolder name="Constructors" link="ms-help://MS.NETFrameworkSDKv1.1/cpref/html/frlrfsystemmessagingmessagequeuecriteriaclassctorTopic.htm" ismsdn="true">
      <HelpTopic name=".ctor()" link="ms-help://MS.NETFrameworkSDKv1.1/cpref/html/frlrfsystemmessagingmessagequeuecriteriaclassctorTopic.htm" ismsdn="true" />
    </HelpFolder>
    <HelpFolder name="Methods" link="ms-help://MS.NETFrameworkSDKv1.1/cpref/html/frlrfsystemmessagingmessagequeuecriteriaMethodsTopic.htm" ismsdn="true">
      <HelpTopic name="ClearAll()" link="ms-help://MS.NETFrameworkSDKv1.1/cpref/html/frlrfsystemmessagingmessagequeuecriteriaclassClearAllTopic.htm" ismsdn="true" />
    </HelpFolder>
    <HelpFolder name="Properties" link="ms-help://MS.NETFrameworkSDKv1.1/cpref/html/frlrfsystemmessagingmessagequeuecriteriaPropertiesTopic.htm" ismsdn="true">
      <HelpTopic name="CreatedAfter" link="ms-help://MS.NETFrameworkSDKv1.1/cpref/html/frlrfsystemmessagingmessagequeuecriteriaclassCreatedAfterTopic.htm" ismsdn="true" />
      <HelpTopic name="CreatedBefore" link="ms-help://MS.NETFrameworkSDKv1.1/cpref/html/frlrfsystemmessagingmessagequeuecriteriaclassCreatedBeforeTopic.htm" ismsdn="true" />
      <HelpTopic name="Label" link="ms-help://MS.NETFrameworkSDKv1.1/cpref/html/frlrfsystemmessagingmessagequeuecriteriaclassLabelTopic.htm" ismsdn="true" />
      <HelpTopic name="MachineName" link="ms-help://MS.NETFrameworkSDKv1.1/cpref/html/frlrfsystemmessagingmessagequeuecriteriaclassMachineNameTopic.htm" ismsdn="true" />
      <HelpTopic name="ModifiedAfter" link="ms-help://MS.NETFrameworkSDKv1.1/cpref/html/frlrfsystemmessagingmessagequeuecriteriaclassModifiedAfterTopic.htm" ismsdn="true" />
      <HelpTopic name="ModifiedBefore" link="ms-help://MS.NETFrameworkSDKv1.1/cpref/html/frlrfsystemmessagingmessagequeuecriteriaclassModifiedBeforeTopic.htm" ismsdn="true" />
      <HelpTopic name="Category" link="ms-help://MS.NETFrameworkSDKv1.1/cpref/html/frlrfsystemmessagingmessagequeuecriteriaclassCategoryTopic.htm" ismsdn="true" />
    </HelpFolder>
  </HelpFolder>
  <HelpFolder name="MessageQueueEnumerator class" link="ms-help://MS.NETFrameworkSDKv1.1/cpref/html/frlrfsystemmessagingmessagequeueenumeratorClassTopic.htm" ismsdn="true">
    <HelpTopic name="MessageQueueEnumerator members" link="ms-help://MS.NETFrameworkSDKv1.1/cpref/html/frlrfsystemmessagingmessagequeueenumeratorMembersTopic.htm" ismsdn="true" />
    <HelpFolder name="Methods" link="ms-help://MS.NETFrameworkSDKv1.1/cpref/html/frlrfsystemmessagingmessagequeueenumeratorMethodsTopic.htm" ismsdn="true">
      <HelpTopic name="Close()" link="ms-help://MS.NETFrameworkSDKv1.1/cpref/html/frlrfsystemmessagingmessagequeueenumeratorclassCloseTopic.htm" ismsdn="true" />
      <HelpTopic name="Dispose()" link="ms-help://MS.NETFrameworkSDKv1.1/cpref/html/frlrfsystemmessagingmessagequeueenumeratorclassDisposeTopic.htm" ismsdn="true" />
      <HelpTopic name="MoveNext()" link="ms-help://MS.NETFrameworkSDKv1.1/cpref/html/frlrfsystemmessagingmessagequeueenumeratorclassMoveNextTopic.htm" ismsdn="true" />
      <HelpTopic name="Reset()" link="ms-help://MS.NETFrameworkSDKv1.1/cpref/html/frlrfsystemmessagingmessagequeueenumeratorclassResetTopic.htm" ismsdn="true" />
    </HelpFolder>
    <HelpFolder name="Properties" link="ms-help://MS.NETFrameworkSDKv1.1/cpref/html/frlrfsystemmessagingmessagequeueenumeratorPropertiesTopic.htm" ismsdn="true">
      <HelpTopic name="Current" link="ms-help://MS.NETFrameworkSDKv1.1/cpref/html/frlrfsystemmessagingmessagequeueenumeratorclassCurrentTopic.htm" ismsdn="true" />
      <HelpTopic name="LocatorHandle" link="ms-help://MS.NETFrameworkSDKv1.1/cpref/html/frlrfsystemmessagingmessagequeueenumeratorclassLocatorHandleTopic.htm" ismsdn="true" />
    </HelpFolder>
  </HelpFolder>
  <HelpTopic name="MessageQueueErrorCode enumeration" link="ms-help://MS.NETFrameworkSDKv1.1/cpref/html/frlrfsystemmessagingmessagequeueerrorcodeClassTopic.htm" ismsdn="true" />
  <HelpFolder name="MessageQueueException class" link="ms-help://MS.NETFrameworkSDKv1.1/cpref/html/frlrfsystemmessagingmessagequeueexceptionClassTopic.htm" ismsdn="true">
    <HelpTopic name="MessageQueueException members" link="ms-help://MS.NETFrameworkSDKv1.1/cpref/html/frlrfsystemmessagingmessagequeueexceptionMembersTopic.htm" ismsdn="true" />
    <HelpFolder name="Methods" link="ms-help://MS.NETFrameworkSDKv1.1/cpref/html/frlrfsystemmessagingmessagequeueexceptionMethodsTopic.htm" ismsdn="true">
      <HelpTopic name="GetObjectData(System.Runtime.Serialization.SerializationInfo, System.Runtime.Serialization.StreamingContext)" link="ms-help://MS.NETFrameworkSDKv1.1/cpref/html/frlrfsystemmessagingmessagequeueexceptionclassGetObjectDataTopic.htm" ismsdn="true" />
    </HelpFolder>
    <HelpFolder name="Properties" link="ms-help://MS.NETFrameworkSDKv1.1/cpref/html/frlrfsystemmessagingmessagequeueexceptionPropertiesTopic.htm" ismsdn="true">
      <HelpTopic name="MessageQueueErrorCode" link="ms-help://MS.NETFrameworkSDKv1.1/cpref/html/frlrfsystemmessagingmessagequeueexceptionclassMessageQueueErrorCodeTopic.htm" ismsdn="true" />
      <HelpTopic name="Message" link="ms-help://MS.NETFrameworkSDKv1.1/cpref/html/frlrfsystemmessagingmessagequeueexceptionclassMessageTopic.htm" ismsdn="true" />
    </HelpFolder>
  </HelpFolder>
  <HelpFolder name="MessageQueueInstaller class" link="ms-help://MS.NETFrameworkSDKv1.1/cpref/html/frlrfsystemmessagingmessagequeueinstallerClassTopic.htm" ismsdn="true">
    <HelpTopic name="MessageQueueInstaller members" link="ms-help://MS.NETFrameworkSDKv1.1/cpref/html/frlrfsystemmessagingmessagequeueinstallerMembersTopic.htm" ismsdn="true" />
    <HelpFolder name="Constructors" link="ms-help://MS.NETFrameworkSDKv1.1/cpref/html/frlrfsystemmessagingmessagequeueinstallerclassctorTopic.htm" ismsdn="true">
      <HelpTopic name=".ctor()" link="ms-help://MS.NETFrameworkSDKv1.1/cpref/html/frlrfsystemmessagingmessagequeueinstallerclassctorTopic1.htm" ismsdn="true" />
      <HelpTopic name=".ctor(System.Messaging.MessageQueue)" link="ms-help://MS.NETFrameworkSDKv1.1/cpref/html/frlrfsystemmessagingmessagequeueinstallerclassctorTopic1.htm" ismsdn="true" />
    </HelpFolder>
    <HelpFolder name="Methods" link="ms-help://MS.NETFrameworkSDKv1.1/cpref/html/frlrfsystemmessagingmessagequeueinstallerMethodsTopic.htm" ismsdn="true">
      <HelpTopic name="Commit(System.Collections.IDictionary)" link="ms-help://MS.NETFrameworkSDKv1.1/cpref/html/frlrfsystemmessagingmessagequeueinstallerclassCommitTopic.htm" ismsdn="true" />
      <HelpTopic name="CopyFromComponent(System.ComponentModel.IComponent)" link="ms-help://MS.NETFrameworkSDKv1.1/cpref/html/frlrfsystemmessagingmessagequeueinstallerclassCopyFromComponentTopic.htm" ismsdn="true" />
      <HelpTopic name="Install(System.Collections.IDictionary)" link="ms-help://MS.NETFrameworkSDKv1.1/cpref/html/frlrfsystemmessagingmessagequeueinstallerclassInstallTopic.htm" ismsdn="true" />
      <HelpTopic name="IsEquivalentInstaller(System.Configuration.Install.ComponentInstaller)" link="ms-help://MS.NETFrameworkSDKv1.1/cpref/html/frlrfsystemmessagingmessagequeueinstallerclassIsEquivalentInstallerTopic.htm" ismsdn="true" />
      <HelpTopic name="Rollback(System.Collections.IDictionary)" link="ms-help://MS.NETFrameworkSDKv1.1/cpref/html/frlrfsystemmessagingmessagequeueinstallerclassRollbackTopic.htm" ismsdn="true" />
      <HelpTopic name="Uninstall(System.Collections.IDictionary)" link="ms-help://MS.NETFrameworkSDKv1.1/cpref/html/frlrfsystemmessagingmessagequeueinstallerclassUninstallTopic.htm" ismsdn="true" />
    </HelpFolder>
    <HelpFolder name="Properties" link="ms-help://MS.NETFrameworkSDKv1.1/cpref/html/frlrfsystemmessagingmessagequeueinstallerPropertiesTopic.htm" ismsdn="true">
      <HelpTopic name="Authenticate" link="ms-help://MS.NETFrameworkSDKv1.1/cpref/html/frlrfsystemmessagingmessagequeueinstallerclassAuthenticateTopic.htm" ismsdn="true" />
      <HelpTopic name="BasePriority" link="ms-help://MS.NETFrameworkSDKv1.1/cpref/html/frlrfsystemmessagingmessagequeueinstallerclassBasePriorityTopic.htm" ismsdn="true" />
      <HelpTopic name="Category" link="ms-help://MS.NETFrameworkSDKv1.1/cpref/html/frlrfsystemmessagingmessagequeueinstallerclassCategoryTopic.htm" ismsdn="true" />
      <HelpTopic name="EncryptionRequired" link="ms-help://MS.NETFrameworkSDKv1.1/cpref/html/frlrfsystemmessagingmessagequeueinstallerclassEncryptionRequiredTopic.htm" ismsdn="true" />
      <HelpTopic name="Label" link="ms-help://MS.NETFrameworkSDKv1.1/cpref/html/frlrfsystemmessagingmessagequeueinstallerclassLabelTopic.htm" ismsdn="true" />
      <HelpTopic name="MaximumJournalSize" link="ms-help://MS.NETFrameworkSDKv1.1/cpref/html/frlrfsystemmessagingmessagequeueinstallerclassMaximumJournalSizeTopic.htm" ismsdn="true" />
      <HelpTopic name="MaximumQueueSize" link="ms-help://MS.NETFrameworkSDKv1.1/cpref/html/frlrfsystemmessagingmessagequeueinstallerclassMaximumQueueSizeTopic.htm" ismsdn="true" />
      <HelpTopic name="MulticastAddress" link="ms-help://MS.NETFrameworkSDKv1.1/cpref/html/frlrfsystemmessagingmessagequeueinstallerclassMulticastAddressTopic.htm" ismsdn="true" />
      <HelpTopic name="Path" link="ms-help://MS.NETFrameworkSDKv1.1/cpref/html/frlrfsystemmessagingmessagequeueinstallerclassPathTopic.htm" ismsdn="true" />
      <HelpTopic name="Permissions" link="ms-help://MS.NETFrameworkSDKv1.1/cpref/html/frlrfsystemmessagingmessagequeueinstallerclassPermissionsTopic.htm" ismsdn="true" />
      <HelpTopic name="Transactional" link="ms-help://MS.NETFrameworkSDKv1.1/cpref/html/frlrfsystemmessagingmessagequeueinstallerclassTransactionalTopic.htm" ismsdn="true" />
      <HelpTopic name="UninstallAction" link="ms-help://MS.NETFrameworkSDKv1.1/cpref/html/frlrfsystemmessagingmessagequeueinstallerclassUninstallActionTopic.htm" ismsdn="true" />
      <HelpTopic name="UseJournalQueue" link="ms-help://MS.NETFrameworkSDKv1.1/cpref/html/frlrfsystemmessagingmessagequeueinstallerclassUseJournalQueueTopic.htm" ismsdn="true" />
    </HelpFolder>
  </HelpFolder>
  <HelpFolder name="MessageQueuePermission class" link="ms-help://MS.NETFrameworkSDKv1.1/cpref/html/frlrfsystemmessagingmessagequeuepermissionClassTopic.htm" ismsdn="true">
    <HelpTopic name="MessageQueuePermission members" link="ms-help://MS.NETFrameworkSDKv1.1/cpref/html/frlrfsystemmessagingmessagequeuepermissionMembersTopic.htm" ismsdn="true" />
    <HelpFolder name="Constructors" link="ms-help://MS.NETFrameworkSDKv1.1/cpref/html/frlrfsystemmessagingmessagequeuepermissionclassctorTopic.htm" ismsdn="true">
      <HelpTopic name=".ctor()" link="ms-help://MS.NETFrameworkSDKv1.1/cpref/html/frlrfsystemmessagingmessagequeuepermissionclassctorTopic1.htm" ismsdn="true" />
      <HelpTopic name=".ctor(System.Security.Permissions.PermissionState)" link="ms-help://MS.NETFrameworkSDKv1.1/cpref/html/frlrfsystemmessagingmessagequeuepermissionclassctorTopic1.htm" ismsdn="true" />
      <HelpTopic name=".ctor(System.Messaging.MessageQueuePermissionAccess, System.String)" link="ms-help://MS.NETFrameworkSDKv1.1/cpref/html/frlrfsystemmessagingmessagequeuepermissionclassctorTopic2.htm" ismsdn="true" />
      <HelpTopic name=".ctor(System.Messaging.MessageQueuePermissionAccess, System.String, System.String, System.String)" link="ms-help://MS.NETFrameworkSDKv1.1/cpref/html/frlrfsystemmessagingmessagequeuepermissionclassctorTopic3.htm" ismsdn="true" />
      <HelpTopic name=".ctor(System.Messaging.MessageQueuePermissionEntry[])" link="ms-help://MS.NETFrameworkSDKv1.1/cpref/html/frlrfsystemmessagingmessagequeuepermissionclassctorTopic4.htm" ismsdn="true" />
    </HelpFolder>
    <HelpFolder name="Methods" link="ms-help://MS.NETFrameworkSDKv1.1/cpref/html/frlrfsystemmessagingmessagequeuepermissionMethodsTopic.htm" ismsdn="true">
      <HelpTopic name="Copy()" link="ms-help://MS.NETFrameworkSDKv1.1/cpref/html/frlrfsystemmessagingmessagequeuepermissionclassCopyTopic.htm" ismsdn="true" />
      <HelpTopic name="FromXml(System.Security.SecurityElement)" link="ms-help://MS.NETFrameworkSDKv1.1/cpref/html/frlrfsystemmessagingmessagequeuepermissionclassFromXmlTopic.htm" ismsdn="true" />
      <HelpTopic name="Intersect(System.Security.IPermission)" link="ms-help://MS.NETFrameworkSDKv1.1/cpref/html/frlrfsystemmessagingmessagequeuepermissionclassIntersectTopic.htm" ismsdn="true" />
      <HelpTopic name="IsSubsetOf(System.Security.IPermission)" link="ms-help://MS.NETFrameworkSDKv1.1/cpref/html/frlrfsystemmessagingmessagequeuepermissionclassIsSubsetOfTopic.htm" ismsdn="true" />
      <HelpTopic name="IsUnrestricted()" link="ms-help://MS.NETFrameworkSDKv1.1/cpref/html/frlrfsystemmessagingmessagequeuepermissionclassIsUnrestrictedTopic.htm" ismsdn="true" />
      <HelpTopic name="ToXml()" link="ms-help://MS.NETFrameworkSDKv1.1/cpref/html/frlrfsystemmessagingmessagequeuepermissionclassToXmlTopic.htm" ismsdn="true" />
      <HelpTopic name="Union(System.Security.IPermission)" link="ms-help://MS.NETFrameworkSDKv1.1/cpref/html/frlrfsystemmessagingmessagequeuepermissionclassUnionTopic.htm" ismsdn="true" />
    </HelpFolder>
    <HelpFolder name="Properties" link="ms-help://MS.NETFrameworkSDKv1.1/cpref/html/frlrfsystemmessagingmessagequeuepermissionPropertiesTopic.htm" ismsdn="true">
      <HelpTopic name="PermissionEntries" link="ms-help://MS.NETFrameworkSDKv1.1/cpref/html/frlrfsystemmessagingmessagequeuepermissionclassPermissionEntriesTopic.htm" ismsdn="true" />
    </HelpFolder>
  </HelpFolder>
  <HelpTopic name="MessageQueuePermissionAccess enumeration" link="ms-help://MS.NETFrameworkSDKv1.1/cpref/html/frlrfsystemmessagingmessagequeuepermissionaccessClassTopic.htm" ismsdn="true" />
  <HelpFolder name="MessageQueuePermissionAttribute class" link="ms-help://MS.NETFrameworkSDKv1.1/cpref/html/frlrfsystemmessagingmessagequeuepermissionattributeClassTopic.htm" ismsdn="true">
    <HelpTopic name="MessageQueuePermissionAttribute members" link="ms-help://MS.NETFrameworkSDKv1.1/cpref/html/frlrfsystemmessagingmessagequeuepermissionattributeMembersTopic.htm" ismsdn="true" />
    <HelpFolder name="Constructors" link="ms-help://MS.NETFrameworkSDKv1.1/cpref/html/frlrfsystemmessagingmessagequeuepermissionattributeclassctorTopic.htm" ismsdn="true">
      <HelpTopic name=".ctor(System.Security.Permissions.SecurityAction)" link="ms-help://MS.NETFrameworkSDKv1.1/cpref/html/frlrfsystemmessagingmessagequeuepermissionattributeclassctorTopic.htm" ismsdn="true" />
    </HelpFolder>
    <HelpFolder name="Methods" link="ms-help://MS.NETFrameworkSDKv1.1/cpref/html/frlrfsystemmessagingmessagequeuepermissionattributeMethodsTopic.htm" ismsdn="true">
      <HelpTopic name="CreatePermission()" link="ms-help://MS.NETFrameworkSDKv1.1/cpref/html/frlrfsystemmessagingmessagequeuepermissionattributeclassCreatePermissionTopic.htm" ismsdn="true" />
    </HelpFolder>
    <HelpFolder name="Properties" link="ms-help://MS.NETFrameworkSDKv1.1/cpref/html/frlrfsystemmessagingmessagequeuepermissionattributePropertiesTopic.htm" ismsdn="true">
      <HelpTopic name="Category" link="ms-help://MS.NETFrameworkSDKv1.1/cpref/html/frlrfsystemmessagingmessagequeuepermissionattributeclassCategoryTopic.htm" ismsdn="true" />
      <HelpTopic name="Label" link="ms-help://MS.NETFrameworkSDKv1.1/cpref/html/frlrfsystemmessagingmessagequeuepermissionattributeclassLabelTopic.htm" ismsdn="true" />
      <HelpTopic name="MachineName" link="ms-help://MS.NETFrameworkSDKv1.1/cpref/html/frlrfsystemmessagingmessagequeuepermissionattributeclassMachineNameTopic.htm" ismsdn="true" />
      <HelpTopic name="Path" link="ms-help://MS.NETFrameworkSDKv1.1/cpref/html/frlrfsystemmessagingmessagequeuepermissionattributeclassPathTopic.htm" ismsdn="true" />
      <HelpTopic name="PermissionAccess" link="ms-help://MS.NETFrameworkSDKv1.1/cpref/html/frlrfsystemmessagingmessagequeuepermissionattributeclassPermissionAccessTopic.htm" ismsdn="true" />
    </HelpFolder>
  </HelpFolder>
  <HelpFolder name="MessageQueuePermissionEntry class" link="ms-help://MS.NETFrameworkSDKv1.1/cpref/html/frlrfsystemmessagingmessagequeuepermissionentryClassTopic.htm" ismsdn="true">
    <HelpTopic name="MessageQueuePermissionEntry members" link="ms-help://MS.NETFrameworkSDKv1.1/cpref/html/frlrfsystemmessagingmessagequeuepermissionentryMembersTopic.htm" ismsdn="true" />
    <HelpFolder name="Constructors" link="ms-help://MS.NETFrameworkSDKv1.1/cpref/html/frlrfsystemmessagingmessagequeuepermissionentryclassctorTopic.htm" ismsdn="true">
      <HelpTopic name=".ctor(System.Messaging.MessageQueuePermissionAccess, System.String)" link="ms-help://MS.NETFrameworkSDKv1.1/cpref/html/frlrfsystemmessagingmessagequeuepermissionentryclassctorTopic1.htm" ismsdn="true" />
      <HelpTopic name=".ctor(System.Messaging.MessageQueuePermissionAccess, System.String, System.String, System.String)" link="ms-help://MS.NETFrameworkSDKv1.1/cpref/html/frlrfsystemmessagingmessagequeuepermissionentryclassctorTopic1.htm" ismsdn="true" />
    </HelpFolder>
    <HelpFolder name="Properties" link="ms-help://MS.NETFrameworkSDKv1.1/cpref/html/frlrfsystemmessagingmessagequeuepermissionentryPropertiesTopic.htm" ismsdn="true">
      <HelpTopic name="Category" link="ms-help://MS.NETFrameworkSDKv1.1/cpref/html/frlrfsystemmessagingmessagequeuepermissionentryclassCategoryTopic.htm" ismsdn="true" />
      <HelpTopic name="Label" link="ms-help://MS.NETFrameworkSDKv1.1/cpref/html/frlrfsystemmessagingmessagequeuepermissionentryclassLabelTopic.htm" ismsdn="true" />
      <HelpTopic name="MachineName" link="ms-help://MS.NETFrameworkSDKv1.1/cpref/html/frlrfsystemmessagingmessagequeuepermissionentryclassMachineNameTopic.htm" ismsdn="true" />
      <HelpTopic name="Path" link="ms-help://MS.NETFrameworkSDKv1.1/cpref/html/frlrfsystemmessagingmessagequeuepermissionentryclassPathTopic.htm" ismsdn="true" />
      <HelpTopic name="PermissionAccess" link="ms-help://MS.NETFrameworkSDKv1.1/cpref/html/frlrfsystemmessagingmessagequeuepermissionentryclassPermissionAccessTopic.htm" ismsdn="true" />
    </HelpFolder>
  </HelpFolder>
  <HelpFolder name="MessageQueuePermissionEntryCollection class" link="ms-help://MS.NETFrameworkSDKv1.1/cpref/html/frlrfsystemmessagingmessagequeuepermissionentrycollectionClassTopic.htm" ismsdn="true">
    <HelpTopic name="MessageQueuePermissionEntryCollection members" link="ms-help://MS.NETFrameworkSDKv1.1/cpref/html/frlrfsystemmessagingmessagequeuepermissionentrycollectionMembersTopic.htm" ismsdn="true" />
    <HelpFolder name="Methods" link="ms-help://MS.NETFrameworkSDKv1.1/cpref/html/frlrfsystemmessagingmessagequeuepermissionentrycollectionMethodsTopic.htm" ismsdn="true">
      <HelpTopic name="Add(System.Messaging.MessageQueuePermissionEntry)" link="ms-help://MS.NETFrameworkSDKv1.1/cpref/html/frlrfsystemmessagingmessagequeuepermissionentrycollectionclassAddTopic.htm" ismsdn="true" />
      <HelpTopic name="AddRange(System.Messaging.MessageQueuePermissionEntry[])" link="ms-help://MS.NETFrameworkSDKv1.1/cpref/html/frlrfsystemmessagingmessagequeuepermissionentrycollectionclassAddRangeTopic1.htm" ismsdn="true" />
      <HelpTopic name="AddRange(System.Messaging.MessageQueuePermissionEntryCollection)" link="ms-help://MS.NETFrameworkSDKv1.1/cpref/html/frlrfsystemmessagingmessagequeuepermissionentrycollectionclassAddRangeTopic2.htm" ismsdn="true" />
      <HelpTopic name="Contains(System.Messaging.MessageQueuePermissionEntry)" link="ms-help://MS.NETFrameworkSDKv1.1/cpref/html/frlrfsystemmessagingmessagequeuepermissionentrycollectionclassContainsTopic.htm" ismsdn="true" />
      <HelpTopic name="CopyTo(System.Messaging.MessageQueuePermissionEntry[], System.Int32)" link="ms-help://MS.NETFrameworkSDKv1.1/cpref/html/frlrfsystemmessagingmessagequeuepermissionentrycollectionclassCopyToTopic.htm" ismsdn="true" />
      <HelpTopic name="IndexOf(System.Messaging.MessageQueuePermissionEntry)" link="ms-help://MS.NETFrameworkSDKv1.1/cpref/html/frlrfsystemmessagingmessagequeuepermissionentrycollectionclassIndexOfTopic.htm" ismsdn="true" />
      <HelpTopic name="Insert(System.Int32, System.Messaging.MessageQueuePermissionEntry)" link="ms-help://MS.NETFrameworkSDKv1.1/cpref/html/frlrfsystemmessagingmessagequeuepermissionentrycollectionclassInsertTopic.htm" ismsdn="true" />
      <HelpTopic name="Remove(System.Messaging.MessageQueuePermissionEntry)" link="ms-help://MS.NETFrameworkSDKv1.1/cpref/html/frlrfsystemmessagingmessagequeuepermissionentrycollectionclassRemoveTopic.htm" ismsdn="true" />
    </HelpFolder>
    <HelpFolder name="Properties" link="ms-help://MS.NETFrameworkSDKv1.1/cpref/html/frlrfsystemmessagingmessagequeuepermissionentrycollectionPropertiesTopic.htm" ismsdn="true">
      <HelpTopic name="Item" link="ms-help://MS.NETFrameworkSDKv1.1/cpref/html/frlrfsystemmessagingmessagequeuepermissionentrycollectionclassItemTopic.htm" ismsdn="true" />
    </HelpFolder>
  </HelpFolder>
  <HelpFolder name="MessageQueueTransaction class" link="ms-help://MS.NETFrameworkSDKv1.1/cpref/html/frlrfsystemmessagingmessagequeuetransactionClassTopic.htm" ismsdn="true">
    <HelpTopic name="MessageQueueTransaction members" link="ms-help://MS.NETFrameworkSDKv1.1/cpref/html/frlrfsystemmessagingmessagequeuetransactionMembersTopic.htm" ismsdn="true" />
    <HelpFolder name="Constructors" link="ms-help://MS.NETFrameworkSDKv1.1/cpref/html/frlrfsystemmessagingmessagequeuetransactionclassctorTopic.htm" ismsdn="true">
      <HelpTopic name=".ctor()" link="ms-help://MS.NETFrameworkSDKv1.1/cpref/html/frlrfsystemmessagingmessagequeuetransactionclassctorTopic.htm" ismsdn="true" />
    </HelpFolder>
    <HelpFolder name="Methods" link="ms-help://MS.NETFrameworkSDKv1.1/cpref/html/frlrfsystemmessagingmessagequeuetransactionMethodsTopic.htm" ismsdn="true">
      <HelpTopic name="Abort()" link="ms-help://MS.NETFrameworkSDKv1.1/cpref/html/frlrfsystemmessagingmessagequeuetransactionclassAbortTopic.htm" ismsdn="true" />
      <HelpTopic name="Begin()" link="ms-help://MS.NETFrameworkSDKv1.1/cpref/html/frlrfsystemmessagingmessagequeuetransactionclassBeginTopic.htm" ismsdn="true" />
      <HelpTopic name="Commit()" link="ms-help://MS.NETFrameworkSDKv1.1/cpref/html/frlrfsystemmessagingmessagequeuetransactionclassCommitTopic.htm" ismsdn="true" />
      <HelpTopic name="Dispose()" link="ms-help://MS.NETFrameworkSDKv1.1/cpref/html/frlrfsystemmessagingmessagequeuetransactionclassDisposeTopic.htm" ismsdn="true" />
    </HelpFolder>
    <HelpFolder name="Properties" link="ms-help://MS.NETFrameworkSDKv1.1/cpref/html/frlrfsystemmessagingmessagequeuetransactionPropertiesTopic.htm" ismsdn="true">
      <HelpTopic name="Status" link="ms-help://MS.NETFrameworkSDKv1.1/cpref/html/frlrfsystemmessagingmessagequeuetransactionclassStatusTopic.htm" ismsdn="true" />
    </HelpFolder>
  </HelpFolder>
  <HelpTopic name="MessageQueueTransactionStatus enumeration" link="ms-help://MS.NETFrameworkSDKv1.1/cpref/html/frlrfsystemmessagingmessagequeuetransactionstatusClassTopic.htm" ismsdn="true" />
  <HelpTopic name="MessageQueueTransactionType enumeration" link="ms-help://MS.NETFrameworkSDKv1.1/cpref/html/frlrfsystemmessagingmessagequeuetransactiontypeClassTopic.htm" ismsdn="true" />
  <HelpTopic name="MessageType enumeration" link="ms-help://MS.NETFrameworkSDKv1.1/cpref/html/frlrfsystemmessagingmessagetypeClassTopic.htm" ismsdn="true" />
  <HelpFolder name="MessagingDescriptionAttribute class" link="ms-help://MS.NETFrameworkSDKv1.1/cpref/html/frlrfsystemmessagingmessagingdescriptionattributeClassTopic.htm" ismsdn="true">
    <HelpTopic name="MessagingDescriptionAttribute members" link="ms-help://MS.NETFrameworkSDKv1.1/cpref/html/frlrfsystemmessagingmessagingdescriptionattributeMembersTopic.htm" ismsdn="true" />
    <HelpFolder name="Constructors" link="ms-help://MS.NETFrameworkSDKv1.1/cpref/html/frlrfsystemmessagingmessagingdescriptionattributeclassctorTopic.htm" ismsdn="true">
      <HelpTopic name=".ctor(System.String)" link="ms-help://MS.NETFrameworkSDKv1.1/cpref/html/frlrfsystemmessagingmessagingdescriptionattributeclassctorTopic.htm" ismsdn="true" />
    </HelpFolder>
    <HelpFolder name="Properties" link="ms-help://MS.NETFrameworkSDKv1.1/cpref/html/frlrfsystemmessagingmessagingdescriptionattributePropertiesTopic.htm" ismsdn="true">
      <HelpTopic name="Description" link="ms-help://MS.NETFrameworkSDKv1.1/cpref/html/frlrfsystemmessagingmessagingdescriptionattributeclassDescriptionTopic.htm" ismsdn="true" />
    </HelpFolder>
  </HelpFolder>
  <HelpTopic name="PeekAction enumeration" link="ms-help://MS.NETFrameworkSDKv1.1/cpref/html/frlrfsystemmessagingpeekactionClassTopic.htm" ismsdn="true" />
  <HelpFolder name="PeekCompletedEventArgs class" link="ms-help://MS.NETFrameworkSDKv1.1/cpref/html/frlrfsystemmessagingpeekcompletedeventargsClassTopic.htm" ismsdn="true">
    <HelpTopic name="PeekCompletedEventArgs members" link="ms-help://MS.NETFrameworkSDKv1.1/cpref/html/frlrfsystemmessagingpeekcompletedeventargsMembersTopic.htm" ismsdn="true" />
    <HelpFolder name="Properties" link="ms-help://MS.NETFrameworkSDKv1.1/cpref/html/frlrfsystemmessagingpeekcompletedeventargsPropertiesTopic.htm" ismsdn="true">
      <HelpTopic name="AsyncResult" link="ms-help://MS.NETFrameworkSDKv1.1/cpref/html/frlrfsystemmessagingpeekcompletedeventargsclassAsyncResultTopic.htm" ismsdn="true" />
      <HelpTopic name="Message" link="ms-help://MS.NETFrameworkSDKv1.1/cpref/html/frlrfsystemmessagingpeekcompletedeventargsclassMessageTopic.htm" ismsdn="true" />
    </HelpFolder>
  </HelpFolder>
  <HelpTopic name="PeekCompletedEventHandler delegate" link="ms-help://MS.NETFrameworkSDKv1.1/cpref/html/frlrfsystemmessagingpeekcompletedeventhandlerClassTopic.htm" ismsdn="true" />
  <HelpTopic name="QueueAccessMode enumeration" link="ms-help://MS.NETFrameworkSDKv1.1/cpref/html/frlrfsystemmessagingqueueaccessmodeClassTopic.htm" ismsdn="true" />
  <HelpFolder name="ReceiveCompletedEventArgs class" link="ms-help://MS.NETFrameworkSDKv1.1/cpref/html/frlrfsystemmessagingreceivecompletedeventargsClassTopic.htm" ismsdn="true">
    <HelpTopic name="ReceiveCompletedEventArgs members" link="ms-help://MS.NETFrameworkSDKv1.1/cpref/html/frlrfsystemmessagingreceivecompletedeventargsMembersTopic.htm" ismsdn="true" />
    <HelpFolder name="Properties" link="ms-help://MS.NETFrameworkSDKv1.1/cpref/html/frlrfsystemmessagingreceivecompletedeventargsPropertiesTopic.htm" ismsdn="true">
      <HelpTopic name="AsyncResult" link="ms-help://MS.NETFrameworkSDKv1.1/cpref/html/frlrfsystemmessagingreceivecompletedeventargsclassAsyncResultTopic.htm" ismsdn="true" />
      <HelpTopic name="Message" link="ms-help://MS.NETFrameworkSDKv1.1/cpref/html/frlrfsystemmessagingreceivecompletedeventargsclassMessageTopic.htm" ismsdn="true" />
    </HelpFolder>
  </HelpFolder>
  <HelpTopic name="ReceiveCompletedEventHandler delegate" link="ms-help://MS.NETFrameworkSDKv1.1/cpref/html/frlrfsystemmessagingreceivecompletedeventhandlerClassTopic.htm" ismsdn="true" />
  <HelpFolder name="SecurityContext class" link="ms-help://MS.NETFrameworkSDKv1.1/cpref/html/frlrfsystemmessagingsecuritycontextClassTopic.htm" ismsdn="true">
    <HelpTopic name="SecurityContext members" link="ms-help://MS.NETFrameworkSDKv1.1/cpref/html/frlrfsystemmessagingsecuritycontextMembersTopic.htm" ismsdn="true" />
    <HelpFolder name="Methods" link="ms-help://MS.NETFrameworkSDKv1.1/cpref/html/frlrfsystemmessagingsecuritycontextMethodsTopic.htm" ismsdn="true">
      <HelpTopic name="Dispose()" link="ms-help://MS.NETFrameworkSDKv1.1/cpref/html/frlrfsystemmessagingsecuritycontextclassDisposeTopic.htm" ismsdn="true" />
    </HelpFolder>
  </HelpFolder>
  <HelpTopic name="StandardAccessRights enumeration" link="ms-help://MS.NETFrameworkSDKv1.1/cpref/html/frlrfsystemmessagingstandardaccessrightsClassTopic.htm" ismsdn="true" />
  <HelpFolder name="Trustee class" link="ms-help://MS.NETFrameworkSDKv1.1/cpref/html/frlrfsystemmessagingtrusteeClassTopic.htm" ismsdn="true">
    <HelpTopic name="Trustee members" link="ms-help://MS.NETFrameworkSDKv1.1/cpref/html/frlrfsystemmessagingtrusteeMembersTopic.htm" ismsdn="true" />
    <HelpFolder name="Constructors" link="ms-help://MS.NETFrameworkSDKv1.1/cpref/html/frlrfsystemmessagingtrusteeclassctorTopic.htm" ismsdn="true">
      <HelpTopic name=".ctor()" link="ms-help://MS.NETFrameworkSDKv1.1/cpref/html/frlrfsystemmessagingtrusteeclassctorTopic1.htm" ismsdn="true" />
      <HelpTopic name=".ctor(System.String)" link="ms-help://MS.NETFrameworkSDKv1.1/cpref/html/frlrfsystemmessagingtrusteeclassctorTopic1.htm" ismsdn="true" />
      <HelpTopic name=".ctor(System.String, System.String)" link="ms-help://MS.NETFrameworkSDKv1.1/cpref/html/frlrfsystemmessagingtrusteeclassctorTopic2.htm" ismsdn="true" />
      <HelpTopic name=".ctor(System.String, System.String, System.Messaging.TrusteeType)" link="ms-help://MS.NETFrameworkSDKv1.1/cpref/html/frlrfsystemmessagingtrusteeclassctorTopic3.htm" ismsdn="true" />
    </HelpFolder>
    <HelpFolder name="Properties" link="ms-help://MS.NETFrameworkSDKv1.1/cpref/html/frlrfsystemmessagingtrusteePropertiesTopic.htm" ismsdn="true">
      <HelpTopic name="Name" link="ms-help://MS.NETFrameworkSDKv1.1/cpref/html/frlrfsystemmessagingtrusteeclassNameTopic.htm" ismsdn="true" />
      <HelpTopic name="SystemName" link="ms-help://MS.NETFrameworkSDKv1.1/cpref/html/frlrfsystemmessagingtrusteeclassSystemNameTopic.htm" ismsdn="true" />
      <HelpTopic name="TrusteeType" link="ms-help://MS.NETFrameworkSDKv1.1/cpref/html/frlrfsystemmessagingtrusteeclassTrusteeTypeTopic.htm" ismsdn="true" />
    </HelpFolder>
  </HelpFolder>
  <HelpTopic name="TrusteeType enumeration" link="ms-help://MS.NETFrameworkSDKv1.1/cpref/html/frlrfsystemmessagingtrusteetypeClassTopic.htm" ismsdn="true" />
  <HelpFolder name="XmlMessageFormatter class" link="ms-help://MS.NETFrameworkSDKv1.1/cpref/html/frlrfsystemmessagingxmlmessageformatterClassTopic.htm" ismsdn="true">
    <HelpTopic name="XmlMessageFormatter members" link="ms-help://MS.NETFrameworkSDKv1.1/cpref/html/frlrfsystemmessagingxmlmessageformatterMembersTopic.htm" ismsdn="true" />
    <HelpFolder name="Constructors" link="ms-help://MS.NETFrameworkSDKv1.1/cpref/html/frlrfsystemmessagingxmlmessageformatterclassctorTopic.htm" ismsdn="true">
      <HelpTopic name=".ctor()" link="ms-help://MS.NETFrameworkSDKv1.1/cpref/html/frlrfsystemmessagingxmlmessageformatterclassctorTopic1.htm" ismsdn="true" />
      <HelpTopic name=".ctor(System.String[])" link="ms-help://MS.NETFrameworkSDKv1.1/cpref/html/frlrfsystemmessagingxmlmessageformatterclassctorTopic1.htm" ismsdn="true" />
      <HelpTopic name=".ctor(System.Type[])" link="ms-help://MS.NETFrameworkSDKv1.1/cpref/html/frlrfsystemmessagingxmlmessageformatterclassctorTopic2.htm" ismsdn="true" />
    </HelpFolder>
    <HelpFolder name="Methods" link="ms-help://MS.NETFrameworkSDKv1.1/cpref/html/frlrfsystemmessagingxmlmessageformatterMethodsTopic.htm" ismsdn="true">
      <HelpTopic name="CanRead(System.Messaging.Message)" link="ms-help://MS.NETFrameworkSDKv1.1/cpref/html/frlrfsystemmessagingxmlmessageformatterclassCanReadTopic.htm" ismsdn="true" />
      <HelpTopic name="Clone()" link="ms-help://MS.NETFrameworkSDKv1.1/cpref/html/frlrfsystemmessagingxmlmessageformatterclassCloneTopic.htm" ismsdn="true" />
      <HelpTopic name="Read(System.Messaging.Message)" link="ms-help://MS.NETFrameworkSDKv1.1/cpref/html/frlrfsystemmessagingxmlmessageformatterclassReadTopic.htm" ismsdn="true" />
      <HelpTopic name="Write(System.Messaging.Message, System.Object)" link="ms-help://MS.NETFrameworkSDKv1.1/cpref/html/frlrfsystemmessagingxmlmessageformatterclassWriteTopic.htm" ismsdn="true" />
    </HelpFolder>
    <HelpFolder name="Properties" link="ms-help://MS.NETFrameworkSDKv1.1/cpref/html/frlrfsystemmessagingxmlmessageformatterPropertiesTopic.htm" ismsdn="true">
      <HelpTopic name="TargetTypeNames" link="ms-help://MS.NETFrameworkSDKv1.1/cpref/html/frlrfsystemmessagingxmlmessageformatterclassTargetTypeNamesTopic.htm" ismsdn="true" />
      <HelpTopic name="TargetTypes" link="ms-help://MS.NETFrameworkSDKv1.1/cpref/html/frlrfsystemmessagingxmlmessageformatterclassTargetTypesTopic.htm" ismsdn="true" />
    </HelpFolder>
  </HelpFolder>
</HelpCollection>