<HelpCollection>
  <HelpFolder name="ActiveDesignerEventArgs class" link="ms-help://MS.NETFrameworkSDKv1.1/cpref/html/frlrfsystemcomponentmodeldesignactivedesignereventargsClassTopic.htm" ismsdn="true">
    <HelpTopic name="ActiveDesignerEventArgs members" link="ms-help://MS.NETFrameworkSDKv1.1/cpref/html/frlrfsystemcomponentmodeldesignactivedesignereventargsMembersTopic.htm" ismsdn="true" />
    <HelpFolder name="Constructors" link="ms-help://MS.NETFrameworkSDKv1.1/cpref/html/frlrfsystemcomponentmodeldesignactivedesignereventargsclassctorTopic.htm" ismsdn="true">
      <HelpTopic name=".ctor(System.ComponentModel.Design.IDesignerHost, System.ComponentModel.Design.IDesignerHost)" link="ms-help://MS.NETFrameworkSDKv1.1/cpref/html/frlrfsystemcomponentmodeldesignactivedesignereventargsclassctorTopic.htm" ismsdn="true" />
    </HelpFolder>
    <HelpFolder name="Properties" link="ms-help://MS.NETFrameworkSDKv1.1/cpref/html/frlrfsystemcomponentmodeldesignactivedesignereventargsPropertiesTopic.htm" ismsdn="true">
      <HelpTopic name="OldDesigner" link="ms-help://MS.NETFrameworkSDKv1.1/cpref/html/frlrfsystemcomponentmodeldesignactivedesignereventargsclassOldDesignerTopic.htm" ismsdn="true" />
      <HelpTopic name="NewDesigner" link="ms-help://MS.NETFrameworkSDKv1.1/cpref/html/frlrfsystemcomponentmodeldesignactivedesignereventargsclassNewDesignerTopic.htm" ismsdn="true" />
    </HelpFolder>
  </HelpFolder>
  <HelpTopic name="ActiveDesignerEventHandler delegate" link="ms-help://MS.NETFrameworkSDKv1.1/cpref/html/frlrfsystemcomponentmodeldesignactivedesignereventhandlerClassTopic.htm" ismsdn="true" />
  <HelpFolder name="ArrayEditor class" link="ms-help://MS.NETFrameworkSDKv1.1/cpref/html/frlrfsystemcomponentmodeldesignarrayeditorClassTopic.htm" ismsdn="true">
    <HelpTopic name="ArrayEditor members" link="ms-help://MS.NETFrameworkSDKv1.1/cpref/html/frlrfsystemcomponentmodeldesignarrayeditorMembersTopic.htm" ismsdn="true" />
    <HelpFolder name="Constructors" link="ms-help://MS.NETFrameworkSDKv1.1/cpref/html/frlrfsystemcomponentmodeldesignarrayeditorclassctorTopic.htm" ismsdn="true">
      <HelpTopic name=".ctor(System.Type)" link="ms-help://MS.NETFrameworkSDKv1.1/cpref/html/frlrfsystemcomponentmodeldesignarrayeditorclassctorTopic.htm" ismsdn="true" />
    </HelpFolder>
  </HelpFolder>
  <HelpFolder name="BinaryEditor class" link="ms-help://MS.NETFrameworkSDKv1.1/cpref/html/frlrfsystemcomponentmodeldesignbinaryeditorClassTopic.htm" ismsdn="true">
    <HelpTopic name="BinaryEditor members" link="ms-help://MS.NETFrameworkSDKv1.1/cpref/html/frlrfsystemcomponentmodeldesignbinaryeditorMembersTopic.htm" ismsdn="true" />
    <HelpFolder name="Constructors" link="ms-help://MS.NETFrameworkSDKv1.1/cpref/html/frlrfsystemcomponentmodeldesignbinaryeditorclassctorTopic.htm" ismsdn="true">
      <HelpTopic name=".ctor()" link="ms-help://MS.NETFrameworkSDKv1.1/cpref/html/frlrfsystemcomponentmodeldesignbinaryeditorclassctorTopic.htm" ismsdn="true" />
    </HelpFolder>
    <HelpFolder name="Methods" link="ms-help://MS.NETFrameworkSDKv1.1/cpref/html/frlrfsystemcomponentmodeldesignbinaryeditorMethodsTopic.htm" ismsdn="true">
      <HelpTopic name="GetEditStyle(System.ComponentModel.ITypeDescriptorContext)" link="ms-help://MS.NETFrameworkSDKv1.1/cpref/html/frlrfsystemcomponentmodeldesignbinaryeditorclassGetEditStyleTopic.htm" ismsdn="true" />
      <HelpTopic name="EditValue(System.ComponentModel.ITypeDescriptorContext, System.IServiceProvider, System.Object)" link="ms-help://MS.NETFrameworkSDKv1.1/cpref/html/frlrfsystemcomponentmodeldesignbinaryeditorclassEditValueTopic.htm" ismsdn="true" />
    </HelpFolder>
  </HelpFolder>
  <HelpFolder name="ByteViewer class" link="ms-help://MS.NETFrameworkSDKv1.1/cpref/html/frlrfsystemcomponentmodeldesignbyteviewerClassTopic.htm" ismsdn="true">
    <HelpTopic name="ByteViewer members" link="ms-help://MS.NETFrameworkSDKv1.1/cpref/html/frlrfsystemcomponentmodeldesignbyteviewerMembersTopic.htm" ismsdn="true" />
    <HelpFolder name="Constructors" link="ms-help://MS.NETFrameworkSDKv1.1/cpref/html/frlrfsystemcomponentmodeldesignbyteviewerclassctorTopic.htm" ismsdn="true">
      <HelpTopic name=".ctor()" link="ms-help://MS.NETFrameworkSDKv1.1/cpref/html/frlrfsystemcomponentmodeldesignbyteviewerclassctorTopic.htm" ismsdn="true" />
    </HelpFolder>
    <HelpFolder name="Methods" link="ms-help://MS.NETFrameworkSDKv1.1/cpref/html/frlrfsystemcomponentmodeldesignbyteviewerMethodsTopic.htm" ismsdn="true">
      <HelpTopic name="SetStartLine(System.Int32)" link="ms-help://MS.NETFrameworkSDKv1.1/cpref/html/frlrfsystemcomponentmodeldesignbyteviewerclassSetStartLineTopic.htm" ismsdn="true" />
      <HelpTopic name="SetFile(System.String)" link="ms-help://MS.NETFrameworkSDKv1.1/cpref/html/frlrfsystemcomponentmodeldesignbyteviewerclassSetFileTopic.htm" ismsdn="true" />
      <HelpTopic name="SetDisplayMode(System.ComponentModel.Design.DisplayMode)" link="ms-help://MS.NETFrameworkSDKv1.1/cpref/html/frlrfsystemcomponentmodeldesignbyteviewerclassSetDisplayModeTopic.htm" ismsdn="true" />
      <HelpTopic name="SetBytes(System.Byte[])" link="ms-help://MS.NETFrameworkSDKv1.1/cpref/html/frlrfsystemcomponentmodeldesignbyteviewerclassSetBytesTopic.htm" ismsdn="true" />
      <HelpTopic name="SaveToFile(System.String)" link="ms-help://MS.NETFrameworkSDKv1.1/cpref/html/frlrfsystemcomponentmodeldesignbyteviewerclassSaveToFileTopic.htm" ismsdn="true" />
      <HelpTopic name="GetDisplayMode()" link="ms-help://MS.NETFrameworkSDKv1.1/cpref/html/frlrfsystemcomponentmodeldesignbyteviewerclassGetDisplayModeTopic.htm" ismsdn="true" />
      <HelpTopic name="GetBytes()" link="ms-help://MS.NETFrameworkSDKv1.1/cpref/html/frlrfsystemcomponentmodeldesignbyteviewerclassGetBytesTopic.htm" ismsdn="true" />
    </HelpFolder>
  </HelpFolder>
  <HelpFolder name="CheckoutException class" link="ms-help://MS.NETFrameworkSDKv1.1/cpref/html/frlrfsystemcomponentmodeldesigncheckoutexceptionClassTopic.htm" ismsdn="true">
    <HelpTopic name="CheckoutException members" link="ms-help://MS.NETFrameworkSDKv1.1/cpref/html/frlrfsystemcomponentmodeldesigncheckoutexceptionMembersTopic.htm" ismsdn="true" />
    <HelpFolder name="Constructors" link="ms-help://MS.NETFrameworkSDKv1.1/cpref/html/frlrfsystemcomponentmodeldesigncheckoutexceptionclassctorTopic.htm" ismsdn="true">
      <HelpTopic name=".ctor()" link="ms-help://MS.NETFrameworkSDKv1.1/cpref/html/frlrfsystemcomponentmodeldesigncheckoutexceptionclassctorTopic1.htm" ismsdn="true" />
      <HelpTopic name=".ctor(System.String)" link="ms-help://MS.NETFrameworkSDKv1.1/cpref/html/frlrfsystemcomponentmodeldesigncheckoutexceptionclassctorTopic1.htm" ismsdn="true" />
      <HelpTopic name=".ctor(System.String, System.Int32)" link="ms-help://MS.NETFrameworkSDKv1.1/cpref/html/frlrfsystemcomponentmodeldesigncheckoutexceptionclassctorTopic2.htm" ismsdn="true" />
    </HelpFolder>
    <HelpFolder name="Fields" link="ms-help://MS.NETFrameworkSDKv1.1/cpref/html/frlrfsystemcomponentmodeldesigncheckoutexceptionFieldsTopic.htm" ismsdn="true">
      <HelpTopic name="Canceled" link="ms-help://MS.NETFrameworkSDKv1.1/cpref/html/frlrfsystemcomponentmodeldesigncheckoutexceptionclassCanceledTopic.htm" ismsdn="true" />
    </HelpFolder>
  </HelpFolder>
  <HelpFolder name="CollectionEditor class" link="ms-help://MS.NETFrameworkSDKv1.1/cpref/html/frlrfsystemcomponentmodeldesigncollectioneditorClassTopic.htm" ismsdn="true">
    <HelpTopic name="CollectionEditor members" link="ms-help://MS.NETFrameworkSDKv1.1/cpref/html/frlrfsystemcomponentmodeldesigncollectioneditorMembersTopic.htm" ismsdn="true" />
    <HelpFolder name="Constructors" link="ms-help://MS.NETFrameworkSDKv1.1/cpref/html/frlrfsystemcomponentmodeldesigncollectioneditorclassctorTopic.htm" ismsdn="true">
      <HelpTopic name=".ctor(System.Type)" link="ms-help://MS.NETFrameworkSDKv1.1/cpref/html/frlrfsystemcomponentmodeldesigncollectioneditorclassctorTopic.htm" ismsdn="true" />
    </HelpFolder>
    <HelpFolder name="Methods" link="ms-help://MS.NETFrameworkSDKv1.1/cpref/html/frlrfsystemcomponentmodeldesigncollectioneditorMethodsTopic.htm" ismsdn="true">
      <HelpTopic name="GetEditStyle(System.ComponentModel.ITypeDescriptorContext)" link="ms-help://MS.NETFrameworkSDKv1.1/cpref/html/frlrfsystemcomponentmodeldesigncollectioneditorclassGetEditStyleTopic.htm" ismsdn="true" />
      <HelpTopic name="EditValue(System.ComponentModel.ITypeDescriptorContext, System.IServiceProvider, System.Object)" link="ms-help://MS.NETFrameworkSDKv1.1/cpref/html/frlrfsystemcomponentmodeldesigncollectioneditorclassEditValueTopic.htm" ismsdn="true" />
    </HelpFolder>
  </HelpFolder>
  <HelpFolder name="CommandID class" link="ms-help://MS.NETFrameworkSDKv1.1/cpref/html/frlrfsystemcomponentmodeldesigncommandidClassTopic.htm" ismsdn="true">
    <HelpTopic name="CommandID members" link="ms-help://MS.NETFrameworkSDKv1.1/cpref/html/frlrfsystemcomponentmodeldesigncommandidMembersTopic.htm" ismsdn="true" />
    <HelpFolder name="Constructors" link="ms-help://MS.NETFrameworkSDKv1.1/cpref/html/frlrfsystemcomponentmodeldesigncommandidclassctorTopic.htm" ismsdn="true">
      <HelpTopic name=".ctor(System.Guid, System.Int32)" link="ms-help://MS.NETFrameworkSDKv1.1/cpref/html/frlrfsystemcomponentmodeldesigncommandidclassctorTopic.htm" ismsdn="true" />
    </HelpFolder>
    <HelpFolder name="Methods" link="ms-help://MS.NETFrameworkSDKv1.1/cpref/html/frlrfsystemcomponentmodeldesigncommandidMethodsTopic.htm" ismsdn="true">
      <HelpTopic name="GetHashCode()" link="ms-help://MS.NETFrameworkSDKv1.1/cpref/html/frlrfsystemcomponentmodeldesigncommandidclassGetHashCodeTopic.htm" ismsdn="true" />
      <HelpTopic name="Equals(System.Object)" link="ms-help://MS.NETFrameworkSDKv1.1/cpref/html/frlrfsystemcomponentmodeldesigncommandidclassEqualsTopic.htm" ismsdn="true" />
      <HelpTopic name="ToString()" link="ms-help://MS.NETFrameworkSDKv1.1/cpref/html/frlrfsystemcomponentmodeldesigncommandidclassToStringTopic.htm" ismsdn="true" />
    </HelpFolder>
    <HelpFolder name="Properties" link="ms-help://MS.NETFrameworkSDKv1.1/cpref/html/frlrfsystemcomponentmodeldesigncommandidPropertiesTopic.htm" ismsdn="true">
      <HelpTopic name="ID" link="ms-help://MS.NETFrameworkSDKv1.1/cpref/html/frlrfsystemcomponentmodeldesigncommandidclassIDTopic.htm" ismsdn="true" />
      <HelpTopic name="Guid" link="ms-help://MS.NETFrameworkSDKv1.1/cpref/html/frlrfsystemcomponentmodeldesigncommandidclassGuidTopic.htm" ismsdn="true" />
    </HelpFolder>
  </HelpFolder>
  <HelpFolder name="ComponentChangedEventArgs class" link="ms-help://MS.NETFrameworkSDKv1.1/cpref/html/frlrfsystemcomponentmodeldesigncomponentchangedeventargsClassTopic.htm" ismsdn="true">
    <HelpTopic name="ComponentChangedEventArgs members" link="ms-help://MS.NETFrameworkSDKv1.1/cpref/html/frlrfsystemcomponentmodeldesigncomponentchangedeventargsMembersTopic.htm" ismsdn="true" />
    <HelpFolder name="Constructors" link="ms-help://MS.NETFrameworkSDKv1.1/cpref/html/frlrfsystemcomponentmodeldesigncomponentchangedeventargsclassctorTopic.htm" ismsdn="true">
      <HelpTopic name=".ctor(System.Object, System.ComponentModel.MemberDescriptor, System.Object, System.Object)" link="ms-help://MS.NETFrameworkSDKv1.1/cpref/html/frlrfsystemcomponentmodeldesigncomponentchangedeventargsclassctorTopic.htm" ismsdn="true" />
    </HelpFolder>
    <HelpFolder name="Properties" link="ms-help://MS.NETFrameworkSDKv1.1/cpref/html/frlrfsystemcomponentmodeldesigncomponentchangedeventargsPropertiesTopic.htm" ismsdn="true">
      <HelpTopic name="Component" link="ms-help://MS.NETFrameworkSDKv1.1/cpref/html/frlrfsystemcomponentmodeldesigncomponentchangedeventargsclassComponentTopic.htm" ismsdn="true" />
      <HelpTopic name="Member" link="ms-help://MS.NETFrameworkSDKv1.1/cpref/html/frlrfsystemcomponentmodeldesigncomponentchangedeventargsclassMemberTopic.htm" ismsdn="true" />
      <HelpTopic name="NewValue" link="ms-help://MS.NETFrameworkSDKv1.1/cpref/html/frlrfsystemcomponentmodeldesigncomponentchangedeventargsclassNewValueTopic.htm" ismsdn="true" />
      <HelpTopic name="OldValue" link="ms-help://MS.NETFrameworkSDKv1.1/cpref/html/frlrfsystemcomponentmodeldesigncomponentchangedeventargsclassOldValueTopic.htm" ismsdn="true" />
    </HelpFolder>
  </HelpFolder>
  <HelpTopic name="ComponentChangedEventHandler delegate" link="ms-help://MS.NETFrameworkSDKv1.1/cpref/html/frlrfsystemcomponentmodeldesigncomponentchangedeventhandlerClassTopic.htm" ismsdn="true" />
  <HelpFolder name="ComponentChangingEventArgs class" link="ms-help://MS.NETFrameworkSDKv1.1/cpref/html/frlrfsystemcomponentmodeldesigncomponentchangingeventargsClassTopic.htm" ismsdn="true">
    <HelpTopic name="ComponentChangingEventArgs members" link="ms-help://MS.NETFrameworkSDKv1.1/cpref/html/frlrfsystemcomponentmodeldesigncomponentchangingeventargsMembersTopic.htm" ismsdn="true" />
    <HelpFolder name="Constructors" link="ms-help://MS.NETFrameworkSDKv1.1/cpref/html/frlrfsystemcomponentmodeldesigncomponentchangingeventargsclassctorTopic.htm" ismsdn="true">
      <HelpTopic name=".ctor(System.Object, System.ComponentModel.MemberDescriptor)" link="ms-help://MS.NETFrameworkSDKv1.1/cpref/html/frlrfsystemcomponentmodeldesigncomponentchangingeventargsclassctorTopic.htm" ismsdn="true" />
    </HelpFolder>
    <HelpFolder name="Properties" link="ms-help://MS.NETFrameworkSDKv1.1/cpref/html/frlrfsystemcomponentmodeldesigncomponentchangingeventargsPropertiesTopic.htm" ismsdn="true">
      <HelpTopic name="Component" link="ms-help://MS.NETFrameworkSDKv1.1/cpref/html/frlrfsystemcomponentmodeldesigncomponentchangingeventargsclassComponentTopic.htm" ismsdn="true" />
      <HelpTopic name="Member" link="ms-help://MS.NETFrameworkSDKv1.1/cpref/html/frlrfsystemcomponentmodeldesigncomponentchangingeventargsclassMemberTopic.htm" ismsdn="true" />
    </HelpFolder>
  </HelpFolder>
  <HelpTopic name="ComponentChangingEventHandler delegate" link="ms-help://MS.NETFrameworkSDKv1.1/cpref/html/frlrfsystemcomponentmodeldesigncomponentchangingeventhandlerClassTopic.htm" ismsdn="true" />
  <HelpFolder name="ComponentDesigner class" link="ms-help://MS.NETFrameworkSDKv1.1/cpref/html/frlrfsystemcomponentmodeldesigncomponentdesignerClassTopic.htm" ismsdn="true">
    <HelpTopic name="ComponentDesigner members" link="ms-help://MS.NETFrameworkSDKv1.1/cpref/html/frlrfsystemcomponentmodeldesigncomponentdesignerMembersTopic.htm" ismsdn="true" />
    <HelpFolder name="Constructors" link="ms-help://MS.NETFrameworkSDKv1.1/cpref/html/frlrfsystemcomponentmodeldesigncomponentdesignerclassctorTopic.htm" ismsdn="true">
      <HelpTopic name=".ctor()" link="ms-help://MS.NETFrameworkSDKv1.1/cpref/html/frlrfsystemcomponentmodeldesigncomponentdesignerclassctorTopic.htm" ismsdn="true" />
    </HelpFolder>
    <HelpFolder name="Methods" link="ms-help://MS.NETFrameworkSDKv1.1/cpref/html/frlrfsystemcomponentmodeldesigncomponentdesignerMethodsTopic.htm" ismsdn="true">
      <HelpTopic name="Dispose()" link="ms-help://MS.NETFrameworkSDKv1.1/cpref/html/frlrfsystemcomponentmodeldesigncomponentdesignerclassDisposeTopic.htm" ismsdn="true" />
      <HelpTopic name="Initialize(System.ComponentModel.IComponent)" link="ms-help://MS.NETFrameworkSDKv1.1/cpref/html/frlrfsystemcomponentmodeldesigncomponentdesignerclassInitializeTopic.htm" ismsdn="true" />
      <HelpTopic name="DoDefaultAction()" link="ms-help://MS.NETFrameworkSDKv1.1/cpref/html/frlrfsystemcomponentmodeldesigncomponentdesignerclassDoDefaultActionTopic.htm" ismsdn="true" />
      <HelpTopic name="OnSetComponentDefaults()" link="ms-help://MS.NETFrameworkSDKv1.1/cpref/html/frlrfsystemcomponentmodeldesigncomponentdesignerclassOnSetComponentDefaultsTopic.htm" ismsdn="true" />
      <HelpTopic name="InitializeNonDefault()" link="ms-help://MS.NETFrameworkSDKv1.1/cpref/html/frlrfsystemcomponentmodeldesigncomponentdesignerclassInitializeNonDefaultTopic.htm" ismsdn="true" />
    </HelpFolder>
    <HelpFolder name="Properties" link="ms-help://MS.NETFrameworkSDKv1.1/cpref/html/frlrfsystemcomponentmodeldesigncomponentdesignerPropertiesTopic.htm" ismsdn="true">
      <HelpTopic name="AssociatedComponents" link="ms-help://MS.NETFrameworkSDKv1.1/cpref/html/frlrfsystemcomponentmodeldesigncomponentdesignerclassAssociatedComponentsTopic.htm" ismsdn="true" />
      <HelpTopic name="Component" link="ms-help://MS.NETFrameworkSDKv1.1/cpref/html/frlrfsystemcomponentmodeldesigncomponentdesignerclassComponentTopic.htm" ismsdn="true" />
      <HelpTopic name="Verbs" link="ms-help://MS.NETFrameworkSDKv1.1/cpref/html/frlrfsystemcomponentmodeldesigncomponentdesignerclassVerbsTopic.htm" ismsdn="true" />
    </HelpFolder>
  </HelpFolder>
  <HelpFolder name="ComponentEventArgs class" link="ms-help://MS.NETFrameworkSDKv1.1/cpref/html/frlrfsystemcomponentmodeldesigncomponenteventargsClassTopic.htm" ismsdn="true">
    <HelpTopic name="ComponentEventArgs members" link="ms-help://MS.NETFrameworkSDKv1.1/cpref/html/frlrfsystemcomponentmodeldesigncomponenteventargsMembersTopic.htm" ismsdn="true" />
    <HelpFolder name="Constructors" link="ms-help://MS.NETFrameworkSDKv1.1/cpref/html/frlrfsystemcomponentmodeldesigncomponenteventargsclassctorTopic.htm" ismsdn="true">
      <HelpTopic name=".ctor(System.ComponentModel.IComponent)" link="ms-help://MS.NETFrameworkSDKv1.1/cpref/html/frlrfsystemcomponentmodeldesigncomponenteventargsclassctorTopic.htm" ismsdn="true" />
    </HelpFolder>
    <HelpFolder name="Properties" link="ms-help://MS.NETFrameworkSDKv1.1/cpref/html/frlrfsystemcomponentmodeldesigncomponenteventargsPropertiesTopic.htm" ismsdn="true">
      <HelpTopic name="Component" link="ms-help://MS.NETFrameworkSDKv1.1/cpref/html/frlrfsystemcomponentmodeldesigncomponenteventargsclassComponentTopic.htm" ismsdn="true" />
    </HelpFolder>
  </HelpFolder>
  <HelpTopic name="ComponentEventHandler delegate" link="ms-help://MS.NETFrameworkSDKv1.1/cpref/html/frlrfsystemcomponentmodeldesigncomponenteventhandlerClassTopic.htm" ismsdn="true" />
  <HelpFolder name="ComponentRenameEventArgs class" link="ms-help://MS.NETFrameworkSDKv1.1/cpref/html/frlrfsystemcomponentmodeldesigncomponentrenameeventargsClassTopic.htm" ismsdn="true">
    <HelpTopic name="ComponentRenameEventArgs members" link="ms-help://MS.NETFrameworkSDKv1.1/cpref/html/frlrfsystemcomponentmodeldesigncomponentrenameeventargsMembersTopic.htm" ismsdn="true" />
    <HelpFolder name="Constructors" link="ms-help://MS.NETFrameworkSDKv1.1/cpref/html/frlrfsystemcomponentmodeldesigncomponentrenameeventargsclassctorTopic.htm" ismsdn="true">
      <HelpTopic name=".ctor(System.Object, System.String, System.String)" link="ms-help://MS.NETFrameworkSDKv1.1/cpref/html/frlrfsystemcomponentmodeldesigncomponentrenameeventargsclassctorTopic.htm" ismsdn="true" />
    </HelpFolder>
    <HelpFolder name="Properties" link="ms-help://MS.NETFrameworkSDKv1.1/cpref/html/frlrfsystemcomponentmodeldesigncomponentrenameeventargsPropertiesTopic.htm" ismsdn="true">
      <HelpTopic name="Component" link="ms-help://MS.NETFrameworkSDKv1.1/cpref/html/frlrfsystemcomponentmodeldesigncomponentrenameeventargsclassComponentTopic.htm" ismsdn="true" />
      <HelpTopic name="OldName" link="ms-help://MS.NETFrameworkSDKv1.1/cpref/html/frlrfsystemcomponentmodeldesigncomponentrenameeventargsclassOldNameTopic.htm" ismsdn="true" />
      <HelpTopic name="NewName" link="ms-help://MS.NETFrameworkSDKv1.1/cpref/html/frlrfsystemcomponentmodeldesigncomponentrenameeventargsclassNewNameTopic.htm" ismsdn="true" />
    </HelpFolder>
  </HelpFolder>
  <HelpTopic name="ComponentRenameEventHandler delegate" link="ms-help://MS.NETFrameworkSDKv1.1/cpref/html/frlrfsystemcomponentmodeldesigncomponentrenameeventhandlerClassTopic.htm" ismsdn="true" />
  <HelpFolder name="DateTimeEditor class" link="ms-help://MS.NETFrameworkSDKv1.1/cpref/html/frlrfsystemcomponentmodeldesigndatetimeeditorClassTopic.htm" ismsdn="true">
    <HelpTopic name="DateTimeEditor members" link="ms-help://MS.NETFrameworkSDKv1.1/cpref/html/frlrfsystemcomponentmodeldesigndatetimeeditorMembersTopic.htm" ismsdn="true" />
    <HelpFolder name="Constructors" link="ms-help://MS.NETFrameworkSDKv1.1/cpref/html/frlrfsystemcomponentmodeldesigndatetimeeditorclassctorTopic.htm" ismsdn="true">
      <HelpTopic name=".ctor()" link="ms-help://MS.NETFrameworkSDKv1.1/cpref/html/frlrfsystemcomponentmodeldesigndatetimeeditorclassctorTopic.htm" ismsdn="true" />
    </HelpFolder>
    <HelpFolder name="Methods" link="ms-help://MS.NETFrameworkSDKv1.1/cpref/html/frlrfsystemcomponentmodeldesigndatetimeeditorMethodsTopic.htm" ismsdn="true">
      <HelpTopic name="GetEditStyle(System.ComponentModel.ITypeDescriptorContext)" link="ms-help://MS.NETFrameworkSDKv1.1/cpref/html/frlrfsystemcomponentmodeldesigndatetimeeditorclassGetEditStyleTopic.htm" ismsdn="true" />
      <HelpTopic name="EditValue(System.ComponentModel.ITypeDescriptorContext, System.IServiceProvider, System.Object)" link="ms-help://MS.NETFrameworkSDKv1.1/cpref/html/frlrfsystemcomponentmodeldesigndatetimeeditorclassEditValueTopic.htm" ismsdn="true" />
    </HelpFolder>
  </HelpFolder>
  <HelpFolder name="DesignerCollection class" link="ms-help://MS.NETFrameworkSDKv1.1/cpref/html/frlrfsystemcomponentmodeldesigndesignercollectionClassTopic.htm" ismsdn="true">
    <HelpTopic name="DesignerCollection members" link="ms-help://MS.NETFrameworkSDKv1.1/cpref/html/frlrfsystemcomponentmodeldesigndesignercollectionMembersTopic.htm" ismsdn="true" />
    <HelpFolder name="Constructors" link="ms-help://MS.NETFrameworkSDKv1.1/cpref/html/frlrfsystemcomponentmodeldesigndesignercollectionclassctorTopic.htm" ismsdn="true">
      <HelpTopic name=".ctor(System.ComponentModel.Design.IDesignerHost[])" link="ms-help://MS.NETFrameworkSDKv1.1/cpref/html/frlrfsystemcomponentmodeldesigndesignercollectionclassctorTopic1.htm" ismsdn="true" />
      <HelpTopic name=".ctor(System.Collections.IList)" link="ms-help://MS.NETFrameworkSDKv1.1/cpref/html/frlrfsystemcomponentmodeldesigndesignercollectionclassctorTopic1.htm" ismsdn="true" />
    </HelpFolder>
    <HelpFolder name="Methods" link="ms-help://MS.NETFrameworkSDKv1.1/cpref/html/frlrfsystemcomponentmodeldesigndesignercollectionMethodsTopic.htm" ismsdn="true">
      <HelpTopic name="GetEnumerator()" link="ms-help://MS.NETFrameworkSDKv1.1/cpref/html/frlrfsystemcomponentmodeldesigndesignercollectionclassGetEnumeratorTopic.htm" ismsdn="true" />
    </HelpFolder>
    <HelpFolder name="Properties" link="ms-help://MS.NETFrameworkSDKv1.1/cpref/html/frlrfsystemcomponentmodeldesigndesignercollectionPropertiesTopic.htm" ismsdn="true">
      <HelpTopic name="Count" link="ms-help://MS.NETFrameworkSDKv1.1/cpref/html/frlrfsystemcomponentmodeldesigndesignercollectionclassCountTopic.htm" ismsdn="true" />
      <HelpTopic name="Item" link="ms-help://MS.NETFrameworkSDKv1.1/cpref/html/frlrfsystemcomponentmodeldesigndesignercollectionclassItemTopic.htm" ismsdn="true" />
    </HelpFolder>
  </HelpFolder>
  <HelpFolder name="DesignerEventArgs class" link="ms-help://MS.NETFrameworkSDKv1.1/cpref/html/frlrfsystemcomponentmodeldesigndesignereventargsClassTopic.htm" ismsdn="true">
    <HelpTopic name="DesignerEventArgs members" link="ms-help://MS.NETFrameworkSDKv1.1/cpref/html/frlrfsystemcomponentmodeldesigndesignereventargsMembersTopic.htm" ismsdn="true" />
    <HelpFolder name="Constructors" link="ms-help://MS.NETFrameworkSDKv1.1/cpref/html/frlrfsystemcomponentmodeldesigndesignereventargsclassctorTopic.htm" ismsdn="true">
      <HelpTopic name=".ctor(System.ComponentModel.Design.IDesignerHost)" link="ms-help://MS.NETFrameworkSDKv1.1/cpref/html/frlrfsystemcomponentmodeldesigndesignereventargsclassctorTopic.htm" ismsdn="true" />
    </HelpFolder>
    <HelpFolder name="Properties" link="ms-help://MS.NETFrameworkSDKv1.1/cpref/html/frlrfsystemcomponentmodeldesigndesignereventargsPropertiesTopic.htm" ismsdn="true">
      <HelpTopic name="Designer" link="ms-help://MS.NETFrameworkSDKv1.1/cpref/html/frlrfsystemcomponentmodeldesigndesignereventargsclassDesignerTopic.htm" ismsdn="true" />
    </HelpFolder>
  </HelpFolder>
  <HelpTopic name="DesignerEventHandler delegate" link="ms-help://MS.NETFrameworkSDKv1.1/cpref/html/frlrfsystemcomponentmodeldesigndesignereventhandlerClassTopic.htm" ismsdn="true" />
  <HelpFolder name="DesignerTransaction class" link="ms-help://MS.NETFrameworkSDKv1.1/cpref/html/frlrfsystemcomponentmodeldesigndesignertransactionClassTopic.htm" ismsdn="true">
    <HelpTopic name="DesignerTransaction members" link="ms-help://MS.NETFrameworkSDKv1.1/cpref/html/frlrfsystemcomponentmodeldesigndesignertransactionMembersTopic.htm" ismsdn="true" />
    <HelpFolder name="Constructors" link="ms-help://MS.NETFrameworkSDKv1.1/cpref/html/frlrfsystemcomponentmodeldesigndesignertransactionclassctorTopic.htm" ismsdn="true">
      <HelpTopic name=".ctor()" link="ms-help://MS.NETFrameworkSDKv1.1/cpref/html/frlrfsystemcomponentmodeldesigndesignertransactionclassctorTopic1.htm" ismsdn="true" />
      <HelpTopic name=".ctor(System.String)" link="ms-help://MS.NETFrameworkSDKv1.1/cpref/html/frlrfsystemcomponentmodeldesigndesignertransactionclassctorTopic1.htm" ismsdn="true" />
    </HelpFolder>
    <HelpFolder name="Methods" link="ms-help://MS.NETFrameworkSDKv1.1/cpref/html/frlrfsystemcomponentmodeldesigndesignertransactionMethodsTopic.htm" ismsdn="true">
      <HelpTopic name="Cancel()" link="ms-help://MS.NETFrameworkSDKv1.1/cpref/html/frlrfsystemcomponentmodeldesigndesignertransactionclassCancelTopic.htm" ismsdn="true" />
      <HelpTopic name="Commit()" link="ms-help://MS.NETFrameworkSDKv1.1/cpref/html/frlrfsystemcomponentmodeldesigndesignertransactionclassCommitTopic.htm" ismsdn="true" />
    </HelpFolder>
    <HelpFolder name="Properties" link="ms-help://MS.NETFrameworkSDKv1.1/cpref/html/frlrfsystemcomponentmodeldesigndesignertransactionPropertiesTopic.htm" ismsdn="true">
      <HelpTopic name="Canceled" link="ms-help://MS.NETFrameworkSDKv1.1/cpref/html/frlrfsystemcomponentmodeldesigndesignertransactionclassCanceledTopic.htm" ismsdn="true" />
      <HelpTopic name="Committed" link="ms-help://MS.NETFrameworkSDKv1.1/cpref/html/frlrfsystemcomponentmodeldesigndesignertransactionclassCommittedTopic.htm" ismsdn="true" />
      <HelpTopic name="Description" link="ms-help://MS.NETFrameworkSDKv1.1/cpref/html/frlrfsystemcomponentmodeldesigndesignertransactionclassDescriptionTopic.htm" ismsdn="true" />
    </HelpFolder>
  </HelpFolder>
  <HelpFolder name="DesignerTransactionCloseEventArgs class" link="ms-help://MS.NETFrameworkSDKv1.1/cpref/html/frlrfsystemcomponentmodeldesigndesignertransactioncloseeventargsClassTopic.htm" ismsdn="true">
    <HelpTopic name="DesignerTransactionCloseEventArgs members" link="ms-help://MS.NETFrameworkSDKv1.1/cpref/html/frlrfsystemcomponentmodeldesigndesignertransactioncloseeventargsMembersTopic.htm" ismsdn="true" />
    <HelpFolder name="Constructors" link="ms-help://MS.NETFrameworkSDKv1.1/cpref/html/frlrfsystemcomponentmodeldesigndesignertransactioncloseeventargsclassctorTopic.htm" ismsdn="true">
      <HelpTopic name=".ctor(System.Boolean)" link="ms-help://MS.NETFrameworkSDKv1.1/cpref/html/frlrfsystemcomponentmodeldesigndesignertransactioncloseeventargsclassctorTopic.htm" ismsdn="true" />
    </HelpFolder>
    <HelpFolder name="Properties" link="ms-help://MS.NETFrameworkSDKv1.1/cpref/html/frlrfsystemcomponentmodeldesigndesignertransactioncloseeventargsPropertiesTopic.htm" ismsdn="true">
      <HelpTopic name="TransactionCommitted" link="ms-help://MS.NETFrameworkSDKv1.1/cpref/html/frlrfsystemcomponentmodeldesigndesignertransactioncloseeventargsclassTransactionCommittedTopic.htm" ismsdn="true" />
    </HelpFolder>
  </HelpFolder>
  <HelpTopic name="DesignerTransactionCloseEventHandler delegate" link="ms-help://MS.NETFrameworkSDKv1.1/cpref/html/frlrfsystemcomponentmodeldesigndesignertransactioncloseeventhandlerClassTopic.htm" ismsdn="true" />
  <HelpFolder name="DesignerVerb class" link="ms-help://MS.NETFrameworkSDKv1.1/cpref/html/frlrfsystemcomponentmodeldesigndesignerverbClassTopic.htm" ismsdn="true">
    <HelpTopic name="DesignerVerb members" link="ms-help://MS.NETFrameworkSDKv1.1/cpref/html/frlrfsystemcomponentmodeldesigndesignerverbMembersTopic.htm" ismsdn="true" />
    <HelpFolder name="Constructors" link="ms-help://MS.NETFrameworkSDKv1.1/cpref/html/frlrfsystemcomponentmodeldesigndesignerverbclassctorTopic.htm" ismsdn="true">
      <HelpTopic name=".ctor(System.String, System.EventHandler)" link="ms-help://MS.NETFrameworkSDKv1.1/cpref/html/frlrfsystemcomponentmodeldesigndesignerverbclassctorTopic1.htm" ismsdn="true" />
      <HelpTopic name=".ctor(System.String, System.EventHandler, System.ComponentModel.Design.CommandID)" link="ms-help://MS.NETFrameworkSDKv1.1/cpref/html/frlrfsystemcomponentmodeldesigndesignerverbclassctorTopic1.htm" ismsdn="true" />
    </HelpFolder>
    <HelpFolder name="Methods" link="ms-help://MS.NETFrameworkSDKv1.1/cpref/html/frlrfsystemcomponentmodeldesigndesignerverbMethodsTopic.htm" ismsdn="true">
      <HelpTopic name="ToString()" link="ms-help://MS.NETFrameworkSDKv1.1/cpref/html/frlrfsystemcomponentmodeldesigndesignerverbclassToStringTopic.htm" ismsdn="true" />
    </HelpFolder>
    <HelpFolder name="Properties" link="ms-help://MS.NETFrameworkSDKv1.1/cpref/html/frlrfsystemcomponentmodeldesigndesignerverbPropertiesTopic.htm" ismsdn="true">
      <HelpTopic name="Text" link="ms-help://MS.NETFrameworkSDKv1.1/cpref/html/frlrfsystemcomponentmodeldesigndesignerverbclassTextTopic.htm" ismsdn="true" />
    </HelpFolder>
  </HelpFolder>
  <HelpFolder name="DesignerVerbCollection class" link="ms-help://MS.NETFrameworkSDKv1.1/cpref/html/frlrfsystemcomponentmodeldesigndesignerverbcollectionClassTopic.htm" ismsdn="true">
    <HelpTopic name="DesignerVerbCollection members" link="ms-help://MS.NETFrameworkSDKv1.1/cpref/html/frlrfsystemcomponentmodeldesigndesignerverbcollectionMembersTopic.htm" ismsdn="true" />
    <HelpFolder name="Constructors" link="ms-help://MS.NETFrameworkSDKv1.1/cpref/html/frlrfsystemcomponentmodeldesigndesignerverbcollectionclassctorTopic.htm" ismsdn="true">
      <HelpTopic name=".ctor()" link="ms-help://MS.NETFrameworkSDKv1.1/cpref/html/frlrfsystemcomponentmodeldesigndesignerverbcollectionclassctorTopic1.htm" ismsdn="true" />
      <HelpTopic name=".ctor(System.ComponentModel.Design.DesignerVerb[])" link="ms-help://MS.NETFrameworkSDKv1.1/cpref/html/frlrfsystemcomponentmodeldesigndesignerverbcollectionclassctorTopic1.htm" ismsdn="true" />
    </HelpFolder>
    <HelpFolder name="Methods" link="ms-help://MS.NETFrameworkSDKv1.1/cpref/html/frlrfsystemcomponentmodeldesigndesignerverbcollectionMethodsTopic.htm" ismsdn="true">
      <HelpTopic name="Add(System.ComponentModel.Design.DesignerVerb)" link="ms-help://MS.NETFrameworkSDKv1.1/cpref/html/frlrfsystemcomponentmodeldesigndesignerverbcollectionclassAddTopic.htm" ismsdn="true" />
      <HelpTopic name="AddRange(System.ComponentModel.Design.DesignerVerb[])" link="ms-help://MS.NETFrameworkSDKv1.1/cpref/html/frlrfsystemcomponentmodeldesigndesignerverbcollectionclassAddRangeTopic1.htm" ismsdn="true" />
      <HelpTopic name="AddRange(System.ComponentModel.Design.DesignerVerbCollection)" link="ms-help://MS.NETFrameworkSDKv1.1/cpref/html/frlrfsystemcomponentmodeldesigndesignerverbcollectionclassAddRangeTopic2.htm" ismsdn="true" />
      <HelpTopic name="Insert(System.Int32, System.ComponentModel.Design.DesignerVerb)" link="ms-help://MS.NETFrameworkSDKv1.1/cpref/html/frlrfsystemcomponentmodeldesigndesignerverbcollectionclassInsertTopic.htm" ismsdn="true" />
      <HelpTopic name="IndexOf(System.ComponentModel.Design.DesignerVerb)" link="ms-help://MS.NETFrameworkSDKv1.1/cpref/html/frlrfsystemcomponentmodeldesigndesignerverbcollectionclassIndexOfTopic.htm" ismsdn="true" />
      <HelpTopic name="Contains(System.ComponentModel.Design.DesignerVerb)" link="ms-help://MS.NETFrameworkSDKv1.1/cpref/html/frlrfsystemcomponentmodeldesigndesignerverbcollectionclassContainsTopic.htm" ismsdn="true" />
      <HelpTopic name="Remove(System.ComponentModel.Design.DesignerVerb)" link="ms-help://MS.NETFrameworkSDKv1.1/cpref/html/frlrfsystemcomponentmodeldesigndesignerverbcollectionclassRemoveTopic.htm" ismsdn="true" />
      <HelpTopic name="CopyTo(System.ComponentModel.Design.DesignerVerb[], System.Int32)" link="ms-help://MS.NETFrameworkSDKv1.1/cpref/html/frlrfsystemcomponentmodeldesigndesignerverbcollectionclassCopyToTopic.htm" ismsdn="true" />
    </HelpFolder>
    <HelpFolder name="Properties" link="ms-help://MS.NETFrameworkSDKv1.1/cpref/html/frlrfsystemcomponentmodeldesigndesignerverbcollectionPropertiesTopic.htm" ismsdn="true">
      <HelpTopic name="Item" link="ms-help://MS.NETFrameworkSDKv1.1/cpref/html/frlrfsystemcomponentmodeldesigndesignerverbcollectionclassItemTopic.htm" ismsdn="true" />
    </HelpFolder>
  </HelpFolder>
  <HelpFolder name="DesigntimeLicenseContext class" link="ms-help://MS.NETFrameworkSDKv1.1/cpref/html/frlrfsystemcomponentmodeldesigndesigntimelicensecontextClassTopic.htm" ismsdn="true">
    <HelpTopic name="DesigntimeLicenseContext members" link="ms-help://MS.NETFrameworkSDKv1.1/cpref/html/frlrfsystemcomponentmodeldesigndesigntimelicensecontextMembersTopic.htm" ismsdn="true" />
    <HelpFolder name="Constructors" link="ms-help://MS.NETFrameworkSDKv1.1/cpref/html/frlrfsystemcomponentmodeldesigndesigntimelicensecontextclassctorTopic.htm" ismsdn="true">
      <HelpTopic name=".ctor()" link="ms-help://MS.NETFrameworkSDKv1.1/cpref/html/frlrfsystemcomponentmodeldesigndesigntimelicensecontextclassctorTopic.htm" ismsdn="true" />
    </HelpFolder>
    <HelpFolder name="Methods" link="ms-help://MS.NETFrameworkSDKv1.1/cpref/html/frlrfsystemcomponentmodeldesigndesigntimelicensecontextMethodsTopic.htm" ismsdn="true">
      <HelpTopic name="SetSavedLicenseKey(System.Type, System.String)" link="ms-help://MS.NETFrameworkSDKv1.1/cpref/html/frlrfsystemcomponentmodeldesigndesigntimelicensecontextclassSetSavedLicenseKeyTopic.htm" ismsdn="true" />
      <HelpTopic name="GetSavedLicenseKey(System.Type, System.Reflection.Assembly)" link="ms-help://MS.NETFrameworkSDKv1.1/cpref/html/frlrfsystemcomponentmodeldesigndesigntimelicensecontextclassGetSavedLicenseKeyTopic.htm" ismsdn="true" />
    </HelpFolder>
    <HelpFolder name="Properties" link="ms-help://MS.NETFrameworkSDKv1.1/cpref/html/frlrfsystemcomponentmodeldesigndesigntimelicensecontextPropertiesTopic.htm" ismsdn="true">
      <HelpTopic name="UsageMode" link="ms-help://MS.NETFrameworkSDKv1.1/cpref/html/frlrfsystemcomponentmodeldesigndesigntimelicensecontextclassUsageModeTopic.htm" ismsdn="true" />
    </HelpFolder>
  </HelpFolder>
  <HelpFolder name="DesigntimeLicenseContextSerializer class" link="ms-help://MS.NETFrameworkSDKv1.1/cpref/html/frlrfsystemcomponentmodeldesigndesigntimelicensecontextserializerClassTopic.htm" ismsdn="true">
    <HelpTopic name="DesigntimeLicenseContextSerializer members" link="ms-help://MS.NETFrameworkSDKv1.1/cpref/html/frlrfsystemcomponentmodeldesigndesigntimelicensecontextserializerMembersTopic.htm" ismsdn="true" />
    <HelpFolder name="Methods" link="ms-help://MS.NETFrameworkSDKv1.1/cpref/html/frlrfsystemcomponentmodeldesigndesigntimelicensecontextserializerMethodsTopic.htm" ismsdn="true">
      <HelpTopic name="Serialize(System.IO.Stream, System.String, System.ComponentModel.Design.DesigntimeLicenseContext)" link="ms-help://MS.NETFrameworkSDKv1.1/cpref/html/frlrfsystemcomponentmodeldesigndesigntimelicensecontextserializerclassSerializeTopic.htm" ismsdn="true" />
    </HelpFolder>
  </HelpFolder>
  <HelpTopic name="DisplayMode enumeration" link="ms-help://MS.NETFrameworkSDKv1.1/cpref/html/frlrfsystemcomponentmodeldesigndisplaymodeClassTopic.htm" ismsdn="true" />
  <HelpTopic name="HelpContextType enumeration" link="ms-help://MS.NETFrameworkSDKv1.1/cpref/html/frlrfsystemcomponentmodeldesignhelpcontexttypeClassTopic.htm" ismsdn="true" />
  <HelpTopic name="HelpKeywordType enumeration" link="ms-help://MS.NETFrameworkSDKv1.1/cpref/html/frlrfsystemcomponentmodeldesignhelpkeywordtypeClassTopic.htm" ismsdn="true" />
  <HelpFolder name="IComponentChangeService interface" link="ms-help://MS.NETFrameworkSDKv1.1/cpref/html/frlrfsystemcomponentmodeldesignicomponentchangeserviceClassTopic.htm" ismsdn="true">
    <HelpTopic name="IComponentChangeService members" link="ms-help://MS.NETFrameworkSDKv1.1/cpref/html/frlrfsystemcomponentmodeldesignicomponentchangeserviceMembersTopic.htm" ismsdn="true" />
    <HelpFolder name="Methods" link="ms-help://MS.NETFrameworkSDKv1.1/cpref/html/frlrfsystemcomponentmodeldesignicomponentchangeserviceMethodsTopic.htm" ismsdn="true">
      <HelpTopic name="OnComponentChanging(System.Object, System.ComponentModel.MemberDescriptor)" link="ms-help://MS.NETFrameworkSDKv1.1/cpref/html/frlrfsystemcomponentmodeldesignicomponentchangeserviceclassOnComponentChangingTopic.htm" ismsdn="true" />
      <HelpTopic name="OnComponentChanged(System.Object, System.ComponentModel.MemberDescriptor, System.Object, System.Object)" link="ms-help://MS.NETFrameworkSDKv1.1/cpref/html/frlrfsystemcomponentmodeldesignicomponentchangeserviceclassOnComponentChangedTopic.htm" ismsdn="true" />
    </HelpFolder>
    <HelpFolder name="Events" link="ms-help://MS.NETFrameworkSDKv1.1/cpref/html/frlrfsystemcomponentmodeldesignicomponentchangeserviceEventsTopic.htm" ismsdn="true">
      <HelpTopic name="ComponentAdded" link="ms-help://MS.NETFrameworkSDKv1.1/cpref/html/frlrfsystemcomponentmodeldesignicomponentchangeserviceclassComponentAddedTopic.htm" ismsdn="true" />
      <HelpTopic name="ComponentAdding" link="ms-help://MS.NETFrameworkSDKv1.1/cpref/html/frlrfsystemcomponentmodeldesignicomponentchangeserviceclassComponentAddingTopic.htm" ismsdn="true" />
      <HelpTopic name="ComponentChanged" link="ms-help://MS.NETFrameworkSDKv1.1/cpref/html/frlrfsystemcomponentmodeldesignicomponentchangeserviceclassComponentChangedTopic.htm" ismsdn="true" />
      <HelpTopic name="ComponentChanging" link="ms-help://MS.NETFrameworkSDKv1.1/cpref/html/frlrfsystemcomponentmodeldesignicomponentchangeserviceclassComponentChangingTopic.htm" ismsdn="true" />
      <HelpTopic name="ComponentRemoved" link="ms-help://MS.NETFrameworkSDKv1.1/cpref/html/frlrfsystemcomponentmodeldesignicomponentchangeserviceclassComponentRemovedTopic.htm" ismsdn="true" />
      <HelpTopic name="ComponentRemoving" link="ms-help://MS.NETFrameworkSDKv1.1/cpref/html/frlrfsystemcomponentmodeldesignicomponentchangeserviceclassComponentRemovingTopic.htm" ismsdn="true" />
      <HelpTopic name="ComponentRename" link="ms-help://MS.NETFrameworkSDKv1.1/cpref/html/frlrfsystemcomponentmodeldesignicomponentchangeserviceclassComponentRenameTopic.htm" ismsdn="true" />
    </HelpFolder>
  </HelpFolder>
  <HelpFolder name="IDesigner interface" link="ms-help://MS.NETFrameworkSDKv1.1/cpref/html/frlrfsystemcomponentmodeldesignidesignerClassTopic.htm" ismsdn="true">
    <HelpTopic name="IDesigner members" link="ms-help://MS.NETFrameworkSDKv1.1/cpref/html/frlrfsystemcomponentmodeldesignidesignerMembersTopic.htm" ismsdn="true" />
    <HelpFolder name="Methods" link="ms-help://MS.NETFrameworkSDKv1.1/cpref/html/frlrfsystemcomponentmodeldesignidesignerMethodsTopic.htm" ismsdn="true">
      <HelpTopic name="Initialize(System.ComponentModel.IComponent)" link="ms-help://MS.NETFrameworkSDKv1.1/cpref/html/frlrfsystemcomponentmodeldesignidesignerclassInitializeTopic.htm" ismsdn="true" />
      <HelpTopic name="DoDefaultAction()" link="ms-help://MS.NETFrameworkSDKv1.1/cpref/html/frlrfsystemcomponentmodeldesignidesignerclassDoDefaultActionTopic.htm" ismsdn="true" />
    </HelpFolder>
    <HelpFolder name="Properties" link="ms-help://MS.NETFrameworkSDKv1.1/cpref/html/frlrfsystemcomponentmodeldesignidesignerPropertiesTopic.htm" ismsdn="true">
      <HelpTopic name="Component" link="ms-help://MS.NETFrameworkSDKv1.1/cpref/html/frlrfsystemcomponentmodeldesignidesignerclassComponentTopic.htm" ismsdn="true" />
      <HelpTopic name="Verbs" link="ms-help://MS.NETFrameworkSDKv1.1/cpref/html/frlrfsystemcomponentmodeldesignidesignerclassVerbsTopic.htm" ismsdn="true" />
    </HelpFolder>
  </HelpFolder>
  <HelpFolder name="IDesignerEventService interface" link="ms-help://MS.NETFrameworkSDKv1.1/cpref/html/frlrfsystemcomponentmodeldesignidesignereventserviceClassTopic.htm" ismsdn="true">
    <HelpTopic name="IDesignerEventService members" link="ms-help://MS.NETFrameworkSDKv1.1/cpref/html/frlrfsystemcomponentmodeldesignidesignereventserviceMembersTopic.htm" ismsdn="true" />
    <HelpFolder name="Properties" link="ms-help://MS.NETFrameworkSDKv1.1/cpref/html/frlrfsystemcomponentmodeldesignidesignereventservicePropertiesTopic.htm" ismsdn="true">
      <HelpTopic name="ActiveDesigner" link="ms-help://MS.NETFrameworkSDKv1.1/cpref/html/frlrfsystemcomponentmodeldesignidesignereventserviceclassActiveDesignerTopic.htm" ismsdn="true" />
      <HelpTopic name="Designers" link="ms-help://MS.NETFrameworkSDKv1.1/cpref/html/frlrfsystemcomponentmodeldesignidesignereventserviceclassDesignersTopic.htm" ismsdn="true" />
    </HelpFolder>
    <HelpFolder name="Events" link="ms-help://MS.NETFrameworkSDKv1.1/cpref/html/frlrfsystemcomponentmodeldesignidesignereventserviceEventsTopic.htm" ismsdn="true">
      <HelpTopic name="ActiveDesignerChanged" link="ms-help://MS.NETFrameworkSDKv1.1/cpref/html/frlrfsystemcomponentmodeldesignidesignereventserviceclassActiveDesignerChangedTopic.htm" ismsdn="true" />
      <HelpTopic name="DesignerCreated" link="ms-help://MS.NETFrameworkSDKv1.1/cpref/html/frlrfsystemcomponentmodeldesignidesignereventserviceclassDesignerCreatedTopic.htm" ismsdn="true" />
      <HelpTopic name="DesignerDisposed" link="ms-help://MS.NETFrameworkSDKv1.1/cpref/html/frlrfsystemcomponentmodeldesignidesignereventserviceclassDesignerDisposedTopic.htm" ismsdn="true" />
      <HelpTopic name="SelectionChanged" link="ms-help://MS.NETFrameworkSDKv1.1/cpref/html/frlrfsystemcomponentmodeldesignidesignereventserviceclassSelectionChangedTopic.htm" ismsdn="true" />
    </HelpFolder>
  </HelpFolder>
  <HelpFolder name="IDesignerFilter interface" link="ms-help://MS.NETFrameworkSDKv1.1/cpref/html/frlrfsystemcomponentmodeldesignidesignerfilterClassTopic.htm" ismsdn="true">
    <HelpTopic name="IDesignerFilter members" link="ms-help://MS.NETFrameworkSDKv1.1/cpref/html/frlrfsystemcomponentmodeldesignidesignerfilterMembersTopic.htm" ismsdn="true" />
    <HelpFolder name="Methods" link="ms-help://MS.NETFrameworkSDKv1.1/cpref/html/frlrfsystemcomponentmodeldesignidesignerfilterMethodsTopic.htm" ismsdn="true">
      <HelpTopic name="PreFilterProperties(System.Collections.IDictionary)" link="ms-help://MS.NETFrameworkSDKv1.1/cpref/html/frlrfsystemcomponentmodeldesignidesignerfilterclassPreFilterPropertiesTopic.htm" ismsdn="true" />
      <HelpTopic name="PreFilterEvents(System.Collections.IDictionary)" link="ms-help://MS.NETFrameworkSDKv1.1/cpref/html/frlrfsystemcomponentmodeldesignidesignerfilterclassPreFilterEventsTopic.htm" ismsdn="true" />
      <HelpTopic name="PreFilterAttributes(System.Collections.IDictionary)" link="ms-help://MS.NETFrameworkSDKv1.1/cpref/html/frlrfsystemcomponentmodeldesignidesignerfilterclassPreFilterAttributesTopic.htm" ismsdn="true" />
      <HelpTopic name="PostFilterProperties(System.Collections.IDictionary)" link="ms-help://MS.NETFrameworkSDKv1.1/cpref/html/frlrfsystemcomponentmodeldesignidesignerfilterclassPostFilterPropertiesTopic.htm" ismsdn="true" />
      <HelpTopic name="PostFilterEvents(System.Collections.IDictionary)" link="ms-help://MS.NETFrameworkSDKv1.1/cpref/html/frlrfsystemcomponentmodeldesignidesignerfilterclassPostFilterEventsTopic.htm" ismsdn="true" />
      <HelpTopic name="PostFilterAttributes(System.Collections.IDictionary)" link="ms-help://MS.NETFrameworkSDKv1.1/cpref/html/frlrfsystemcomponentmodeldesignidesignerfilterclassPostFilterAttributesTopic.htm" ismsdn="true" />
    </HelpFolder>
  </HelpFolder>
  <HelpFolder name="IDesignerHost interface" link="ms-help://MS.NETFrameworkSDKv1.1/cpref/html/frlrfsystemcomponentmodeldesignidesignerhostClassTopic.htm" ismsdn="true">
    <HelpTopic name="IDesignerHost members" link="ms-help://MS.NETFrameworkSDKv1.1/cpref/html/frlrfsystemcomponentmodeldesignidesignerhostMembersTopic.htm" ismsdn="true" />
    <HelpFolder name="Methods" link="ms-help://MS.NETFrameworkSDKv1.1/cpref/html/frlrfsystemcomponentmodeldesignidesignerhostMethodsTopic.htm" ismsdn="true">
      <HelpTopic name="GetType(System.String)" link="ms-help://MS.NETFrameworkSDKv1.1/cpref/html/frlrfsystemcomponentmodeldesignidesignerhostclassGetTypeTopic.htm" ismsdn="true" />
      <HelpTopic name="GetDesigner(System.ComponentModel.IComponent)" link="ms-help://MS.NETFrameworkSDKv1.1/cpref/html/frlrfsystemcomponentmodeldesignidesignerhostclassGetDesignerTopic.htm" ismsdn="true" />
      <HelpTopic name="DestroyComponent(System.ComponentModel.IComponent)" link="ms-help://MS.NETFrameworkSDKv1.1/cpref/html/frlrfsystemcomponentmodeldesignidesignerhostclassDestroyComponentTopic.htm" ismsdn="true" />
      <HelpTopic name="CreateTransaction(System.String)" link="ms-help://MS.NETFrameworkSDKv1.1/cpref/html/frlrfsystemcomponentmodeldesignidesignerhostclassCreateTransactionTopic1.htm" ismsdn="true" />
      <HelpTopic name="CreateTransaction()" link="ms-help://MS.NETFrameworkSDKv1.1/cpref/html/frlrfsystemcomponentmodeldesignidesignerhostclassCreateTransactionTopic2.htm" ismsdn="true" />
      <HelpTopic name="CreateComponent(System.Type, System.String)" link="ms-help://MS.NETFrameworkSDKv1.1/cpref/html/frlrfsystemcomponentmodeldesignidesignerhostclassCreateComponentTopic1.htm" ismsdn="true" />
      <HelpTopic name="CreateComponent(System.Type)" link="ms-help://MS.NETFrameworkSDKv1.1/cpref/html/frlrfsystemcomponentmodeldesignidesignerhostclassCreateComponentTopic2.htm" ismsdn="true" />
      <HelpTopic name="Activate()" link="ms-help://MS.NETFrameworkSDKv1.1/cpref/html/frlrfsystemcomponentmodeldesignidesignerhostclassActivateTopic.htm" ismsdn="true" />
    </HelpFolder>
    <HelpFolder name="Properties" link="ms-help://MS.NETFrameworkSDKv1.1/cpref/html/frlrfsystemcomponentmodeldesignidesignerhostPropertiesTopic.htm" ismsdn="true">
      <HelpTopic name="Loading" link="ms-help://MS.NETFrameworkSDKv1.1/cpref/html/frlrfsystemcomponentmodeldesignidesignerhostclassLoadingTopic.htm" ismsdn="true" />
      <HelpTopic name="InTransaction" link="ms-help://MS.NETFrameworkSDKv1.1/cpref/html/frlrfsystemcomponentmodeldesignidesignerhostclassInTransactionTopic.htm" ismsdn="true" />
      <HelpTopic name="Container" link="ms-help://MS.NETFrameworkSDKv1.1/cpref/html/frlrfsystemcomponentmodeldesignidesignerhostclassContainerTopic.htm" ismsdn="true" />
      <HelpTopic name="RootComponent" link="ms-help://MS.NETFrameworkSDKv1.1/cpref/html/frlrfsystemcomponentmodeldesignidesignerhostclassRootComponentTopic.htm" ismsdn="true" />
      <HelpTopic name="RootComponentClassName" link="ms-help://MS.NETFrameworkSDKv1.1/cpref/html/frlrfsystemcomponentmodeldesignidesignerhostclassRootComponentClassNameTopic.htm" ismsdn="true" />
      <HelpTopic name="TransactionDescription" link="ms-help://MS.NETFrameworkSDKv1.1/cpref/html/frlrfsystemcomponentmodeldesignidesignerhostclassTransactionDescriptionTopic.htm" ismsdn="true" />
    </HelpFolder>
    <HelpFolder name="Events" link="ms-help://MS.NETFrameworkSDKv1.1/cpref/html/frlrfsystemcomponentmodeldesignidesignerhostEventsTopic.htm" ismsdn="true">
      <HelpTopic name="Activated" link="ms-help://MS.NETFrameworkSDKv1.1/cpref/html/frlrfsystemcomponentmodeldesignidesignerhostclassActivatedTopic.htm" ismsdn="true" />
      <HelpTopic name="Deactivated" link="ms-help://MS.NETFrameworkSDKv1.1/cpref/html/frlrfsystemcomponentmodeldesignidesignerhostclassDeactivatedTopic.htm" ismsdn="true" />
      <HelpTopic name="LoadComplete" link="ms-help://MS.NETFrameworkSDKv1.1/cpref/html/frlrfsystemcomponentmodeldesignidesignerhostclassLoadCompleteTopic.htm" ismsdn="true" />
      <HelpTopic name="TransactionClosed" link="ms-help://MS.NETFrameworkSDKv1.1/cpref/html/frlrfsystemcomponentmodeldesignidesignerhostclassTransactionClosedTopic.htm" ismsdn="true" />
      <HelpTopic name="TransactionClosing" link="ms-help://MS.NETFrameworkSDKv1.1/cpref/html/frlrfsystemcomponentmodeldesignidesignerhostclassTransactionClosingTopic.htm" ismsdn="true" />
      <HelpTopic name="TransactionOpened" link="ms-help://MS.NETFrameworkSDKv1.1/cpref/html/frlrfsystemcomponentmodeldesignidesignerhostclassTransactionOpenedTopic.htm" ismsdn="true" />
      <HelpTopic name="TransactionOpening" link="ms-help://MS.NETFrameworkSDKv1.1/cpref/html/frlrfsystemcomponentmodeldesignidesignerhostclassTransactionOpeningTopic.htm" ismsdn="true" />
    </HelpFolder>
  </HelpFolder>
  <HelpFolder name="IDesignerOptionService interface" link="ms-help://MS.NETFrameworkSDKv1.1/cpref/html/frlrfsystemcomponentmodeldesignidesigneroptionserviceClassTopic.htm" ismsdn="true">
    <HelpTopic name="IDesignerOptionService members" link="ms-help://MS.NETFrameworkSDKv1.1/cpref/html/frlrfsystemcomponentmodeldesignidesigneroptionserviceMembersTopic.htm" ismsdn="true" />
    <HelpFolder name="Methods" link="ms-help://MS.NETFrameworkSDKv1.1/cpref/html/frlrfsystemcomponentmodeldesignidesigneroptionserviceMethodsTopic.htm" ismsdn="true">
      <HelpTopic name="SetOptionValue(System.String, System.String, System.Object)" link="ms-help://MS.NETFrameworkSDKv1.1/cpref/html/frlrfsystemcomponentmodeldesignidesigneroptionserviceclassSetOptionValueTopic.htm" ismsdn="true" />
      <HelpTopic name="GetOptionValue(System.String, System.String)" link="ms-help://MS.NETFrameworkSDKv1.1/cpref/html/frlrfsystemcomponentmodeldesignidesigneroptionserviceclassGetOptionValueTopic.htm" ismsdn="true" />
    </HelpFolder>
  </HelpFolder>
  <HelpFolder name="IDictionaryService interface" link="ms-help://MS.NETFrameworkSDKv1.1/cpref/html/frlrfsystemcomponentmodeldesignidictionaryserviceClassTopic.htm" ismsdn="true">
    <HelpTopic name="IDictionaryService members" link="ms-help://MS.NETFrameworkSDKv1.1/cpref/html/frlrfsystemcomponentmodeldesignidictionaryserviceMembersTopic.htm" ismsdn="true" />
    <HelpFolder name="Methods" link="ms-help://MS.NETFrameworkSDKv1.1/cpref/html/frlrfsystemcomponentmodeldesignidictionaryserviceMethodsTopic.htm" ismsdn="true">
      <HelpTopic name="SetValue(System.Object, System.Object)" link="ms-help://MS.NETFrameworkSDKv1.1/cpref/html/frlrfsystemcomponentmodeldesignidictionaryserviceclassSetValueTopic.htm" ismsdn="true" />
      <HelpTopic name="GetValue(System.Object)" link="ms-help://MS.NETFrameworkSDKv1.1/cpref/html/frlrfsystemcomponentmodeldesignidictionaryserviceclassGetValueTopic.htm" ismsdn="true" />
      <HelpTopic name="GetKey(System.Object)" link="ms-help://MS.NETFrameworkSDKv1.1/cpref/html/frlrfsystemcomponentmodeldesignidictionaryserviceclassGetKeyTopic.htm" ismsdn="true" />
    </HelpFolder>
  </HelpFolder>
  <HelpFolder name="IEventBindingService interface" link="ms-help://MS.NETFrameworkSDKv1.1/cpref/html/frlrfsystemcomponentmodeldesignieventbindingserviceClassTopic.htm" ismsdn="true">
    <HelpTopic name="IEventBindingService members" link="ms-help://MS.NETFrameworkSDKv1.1/cpref/html/frlrfsystemcomponentmodeldesignieventbindingserviceMembersTopic.htm" ismsdn="true" />
    <HelpFolder name="Methods" link="ms-help://MS.NETFrameworkSDKv1.1/cpref/html/frlrfsystemcomponentmodeldesignieventbindingserviceMethodsTopic.htm" ismsdn="true">
      <HelpTopic name="ShowCode(System.ComponentModel.IComponent, System.ComponentModel.EventDescriptor)" link="ms-help://MS.NETFrameworkSDKv1.1/cpref/html/frlrfsystemcomponentmodeldesignieventbindingserviceclassShowCodeTopic0.htm" ismsdn="true" />
      <HelpTopic name="ShowCode(System.Int32)" link="ms-help://MS.NETFrameworkSDKv1.1/cpref/html/frlrfsystemcomponentmodeldesignieventbindingserviceclassShowCodeTopic1.htm" ismsdn="true" />
      <HelpTopic name="ShowCode()" link="ms-help://MS.NETFrameworkSDKv1.1/cpref/html/frlrfsystemcomponentmodeldesignieventbindingserviceclassShowCodeTopic2.htm" ismsdn="true" />
      <HelpTopic name="GetEventProperty(System.ComponentModel.EventDescriptor)" link="ms-help://MS.NETFrameworkSDKv1.1/cpref/html/frlrfsystemcomponentmodeldesignieventbindingserviceclassGetEventPropertyTopic.htm" ismsdn="true" />
      <HelpTopic name="GetEventProperties(System.ComponentModel.EventDescriptorCollection)" link="ms-help://MS.NETFrameworkSDKv1.1/cpref/html/frlrfsystemcomponentmodeldesignieventbindingserviceclassGetEventPropertiesTopic.htm" ismsdn="true" />
      <HelpTopic name="GetEvent(System.ComponentModel.PropertyDescriptor)" link="ms-help://MS.NETFrameworkSDKv1.1/cpref/html/frlrfsystemcomponentmodeldesignieventbindingserviceclassGetEventTopic.htm" ismsdn="true" />
      <HelpTopic name="GetCompatibleMethods(System.ComponentModel.EventDescriptor)" link="ms-help://MS.NETFrameworkSDKv1.1/cpref/html/frlrfsystemcomponentmodeldesignieventbindingserviceclassGetCompatibleMethodsTopic.htm" ismsdn="true" />
      <HelpTopic name="CreateUniqueMethodName(System.ComponentModel.IComponent, System.ComponentModel.EventDescriptor)" link="ms-help://MS.NETFrameworkSDKv1.1/cpref/html/frlrfsystemcomponentmodeldesignieventbindingserviceclassCreateUniqueMethodNameTopic.htm" ismsdn="true" />
    </HelpFolder>
  </HelpFolder>
  <HelpFolder name="IExtenderListService interface" link="ms-help://MS.NETFrameworkSDKv1.1/cpref/html/frlrfsystemcomponentmodeldesigniextenderlistserviceClassTopic.htm" ismsdn="true">
    <HelpTopic name="IExtenderListService members" link="ms-help://MS.NETFrameworkSDKv1.1/cpref/html/frlrfsystemcomponentmodeldesigniextenderlistserviceMembersTopic.htm" ismsdn="true" />
    <HelpFolder name="Methods" link="ms-help://MS.NETFrameworkSDKv1.1/cpref/html/frlrfsystemcomponentmodeldesigniextenderlistserviceMethodsTopic.htm" ismsdn="true">
      <HelpTopic name="GetExtenderProviders()" link="ms-help://MS.NETFrameworkSDKv1.1/cpref/html/frlrfsystemcomponentmodeldesigniextenderlistserviceclassGetExtenderProvidersTopic.htm" ismsdn="true" />
    </HelpFolder>
  </HelpFolder>
  <HelpFolder name="IExtenderProviderService interface" link="ms-help://MS.NETFrameworkSDKv1.1/cpref/html/frlrfsystemcomponentmodeldesigniextenderproviderserviceClassTopic.htm" ismsdn="true">
    <HelpTopic name="IExtenderProviderService members" link="ms-help://MS.NETFrameworkSDKv1.1/cpref/html/frlrfsystemcomponentmodeldesigniextenderproviderserviceMembersTopic.htm" ismsdn="true" />
    <HelpFolder name="Methods" link="ms-help://MS.NETFrameworkSDKv1.1/cpref/html/frlrfsystemcomponentmodeldesigniextenderproviderserviceMethodsTopic.htm" ismsdn="true">
      <HelpTopic name="RemoveExtenderProvider(System.ComponentModel.IExtenderProvider)" link="ms-help://MS.NETFrameworkSDKv1.1/cpref/html/frlrfsystemcomponentmodeldesigniextenderproviderserviceclassRemoveExtenderProviderTopic.htm" ismsdn="true" />
      <HelpTopic name="AddExtenderProvider(System.ComponentModel.IExtenderProvider)" link="ms-help://MS.NETFrameworkSDKv1.1/cpref/html/frlrfsystemcomponentmodeldesigniextenderproviderserviceclassAddExtenderProviderTopic.htm" ismsdn="true" />
    </HelpFolder>
  </HelpFolder>
  <HelpFolder name="IHelpService interface" link="ms-help://MS.NETFrameworkSDKv1.1/cpref/html/frlrfsystemcomponentmodeldesignihelpserviceClassTopic.htm" ismsdn="true">
    <HelpTopic name="IHelpService members" link="ms-help://MS.NETFrameworkSDKv1.1/cpref/html/frlrfsystemcomponentmodeldesignihelpserviceMembersTopic.htm" ismsdn="true" />
    <HelpFolder name="Methods" link="ms-help://MS.NETFrameworkSDKv1.1/cpref/html/frlrfsystemcomponentmodeldesignihelpserviceMethodsTopic.htm" ismsdn="true">
      <HelpTopic name="ShowHelpFromUrl(System.String)" link="ms-help://MS.NETFrameworkSDKv1.1/cpref/html/frlrfsystemcomponentmodeldesignihelpserviceclassShowHelpFromUrlTopic.htm" ismsdn="true" />
      <HelpTopic name="ShowHelpFromKeyword(System.String)" link="ms-help://MS.NETFrameworkSDKv1.1/cpref/html/frlrfsystemcomponentmodeldesignihelpserviceclassShowHelpFromKeywordTopic.htm" ismsdn="true" />
      <HelpTopic name="RemoveLocalContext(System.ComponentModel.Design.IHelpService)" link="ms-help://MS.NETFrameworkSDKv1.1/cpref/html/frlrfsystemcomponentmodeldesignihelpserviceclassRemoveLocalContextTopic.htm" ismsdn="true" />
      <HelpTopic name="RemoveContextAttribute(System.String, System.String)" link="ms-help://MS.NETFrameworkSDKv1.1/cpref/html/frlrfsystemcomponentmodeldesignihelpserviceclassRemoveContextAttributeTopic.htm" ismsdn="true" />
      <HelpTopic name="CreateLocalContext(System.ComponentModel.Design.HelpContextType)" link="ms-help://MS.NETFrameworkSDKv1.1/cpref/html/frlrfsystemcomponentmodeldesignihelpserviceclassCreateLocalContextTopic.htm" ismsdn="true" />
      <HelpTopic name="ClearContextAttributes()" link="ms-help://MS.NETFrameworkSDKv1.1/cpref/html/frlrfsystemcomponentmodeldesignihelpserviceclassClearContextAttributesTopic.htm" ismsdn="true" />
      <HelpTopic name="AddContextAttribute(System.String, System.String, System.ComponentModel.Design.HelpKeywordType)" link="ms-help://MS.NETFrameworkSDKv1.1/cpref/html/frlrfsystemcomponentmodeldesignihelpserviceclassAddContextAttributeTopic.htm" ismsdn="true" />
    </HelpFolder>
  </HelpFolder>
  <HelpFolder name="IInheritanceService interface" link="ms-help://MS.NETFrameworkSDKv1.1/cpref/html/frlrfsystemcomponentmodeldesigniinheritanceserviceClassTopic.htm" ismsdn="true">
    <HelpTopic name="IInheritanceService members" link="ms-help://MS.NETFrameworkSDKv1.1/cpref/html/frlrfsystemcomponentmodeldesigniinheritanceserviceMembersTopic.htm" ismsdn="true" />
    <HelpFolder name="Methods" link="ms-help://MS.NETFrameworkSDKv1.1/cpref/html/frlrfsystemcomponentmodeldesigniinheritanceserviceMethodsTopic.htm" ismsdn="true">
      <HelpTopic name="GetInheritanceAttribute(System.ComponentModel.IComponent)" link="ms-help://MS.NETFrameworkSDKv1.1/cpref/html/frlrfsystemcomponentmodeldesigniinheritanceserviceclassGetInheritanceAttributeTopic.htm" ismsdn="true" />
      <HelpTopic name="AddInheritedComponents(System.ComponentModel.IComponent, System.ComponentModel.IContainer)" link="ms-help://MS.NETFrameworkSDKv1.1/cpref/html/frlrfsystemcomponentmodeldesigniinheritanceserviceclassAddInheritedComponentsTopic.htm" ismsdn="true" />
    </HelpFolder>
  </HelpFolder>
  <HelpFolder name="IMenuCommandService interface" link="ms-help://MS.NETFrameworkSDKv1.1/cpref/html/frlrfsystemcomponentmodeldesignimenucommandserviceClassTopic.htm" ismsdn="true">
    <HelpTopic name="IMenuCommandService members" link="ms-help://MS.NETFrameworkSDKv1.1/cpref/html/frlrfsystemcomponentmodeldesignimenucommandserviceMembersTopic.htm" ismsdn="true" />
    <HelpFolder name="Methods" link="ms-help://MS.NETFrameworkSDKv1.1/cpref/html/frlrfsystemcomponentmodeldesignimenucommandserviceMethodsTopic.htm" ismsdn="true">
      <HelpTopic name="ShowContextMenu(System.ComponentModel.Design.CommandID, System.Int32, System.Int32)" link="ms-help://MS.NETFrameworkSDKv1.1/cpref/html/frlrfsystemcomponentmodeldesignimenucommandserviceclassShowContextMenuTopic.htm" ismsdn="true" />
      <HelpTopic name="RemoveVerb(System.ComponentModel.Design.DesignerVerb)" link="ms-help://MS.NETFrameworkSDKv1.1/cpref/html/frlrfsystemcomponentmodeldesignimenucommandserviceclassRemoveVerbTopic.htm" ismsdn="true" />
      <HelpTopic name="RemoveCommand(System.ComponentModel.Design.MenuCommand)" link="ms-help://MS.NETFrameworkSDKv1.1/cpref/html/frlrfsystemcomponentmodeldesignimenucommandserviceclassRemoveCommandTopic.htm" ismsdn="true" />
      <HelpTopic name="GlobalInvoke(System.ComponentModel.Design.CommandID)" link="ms-help://MS.NETFrameworkSDKv1.1/cpref/html/frlrfsystemcomponentmodeldesignimenucommandserviceclassGlobalInvokeTopic.htm" ismsdn="true" />
      <HelpTopic name="FindCommand(System.ComponentModel.Design.CommandID)" link="ms-help://MS.NETFrameworkSDKv1.1/cpref/html/frlrfsystemcomponentmodeldesignimenucommandserviceclassFindCommandTopic.htm" ismsdn="true" />
      <HelpTopic name="AddVerb(System.ComponentModel.Design.DesignerVerb)" link="ms-help://MS.NETFrameworkSDKv1.1/cpref/html/frlrfsystemcomponentmodeldesignimenucommandserviceclassAddVerbTopic.htm" ismsdn="true" />
      <HelpTopic name="AddCommand(System.ComponentModel.Design.MenuCommand)" link="ms-help://MS.NETFrameworkSDKv1.1/cpref/html/frlrfsystemcomponentmodeldesignimenucommandserviceclassAddCommandTopic.htm" ismsdn="true" />
    </HelpFolder>
    <HelpFolder name="Properties" link="ms-help://MS.NETFrameworkSDKv1.1/cpref/html/frlrfsystemcomponentmodeldesignimenucommandservicePropertiesTopic.htm" ismsdn="true">
      <HelpTopic name="Verbs" link="ms-help://MS.NETFrameworkSDKv1.1/cpref/html/frlrfsystemcomponentmodeldesignimenucommandserviceclassVerbsTopic.htm" ismsdn="true" />
    </HelpFolder>
  </HelpFolder>
  <HelpFolder name="InheritanceService class" link="ms-help://MS.NETFrameworkSDKv1.1/cpref/html/frlrfsystemcomponentmodeldesigninheritanceserviceClassTopic.htm" ismsdn="true">
    <HelpTopic name="InheritanceService members" link="ms-help://MS.NETFrameworkSDKv1.1/cpref/html/frlrfsystemcomponentmodeldesigninheritanceserviceMembersTopic.htm" ismsdn="true" />
    <HelpFolder name="Constructors" link="ms-help://MS.NETFrameworkSDKv1.1/cpref/html/frlrfsystemcomponentmodeldesigninheritanceserviceclassctorTopic.htm" ismsdn="true">
      <HelpTopic name=".ctor()" link="ms-help://MS.NETFrameworkSDKv1.1/cpref/html/frlrfsystemcomponentmodeldesigninheritanceserviceclassctorTopic.htm" ismsdn="true" />
    </HelpFolder>
    <HelpFolder name="Methods" link="ms-help://MS.NETFrameworkSDKv1.1/cpref/html/frlrfsystemcomponentmodeldesigninheritanceserviceMethodsTopic.htm" ismsdn="true">
      <HelpTopic name="Dispose()" link="ms-help://MS.NETFrameworkSDKv1.1/cpref/html/frlrfsystemcomponentmodeldesigninheritanceserviceclassDisposeTopic.htm" ismsdn="true" />
      <HelpTopic name="GetInheritanceAttribute(System.ComponentModel.IComponent)" link="ms-help://MS.NETFrameworkSDKv1.1/cpref/html/frlrfsystemcomponentmodeldesigninheritanceserviceclassGetInheritanceAttributeTopic.htm" ismsdn="true" />
      <HelpTopic name="AddInheritedComponents(System.ComponentModel.IComponent, System.ComponentModel.IContainer)" link="ms-help://MS.NETFrameworkSDKv1.1/cpref/html/frlrfsystemcomponentmodeldesigninheritanceserviceclassAddInheritedComponentsTopic.htm" ismsdn="true" />
    </HelpFolder>
  </HelpFolder>
  <HelpFolder name="IReferenceService interface" link="ms-help://MS.NETFrameworkSDKv1.1/cpref/html/frlrfsystemcomponentmodeldesignireferenceserviceClassTopic.htm" ismsdn="true">
    <HelpTopic name="IReferenceService members" link="ms-help://MS.NETFrameworkSDKv1.1/cpref/html/frlrfsystemcomponentmodeldesignireferenceserviceMembersTopic.htm" ismsdn="true" />
    <HelpFolder name="Methods" link="ms-help://MS.NETFrameworkSDKv1.1/cpref/html/frlrfsystemcomponentmodeldesignireferenceserviceMethodsTopic.htm" ismsdn="true">
      <HelpTopic name="GetReferences(System.Type)" link="ms-help://MS.NETFrameworkSDKv1.1/cpref/html/frlrfsystemcomponentmodeldesignireferenceserviceclassGetReferencesTopic0.htm" ismsdn="true" />
      <HelpTopic name="GetReferences()" link="ms-help://MS.NETFrameworkSDKv1.1/cpref/html/frlrfsystemcomponentmodeldesignireferenceserviceclassGetReferencesTopic1.htm" ismsdn="true" />
      <HelpTopic name="GetName(System.Object)" link="ms-help://MS.NETFrameworkSDKv1.1/cpref/html/frlrfsystemcomponentmodeldesignireferenceserviceclassGetNameTopic.htm" ismsdn="true" />
      <HelpTopic name="GetReference(System.String)" link="ms-help://MS.NETFrameworkSDKv1.1/cpref/html/frlrfsystemcomponentmodeldesignireferenceserviceclassGetReferenceTopic.htm" ismsdn="true" />
      <HelpTopic name="GetComponent(System.Object)" link="ms-help://MS.NETFrameworkSDKv1.1/cpref/html/frlrfsystemcomponentmodeldesignireferenceserviceclassGetComponentTopic.htm" ismsdn="true" />
    </HelpFolder>
  </HelpFolder>
  <HelpFolder name="IResourceService interface" link="ms-help://MS.NETFrameworkSDKv1.1/cpref/html/frlrfsystemcomponentmodeldesigniresourceserviceClassTopic.htm" ismsdn="true">
    <HelpTopic name="IResourceService members" link="ms-help://MS.NETFrameworkSDKv1.1/cpref/html/frlrfsystemcomponentmodeldesigniresourceserviceMembersTopic.htm" ismsdn="true" />
    <HelpFolder name="Methods" link="ms-help://MS.NETFrameworkSDKv1.1/cpref/html/frlrfsystemcomponentmodeldesigniresourceserviceMethodsTopic.htm" ismsdn="true">
      <HelpTopic name="GetResourceWriter(System.Globalization.CultureInfo)" link="ms-help://MS.NETFrameworkSDKv1.1/cpref/html/frlrfsystemcomponentmodeldesigniresourceserviceclassGetResourceWriterTopic.htm" ismsdn="true" />
      <HelpTopic name="GetResourceReader(System.Globalization.CultureInfo)" link="ms-help://MS.NETFrameworkSDKv1.1/cpref/html/frlrfsystemcomponentmodeldesigniresourceserviceclassGetResourceReaderTopic.htm" ismsdn="true" />
    </HelpFolder>
  </HelpFolder>
  <HelpFolder name="IRootDesigner interface" link="ms-help://MS.NETFrameworkSDKv1.1/cpref/html/frlrfsystemcomponentmodeldesignirootdesignerClassTopic.htm" ismsdn="true">
    <HelpTopic name="IRootDesigner members" link="ms-help://MS.NETFrameworkSDKv1.1/cpref/html/frlrfsystemcomponentmodeldesignirootdesignerMembersTopic.htm" ismsdn="true" />
    <HelpFolder name="Methods" link="ms-help://MS.NETFrameworkSDKv1.1/cpref/html/frlrfsystemcomponentmodeldesignirootdesignerMethodsTopic.htm" ismsdn="true">
      <HelpTopic name="GetView(System.ComponentModel.Design.ViewTechnology)" link="ms-help://MS.NETFrameworkSDKv1.1/cpref/html/frlrfsystemcomponentmodeldesignirootdesignerclassGetViewTopic.htm" ismsdn="true" />
    </HelpFolder>
    <HelpFolder name="Properties" link="ms-help://MS.NETFrameworkSDKv1.1/cpref/html/frlrfsystemcomponentmodeldesignirootdesignerPropertiesTopic.htm" ismsdn="true">
      <HelpTopic name="SupportedTechnologies" link="ms-help://MS.NETFrameworkSDKv1.1/cpref/html/frlrfsystemcomponentmodeldesignirootdesignerclassSupportedTechnologiesTopic.htm" ismsdn="true" />
    </HelpFolder>
  </HelpFolder>
  <HelpFolder name="ISelectionService interface" link="ms-help://MS.NETFrameworkSDKv1.1/cpref/html/frlrfsystemcomponentmodeldesigniselectionserviceClassTopic.htm" ismsdn="true">
    <HelpTopic name="ISelectionService members" link="ms-help://MS.NETFrameworkSDKv1.1/cpref/html/frlrfsystemcomponentmodeldesigniselectionserviceMembersTopic.htm" ismsdn="true" />
    <HelpFolder name="Methods" link="ms-help://MS.NETFrameworkSDKv1.1/cpref/html/frlrfsystemcomponentmodeldesigniselectionserviceMethodsTopic.htm" ismsdn="true">
      <HelpTopic name="SetSelectedComponents(System.Collections.ICollection, System.ComponentModel.Design.SelectionTypes)" link="ms-help://MS.NETFrameworkSDKv1.1/cpref/html/frlrfsystemcomponentmodeldesigniselectionserviceclassSetSelectedComponentsTopic0.htm" ismsdn="true" />
      <HelpTopic name="SetSelectedComponents(System.Collections.ICollection)" link="ms-help://MS.NETFrameworkSDKv1.1/cpref/html/frlrfsystemcomponentmodeldesigniselectionserviceclassSetSelectedComponentsTopic1.htm" ismsdn="true" />
      <HelpTopic name="GetSelectedComponents()" link="ms-help://MS.NETFrameworkSDKv1.1/cpref/html/frlrfsystemcomponentmodeldesigniselectionserviceclassGetSelectedComponentsTopic.htm" ismsdn="true" />
      <HelpTopic name="GetComponentSelected(System.Object)" link="ms-help://MS.NETFrameworkSDKv1.1/cpref/html/frlrfsystemcomponentmodeldesigniselectionserviceclassGetComponentSelectedTopic.htm" ismsdn="true" />
    </HelpFolder>
    <HelpFolder name="Properties" link="ms-help://MS.NETFrameworkSDKv1.1/cpref/html/frlrfsystemcomponentmodeldesigniselectionservicePropertiesTopic.htm" ismsdn="true">
      <HelpTopic name="PrimarySelection" link="ms-help://MS.NETFrameworkSDKv1.1/cpref/html/frlrfsystemcomponentmodeldesigniselectionserviceclassPrimarySelectionTopic.htm" ismsdn="true" />
      <HelpTopic name="SelectionCount" link="ms-help://MS.NETFrameworkSDKv1.1/cpref/html/frlrfsystemcomponentmodeldesigniselectionserviceclassSelectionCountTopic.htm" ismsdn="true" />
    </HelpFolder>
    <HelpFolder name="Events" link="ms-help://MS.NETFrameworkSDKv1.1/cpref/html/frlrfsystemcomponentmodeldesigniselectionserviceEventsTopic.htm" ismsdn="true">
      <HelpTopic name="SelectionChanged" link="ms-help://MS.NETFrameworkSDKv1.1/cpref/html/frlrfsystemcomponentmodeldesigniselectionserviceclassSelectionChangedTopic.htm" ismsdn="true" />
      <HelpTopic name="SelectionChanging" link="ms-help://MS.NETFrameworkSDKv1.1/cpref/html/frlrfsystemcomponentmodeldesigniselectionserviceclassSelectionChangingTopic.htm" ismsdn="true" />
    </HelpFolder>
  </HelpFolder>
  <HelpFolder name="IServiceContainer interface" link="ms-help://MS.NETFrameworkSDKv1.1/cpref/html/frlrfsystemcomponentmodeldesigniservicecontainerClassTopic.htm" ismsdn="true">
    <HelpTopic name="IServiceContainer members" link="ms-help://MS.NETFrameworkSDKv1.1/cpref/html/frlrfsystemcomponentmodeldesigniservicecontainerMembersTopic.htm" ismsdn="true" />
    <HelpFolder name="Methods" link="ms-help://MS.NETFrameworkSDKv1.1/cpref/html/frlrfsystemcomponentmodeldesigniservicecontainerMethodsTopic.htm" ismsdn="true">
      <HelpTopic name="RemoveService(System.Type, System.Boolean)" link="ms-help://MS.NETFrameworkSDKv1.1/cpref/html/frlrfsystemcomponentmodeldesigniservicecontainerclassRemoveServiceTopic0.htm" ismsdn="true" />
      <HelpTopic name="RemoveService(System.Type)" link="ms-help://MS.NETFrameworkSDKv1.1/cpref/html/frlrfsystemcomponentmodeldesigniservicecontainerclassRemoveServiceTopic1.htm" ismsdn="true" />
      <HelpTopic name="AddService(System.Type, System.ComponentModel.Design.ServiceCreatorCallback, System.Boolean)" link="ms-help://MS.NETFrameworkSDKv1.1/cpref/html/frlrfsystemcomponentmodeldesigniservicecontainerclassAddServiceTopic1.htm" ismsdn="true" />
      <HelpTopic name="AddService(System.Type, System.ComponentModel.Design.ServiceCreatorCallback)" link="ms-help://MS.NETFrameworkSDKv1.1/cpref/html/frlrfsystemcomponentmodeldesigniservicecontainerclassAddServiceTopic2.htm" ismsdn="true" />
      <HelpTopic name="AddService(System.Type, System.Object, System.Boolean)" link="ms-help://MS.NETFrameworkSDKv1.1/cpref/html/frlrfsystemcomponentmodeldesigniservicecontainerclassAddServiceTopic3.htm" ismsdn="true" />
      <HelpTopic name="AddService(System.Type, System.Object)" link="ms-help://MS.NETFrameworkSDKv1.1/cpref/html/frlrfsystemcomponentmodeldesigniservicecontainerclassAddServiceTopic4.htm" ismsdn="true" />
    </HelpFolder>
  </HelpFolder>
  <HelpFolder name="ITypeDescriptorFilterService interface" link="ms-help://MS.NETFrameworkSDKv1.1/cpref/html/frlrfsystemcomponentmodeldesignitypedescriptorfilterserviceClassTopic.htm" ismsdn="true">
    <HelpTopic name="ITypeDescriptorFilterService members" link="ms-help://MS.NETFrameworkSDKv1.1/cpref/html/frlrfsystemcomponentmodeldesignitypedescriptorfilterserviceMembersTopic.htm" ismsdn="true" />
    <HelpFolder name="Methods" link="ms-help://MS.NETFrameworkSDKv1.1/cpref/html/frlrfsystemcomponentmodeldesignitypedescriptorfilterserviceMethodsTopic.htm" ismsdn="true">
      <HelpTopic name="FilterProperties(System.ComponentModel.IComponent, System.Collections.IDictionary)" link="ms-help://MS.NETFrameworkSDKv1.1/cpref/html/frlrfsystemcomponentmodeldesignitypedescriptorfilterserviceclassFilterPropertiesTopic.htm" ismsdn="true" />
      <HelpTopic name="FilterEvents(System.ComponentModel.IComponent, System.Collections.IDictionary)" link="ms-help://MS.NETFrameworkSDKv1.1/cpref/html/frlrfsystemcomponentmodeldesignitypedescriptorfilterserviceclassFilterEventsTopic.htm" ismsdn="true" />
      <HelpTopic name="FilterAttributes(System.ComponentModel.IComponent, System.Collections.IDictionary)" link="ms-help://MS.NETFrameworkSDKv1.1/cpref/html/frlrfsystemcomponentmodeldesignitypedescriptorfilterserviceclassFilterAttributesTopic.htm" ismsdn="true" />
    </HelpFolder>
  </HelpFolder>
  <HelpFolder name="ITypeResolutionService interface" link="ms-help://MS.NETFrameworkSDKv1.1/cpref/html/frlrfsystemcomponentmodeldesignityperesolutionserviceClassTopic.htm" ismsdn="true">
    <HelpTopic name="ITypeResolutionService members" link="ms-help://MS.NETFrameworkSDKv1.1/cpref/html/frlrfsystemcomponentmodeldesignityperesolutionserviceMembersTopic.htm" ismsdn="true" />
    <HelpFolder name="Methods" link="ms-help://MS.NETFrameworkSDKv1.1/cpref/html/frlrfsystemcomponentmodeldesignityperesolutionserviceMethodsTopic.htm" ismsdn="true">
      <HelpTopic name="GetPathOfAssembly(System.Reflection.AssemblyName)" link="ms-help://MS.NETFrameworkSDKv1.1/cpref/html/frlrfsystemcomponentmodeldesignityperesolutionserviceclassGetPathOfAssemblyTopic.htm" ismsdn="true" />
      <HelpTopic name="ReferenceAssembly(System.Reflection.AssemblyName)" link="ms-help://MS.NETFrameworkSDKv1.1/cpref/html/frlrfsystemcomponentmodeldesignityperesolutionserviceclassReferenceAssemblyTopic.htm" ismsdn="true" />
      <HelpTopic name="GetType(System.String, System.Boolean, System.Boolean)" link="ms-help://MS.NETFrameworkSDKv1.1/cpref/html/frlrfsystemcomponentmodeldesignityperesolutionserviceclassGetTypeTopic1.htm" ismsdn="true" />
      <HelpTopic name="GetType(System.String, System.Boolean)" link="ms-help://MS.NETFrameworkSDKv1.1/cpref/html/frlrfsystemcomponentmodeldesignityperesolutionserviceclassGetTypeTopic2.htm" ismsdn="true" />
      <HelpTopic name="GetType(System.String)" link="ms-help://MS.NETFrameworkSDKv1.1/cpref/html/frlrfsystemcomponentmodeldesignityperesolutionserviceclassGetTypeTopic3.htm" ismsdn="true" />
      <HelpTopic name="GetAssembly(System.Reflection.AssemblyName, System.Boolean)" link="ms-help://MS.NETFrameworkSDKv1.1/cpref/html/frlrfsystemcomponentmodeldesignityperesolutionserviceclassGetAssemblyTopic1.htm" ismsdn="true" />
      <HelpTopic name="GetAssembly(System.Reflection.AssemblyName)" link="ms-help://MS.NETFrameworkSDKv1.1/cpref/html/frlrfsystemcomponentmodeldesignityperesolutionserviceclassGetAssemblyTopic2.htm" ismsdn="true" />
    </HelpFolder>
  </HelpFolder>
  <HelpFolder name="LocalizationExtenderProvider class" link="ms-help://MS.NETFrameworkSDKv1.1/cpref/html/frlrfsystemcomponentmodeldesignlocalizationextenderproviderClassTopic.htm" ismsdn="true">
    <HelpTopic name="LocalizationExtenderProvider members" link="ms-help://MS.NETFrameworkSDKv1.1/cpref/html/frlrfsystemcomponentmodeldesignlocalizationextenderproviderMembersTopic.htm" ismsdn="true" />
    <HelpFolder name="Constructors" link="ms-help://MS.NETFrameworkSDKv1.1/cpref/html/frlrfsystemcomponentmodeldesignlocalizationextenderproviderclassctorTopic.htm" ismsdn="true">
      <HelpTopic name=".ctor(System.ComponentModel.ISite, System.ComponentModel.IComponent)" link="ms-help://MS.NETFrameworkSDKv1.1/cpref/html/frlrfsystemcomponentmodeldesignlocalizationextenderproviderclassctorTopic.htm" ismsdn="true" />
    </HelpFolder>
    <HelpFolder name="Methods" link="ms-help://MS.NETFrameworkSDKv1.1/cpref/html/frlrfsystemcomponentmodeldesignlocalizationextenderproviderMethodsTopic.htm" ismsdn="true">
      <HelpTopic name="Dispose()" link="ms-help://MS.NETFrameworkSDKv1.1/cpref/html/frlrfsystemcomponentmodeldesignlocalizationextenderproviderclassDisposeTopic.htm" ismsdn="true" />
      <HelpTopic name="CanExtend(System.Object)" link="ms-help://MS.NETFrameworkSDKv1.1/cpref/html/frlrfsystemcomponentmodeldesignlocalizationextenderproviderclassCanExtendTopic.htm" ismsdn="true" />
      <HelpTopic name="GetLanguage(System.Object)" link="ms-help://MS.NETFrameworkSDKv1.1/cpref/html/frlrfsystemcomponentmodeldesignlocalizationextenderproviderclassGetLanguageTopic.htm" ismsdn="true" />
      <HelpTopic name="GetLoadLanguage(System.Object)" link="ms-help://MS.NETFrameworkSDKv1.1/cpref/html/frlrfsystemcomponentmodeldesignlocalizationextenderproviderclassGetLoadLanguageTopic.htm" ismsdn="true" />
      <HelpTopic name="GetLocalizable(System.Object)" link="ms-help://MS.NETFrameworkSDKv1.1/cpref/html/frlrfsystemcomponentmodeldesignlocalizationextenderproviderclassGetLocalizableTopic.htm" ismsdn="true" />
      <HelpTopic name="SetLanguage(System.Object, System.Globalization.CultureInfo)" link="ms-help://MS.NETFrameworkSDKv1.1/cpref/html/frlrfsystemcomponentmodeldesignlocalizationextenderproviderclassSetLanguageTopic.htm" ismsdn="true" />
      <HelpTopic name="SetLocalizable(System.Object, System.Boolean)" link="ms-help://MS.NETFrameworkSDKv1.1/cpref/html/frlrfsystemcomponentmodeldesignlocalizationextenderproviderclassSetLocalizableTopic.htm" ismsdn="true" />
      <HelpTopic name="ShouldSerializeLanguage(System.Object)" link="ms-help://MS.NETFrameworkSDKv1.1/cpref/html/frlrfsystemcomponentmodeldesignlocalizationextenderproviderclassShouldSerializeLanguageTopic.htm" ismsdn="true" />
      <HelpTopic name="ResetLanguage(System.Object)" link="ms-help://MS.NETFrameworkSDKv1.1/cpref/html/frlrfsystemcomponentmodeldesignlocalizationextenderproviderclassResetLanguageTopic.htm" ismsdn="true" />
    </HelpFolder>
  </HelpFolder>
  <HelpFolder name="MenuCommand class" link="ms-help://MS.NETFrameworkSDKv1.1/cpref/html/frlrfsystemcomponentmodeldesignmenucommandClassTopic.htm" ismsdn="true">
    <HelpTopic name="MenuCommand members" link="ms-help://MS.NETFrameworkSDKv1.1/cpref/html/frlrfsystemcomponentmodeldesignmenucommandMembersTopic.htm" ismsdn="true" />
    <HelpFolder name="Constructors" link="ms-help://MS.NETFrameworkSDKv1.1/cpref/html/frlrfsystemcomponentmodeldesignmenucommandclassctorTopic.htm" ismsdn="true">
      <HelpTopic name=".ctor(System.EventHandler, System.ComponentModel.Design.CommandID)" link="ms-help://MS.NETFrameworkSDKv1.1/cpref/html/frlrfsystemcomponentmodeldesignmenucommandclassctorTopic.htm" ismsdn="true" />
    </HelpFolder>
    <HelpFolder name="Methods" link="ms-help://MS.NETFrameworkSDKv1.1/cpref/html/frlrfsystemcomponentmodeldesignmenucommandMethodsTopic.htm" ismsdn="true">
      <HelpTopic name="Invoke()" link="ms-help://MS.NETFrameworkSDKv1.1/cpref/html/frlrfsystemcomponentmodeldesignmenucommandclassInvokeTopic.htm" ismsdn="true" />
      <HelpTopic name="ToString()" link="ms-help://MS.NETFrameworkSDKv1.1/cpref/html/frlrfsystemcomponentmodeldesignmenucommandclassToStringTopic.htm" ismsdn="true" />
    </HelpFolder>
    <HelpFolder name="Properties" link="ms-help://MS.NETFrameworkSDKv1.1/cpref/html/frlrfsystemcomponentmodeldesignmenucommandPropertiesTopic.htm" ismsdn="true">
      <HelpTopic name="Checked" link="ms-help://MS.NETFrameworkSDKv1.1/cpref/html/frlrfsystemcomponentmodeldesignmenucommandclassCheckedTopic.htm" ismsdn="true" />
      <HelpTopic name="Enabled" link="ms-help://MS.NETFrameworkSDKv1.1/cpref/html/frlrfsystemcomponentmodeldesignmenucommandclassEnabledTopic.htm" ismsdn="true" />
      <HelpTopic name="Supported" link="ms-help://MS.NETFrameworkSDKv1.1/cpref/html/frlrfsystemcomponentmodeldesignmenucommandclassSupportedTopic.htm" ismsdn="true" />
      <HelpTopic name="Visible" link="ms-help://MS.NETFrameworkSDKv1.1/cpref/html/frlrfsystemcomponentmodeldesignmenucommandclassVisibleTopic.htm" ismsdn="true" />
      <HelpTopic name="CommandID" link="ms-help://MS.NETFrameworkSDKv1.1/cpref/html/frlrfsystemcomponentmodeldesignmenucommandclassCommandIDTopic.htm" ismsdn="true" />
      <HelpTopic name="OleStatus" link="ms-help://MS.NETFrameworkSDKv1.1/cpref/html/frlrfsystemcomponentmodeldesignmenucommandclassOleStatusTopic.htm" ismsdn="true" />
    </HelpFolder>
    <HelpFolder name="Events" link="ms-help://MS.NETFrameworkSDKv1.1/cpref/html/frlrfsystemcomponentmodeldesignmenucommandEventsTopic.htm" ismsdn="true">
      <HelpTopic name="CommandChanged" link="ms-help://MS.NETFrameworkSDKv1.1/cpref/html/frlrfsystemcomponentmodeldesignmenucommandclassCommandChangedTopic.htm" ismsdn="true" />
    </HelpFolder>
  </HelpFolder>
  <HelpFolder name="ObjectSelectorEditor class" link="ms-help://MS.NETFrameworkSDKv1.1/cpref/html/frlrfsystemcomponentmodeldesignobjectselectoreditorClassTopic.htm" ismsdn="true">
    <HelpTopic name="ObjectSelectorEditor members" link="ms-help://MS.NETFrameworkSDKv1.1/cpref/html/frlrfsystemcomponentmodeldesignobjectselectoreditorMembersTopic.htm" ismsdn="true" />
    <HelpFolder name="Constructors" link="ms-help://MS.NETFrameworkSDKv1.1/cpref/html/frlrfsystemcomponentmodeldesignobjectselectoreditorclassctorTopic.htm" ismsdn="true">
      <HelpTopic name=".ctor()" link="ms-help://MS.NETFrameworkSDKv1.1/cpref/html/frlrfsystemcomponentmodeldesignobjectselectoreditorclassctorTopic1.htm" ismsdn="true" />
      <HelpTopic name=".ctor(System.Boolean)" link="ms-help://MS.NETFrameworkSDKv1.1/cpref/html/frlrfsystemcomponentmodeldesignobjectselectoreditorclassctorTopic1.htm" ismsdn="true" />
    </HelpFolder>
    <HelpFolder name="Fields" link="ms-help://MS.NETFrameworkSDKv1.1/cpref/html/frlrfsystemcomponentmodeldesignobjectselectoreditorFieldsTopic.htm" ismsdn="true">
      <HelpTopic name="SubObjectSelector" link="ms-help://MS.NETFrameworkSDKv1.1/cpref/html/frlrfsystemcomponentmodeldesignobjectselectoreditorclassSubObjectSelectorTopic.htm" ismsdn="true" />
    </HelpFolder>
    <HelpFolder name="Methods" link="ms-help://MS.NETFrameworkSDKv1.1/cpref/html/frlrfsystemcomponentmodeldesignobjectselectoreditorMethodsTopic.htm" ismsdn="true">
      <HelpTopic name="SetValue(System.Object)" link="ms-help://MS.NETFrameworkSDKv1.1/cpref/html/frlrfsystemcomponentmodeldesignobjectselectoreditorclassSetValueTopic.htm" ismsdn="true" />
      <HelpTopic name="GetEditStyle(System.ComponentModel.ITypeDescriptorContext)" link="ms-help://MS.NETFrameworkSDKv1.1/cpref/html/frlrfsystemcomponentmodeldesignobjectselectoreditorclassGetEditStyleTopic.htm" ismsdn="true" />
      <HelpTopic name="EditValue(System.ComponentModel.ITypeDescriptorContext, System.IServiceProvider, System.Object)" link="ms-help://MS.NETFrameworkSDKv1.1/cpref/html/frlrfsystemcomponentmodeldesignobjectselectoreditorclassEditValueTopic.htm" ismsdn="true" />
      <HelpTopic name="EqualsToValue(System.Object)" link="ms-help://MS.NETFrameworkSDKv1.1/cpref/html/frlrfsystemcomponentmodeldesignobjectselectoreditorclassEqualsToValueTopic.htm" ismsdn="true" />
    </HelpFolder>
  </HelpFolder>
  <HelpTopic name="SelectionTypes enumeration" link="ms-help://MS.NETFrameworkSDKv1.1/cpref/html/frlrfsystemcomponentmodeldesignselectiontypesClassTopic.htm" ismsdn="true" />
  <HelpFolder name="ServiceContainer class" link="ms-help://MS.NETFrameworkSDKv1.1/cpref/html/frlrfsystemcomponentmodeldesignservicecontainerClassTopic.htm" ismsdn="true">
    <HelpTopic name="ServiceContainer members" link="ms-help://MS.NETFrameworkSDKv1.1/cpref/html/frlrfsystemcomponentmodeldesignservicecontainerMembersTopic.htm" ismsdn="true" />
    <HelpFolder name="Constructors" link="ms-help://MS.NETFrameworkSDKv1.1/cpref/html/frlrfsystemcomponentmodeldesignservicecontainerclassctorTopic.htm" ismsdn="true">
      <HelpTopic name=".ctor()" link="ms-help://MS.NETFrameworkSDKv1.1/cpref/html/frlrfsystemcomponentmodeldesignservicecontainerclassctorTopic1.htm" ismsdn="true" />
      <HelpTopic name=".ctor(System.IServiceProvider)" link="ms-help://MS.NETFrameworkSDKv1.1/cpref/html/frlrfsystemcomponentmodeldesignservicecontainerclassctorTopic1.htm" ismsdn="true" />
    </HelpFolder>
    <HelpFolder name="Methods" link="ms-help://MS.NETFrameworkSDKv1.1/cpref/html/frlrfsystemcomponentmodeldesignservicecontainerMethodsTopic.htm" ismsdn="true">
      <HelpTopic name="GetService(System.Type)" link="ms-help://MS.NETFrameworkSDKv1.1/cpref/html/frlrfsystemcomponentmodeldesignservicecontainerclassGetServiceTopic.htm" ismsdn="true" />
      <HelpTopic name="RemoveService(System.Type, System.Boolean)" link="ms-help://MS.NETFrameworkSDKv1.1/cpref/html/frlrfsystemcomponentmodeldesignservicecontainerclassRemoveServiceTopic1.htm" ismsdn="true" />
      <HelpTopic name="RemoveService(System.Type)" link="ms-help://MS.NETFrameworkSDKv1.1/cpref/html/frlrfsystemcomponentmodeldesignservicecontainerclassRemoveServiceTopic2.htm" ismsdn="true" />
      <HelpTopic name="AddService(System.Type, System.ComponentModel.Design.ServiceCreatorCallback, System.Boolean)" link="ms-help://MS.NETFrameworkSDKv1.1/cpref/html/frlrfsystemcomponentmodeldesignservicecontainerclassAddServiceTopic1.htm" ismsdn="true" />
      <HelpTopic name="AddService(System.Type, System.ComponentModel.Design.ServiceCreatorCallback)" link="ms-help://MS.NETFrameworkSDKv1.1/cpref/html/frlrfsystemcomponentmodeldesignservicecontainerclassAddServiceTopic2.htm" ismsdn="true" />
      <HelpTopic name="AddService(System.Type, System.Object, System.Boolean)" link="ms-help://MS.NETFrameworkSDKv1.1/cpref/html/frlrfsystemcomponentmodeldesignservicecontainerclassAddServiceTopic3.htm" ismsdn="true" />
      <HelpTopic name="AddService(System.Type, System.Object)" link="ms-help://MS.NETFrameworkSDKv1.1/cpref/html/frlrfsystemcomponentmodeldesignservicecontainerclassAddServiceTopic4.htm" ismsdn="true" />
    </HelpFolder>
  </HelpFolder>
  <HelpTopic name="ServiceCreatorCallback delegate" link="ms-help://MS.NETFrameworkSDKv1.1/cpref/html/frlrfsystemcomponentmodeldesignservicecreatorcallbackClassTopic.htm" ismsdn="true" />
  <HelpFolder name="StandardCommands class" link="ms-help://MS.NETFrameworkSDKv1.1/cpref/html/frlrfsystemcomponentmodeldesignstandardcommandsClassTopic.htm" ismsdn="true">
    <HelpTopic name="StandardCommands members" link="ms-help://MS.NETFrameworkSDKv1.1/cpref/html/frlrfsystemcomponentmodeldesignstandardcommandsMembersTopic.htm" ismsdn="true" />
    <HelpFolder name="Constructors" link="ms-help://MS.NETFrameworkSDKv1.1/cpref/html/frlrfsystemcomponentmodeldesignstandardcommandsclassctorTopic.htm" ismsdn="true">
      <HelpTopic name=".ctor()" link="ms-help://MS.NETFrameworkSDKv1.1/cpref/html/frlrfsystemcomponentmodeldesignstandardcommandsclassctorTopic.htm" ismsdn="true" />
    </HelpFolder>
    <HelpFolder name="Fields" link="ms-help://MS.NETFrameworkSDKv1.1/cpref/html/frlrfsystemcomponentmodeldesignstandardcommandsFieldsTopic.htm" ismsdn="true">
      <HelpTopic name="AlignBottom" link="ms-help://MS.NETFrameworkSDKv1.1/cpref/html/frlrfsystemcomponentmodeldesignstandardcommandsclassAlignBottomTopic.htm" ismsdn="true" />
      <HelpTopic name="AlignHorizontalCenters" link="ms-help://MS.NETFrameworkSDKv1.1/cpref/html/frlrfsystemcomponentmodeldesignstandardcommandsclassAlignHorizontalCentersTopic.htm" ismsdn="true" />
      <HelpTopic name="AlignLeft" link="ms-help://MS.NETFrameworkSDKv1.1/cpref/html/frlrfsystemcomponentmodeldesignstandardcommandsclassAlignLeftTopic.htm" ismsdn="true" />
      <HelpTopic name="AlignRight" link="ms-help://MS.NETFrameworkSDKv1.1/cpref/html/frlrfsystemcomponentmodeldesignstandardcommandsclassAlignRightTopic.htm" ismsdn="true" />
      <HelpTopic name="AlignToGrid" link="ms-help://MS.NETFrameworkSDKv1.1/cpref/html/frlrfsystemcomponentmodeldesignstandardcommandsclassAlignToGridTopic.htm" ismsdn="true" />
      <HelpTopic name="AlignTop" link="ms-help://MS.NETFrameworkSDKv1.1/cpref/html/frlrfsystemcomponentmodeldesignstandardcommandsclassAlignTopTopic.htm" ismsdn="true" />
      <HelpTopic name="AlignVerticalCenters" link="ms-help://MS.NETFrameworkSDKv1.1/cpref/html/frlrfsystemcomponentmodeldesignstandardcommandsclassAlignVerticalCentersTopic.htm" ismsdn="true" />
      <HelpTopic name="ArrangeBottom" link="ms-help://MS.NETFrameworkSDKv1.1/cpref/html/frlrfsystemcomponentmodeldesignstandardcommandsclassArrangeBottomTopic.htm" ismsdn="true" />
      <HelpTopic name="ArrangeRight" link="ms-help://MS.NETFrameworkSDKv1.1/cpref/html/frlrfsystemcomponentmodeldesignstandardcommandsclassArrangeRightTopic.htm" ismsdn="true" />
      <HelpTopic name="BringForward" link="ms-help://MS.NETFrameworkSDKv1.1/cpref/html/frlrfsystemcomponentmodeldesignstandardcommandsclassBringForwardTopic.htm" ismsdn="true" />
      <HelpTopic name="BringToFront" link="ms-help://MS.NETFrameworkSDKv1.1/cpref/html/frlrfsystemcomponentmodeldesignstandardcommandsclassBringToFrontTopic.htm" ismsdn="true" />
      <HelpTopic name="CenterHorizontally" link="ms-help://MS.NETFrameworkSDKv1.1/cpref/html/frlrfsystemcomponentmodeldesignstandardcommandsclassCenterHorizontallyTopic.htm" ismsdn="true" />
      <HelpTopic name="CenterVertically" link="ms-help://MS.NETFrameworkSDKv1.1/cpref/html/frlrfsystemcomponentmodeldesignstandardcommandsclassCenterVerticallyTopic.htm" ismsdn="true" />
      <HelpTopic name="Copy" link="ms-help://MS.NETFrameworkSDKv1.1/cpref/html/frlrfsystemcomponentmodeldesignstandardcommandsclassCopyTopic.htm" ismsdn="true" />
      <HelpTopic name="Cut" link="ms-help://MS.NETFrameworkSDKv1.1/cpref/html/frlrfsystemcomponentmodeldesignstandardcommandsclassCutTopic.htm" ismsdn="true" />
      <HelpTopic name="Delete" link="ms-help://MS.NETFrameworkSDKv1.1/cpref/html/frlrfsystemcomponentmodeldesignstandardcommandsclassDeleteTopic.htm" ismsdn="true" />
      <HelpTopic name="Group" link="ms-help://MS.NETFrameworkSDKv1.1/cpref/html/frlrfsystemcomponentmodeldesignstandardcommandsclassGroupTopic.htm" ismsdn="true" />
      <HelpTopic name="HorizSpaceConcatenate" link="ms-help://MS.NETFrameworkSDKv1.1/cpref/html/frlrfsystemcomponentmodeldesignstandardcommandsclassHorizSpaceConcatenateTopic.htm" ismsdn="true" />
      <HelpTopic name="HorizSpaceDecrease" link="ms-help://MS.NETFrameworkSDKv1.1/cpref/html/frlrfsystemcomponentmodeldesignstandardcommandsclassHorizSpaceDecreaseTopic.htm" ismsdn="true" />
      <HelpTopic name="HorizSpaceIncrease" link="ms-help://MS.NETFrameworkSDKv1.1/cpref/html/frlrfsystemcomponentmodeldesignstandardcommandsclassHorizSpaceIncreaseTopic.htm" ismsdn="true" />
      <HelpTopic name="HorizSpaceMakeEqual" link="ms-help://MS.NETFrameworkSDKv1.1/cpref/html/frlrfsystemcomponentmodeldesignstandardcommandsclassHorizSpaceMakeEqualTopic.htm" ismsdn="true" />
      <HelpTopic name="Paste" link="ms-help://MS.NETFrameworkSDKv1.1/cpref/html/frlrfsystemcomponentmodeldesignstandardcommandsclassPasteTopic.htm" ismsdn="true" />
      <HelpTopic name="Properties" link="ms-help://MS.NETFrameworkSDKv1.1/cpref/html/frlrfsystemcomponentmodeldesignstandardcommandsclassPropertiesTopic.htm" ismsdn="true" />
      <HelpTopic name="Redo" link="ms-help://MS.NETFrameworkSDKv1.1/cpref/html/frlrfsystemcomponentmodeldesignstandardcommandsclassRedoTopic.htm" ismsdn="true" />
      <HelpTopic name="MultiLevelRedo" link="ms-help://MS.NETFrameworkSDKv1.1/cpref/html/frlrfsystemcomponentmodeldesignstandardcommandsclassMultiLevelRedoTopic.htm" ismsdn="true" />
      <HelpTopic name="SelectAll" link="ms-help://MS.NETFrameworkSDKv1.1/cpref/html/frlrfsystemcomponentmodeldesignstandardcommandsclassSelectAllTopic.htm" ismsdn="true" />
      <HelpTopic name="SendBackward" link="ms-help://MS.NETFrameworkSDKv1.1/cpref/html/frlrfsystemcomponentmodeldesignstandardcommandsclassSendBackwardTopic.htm" ismsdn="true" />
      <HelpTopic name="SendToBack" link="ms-help://MS.NETFrameworkSDKv1.1/cpref/html/frlrfsystemcomponentmodeldesignstandardcommandsclassSendToBackTopic.htm" ismsdn="true" />
      <HelpTopic name="SizeToControl" link="ms-help://MS.NETFrameworkSDKv1.1/cpref/html/frlrfsystemcomponentmodeldesignstandardcommandsclassSizeToControlTopic.htm" ismsdn="true" />
      <HelpTopic name="SizeToControlHeight" link="ms-help://MS.NETFrameworkSDKv1.1/cpref/html/frlrfsystemcomponentmodeldesignstandardcommandsclassSizeToControlHeightTopic.htm" ismsdn="true" />
      <HelpTopic name="SizeToControlWidth" link="ms-help://MS.NETFrameworkSDKv1.1/cpref/html/frlrfsystemcomponentmodeldesignstandardcommandsclassSizeToControlWidthTopic.htm" ismsdn="true" />
      <HelpTopic name="SizeToFit" link="ms-help://MS.NETFrameworkSDKv1.1/cpref/html/frlrfsystemcomponentmodeldesignstandardcommandsclassSizeToFitTopic.htm" ismsdn="true" />
      <HelpTopic name="SizeToGrid" link="ms-help://MS.NETFrameworkSDKv1.1/cpref/html/frlrfsystemcomponentmodeldesignstandardcommandsclassSizeToGridTopic.htm" ismsdn="true" />
      <HelpTopic name="SnapToGrid" link="ms-help://MS.NETFrameworkSDKv1.1/cpref/html/frlrfsystemcomponentmodeldesignstandardcommandsclassSnapToGridTopic.htm" ismsdn="true" />
      <HelpTopic name="TabOrder" link="ms-help://MS.NETFrameworkSDKv1.1/cpref/html/frlrfsystemcomponentmodeldesignstandardcommandsclassTabOrderTopic.htm" ismsdn="true" />
      <HelpTopic name="Undo" link="ms-help://MS.NETFrameworkSDKv1.1/cpref/html/frlrfsystemcomponentmodeldesignstandardcommandsclassUndoTopic.htm" ismsdn="true" />
      <HelpTopic name="MultiLevelUndo" link="ms-help://MS.NETFrameworkSDKv1.1/cpref/html/frlrfsystemcomponentmodeldesignstandardcommandsclassMultiLevelUndoTopic.htm" ismsdn="true" />
      <HelpTopic name="Ungroup" link="ms-help://MS.NETFrameworkSDKv1.1/cpref/html/frlrfsystemcomponentmodeldesignstandardcommandsclassUngroupTopic.htm" ismsdn="true" />
      <HelpTopic name="VertSpaceConcatenate" link="ms-help://MS.NETFrameworkSDKv1.1/cpref/html/frlrfsystemcomponentmodeldesignstandardcommandsclassVertSpaceConcatenateTopic.htm" ismsdn="true" />
      <HelpTopic name="VertSpaceDecrease" link="ms-help://MS.NETFrameworkSDKv1.1/cpref/html/frlrfsystemcomponentmodeldesignstandardcommandsclassVertSpaceDecreaseTopic.htm" ismsdn="true" />
      <HelpTopic name="VertSpaceIncrease" link="ms-help://MS.NETFrameworkSDKv1.1/cpref/html/frlrfsystemcomponentmodeldesignstandardcommandsclassVertSpaceIncreaseTopic.htm" ismsdn="true" />
      <HelpTopic name="VertSpaceMakeEqual" link="ms-help://MS.NETFrameworkSDKv1.1/cpref/html/frlrfsystemcomponentmodeldesignstandardcommandsclassVertSpaceMakeEqualTopic.htm" ismsdn="true" />
      <HelpTopic name="ShowGrid" link="ms-help://MS.NETFrameworkSDKv1.1/cpref/html/frlrfsystemcomponentmodeldesignstandardcommandsclassShowGridTopic.htm" ismsdn="true" />
      <HelpTopic name="ViewGrid" link="ms-help://MS.NETFrameworkSDKv1.1/cpref/html/frlrfsystemcomponentmodeldesignstandardcommandsclassViewGridTopic.htm" ismsdn="true" />
      <HelpTopic name="Replace" link="ms-help://MS.NETFrameworkSDKv1.1/cpref/html/frlrfsystemcomponentmodeldesignstandardcommandsclassReplaceTopic.htm" ismsdn="true" />
      <HelpTopic name="PropertiesWindow" link="ms-help://MS.NETFrameworkSDKv1.1/cpref/html/frlrfsystemcomponentmodeldesignstandardcommandsclassPropertiesWindowTopic.htm" ismsdn="true" />
      <HelpTopic name="LockControls" link="ms-help://MS.NETFrameworkSDKv1.1/cpref/html/frlrfsystemcomponentmodeldesignstandardcommandsclassLockControlsTopic.htm" ismsdn="true" />
      <HelpTopic name="F1Help" link="ms-help://MS.NETFrameworkSDKv1.1/cpref/html/frlrfsystemcomponentmodeldesignstandardcommandsclassF1HelpTopic.htm" ismsdn="true" />
      <HelpTopic name="ArrangeIcons" link="ms-help://MS.NETFrameworkSDKv1.1/cpref/html/frlrfsystemcomponentmodeldesignstandardcommandsclassArrangeIconsTopic.htm" ismsdn="true" />
      <HelpTopic name="LineupIcons" link="ms-help://MS.NETFrameworkSDKv1.1/cpref/html/frlrfsystemcomponentmodeldesignstandardcommandsclassLineupIconsTopic.htm" ismsdn="true" />
      <HelpTopic name="ShowLargeIcons" link="ms-help://MS.NETFrameworkSDKv1.1/cpref/html/frlrfsystemcomponentmodeldesignstandardcommandsclassShowLargeIconsTopic.htm" ismsdn="true" />
      <HelpTopic name="VerbFirst" link="ms-help://MS.NETFrameworkSDKv1.1/cpref/html/frlrfsystemcomponentmodeldesignstandardcommandsclassVerbFirstTopic.htm" ismsdn="true" />
      <HelpTopic name="VerbLast" link="ms-help://MS.NETFrameworkSDKv1.1/cpref/html/frlrfsystemcomponentmodeldesignstandardcommandsclassVerbLastTopic.htm" ismsdn="true" />
    </HelpFolder>
  </HelpFolder>
  <HelpFolder name="StandardToolWindows class" link="ms-help://MS.NETFrameworkSDKv1.1/cpref/html/frlrfsystemcomponentmodeldesignstandardtoolwindowsClassTopic.htm" ismsdn="true">
    <HelpTopic name="StandardToolWindows members" link="ms-help://MS.NETFrameworkSDKv1.1/cpref/html/frlrfsystemcomponentmodeldesignstandardtoolwindowsMembersTopic.htm" ismsdn="true" />
    <HelpFolder name="Constructors" link="ms-help://MS.NETFrameworkSDKv1.1/cpref/html/frlrfsystemcomponentmodeldesignstandardtoolwindowsclassctorTopic.htm" ismsdn="true">
      <HelpTopic name=".ctor()" link="ms-help://MS.NETFrameworkSDKv1.1/cpref/html/frlrfsystemcomponentmodeldesignstandardtoolwindowsclassctorTopic.htm" ismsdn="true" />
    </HelpFolder>
    <HelpFolder name="Fields" link="ms-help://MS.NETFrameworkSDKv1.1/cpref/html/frlrfsystemcomponentmodeldesignstandardtoolwindowsFieldsTopic.htm" ismsdn="true">
      <HelpTopic name="ObjectBrowser" link="ms-help://MS.NETFrameworkSDKv1.1/cpref/html/frlrfsystemcomponentmodeldesignstandardtoolwindowsclassObjectBrowserTopic.htm" ismsdn="true" />
      <HelpTopic name="OutputWindow" link="ms-help://MS.NETFrameworkSDKv1.1/cpref/html/frlrfsystemcomponentmodeldesignstandardtoolwindowsclassOutputWindowTopic.htm" ismsdn="true" />
      <HelpTopic name="ProjectExplorer" link="ms-help://MS.NETFrameworkSDKv1.1/cpref/html/frlrfsystemcomponentmodeldesignstandardtoolwindowsclassProjectExplorerTopic.htm" ismsdn="true" />
      <HelpTopic name="PropertyBrowser" link="ms-help://MS.NETFrameworkSDKv1.1/cpref/html/frlrfsystemcomponentmodeldesignstandardtoolwindowsclassPropertyBrowserTopic.htm" ismsdn="true" />
      <HelpTopic name="RelatedLinks" link="ms-help://MS.NETFrameworkSDKv1.1/cpref/html/frlrfsystemcomponentmodeldesignstandardtoolwindowsclassRelatedLinksTopic.htm" ismsdn="true" />
      <HelpTopic name="ServerExplorer" link="ms-help://MS.NETFrameworkSDKv1.1/cpref/html/frlrfsystemcomponentmodeldesignstandardtoolwindowsclassServerExplorerTopic.htm" ismsdn="true" />
      <HelpTopic name="TaskList" link="ms-help://MS.NETFrameworkSDKv1.1/cpref/html/frlrfsystemcomponentmodeldesignstandardtoolwindowsclassTaskListTopic.htm" ismsdn="true" />
      <HelpTopic name="Toolbox" link="ms-help://MS.NETFrameworkSDKv1.1/cpref/html/frlrfsystemcomponentmodeldesignstandardtoolwindowsclassToolboxTopic.htm" ismsdn="true" />
    </HelpFolder>
  </HelpFolder>
  <HelpTopic name="ViewTechnology enumeration" link="ms-help://MS.NETFrameworkSDKv1.1/cpref/html/frlrfsystemcomponentmodeldesignviewtechnologyClassTopic.htm" ismsdn="true" />
</HelpCollection>