<HelpCollection>
  <HelpFolder name="INormalizeForIsolatedStorage interface" link="ms-help://MS.NETFrameworkSDKv1.1/cpref/html/frlrfsystemioisolatedstorageinormalizeforisolatedstorageClassTopic.htm" ismsdn="true">
    <HelpTopic name="INormalizeForIsolatedStorage members" link="ms-help://MS.NETFrameworkSDKv1.1/cpref/html/frlrfsystemioisolatedstorageinormalizeforisolatedstorageMembersTopic.htm" ismsdn="true" />
    <HelpFolder name="Methods" link="ms-help://MS.NETFrameworkSDKv1.1/cpref/html/frlrfsystemioisolatedstorageinormalizeforisolatedstorageMethodsTopic.htm" ismsdn="true">
      <HelpTopic name="Normalize()" link="ms-help://MS.NETFrameworkSDKv1.1/cpref/html/frlrfsystemioisolatedstorageinormalizeforisolatedstorageclassNormalizeTopic.htm" ismsdn="true" />
    </HelpFolder>
  </HelpFolder>
  <HelpFolder name="IsolatedStorage class" link="ms-help://MS.NETFrameworkSDKv1.1/cpref/html/frlrfsystemioisolatedstorageisolatedstorageClassTopic.htm" ismsdn="true">
    <HelpTopic name="IsolatedStorage members" link="ms-help://MS.NETFrameworkSDKv1.1/cpref/html/frlrfsystemioisolatedstorageisolatedstorageMembersTopic.htm" ismsdn="true" />
    <HelpFolder name="Methods" link="ms-help://MS.NETFrameworkSDKv1.1/cpref/html/frlrfsystemioisolatedstorageisolatedstorageMethodsTopic.htm" ismsdn="true">
      <HelpTopic name="Remove()" link="ms-help://MS.NETFrameworkSDKv1.1/cpref/html/frlrfsystemioisolatedstorageisolatedstorageclassRemoveTopic.htm" ismsdn="true" />
    </HelpFolder>
    <HelpFolder name="Properties" link="ms-help://MS.NETFrameworkSDKv1.1/cpref/html/frlrfsystemioisolatedstorageisolatedstoragePropertiesTopic.htm" ismsdn="true">
      <HelpTopic name="MaximumSize" link="ms-help://MS.NETFrameworkSDKv1.1/cpref/html/frlrfsystemioisolatedstorageisolatedstorageclassMaximumSizeTopic.htm" ismsdn="true" />
      <HelpTopic name="CurrentSize" link="ms-help://MS.NETFrameworkSDKv1.1/cpref/html/frlrfsystemioisolatedstorageisolatedstorageclassCurrentSizeTopic.htm" ismsdn="true" />
      <HelpTopic name="DomainIdentity" link="ms-help://MS.NETFrameworkSDKv1.1/cpref/html/frlrfsystemioisolatedstorageisolatedstorageclassDomainIdentityTopic.htm" ismsdn="true" />
      <HelpTopic name="AssemblyIdentity" link="ms-help://MS.NETFrameworkSDKv1.1/cpref/html/frlrfsystemioisolatedstorageisolatedstorageclassAssemblyIdentityTopic.htm" ismsdn="true" />
      <HelpTopic name="Scope" link="ms-help://MS.NETFrameworkSDKv1.1/cpref/html/frlrfsystemioisolatedstorageisolatedstorageclassScopeTopic.htm" ismsdn="true" />
    </HelpFolder>
  </HelpFolder>
  <HelpFolder name="IsolatedStorageException class" link="ms-help://MS.NETFrameworkSDKv1.1/cpref/html/frlrfsystemioisolatedstorageisolatedstorageexceptionClassTopic.htm" ismsdn="true">
    <HelpTopic name="IsolatedStorageException members" link="ms-help://MS.NETFrameworkSDKv1.1/cpref/html/frlrfsystemioisolatedstorageisolatedstorageexceptionMembersTopic.htm" ismsdn="true" />
    <HelpFolder name="Constructors" link="ms-help://MS.NETFrameworkSDKv1.1/cpref/html/frlrfsystemioisolatedstorageisolatedstorageexceptionclassctorTopic.htm" ismsdn="true">
      <HelpTopic name=".ctor()" link="ms-help://MS.NETFrameworkSDKv1.1/cpref/html/frlrfsystemioisolatedstorageisolatedstorageexceptionclassctorTopic1.htm" ismsdn="true" />
      <HelpTopic name=".ctor(System.String)" link="ms-help://MS.NETFrameworkSDKv1.1/cpref/html/frlrfsystemioisolatedstorageisolatedstorageexceptionclassctorTopic1.htm" ismsdn="true" />
      <HelpTopic name=".ctor(System.String, System.Exception)" link="ms-help://MS.NETFrameworkSDKv1.1/cpref/html/frlrfsystemioisolatedstorageisolatedstorageexceptionclassctorTopic2.htm" ismsdn="true" />
    </HelpFolder>
  </HelpFolder>
  <HelpFolder name="IsolatedStorageFile class" link="ms-help://MS.NETFrameworkSDKv1.1/cpref/html/frlrfsystemioisolatedstorageisolatedstoragefileClassTopic.htm" ismsdn="true">
    <HelpTopic name="IsolatedStorageFile members" link="ms-help://MS.NETFrameworkSDKv1.1/cpref/html/frlrfsystemioisolatedstorageisolatedstoragefileMembersTopic.htm" ismsdn="true" />
    <HelpFolder name="Methods" link="ms-help://MS.NETFrameworkSDKv1.1/cpref/html/frlrfsystemioisolatedstorageisolatedstoragefileMethodsTopic.htm" ismsdn="true">
      <HelpTopic name="Dispose()" link="ms-help://MS.NETFrameworkSDKv1.1/cpref/html/frlrfsystemioisolatedstorageisolatedstoragefileclassDisposeTopic.htm" ismsdn="true" />
      <HelpTopic name="Remove()" link="ms-help://MS.NETFrameworkSDKv1.1/cpref/html/frlrfsystemioisolatedstorageisolatedstoragefileclassRemoveTopic.htm" ismsdn="true" />
      <HelpTopic name="GetUserStoreForDomain()" link="ms-help://MS.NETFrameworkSDKv1.1/cpref/html/frlrfsystemioisolatedstorageisolatedstoragefileclassGetUserStoreForDomainTopic.htm" ismsdn="true" />
      <HelpTopic name="GetUserStoreForAssembly()" link="ms-help://MS.NETFrameworkSDKv1.1/cpref/html/frlrfsystemioisolatedstorageisolatedstoragefileclassGetUserStoreForAssemblyTopic.htm" ismsdn="true" />
      <HelpTopic name="GetStore(System.IO.IsolatedStorage.IsolatedStorageScope, System.Type, System.Type)" link="ms-help://MS.NETFrameworkSDKv1.1/cpref/html/frlrfsystemioisolatedstorageisolatedstoragefileclassGetStoreTopic1.htm" ismsdn="true" />
      <HelpTopic name="GetStore(System.IO.IsolatedStorage.IsolatedStorageScope, System.Object, System.Object)" link="ms-help://MS.NETFrameworkSDKv1.1/cpref/html/frlrfsystemioisolatedstorageisolatedstoragefileclassGetStoreTopic2.htm" ismsdn="true" />
      <HelpTopic name="GetStore(System.IO.IsolatedStorage.IsolatedStorageScope, System.Security.Policy.Evidence, System.Type, System.Security.Policy.Evidence, System.Type)" link="ms-help://MS.NETFrameworkSDKv1.1/cpref/html/frlrfsystemioisolatedstorageisolatedstoragefileclassGetStoreTopic3.htm" ismsdn="true" />
      <HelpTopic name="DeleteFile(System.String)" link="ms-help://MS.NETFrameworkSDKv1.1/cpref/html/frlrfsystemioisolatedstorageisolatedstoragefileclassDeleteFileTopic.htm" ismsdn="true" />
      <HelpTopic name="CreateDirectory(System.String)" link="ms-help://MS.NETFrameworkSDKv1.1/cpref/html/frlrfsystemioisolatedstorageisolatedstoragefileclassCreateDirectoryTopic.htm" ismsdn="true" />
      <HelpTopic name="DeleteDirectory(System.String)" link="ms-help://MS.NETFrameworkSDKv1.1/cpref/html/frlrfsystemioisolatedstorageisolatedstoragefileclassDeleteDirectoryTopic.htm" ismsdn="true" />
      <HelpTopic name="GetFileNames(System.String)" link="ms-help://MS.NETFrameworkSDKv1.1/cpref/html/frlrfsystemioisolatedstorageisolatedstoragefileclassGetFileNamesTopic.htm" ismsdn="true" />
      <HelpTopic name="GetDirectoryNames(System.String)" link="ms-help://MS.NETFrameworkSDKv1.1/cpref/html/frlrfsystemioisolatedstorageisolatedstoragefileclassGetDirectoryNamesTopic.htm" ismsdn="true" />
      <HelpTopic name="Close()" link="ms-help://MS.NETFrameworkSDKv1.1/cpref/html/frlrfsystemioisolatedstorageisolatedstoragefileclassCloseTopic.htm" ismsdn="true" />
      <HelpTopic name="Remove(System.IO.IsolatedStorage.IsolatedStorageScope)" link="ms-help://MS.NETFrameworkSDKv1.1/cpref/html/frlrfsystemioisolatedstorageisolatedstoragefileclassRemoveTopic.htm" ismsdn="true" />
      <HelpTopic name="GetEnumerator(System.IO.IsolatedStorage.IsolatedStorageScope)" link="ms-help://MS.NETFrameworkSDKv1.1/cpref/html/frlrfsystemioisolatedstorageisolatedstoragefileclassGetEnumeratorTopic.htm" ismsdn="true" />
    </HelpFolder>
    <HelpFolder name="Properties" link="ms-help://MS.NETFrameworkSDKv1.1/cpref/html/frlrfsystemioisolatedstorageisolatedstoragefilePropertiesTopic.htm" ismsdn="true">
      <HelpTopic name="CurrentSize" link="ms-help://MS.NETFrameworkSDKv1.1/cpref/html/frlrfsystemioisolatedstorageisolatedstoragefileclassCurrentSizeTopic.htm" ismsdn="true" />
      <HelpTopic name="MaximumSize" link="ms-help://MS.NETFrameworkSDKv1.1/cpref/html/frlrfsystemioisolatedstorageisolatedstoragefileclassMaximumSizeTopic.htm" ismsdn="true" />
    </HelpFolder>
  </HelpFolder>
  <HelpFolder name="IsolatedStorageFileStream class" link="ms-help://MS.NETFrameworkSDKv1.1/cpref/html/frlrfsystemioisolatedstorageisolatedstoragefilestreamClassTopic.htm" ismsdn="true">
    <HelpTopic name="IsolatedStorageFileStream members" link="ms-help://MS.NETFrameworkSDKv1.1/cpref/html/frlrfsystemioisolatedstorageisolatedstoragefilestreamMembersTopic.htm" ismsdn="true" />
    <HelpFolder name="Constructors" link="ms-help://MS.NETFrameworkSDKv1.1/cpref/html/frlrfsystemioisolatedstorageisolatedstoragefilestreamclassctorTopic.htm" ismsdn="true">
      <HelpTopic name=".ctor(System.String, System.IO.FileMode)" link="ms-help://MS.NETFrameworkSDKv1.1/cpref/html/frlrfsystemioisolatedstorageisolatedstoragefilestreamclassctorTopic1.htm" ismsdn="true" />
      <HelpTopic name=".ctor(System.String, System.IO.FileMode, System.IO.IsolatedStorage.IsolatedStorageFile)" link="ms-help://MS.NETFrameworkSDKv1.1/cpref/html/frlrfsystemioisolatedstorageisolatedstoragefilestreamclassctorTopic1.htm" ismsdn="true" />
      <HelpTopic name=".ctor(System.String, System.IO.FileMode, System.IO.FileAccess)" link="ms-help://MS.NETFrameworkSDKv1.1/cpref/html/frlrfsystemioisolatedstorageisolatedstoragefilestreamclassctorTopic2.htm" ismsdn="true" />
      <HelpTopic name=".ctor(System.String, System.IO.FileMode, System.IO.FileAccess, System.IO.IsolatedStorage.IsolatedStorageFile)" link="ms-help://MS.NETFrameworkSDKv1.1/cpref/html/frlrfsystemioisolatedstorageisolatedstoragefilestreamclassctorTopic3.htm" ismsdn="true" />
      <HelpTopic name=".ctor(System.String, System.IO.FileMode, System.IO.FileAccess, System.IO.FileShare)" link="ms-help://MS.NETFrameworkSDKv1.1/cpref/html/frlrfsystemioisolatedstorageisolatedstoragefilestreamclassctorTopic4.htm" ismsdn="true" />
      <HelpTopic name=".ctor(System.String, System.IO.FileMode, System.IO.FileAccess, System.IO.FileShare, System.IO.IsolatedStorage.IsolatedStorageFile)" link="ms-help://MS.NETFrameworkSDKv1.1/cpref/html/frlrfsystemioisolatedstorageisolatedstoragefilestreamclassctorTopic5.htm" ismsdn="true" />
      <HelpTopic name=".ctor(System.String, System.IO.FileMode, System.IO.FileAccess, System.IO.FileShare, System.Int32)" link="ms-help://MS.NETFrameworkSDKv1.1/cpref/html/frlrfsystemioisolatedstorageisolatedstoragefilestreamclassctorTopic6.htm" ismsdn="true" />
      <HelpTopic name=".ctor(System.String, System.IO.FileMode, System.IO.FileAccess, System.IO.FileShare, System.Int32, System.IO.IsolatedStorage.IsolatedStorageFile)" link="ms-help://MS.NETFrameworkSDKv1.1/cpref/html/frlrfsystemioisolatedstorageisolatedstoragefilestreamclassctorTopic7.htm" ismsdn="true" />
    </HelpFolder>
    <HelpFolder name="Methods" link="ms-help://MS.NETFrameworkSDKv1.1/cpref/html/frlrfsystemioisolatedstorageisolatedstoragefilestreamMethodsTopic.htm" ismsdn="true">
      <HelpTopic name="WriteByte(System.Byte)" link="ms-help://MS.NETFrameworkSDKv1.1/cpref/html/frlrfsystemioisolatedstorageisolatedstoragefilestreamclassWriteByteTopic.htm" ismsdn="true" />
      <HelpTopic name="Write(System.Byte[], System.Int32, System.Int32)" link="ms-help://MS.NETFrameworkSDKv1.1/cpref/html/frlrfsystemioisolatedstorageisolatedstoragefilestreamclassWriteTopic.htm" ismsdn="true" />
      <HelpTopic name="ReadByte()" link="ms-help://MS.NETFrameworkSDKv1.1/cpref/html/frlrfsystemioisolatedstorageisolatedstoragefilestreamclassReadByteTopic.htm" ismsdn="true" />
      <HelpTopic name="Read(System.Byte[], System.Int32, System.Int32)" link="ms-help://MS.NETFrameworkSDKv1.1/cpref/html/frlrfsystemioisolatedstorageisolatedstoragefilestreamclassReadTopic.htm" ismsdn="true" />
      <HelpTopic name="SetLength(System.Int64)" link="ms-help://MS.NETFrameworkSDKv1.1/cpref/html/frlrfsystemioisolatedstorageisolatedstoragefilestreamclassSetLengthTopic.htm" ismsdn="true" />
      <HelpTopic name="Seek(System.Int64, System.IO.SeekOrigin)" link="ms-help://MS.NETFrameworkSDKv1.1/cpref/html/frlrfsystemioisolatedstorageisolatedstoragefilestreamclassSeekTopic.htm" ismsdn="true" />
      <HelpTopic name="EndWrite(System.IAsyncResult)" link="ms-help://MS.NETFrameworkSDKv1.1/cpref/html/frlrfsystemioisolatedstorageisolatedstoragefilestreamclassEndWriteTopic.htm" ismsdn="true" />
      <HelpTopic name="BeginWrite(System.Byte[], System.Int32, System.Int32, System.AsyncCallback, System.Object)" link="ms-help://MS.NETFrameworkSDKv1.1/cpref/html/frlrfsystemioisolatedstorageisolatedstoragefilestreamclassBeginWriteTopic.htm" ismsdn="true" />
      <HelpTopic name="EndRead(System.IAsyncResult)" link="ms-help://MS.NETFrameworkSDKv1.1/cpref/html/frlrfsystemioisolatedstorageisolatedstoragefilestreamclassEndReadTopic.htm" ismsdn="true" />
      <HelpTopic name="BeginRead(System.Byte[], System.Int32, System.Int32, System.AsyncCallback, System.Object)" link="ms-help://MS.NETFrameworkSDKv1.1/cpref/html/frlrfsystemioisolatedstorageisolatedstoragefilestreamclassBeginReadTopic.htm" ismsdn="true" />
      <HelpTopic name="Flush()" link="ms-help://MS.NETFrameworkSDKv1.1/cpref/html/frlrfsystemioisolatedstorageisolatedstoragefilestreamclassFlushTopic.htm" ismsdn="true" />
      <HelpTopic name="Close()" link="ms-help://MS.NETFrameworkSDKv1.1/cpref/html/frlrfsystemioisolatedstorageisolatedstoragefilestreamclassCloseTopic.htm" ismsdn="true" />
    </HelpFolder>
    <HelpFolder name="Properties" link="ms-help://MS.NETFrameworkSDKv1.1/cpref/html/frlrfsystemioisolatedstorageisolatedstoragefilestreamPropertiesTopic.htm" ismsdn="true">
      <HelpTopic name="CanRead" link="ms-help://MS.NETFrameworkSDKv1.1/cpref/html/frlrfsystemioisolatedstorageisolatedstoragefilestreamclassCanReadTopic.htm" ismsdn="true" />
      <HelpTopic name="CanWrite" link="ms-help://MS.NETFrameworkSDKv1.1/cpref/html/frlrfsystemioisolatedstorageisolatedstoragefilestreamclassCanWriteTopic.htm" ismsdn="true" />
      <HelpTopic name="CanSeek" link="ms-help://MS.NETFrameworkSDKv1.1/cpref/html/frlrfsystemioisolatedstorageisolatedstoragefilestreamclassCanSeekTopic.htm" ismsdn="true" />
      <HelpTopic name="IsAsync" link="ms-help://MS.NETFrameworkSDKv1.1/cpref/html/frlrfsystemioisolatedstorageisolatedstoragefilestreamclassIsAsyncTopic.htm" ismsdn="true" />
      <HelpTopic name="Length" link="ms-help://MS.NETFrameworkSDKv1.1/cpref/html/frlrfsystemioisolatedstorageisolatedstoragefilestreamclassLengthTopic.htm" ismsdn="true" />
      <HelpTopic name="Position" link="ms-help://MS.NETFrameworkSDKv1.1/cpref/html/frlrfsystemioisolatedstorageisolatedstoragefilestreamclassPositionTopic.htm" ismsdn="true" />
      <HelpTopic name="Handle" link="ms-help://MS.NETFrameworkSDKv1.1/cpref/html/frlrfsystemioisolatedstorageisolatedstoragefilestreamclassHandleTopic.htm" ismsdn="true" />
    </HelpFolder>
  </HelpFolder>
  <HelpTopic name="IsolatedStorageScope enumeration" link="ms-help://MS.NETFrameworkSDKv1.1/cpref/html/frlrfsystemioisolatedstorageisolatedstoragescopeClassTopic.htm" ismsdn="true" />
</HelpCollection>