<HelpCollection>
  <HelpFolder name="SoapFormatter class" link="ms-help://MS.NETFrameworkSDKv1.1/cpref/html/frlrfsystemruntimeserializationformatterssoapsoapformatterClassTopic.htm" ismsdn="true">
    <HelpTopic name="SoapFormatter members" link="ms-help://MS.NETFrameworkSDKv1.1/cpref/html/frlrfsystemruntimeserializationformatterssoapsoapformatterMembersTopic.htm" ismsdn="true" />
    <HelpFolder name="Constructors" link="ms-help://MS.NETFrameworkSDKv1.1/cpref/html/frlrfsystemruntimeserializationformatterssoapsoapformatterclassctorTopic.htm" ismsdn="true">
      <HelpTopic name=".ctor()" link="ms-help://MS.NETFrameworkSDKv1.1/cpref/html/frlrfsystemruntimeserializationformatterssoapsoapformatterclassctorTopic1.htm" ismsdn="true" />
      <HelpTopic name=".ctor(System.Runtime.Serialization.ISurrogateSelector, System.Runtime.Serialization.StreamingContext)" link="ms-help://MS.NETFrameworkSDKv1.1/cpref/html/frlrfsystemruntimeserializationformatterssoapsoapformatterclassctorTopic1.htm" ismsdn="true" />
    </HelpFolder>
    <HelpFolder name="Methods" link="ms-help://MS.NETFrameworkSDKv1.1/cpref/html/frlrfsystemruntimeserializationformatterssoapsoapformatterMethodsTopic.htm" ismsdn="true">
      <HelpTopic name="Deserialize(System.IO.Stream)" link="ms-help://MS.NETFrameworkSDKv1.1/cpref/html/frlrfsystemruntimeserializationformatterssoapsoapformatterclassDeserializeTopic1.htm" ismsdn="true" />
      <HelpTopic name="Deserialize(System.IO.Stream, System.Runtime.Remoting.Messaging.HeaderHandler)" link="ms-help://MS.NETFrameworkSDKv1.1/cpref/html/frlrfsystemruntimeserializationformatterssoapsoapformatterclassDeserializeTopic2.htm" ismsdn="true" />
      <HelpTopic name="Serialize(System.IO.Stream, System.Object)" link="ms-help://MS.NETFrameworkSDKv1.1/cpref/html/frlrfsystemruntimeserializationformatterssoapsoapformatterclassSerializeTopic1.htm" ismsdn="true" />
      <HelpTopic name="Serialize(System.IO.Stream, System.Object, System.Runtime.Remoting.Messaging.Header[])" link="ms-help://MS.NETFrameworkSDKv1.1/cpref/html/frlrfsystemruntimeserializationformatterssoapsoapformatterclassSerializeTopic2.htm" ismsdn="true" />
    </HelpFolder>
    <HelpFolder name="Properties" link="ms-help://MS.NETFrameworkSDKv1.1/cpref/html/frlrfsystemruntimeserializationformatterssoapsoapformatterPropertiesTopic.htm" ismsdn="true">
      <HelpTopic name="TopObject" link="ms-help://MS.NETFrameworkSDKv1.1/cpref/html/frlrfsystemruntimeserializationformatterssoapsoapformatterclassTopObjectTopic.htm" ismsdn="true" />
      <HelpTopic name="TypeFormat" link="ms-help://MS.NETFrameworkSDKv1.1/cpref/html/frlrfsystemruntimeserializationformatterssoapsoapformatterclassTypeFormatTopic.htm" ismsdn="true" />
      <HelpTopic name="AssemblyFormat" link="ms-help://MS.NETFrameworkSDKv1.1/cpref/html/frlrfsystemruntimeserializationformatterssoapsoapformatterclassAssemblyFormatTopic.htm" ismsdn="true" />
      <HelpTopic name="FilterLevel" link="ms-help://MS.NETFrameworkSDKv1.1/cpref/html/frlrfsystemruntimeserializationformatterssoapsoapformatterclassFilterLevelTopic.htm" ismsdn="true" />
      <HelpTopic name="SurrogateSelector" link="ms-help://MS.NETFrameworkSDKv1.1/cpref/html/frlrfsystemruntimeserializationformatterssoapsoapformatterclassSurrogateSelectorTopic.htm" ismsdn="true" />
      <HelpTopic name="Binder" link="ms-help://MS.NETFrameworkSDKv1.1/cpref/html/frlrfsystemruntimeserializationformatterssoapsoapformatterclassBinderTopic.htm" ismsdn="true" />
      <HelpTopic name="Context" link="ms-help://MS.NETFrameworkSDKv1.1/cpref/html/frlrfsystemruntimeserializationformatterssoapsoapformatterclassContextTopic.htm" ismsdn="true" />
    </HelpFolder>
  </HelpFolder>
</HelpCollection>