<HelpCollection>
  <HelpFolder name="INullable interface" link="ms-help://MS.NETFrameworkSDKv1.1/cpref/html/frlrfsystemdatasqltypesinullableClassTopic.htm" ismsdn="true">
    <HelpTopic name="INullable members" link="ms-help://MS.NETFrameworkSDKv1.1/cpref/html/frlrfsystemdatasqltypesinullableMembersTopic.htm" ismsdn="true" />
    <HelpFolder name="Properties" link="ms-help://MS.NETFrameworkSDKv1.1/cpref/html/frlrfsystemdatasqltypesinullablePropertiesTopic.htm" ismsdn="true">
      <HelpTopic name="IsNull" link="ms-help://MS.NETFrameworkSDKv1.1/cpref/html/frlrfsystemdatasqltypesinullableclassIsNullTopic.htm" ismsdn="true" />
    </HelpFolder>
  </HelpFolder>
  <HelpFolder name="SqlBinary structure" link="ms-help://MS.NETFrameworkSDKv1.1/cpref/html/frlrfsystemdatasqltypessqlbinaryClassTopic.htm" ismsdn="true">
    <HelpTopic name="SqlBinary members" link="ms-help://MS.NETFrameworkSDKv1.1/cpref/html/frlrfsystemdatasqltypessqlbinaryMembersTopic.htm" ismsdn="true" />
    <HelpFolder name="Constructors" link="ms-help://MS.NETFrameworkSDKv1.1/cpref/html/frlrfsystemdatasqltypessqlbinaryclassctorTopic.htm" ismsdn="true">
      <HelpTopic name=".ctor(System.Byte[])" link="ms-help://MS.NETFrameworkSDKv1.1/cpref/html/frlrfsystemdatasqltypessqlbinaryclassctorTopic.htm" ismsdn="true" />
    </HelpFolder>
    <HelpFolder name="Fields" link="ms-help://MS.NETFrameworkSDKv1.1/cpref/html/frlrfsystemdatasqltypessqlbinaryFieldsTopic.htm" ismsdn="true">
      <HelpTopic name="Null" link="ms-help://MS.NETFrameworkSDKv1.1/cpref/html/frlrfsystemdatasqltypessqlbinaryclassNullTopic.htm" ismsdn="true" />
    </HelpFolder>
    <HelpFolder name="Methods" link="ms-help://MS.NETFrameworkSDKv1.1/cpref/html/frlrfsystemdatasqltypessqlbinaryMethodsTopic.htm" ismsdn="true">
      <HelpTopic name="CompareTo(System.Object)" link="ms-help://MS.NETFrameworkSDKv1.1/cpref/html/frlrfsystemdatasqltypessqlbinaryclassCompareToTopic.htm" ismsdn="true" />
      <HelpTopic name="GetHashCode()" link="ms-help://MS.NETFrameworkSDKv1.1/cpref/html/frlrfsystemdatasqltypessqlbinaryclassGetHashCodeTopic.htm" ismsdn="true" />
      <HelpTopic name="Equals(System.Object)" link="ms-help://MS.NETFrameworkSDKv1.1/cpref/html/frlrfsystemdatasqltypessqlbinaryclassEqualsTopic.htm" ismsdn="true" />
      <HelpTopic name="ToString()" link="ms-help://MS.NETFrameworkSDKv1.1/cpref/html/frlrfsystemdatasqltypessqlbinaryclassToStringTopic.htm" ismsdn="true" />
      <HelpTopic name="Concat(System.Data.SqlTypes.SqlBinary, System.Data.SqlTypes.SqlBinary)" link="ms-help://MS.NETFrameworkSDKv1.1/cpref/html/frlrfsystemdatasqltypessqlbinaryclassConcatTopic.htm" ismsdn="true" />
      <HelpTopic name="Equals(System.Data.SqlTypes.SqlBinary, System.Data.SqlTypes.SqlBinary)" link="ms-help://MS.NETFrameworkSDKv1.1/cpref/html/frlrfsystemdatasqltypessqlbinaryclassEqualsTopic.htm" ismsdn="true" />
      <HelpTopic name="NotEquals(System.Data.SqlTypes.SqlBinary, System.Data.SqlTypes.SqlBinary)" link="ms-help://MS.NETFrameworkSDKv1.1/cpref/html/frlrfsystemdatasqltypessqlbinaryclassNotEqualsTopic.htm" ismsdn="true" />
      <HelpTopic name="LessThan(System.Data.SqlTypes.SqlBinary, System.Data.SqlTypes.SqlBinary)" link="ms-help://MS.NETFrameworkSDKv1.1/cpref/html/frlrfsystemdatasqltypessqlbinaryclassLessThanTopic.htm" ismsdn="true" />
      <HelpTopic name="GreaterThan(System.Data.SqlTypes.SqlBinary, System.Data.SqlTypes.SqlBinary)" link="ms-help://MS.NETFrameworkSDKv1.1/cpref/html/frlrfsystemdatasqltypessqlbinaryclassGreaterThanTopic.htm" ismsdn="true" />
      <HelpTopic name="LessThanOrEqual(System.Data.SqlTypes.SqlBinary, System.Data.SqlTypes.SqlBinary)" link="ms-help://MS.NETFrameworkSDKv1.1/cpref/html/frlrfsystemdatasqltypessqlbinaryclassLessThanOrEqualTopic.htm" ismsdn="true" />
      <HelpTopic name="GreaterThanOrEqual(System.Data.SqlTypes.SqlBinary, System.Data.SqlTypes.SqlBinary)" link="ms-help://MS.NETFrameworkSDKv1.1/cpref/html/frlrfsystemdatasqltypessqlbinaryclassGreaterThanOrEqualTopic.htm" ismsdn="true" />
      <HelpTopic name="ToSqlGuid()" link="ms-help://MS.NETFrameworkSDKv1.1/cpref/html/frlrfsystemdatasqltypessqlbinaryclassToSqlGuidTopic.htm" ismsdn="true" />
    </HelpFolder>
    <HelpFolder name="Properties" link="ms-help://MS.NETFrameworkSDKv1.1/cpref/html/frlrfsystemdatasqltypessqlbinaryPropertiesTopic.htm" ismsdn="true">
      <HelpTopic name="IsNull" link="ms-help://MS.NETFrameworkSDKv1.1/cpref/html/frlrfsystemdatasqltypessqlbinaryclassIsNullTopic.htm" ismsdn="true" />
      <HelpTopic name="Value" link="ms-help://MS.NETFrameworkSDKv1.1/cpref/html/frlrfsystemdatasqltypessqlbinaryclassValueTopic.htm" ismsdn="true" />
      <HelpTopic name="Item" link="ms-help://MS.NETFrameworkSDKv1.1/cpref/html/frlrfsystemdatasqltypessqlbinaryclassItemTopic.htm" ismsdn="true" />
      <HelpTopic name="Length" link="ms-help://MS.NETFrameworkSDKv1.1/cpref/html/frlrfsystemdatasqltypessqlbinaryclassLengthTopic.htm" ismsdn="true" />
    </HelpFolder>
  </HelpFolder>
  <HelpFolder name="SqlBoolean structure" link="ms-help://MS.NETFrameworkSDKv1.1/cpref/html/frlrfsystemdatasqltypessqlbooleanClassTopic.htm" ismsdn="true">
    <HelpTopic name="SqlBoolean members" link="ms-help://MS.NETFrameworkSDKv1.1/cpref/html/frlrfsystemdatasqltypessqlbooleanMembersTopic.htm" ismsdn="true" />
    <HelpFolder name="Constructors" link="ms-help://MS.NETFrameworkSDKv1.1/cpref/html/frlrfsystemdatasqltypessqlbooleanclassctorTopic.htm" ismsdn="true">
      <HelpTopic name=".ctor(System.Boolean)" link="ms-help://MS.NETFrameworkSDKv1.1/cpref/html/frlrfsystemdatasqltypessqlbooleanclassctorTopic1.htm" ismsdn="true" />
      <HelpTopic name=".ctor(System.Int32)" link="ms-help://MS.NETFrameworkSDKv1.1/cpref/html/frlrfsystemdatasqltypessqlbooleanclassctorTopic1.htm" ismsdn="true" />
    </HelpFolder>
    <HelpFolder name="Fields" link="ms-help://MS.NETFrameworkSDKv1.1/cpref/html/frlrfsystemdatasqltypessqlbooleanFieldsTopic.htm" ismsdn="true">
      <HelpTopic name="True" link="ms-help://MS.NETFrameworkSDKv1.1/cpref/html/frlrfsystemdatasqltypessqlbooleanclassTrueTopic.htm" ismsdn="true" />
      <HelpTopic name="False" link="ms-help://MS.NETFrameworkSDKv1.1/cpref/html/frlrfsystemdatasqltypessqlbooleanclassFalseTopic.htm" ismsdn="true" />
      <HelpTopic name="Null" link="ms-help://MS.NETFrameworkSDKv1.1/cpref/html/frlrfsystemdatasqltypessqlbooleanclassNullTopic.htm" ismsdn="true" />
      <HelpTopic name="Zero" link="ms-help://MS.NETFrameworkSDKv1.1/cpref/html/frlrfsystemdatasqltypessqlbooleanclassZeroTopic.htm" ismsdn="true" />
      <HelpTopic name="One" link="ms-help://MS.NETFrameworkSDKv1.1/cpref/html/frlrfsystemdatasqltypessqlbooleanclassOneTopic.htm" ismsdn="true" />
    </HelpFolder>
    <HelpFolder name="Methods" link="ms-help://MS.NETFrameworkSDKv1.1/cpref/html/frlrfsystemdatasqltypessqlbooleanMethodsTopic.htm" ismsdn="true">
      <HelpTopic name="CompareTo(System.Object)" link="ms-help://MS.NETFrameworkSDKv1.1/cpref/html/frlrfsystemdatasqltypessqlbooleanclassCompareToTopic.htm" ismsdn="true" />
      <HelpTopic name="GetHashCode()" link="ms-help://MS.NETFrameworkSDKv1.1/cpref/html/frlrfsystemdatasqltypessqlbooleanclassGetHashCodeTopic.htm" ismsdn="true" />
      <HelpTopic name="Equals(System.Object)" link="ms-help://MS.NETFrameworkSDKv1.1/cpref/html/frlrfsystemdatasqltypessqlbooleanclassEqualsTopic.htm" ismsdn="true" />
      <HelpTopic name="ToString()" link="ms-help://MS.NETFrameworkSDKv1.1/cpref/html/frlrfsystemdatasqltypessqlbooleanclassToStringTopic.htm" ismsdn="true" />
      <HelpTopic name="Parse(System.String)" link="ms-help://MS.NETFrameworkSDKv1.1/cpref/html/frlrfsystemdatasqltypessqlbooleanclassParseTopic.htm" ismsdn="true" />
      <HelpTopic name="OnesComplement(System.Data.SqlTypes.SqlBoolean)" link="ms-help://MS.NETFrameworkSDKv1.1/cpref/html/frlrfsystemdatasqltypessqlbooleanclassOnesComplementTopic.htm" ismsdn="true" />
      <HelpTopic name="And(System.Data.SqlTypes.SqlBoolean, System.Data.SqlTypes.SqlBoolean)" link="ms-help://MS.NETFrameworkSDKv1.1/cpref/html/frlrfsystemdatasqltypessqlbooleanclassAndTopic.htm" ismsdn="true" />
      <HelpTopic name="Or(System.Data.SqlTypes.SqlBoolean, System.Data.SqlTypes.SqlBoolean)" link="ms-help://MS.NETFrameworkSDKv1.1/cpref/html/frlrfsystemdatasqltypessqlbooleanclassOrTopic.htm" ismsdn="true" />
      <HelpTopic name="Xor(System.Data.SqlTypes.SqlBoolean, System.Data.SqlTypes.SqlBoolean)" link="ms-help://MS.NETFrameworkSDKv1.1/cpref/html/frlrfsystemdatasqltypessqlbooleanclassXorTopic.htm" ismsdn="true" />
      <HelpTopic name="Equals(System.Data.SqlTypes.SqlBoolean, System.Data.SqlTypes.SqlBoolean)" link="ms-help://MS.NETFrameworkSDKv1.1/cpref/html/frlrfsystemdatasqltypessqlbooleanclassEqualsTopic.htm" ismsdn="true" />
      <HelpTopic name="NotEquals(System.Data.SqlTypes.SqlBoolean, System.Data.SqlTypes.SqlBoolean)" link="ms-help://MS.NETFrameworkSDKv1.1/cpref/html/frlrfsystemdatasqltypessqlbooleanclassNotEqualsTopic.htm" ismsdn="true" />
      <HelpTopic name="ToSqlByte()" link="ms-help://MS.NETFrameworkSDKv1.1/cpref/html/frlrfsystemdatasqltypessqlbooleanclassToSqlByteTopic.htm" ismsdn="true" />
      <HelpTopic name="ToSqlDouble()" link="ms-help://MS.NETFrameworkSDKv1.1/cpref/html/frlrfsystemdatasqltypessqlbooleanclassToSqlDoubleTopic.htm" ismsdn="true" />
      <HelpTopic name="ToSqlInt16()" link="ms-help://MS.NETFrameworkSDKv1.1/cpref/html/frlrfsystemdatasqltypessqlbooleanclassToSqlInt16Topic.htm" ismsdn="true" />
      <HelpTopic name="ToSqlInt32()" link="ms-help://MS.NETFrameworkSDKv1.1/cpref/html/frlrfsystemdatasqltypessqlbooleanclassToSqlInt32Topic.htm" ismsdn="true" />
      <HelpTopic name="ToSqlInt64()" link="ms-help://MS.NETFrameworkSDKv1.1/cpref/html/frlrfsystemdatasqltypessqlbooleanclassToSqlInt64Topic.htm" ismsdn="true" />
      <HelpTopic name="ToSqlMoney()" link="ms-help://MS.NETFrameworkSDKv1.1/cpref/html/frlrfsystemdatasqltypessqlbooleanclassToSqlMoneyTopic.htm" ismsdn="true" />
      <HelpTopic name="ToSqlDecimal()" link="ms-help://MS.NETFrameworkSDKv1.1/cpref/html/frlrfsystemdatasqltypessqlbooleanclassToSqlDecimalTopic.htm" ismsdn="true" />
      <HelpTopic name="ToSqlSingle()" link="ms-help://MS.NETFrameworkSDKv1.1/cpref/html/frlrfsystemdatasqltypessqlbooleanclassToSqlSingleTopic.htm" ismsdn="true" />
      <HelpTopic name="ToSqlString()" link="ms-help://MS.NETFrameworkSDKv1.1/cpref/html/frlrfsystemdatasqltypessqlbooleanclassToSqlStringTopic.htm" ismsdn="true" />
    </HelpFolder>
    <HelpFolder name="Properties" link="ms-help://MS.NETFrameworkSDKv1.1/cpref/html/frlrfsystemdatasqltypessqlbooleanPropertiesTopic.htm" ismsdn="true">
      <HelpTopic name="IsNull" link="ms-help://MS.NETFrameworkSDKv1.1/cpref/html/frlrfsystemdatasqltypessqlbooleanclassIsNullTopic.htm" ismsdn="true" />
      <HelpTopic name="Value" link="ms-help://MS.NETFrameworkSDKv1.1/cpref/html/frlrfsystemdatasqltypessqlbooleanclassValueTopic.htm" ismsdn="true" />
      <HelpTopic name="IsTrue" link="ms-help://MS.NETFrameworkSDKv1.1/cpref/html/frlrfsystemdatasqltypessqlbooleanclassIsTrueTopic.htm" ismsdn="true" />
      <HelpTopic name="IsFalse" link="ms-help://MS.NETFrameworkSDKv1.1/cpref/html/frlrfsystemdatasqltypessqlbooleanclassIsFalseTopic.htm" ismsdn="true" />
      <HelpTopic name="ByteValue" link="ms-help://MS.NETFrameworkSDKv1.1/cpref/html/frlrfsystemdatasqltypessqlbooleanclassByteValueTopic.htm" ismsdn="true" />
    </HelpFolder>
  </HelpFolder>
  <HelpFolder name="SqlByte structure" link="ms-help://MS.NETFrameworkSDKv1.1/cpref/html/frlrfsystemdatasqltypessqlbyteClassTopic.htm" ismsdn="true">
    <HelpTopic name="SqlByte members" link="ms-help://MS.NETFrameworkSDKv1.1/cpref/html/frlrfsystemdatasqltypessqlbyteMembersTopic.htm" ismsdn="true" />
    <HelpFolder name="Constructors" link="ms-help://MS.NETFrameworkSDKv1.1/cpref/html/frlrfsystemdatasqltypessqlbyteclassctorTopic.htm" ismsdn="true">
      <HelpTopic name=".ctor(System.Byte)" link="ms-help://MS.NETFrameworkSDKv1.1/cpref/html/frlrfsystemdatasqltypessqlbyteclassctorTopic.htm" ismsdn="true" />
    </HelpFolder>
    <HelpFolder name="Fields" link="ms-help://MS.NETFrameworkSDKv1.1/cpref/html/frlrfsystemdatasqltypessqlbyteFieldsTopic.htm" ismsdn="true">
      <HelpTopic name="Null" link="ms-help://MS.NETFrameworkSDKv1.1/cpref/html/frlrfsystemdatasqltypessqlbyteclassNullTopic.htm" ismsdn="true" />
      <HelpTopic name="Zero" link="ms-help://MS.NETFrameworkSDKv1.1/cpref/html/frlrfsystemdatasqltypessqlbyteclassZeroTopic.htm" ismsdn="true" />
      <HelpTopic name="MinValue" link="ms-help://MS.NETFrameworkSDKv1.1/cpref/html/frlrfsystemdatasqltypessqlbyteclassMinValueTopic.htm" ismsdn="true" />
      <HelpTopic name="MaxValue" link="ms-help://MS.NETFrameworkSDKv1.1/cpref/html/frlrfsystemdatasqltypessqlbyteclassMaxValueTopic.htm" ismsdn="true" />
    </HelpFolder>
    <HelpFolder name="Methods" link="ms-help://MS.NETFrameworkSDKv1.1/cpref/html/frlrfsystemdatasqltypessqlbyteMethodsTopic.htm" ismsdn="true">
      <HelpTopic name="CompareTo(System.Object)" link="ms-help://MS.NETFrameworkSDKv1.1/cpref/html/frlrfsystemdatasqltypessqlbyteclassCompareToTopic.htm" ismsdn="true" />
      <HelpTopic name="GetHashCode()" link="ms-help://MS.NETFrameworkSDKv1.1/cpref/html/frlrfsystemdatasqltypessqlbyteclassGetHashCodeTopic.htm" ismsdn="true" />
      <HelpTopic name="Equals(System.Object)" link="ms-help://MS.NETFrameworkSDKv1.1/cpref/html/frlrfsystemdatasqltypessqlbyteclassEqualsTopic.htm" ismsdn="true" />
      <HelpTopic name="ToString()" link="ms-help://MS.NETFrameworkSDKv1.1/cpref/html/frlrfsystemdatasqltypessqlbyteclassToStringTopic.htm" ismsdn="true" />
      <HelpTopic name="Parse(System.String)" link="ms-help://MS.NETFrameworkSDKv1.1/cpref/html/frlrfsystemdatasqltypessqlbyteclassParseTopic.htm" ismsdn="true" />
      <HelpTopic name="OnesComplement(System.Data.SqlTypes.SqlByte)" link="ms-help://MS.NETFrameworkSDKv1.1/cpref/html/frlrfsystemdatasqltypessqlbyteclassOnesComplementTopic.htm" ismsdn="true" />
      <HelpTopic name="Add(System.Data.SqlTypes.SqlByte, System.Data.SqlTypes.SqlByte)" link="ms-help://MS.NETFrameworkSDKv1.1/cpref/html/frlrfsystemdatasqltypessqlbyteclassAddTopic.htm" ismsdn="true" />
      <HelpTopic name="Subtract(System.Data.SqlTypes.SqlByte, System.Data.SqlTypes.SqlByte)" link="ms-help://MS.NETFrameworkSDKv1.1/cpref/html/frlrfsystemdatasqltypessqlbyteclassSubtractTopic.htm" ismsdn="true" />
      <HelpTopic name="Multiply(System.Data.SqlTypes.SqlByte, System.Data.SqlTypes.SqlByte)" link="ms-help://MS.NETFrameworkSDKv1.1/cpref/html/frlrfsystemdatasqltypessqlbyteclassMultiplyTopic.htm" ismsdn="true" />
      <HelpTopic name="Divide(System.Data.SqlTypes.SqlByte, System.Data.SqlTypes.SqlByte)" link="ms-help://MS.NETFrameworkSDKv1.1/cpref/html/frlrfsystemdatasqltypessqlbyteclassDivideTopic.htm" ismsdn="true" />
      <HelpTopic name="Mod(System.Data.SqlTypes.SqlByte, System.Data.SqlTypes.SqlByte)" link="ms-help://MS.NETFrameworkSDKv1.1/cpref/html/frlrfsystemdatasqltypessqlbyteclassModTopic.htm" ismsdn="true" />
      <HelpTopic name="BitwiseAnd(System.Data.SqlTypes.SqlByte, System.Data.SqlTypes.SqlByte)" link="ms-help://MS.NETFrameworkSDKv1.1/cpref/html/frlrfsystemdatasqltypessqlbyteclassBitwiseAndTopic.htm" ismsdn="true" />
      <HelpTopic name="BitwiseOr(System.Data.SqlTypes.SqlByte, System.Data.SqlTypes.SqlByte)" link="ms-help://MS.NETFrameworkSDKv1.1/cpref/html/frlrfsystemdatasqltypessqlbyteclassBitwiseOrTopic.htm" ismsdn="true" />
      <HelpTopic name="Xor(System.Data.SqlTypes.SqlByte, System.Data.SqlTypes.SqlByte)" link="ms-help://MS.NETFrameworkSDKv1.1/cpref/html/frlrfsystemdatasqltypessqlbyteclassXorTopic.htm" ismsdn="true" />
      <HelpTopic name="Equals(System.Data.SqlTypes.SqlByte, System.Data.SqlTypes.SqlByte)" link="ms-help://MS.NETFrameworkSDKv1.1/cpref/html/frlrfsystemdatasqltypessqlbyteclassEqualsTopic.htm" ismsdn="true" />
      <HelpTopic name="NotEquals(System.Data.SqlTypes.SqlByte, System.Data.SqlTypes.SqlByte)" link="ms-help://MS.NETFrameworkSDKv1.1/cpref/html/frlrfsystemdatasqltypessqlbyteclassNotEqualsTopic.htm" ismsdn="true" />
      <HelpTopic name="LessThan(System.Data.SqlTypes.SqlByte, System.Data.SqlTypes.SqlByte)" link="ms-help://MS.NETFrameworkSDKv1.1/cpref/html/frlrfsystemdatasqltypessqlbyteclassLessThanTopic.htm" ismsdn="true" />
      <HelpTopic name="GreaterThan(System.Data.SqlTypes.SqlByte, System.Data.SqlTypes.SqlByte)" link="ms-help://MS.NETFrameworkSDKv1.1/cpref/html/frlrfsystemdatasqltypessqlbyteclassGreaterThanTopic.htm" ismsdn="true" />
      <HelpTopic name="LessThanOrEqual(System.Data.SqlTypes.SqlByte, System.Data.SqlTypes.SqlByte)" link="ms-help://MS.NETFrameworkSDKv1.1/cpref/html/frlrfsystemdatasqltypessqlbyteclassLessThanOrEqualTopic.htm" ismsdn="true" />
      <HelpTopic name="GreaterThanOrEqual(System.Data.SqlTypes.SqlByte, System.Data.SqlTypes.SqlByte)" link="ms-help://MS.NETFrameworkSDKv1.1/cpref/html/frlrfsystemdatasqltypessqlbyteclassGreaterThanOrEqualTopic.htm" ismsdn="true" />
      <HelpTopic name="ToSqlBoolean()" link="ms-help://MS.NETFrameworkSDKv1.1/cpref/html/frlrfsystemdatasqltypessqlbyteclassToSqlBooleanTopic.htm" ismsdn="true" />
      <HelpTopic name="ToSqlDouble()" link="ms-help://MS.NETFrameworkSDKv1.1/cpref/html/frlrfsystemdatasqltypessqlbyteclassToSqlDoubleTopic.htm" ismsdn="true" />
      <HelpTopic name="ToSqlInt16()" link="ms-help://MS.NETFrameworkSDKv1.1/cpref/html/frlrfsystemdatasqltypessqlbyteclassToSqlInt16Topic.htm" ismsdn="true" />
      <HelpTopic name="ToSqlInt32()" link="ms-help://MS.NETFrameworkSDKv1.1/cpref/html/frlrfsystemdatasqltypessqlbyteclassToSqlInt32Topic.htm" ismsdn="true" />
      <HelpTopic name="ToSqlInt64()" link="ms-help://MS.NETFrameworkSDKv1.1/cpref/html/frlrfsystemdatasqltypessqlbyteclassToSqlInt64Topic.htm" ismsdn="true" />
      <HelpTopic name="ToSqlMoney()" link="ms-help://MS.NETFrameworkSDKv1.1/cpref/html/frlrfsystemdatasqltypessqlbyteclassToSqlMoneyTopic.htm" ismsdn="true" />
      <HelpTopic name="ToSqlDecimal()" link="ms-help://MS.NETFrameworkSDKv1.1/cpref/html/frlrfsystemdatasqltypessqlbyteclassToSqlDecimalTopic.htm" ismsdn="true" />
      <HelpTopic name="ToSqlSingle()" link="ms-help://MS.NETFrameworkSDKv1.1/cpref/html/frlrfsystemdatasqltypessqlbyteclassToSqlSingleTopic.htm" ismsdn="true" />
      <HelpTopic name="ToSqlString()" link="ms-help://MS.NETFrameworkSDKv1.1/cpref/html/frlrfsystemdatasqltypessqlbyteclassToSqlStringTopic.htm" ismsdn="true" />
    </HelpFolder>
    <HelpFolder name="Properties" link="ms-help://MS.NETFrameworkSDKv1.1/cpref/html/frlrfsystemdatasqltypessqlbytePropertiesTopic.htm" ismsdn="true">
      <HelpTopic name="IsNull" link="ms-help://MS.NETFrameworkSDKv1.1/cpref/html/frlrfsystemdatasqltypessqlbyteclassIsNullTopic.htm" ismsdn="true" />
      <HelpTopic name="Value" link="ms-help://MS.NETFrameworkSDKv1.1/cpref/html/frlrfsystemdatasqltypessqlbyteclassValueTopic.htm" ismsdn="true" />
    </HelpFolder>
  </HelpFolder>
  <HelpTopic name="SqlCompareOptions enumeration" link="ms-help://MS.NETFrameworkSDKv1.1/cpref/html/frlrfsystemdatasqltypessqlcompareoptionsClassTopic.htm" ismsdn="true" />
  <HelpFolder name="SqlDateTime structure" link="ms-help://MS.NETFrameworkSDKv1.1/cpref/html/frlrfsystemdatasqltypessqldatetimeClassTopic.htm" ismsdn="true">
    <HelpTopic name="SqlDateTime members" link="ms-help://MS.NETFrameworkSDKv1.1/cpref/html/frlrfsystemdatasqltypessqldatetimeMembersTopic.htm" ismsdn="true" />
    <HelpFolder name="Constructors" link="ms-help://MS.NETFrameworkSDKv1.1/cpref/html/frlrfsystemdatasqltypessqldatetimeclassctorTopic.htm" ismsdn="true">
      <HelpTopic name=".ctor(System.DateTime)" link="ms-help://MS.NETFrameworkSDKv1.1/cpref/html/frlrfsystemdatasqltypessqldatetimeclassctorTopic1.htm" ismsdn="true" />
      <HelpTopic name=".ctor(System.Int32, System.Int32, System.Int32)" link="ms-help://MS.NETFrameworkSDKv1.1/cpref/html/frlrfsystemdatasqltypessqldatetimeclassctorTopic1.htm" ismsdn="true" />
      <HelpTopic name=".ctor(System.Int32, System.Int32, System.Int32, System.Int32, System.Int32, System.Int32)" link="ms-help://MS.NETFrameworkSDKv1.1/cpref/html/frlrfsystemdatasqltypessqldatetimeclassctorTopic2.htm" ismsdn="true" />
      <HelpTopic name=".ctor(System.Int32, System.Int32, System.Int32, System.Int32, System.Int32, System.Int32, System.Double)" link="ms-help://MS.NETFrameworkSDKv1.1/cpref/html/frlrfsystemdatasqltypessqldatetimeclassctorTopic3.htm" ismsdn="true" />
      <HelpTopic name=".ctor(System.Int32, System.Int32, System.Int32, System.Int32, System.Int32, System.Int32, System.Int32)" link="ms-help://MS.NETFrameworkSDKv1.1/cpref/html/frlrfsystemdatasqltypessqldatetimeclassctorTopic4.htm" ismsdn="true" />
      <HelpTopic name=".ctor(System.Int32, System.Int32)" link="ms-help://MS.NETFrameworkSDKv1.1/cpref/html/frlrfsystemdatasqltypessqldatetimeclassctorTopic5.htm" ismsdn="true" />
    </HelpFolder>
    <HelpFolder name="Fields" link="ms-help://MS.NETFrameworkSDKv1.1/cpref/html/frlrfsystemdatasqltypessqldatetimeFieldsTopic.htm" ismsdn="true">
      <HelpTopic name="SQLTicksPerSecond" link="ms-help://MS.NETFrameworkSDKv1.1/cpref/html/frlrfsystemdatasqltypessqldatetimeclassSQLTicksPerSecondTopic.htm" ismsdn="true" />
      <HelpTopic name="SQLTicksPerMinute" link="ms-help://MS.NETFrameworkSDKv1.1/cpref/html/frlrfsystemdatasqltypessqldatetimeclassSQLTicksPerMinuteTopic.htm" ismsdn="true" />
      <HelpTopic name="SQLTicksPerHour" link="ms-help://MS.NETFrameworkSDKv1.1/cpref/html/frlrfsystemdatasqltypessqldatetimeclassSQLTicksPerHourTopic.htm" ismsdn="true" />
      <HelpTopic name="MinValue" link="ms-help://MS.NETFrameworkSDKv1.1/cpref/html/frlrfsystemdatasqltypessqldatetimeclassMinValueTopic.htm" ismsdn="true" />
      <HelpTopic name="MaxValue" link="ms-help://MS.NETFrameworkSDKv1.1/cpref/html/frlrfsystemdatasqltypessqldatetimeclassMaxValueTopic.htm" ismsdn="true" />
      <HelpTopic name="Null" link="ms-help://MS.NETFrameworkSDKv1.1/cpref/html/frlrfsystemdatasqltypessqldatetimeclassNullTopic.htm" ismsdn="true" />
    </HelpFolder>
    <HelpFolder name="Methods" link="ms-help://MS.NETFrameworkSDKv1.1/cpref/html/frlrfsystemdatasqltypessqldatetimeMethodsTopic.htm" ismsdn="true">
      <HelpTopic name="CompareTo(System.Object)" link="ms-help://MS.NETFrameworkSDKv1.1/cpref/html/frlrfsystemdatasqltypessqldatetimeclassCompareToTopic.htm" ismsdn="true" />
      <HelpTopic name="GetHashCode()" link="ms-help://MS.NETFrameworkSDKv1.1/cpref/html/frlrfsystemdatasqltypessqldatetimeclassGetHashCodeTopic.htm" ismsdn="true" />
      <HelpTopic name="Equals(System.Object)" link="ms-help://MS.NETFrameworkSDKv1.1/cpref/html/frlrfsystemdatasqltypessqldatetimeclassEqualsTopic.htm" ismsdn="true" />
      <HelpTopic name="ToString()" link="ms-help://MS.NETFrameworkSDKv1.1/cpref/html/frlrfsystemdatasqltypessqldatetimeclassToStringTopic.htm" ismsdn="true" />
      <HelpTopic name="Parse(System.String)" link="ms-help://MS.NETFrameworkSDKv1.1/cpref/html/frlrfsystemdatasqltypessqldatetimeclassParseTopic.htm" ismsdn="true" />
      <HelpTopic name="Equals(System.Data.SqlTypes.SqlDateTime, System.Data.SqlTypes.SqlDateTime)" link="ms-help://MS.NETFrameworkSDKv1.1/cpref/html/frlrfsystemdatasqltypessqldatetimeclassEqualsTopic.htm" ismsdn="true" />
      <HelpTopic name="NotEquals(System.Data.SqlTypes.SqlDateTime, System.Data.SqlTypes.SqlDateTime)" link="ms-help://MS.NETFrameworkSDKv1.1/cpref/html/frlrfsystemdatasqltypessqldatetimeclassNotEqualsTopic.htm" ismsdn="true" />
      <HelpTopic name="LessThan(System.Data.SqlTypes.SqlDateTime, System.Data.SqlTypes.SqlDateTime)" link="ms-help://MS.NETFrameworkSDKv1.1/cpref/html/frlrfsystemdatasqltypessqldatetimeclassLessThanTopic.htm" ismsdn="true" />
      <HelpTopic name="GreaterThan(System.Data.SqlTypes.SqlDateTime, System.Data.SqlTypes.SqlDateTime)" link="ms-help://MS.NETFrameworkSDKv1.1/cpref/html/frlrfsystemdatasqltypessqldatetimeclassGreaterThanTopic.htm" ismsdn="true" />
      <HelpTopic name="LessThanOrEqual(System.Data.SqlTypes.SqlDateTime, System.Data.SqlTypes.SqlDateTime)" link="ms-help://MS.NETFrameworkSDKv1.1/cpref/html/frlrfsystemdatasqltypessqldatetimeclassLessThanOrEqualTopic.htm" ismsdn="true" />
      <HelpTopic name="GreaterThanOrEqual(System.Data.SqlTypes.SqlDateTime, System.Data.SqlTypes.SqlDateTime)" link="ms-help://MS.NETFrameworkSDKv1.1/cpref/html/frlrfsystemdatasqltypessqldatetimeclassGreaterThanOrEqualTopic.htm" ismsdn="true" />
      <HelpTopic name="ToSqlString()" link="ms-help://MS.NETFrameworkSDKv1.1/cpref/html/frlrfsystemdatasqltypessqldatetimeclassToSqlStringTopic.htm" ismsdn="true" />
    </HelpFolder>
    <HelpFolder name="Properties" link="ms-help://MS.NETFrameworkSDKv1.1/cpref/html/frlrfsystemdatasqltypessqldatetimePropertiesTopic.htm" ismsdn="true">
      <HelpTopic name="IsNull" link="ms-help://MS.NETFrameworkSDKv1.1/cpref/html/frlrfsystemdatasqltypessqldatetimeclassIsNullTopic.htm" ismsdn="true" />
      <HelpTopic name="Value" link="ms-help://MS.NETFrameworkSDKv1.1/cpref/html/frlrfsystemdatasqltypessqldatetimeclassValueTopic.htm" ismsdn="true" />
      <HelpTopic name="DayTicks" link="ms-help://MS.NETFrameworkSDKv1.1/cpref/html/frlrfsystemdatasqltypessqldatetimeclassDayTicksTopic.htm" ismsdn="true" />
      <HelpTopic name="TimeTicks" link="ms-help://MS.NETFrameworkSDKv1.1/cpref/html/frlrfsystemdatasqltypessqldatetimeclassTimeTicksTopic.htm" ismsdn="true" />
    </HelpFolder>
  </HelpFolder>
  <HelpFolder name="SqlDecimal structure" link="ms-help://MS.NETFrameworkSDKv1.1/cpref/html/frlrfsystemdatasqltypessqldecimalClassTopic.htm" ismsdn="true">
    <HelpTopic name="SqlDecimal members" link="ms-help://MS.NETFrameworkSDKv1.1/cpref/html/frlrfsystemdatasqltypessqldecimalMembersTopic.htm" ismsdn="true" />
    <HelpFolder name="Constructors" link="ms-help://MS.NETFrameworkSDKv1.1/cpref/html/frlrfsystemdatasqltypessqldecimalclassctorTopic.htm" ismsdn="true">
      <HelpTopic name=".ctor(System.Decimal)" link="ms-help://MS.NETFrameworkSDKv1.1/cpref/html/frlrfsystemdatasqltypessqldecimalclassctorTopic1.htm" ismsdn="true" />
      <HelpTopic name=".ctor(System.Int32)" link="ms-help://MS.NETFrameworkSDKv1.1/cpref/html/frlrfsystemdatasqltypessqldecimalclassctorTopic1.htm" ismsdn="true" />
      <HelpTopic name=".ctor(System.Int64)" link="ms-help://MS.NETFrameworkSDKv1.1/cpref/html/frlrfsystemdatasqltypessqldecimalclassctorTopic2.htm" ismsdn="true" />
      <HelpTopic name=".ctor(System.Byte, System.Byte, System.Boolean, System.Int32[])" link="ms-help://MS.NETFrameworkSDKv1.1/cpref/html/frlrfsystemdatasqltypessqldecimalclassctorTopic3.htm" ismsdn="true" />
      <HelpTopic name=".ctor(System.Byte, System.Byte, System.Boolean, System.Int32, System.Int32, System.Int32, System.Int32)" link="ms-help://MS.NETFrameworkSDKv1.1/cpref/html/frlrfsystemdatasqltypessqldecimalclassctorTopic4.htm" ismsdn="true" />
      <HelpTopic name=".ctor(System.Double)" link="ms-help://MS.NETFrameworkSDKv1.1/cpref/html/frlrfsystemdatasqltypessqldecimalclassctorTopic5.htm" ismsdn="true" />
    </HelpFolder>
    <HelpFolder name="Fields" link="ms-help://MS.NETFrameworkSDKv1.1/cpref/html/frlrfsystemdatasqltypessqldecimalFieldsTopic.htm" ismsdn="true">
      <HelpTopic name="MaxPrecision" link="ms-help://MS.NETFrameworkSDKv1.1/cpref/html/frlrfsystemdatasqltypessqldecimalclassMaxPrecisionTopic.htm" ismsdn="true" />
      <HelpTopic name="MaxScale" link="ms-help://MS.NETFrameworkSDKv1.1/cpref/html/frlrfsystemdatasqltypessqldecimalclassMaxScaleTopic.htm" ismsdn="true" />
      <HelpTopic name="Null" link="ms-help://MS.NETFrameworkSDKv1.1/cpref/html/frlrfsystemdatasqltypessqldecimalclassNullTopic.htm" ismsdn="true" />
      <HelpTopic name="MinValue" link="ms-help://MS.NETFrameworkSDKv1.1/cpref/html/frlrfsystemdatasqltypessqldecimalclassMinValueTopic.htm" ismsdn="true" />
      <HelpTopic name="MaxValue" link="ms-help://MS.NETFrameworkSDKv1.1/cpref/html/frlrfsystemdatasqltypessqldecimalclassMaxValueTopic.htm" ismsdn="true" />
    </HelpFolder>
    <HelpFolder name="Methods" link="ms-help://MS.NETFrameworkSDKv1.1/cpref/html/frlrfsystemdatasqltypessqldecimalMethodsTopic.htm" ismsdn="true">
      <HelpTopic name="CompareTo(System.Object)" link="ms-help://MS.NETFrameworkSDKv1.1/cpref/html/frlrfsystemdatasqltypessqldecimalclassCompareToTopic.htm" ismsdn="true" />
      <HelpTopic name="GetHashCode()" link="ms-help://MS.NETFrameworkSDKv1.1/cpref/html/frlrfsystemdatasqltypessqldecimalclassGetHashCodeTopic.htm" ismsdn="true" />
      <HelpTopic name="Equals(System.Object)" link="ms-help://MS.NETFrameworkSDKv1.1/cpref/html/frlrfsystemdatasqltypessqldecimalclassEqualsTopic.htm" ismsdn="true" />
      <HelpTopic name="ToString()" link="ms-help://MS.NETFrameworkSDKv1.1/cpref/html/frlrfsystemdatasqltypessqldecimalclassToStringTopic.htm" ismsdn="true" />
      <HelpTopic name="Parse(System.String)" link="ms-help://MS.NETFrameworkSDKv1.1/cpref/html/frlrfsystemdatasqltypessqldecimalclassParseTopic.htm" ismsdn="true" />
      <HelpTopic name="ToDouble()" link="ms-help://MS.NETFrameworkSDKv1.1/cpref/html/frlrfsystemdatasqltypessqldecimalclassToDoubleTopic.htm" ismsdn="true" />
      <HelpTopic name="AdjustScale(System.Data.SqlTypes.SqlDecimal, System.Int32, System.Boolean)" link="ms-help://MS.NETFrameworkSDKv1.1/cpref/html/frlrfsystemdatasqltypessqldecimalclassAdjustScaleTopic.htm" ismsdn="true" />
      <HelpTopic name="ConvertToPrecScale(System.Data.SqlTypes.SqlDecimal, System.Int32, System.Int32)" link="ms-help://MS.NETFrameworkSDKv1.1/cpref/html/frlrfsystemdatasqltypessqldecimalclassConvertToPrecScaleTopic.htm" ismsdn="true" />
      <HelpTopic name="Add(System.Data.SqlTypes.SqlDecimal, System.Data.SqlTypes.SqlDecimal)" link="ms-help://MS.NETFrameworkSDKv1.1/cpref/html/frlrfsystemdatasqltypessqldecimalclassAddTopic.htm" ismsdn="true" />
      <HelpTopic name="Subtract(System.Data.SqlTypes.SqlDecimal, System.Data.SqlTypes.SqlDecimal)" link="ms-help://MS.NETFrameworkSDKv1.1/cpref/html/frlrfsystemdatasqltypessqldecimalclassSubtractTopic.htm" ismsdn="true" />
      <HelpTopic name="Multiply(System.Data.SqlTypes.SqlDecimal, System.Data.SqlTypes.SqlDecimal)" link="ms-help://MS.NETFrameworkSDKv1.1/cpref/html/frlrfsystemdatasqltypessqldecimalclassMultiplyTopic.htm" ismsdn="true" />
      <HelpTopic name="Divide(System.Data.SqlTypes.SqlDecimal, System.Data.SqlTypes.SqlDecimal)" link="ms-help://MS.NETFrameworkSDKv1.1/cpref/html/frlrfsystemdatasqltypessqldecimalclassDivideTopic.htm" ismsdn="true" />
      <HelpTopic name="Equals(System.Data.SqlTypes.SqlDecimal, System.Data.SqlTypes.SqlDecimal)" link="ms-help://MS.NETFrameworkSDKv1.1/cpref/html/frlrfsystemdatasqltypessqldecimalclassEqualsTopic.htm" ismsdn="true" />
      <HelpTopic name="NotEquals(System.Data.SqlTypes.SqlDecimal, System.Data.SqlTypes.SqlDecimal)" link="ms-help://MS.NETFrameworkSDKv1.1/cpref/html/frlrfsystemdatasqltypessqldecimalclassNotEqualsTopic.htm" ismsdn="true" />
      <HelpTopic name="LessThan(System.Data.SqlTypes.SqlDecimal, System.Data.SqlTypes.SqlDecimal)" link="ms-help://MS.NETFrameworkSDKv1.1/cpref/html/frlrfsystemdatasqltypessqldecimalclassLessThanTopic.htm" ismsdn="true" />
      <HelpTopic name="GreaterThan(System.Data.SqlTypes.SqlDecimal, System.Data.SqlTypes.SqlDecimal)" link="ms-help://MS.NETFrameworkSDKv1.1/cpref/html/frlrfsystemdatasqltypessqldecimalclassGreaterThanTopic.htm" ismsdn="true" />
      <HelpTopic name="LessThanOrEqual(System.Data.SqlTypes.SqlDecimal, System.Data.SqlTypes.SqlDecimal)" link="ms-help://MS.NETFrameworkSDKv1.1/cpref/html/frlrfsystemdatasqltypessqldecimalclassLessThanOrEqualTopic.htm" ismsdn="true" />
      <HelpTopic name="GreaterThanOrEqual(System.Data.SqlTypes.SqlDecimal, System.Data.SqlTypes.SqlDecimal)" link="ms-help://MS.NETFrameworkSDKv1.1/cpref/html/frlrfsystemdatasqltypessqldecimalclassGreaterThanOrEqualTopic.htm" ismsdn="true" />
      <HelpTopic name="ToSqlBoolean()" link="ms-help://MS.NETFrameworkSDKv1.1/cpref/html/frlrfsystemdatasqltypessqldecimalclassToSqlBooleanTopic.htm" ismsdn="true" />
      <HelpTopic name="ToSqlByte()" link="ms-help://MS.NETFrameworkSDKv1.1/cpref/html/frlrfsystemdatasqltypessqldecimalclassToSqlByteTopic.htm" ismsdn="true" />
      <HelpTopic name="ToSqlDouble()" link="ms-help://MS.NETFrameworkSDKv1.1/cpref/html/frlrfsystemdatasqltypessqldecimalclassToSqlDoubleTopic.htm" ismsdn="true" />
      <HelpTopic name="ToSqlInt16()" link="ms-help://MS.NETFrameworkSDKv1.1/cpref/html/frlrfsystemdatasqltypessqldecimalclassToSqlInt16Topic.htm" ismsdn="true" />
      <HelpTopic name="ToSqlInt32()" link="ms-help://MS.NETFrameworkSDKv1.1/cpref/html/frlrfsystemdatasqltypessqldecimalclassToSqlInt32Topic.htm" ismsdn="true" />
      <HelpTopic name="ToSqlInt64()" link="ms-help://MS.NETFrameworkSDKv1.1/cpref/html/frlrfsystemdatasqltypessqldecimalclassToSqlInt64Topic.htm" ismsdn="true" />
      <HelpTopic name="ToSqlMoney()" link="ms-help://MS.NETFrameworkSDKv1.1/cpref/html/frlrfsystemdatasqltypessqldecimalclassToSqlMoneyTopic.htm" ismsdn="true" />
      <HelpTopic name="ToSqlSingle()" link="ms-help://MS.NETFrameworkSDKv1.1/cpref/html/frlrfsystemdatasqltypessqldecimalclassToSqlSingleTopic.htm" ismsdn="true" />
      <HelpTopic name="ToSqlString()" link="ms-help://MS.NETFrameworkSDKv1.1/cpref/html/frlrfsystemdatasqltypessqldecimalclassToSqlStringTopic.htm" ismsdn="true" />
      <HelpTopic name="Abs(System.Data.SqlTypes.SqlDecimal)" link="ms-help://MS.NETFrameworkSDKv1.1/cpref/html/frlrfsystemdatasqltypessqldecimalclassAbsTopic.htm" ismsdn="true" />
      <HelpTopic name="Ceiling(System.Data.SqlTypes.SqlDecimal)" link="ms-help://MS.NETFrameworkSDKv1.1/cpref/html/frlrfsystemdatasqltypessqldecimalclassCeilingTopic.htm" ismsdn="true" />
      <HelpTopic name="Floor(System.Data.SqlTypes.SqlDecimal)" link="ms-help://MS.NETFrameworkSDKv1.1/cpref/html/frlrfsystemdatasqltypessqldecimalclassFloorTopic.htm" ismsdn="true" />
      <HelpTopic name="Sign(System.Data.SqlTypes.SqlDecimal)" link="ms-help://MS.NETFrameworkSDKv1.1/cpref/html/frlrfsystemdatasqltypessqldecimalclassSignTopic.htm" ismsdn="true" />
      <HelpTopic name="Round(System.Data.SqlTypes.SqlDecimal, System.Int32)" link="ms-help://MS.NETFrameworkSDKv1.1/cpref/html/frlrfsystemdatasqltypessqldecimalclassRoundTopic.htm" ismsdn="true" />
      <HelpTopic name="Truncate(System.Data.SqlTypes.SqlDecimal, System.Int32)" link="ms-help://MS.NETFrameworkSDKv1.1/cpref/html/frlrfsystemdatasqltypessqldecimalclassTruncateTopic.htm" ismsdn="true" />
      <HelpTopic name="Power(System.Data.SqlTypes.SqlDecimal, System.Double)" link="ms-help://MS.NETFrameworkSDKv1.1/cpref/html/frlrfsystemdatasqltypessqldecimalclassPowerTopic.htm" ismsdn="true" />
    </HelpFolder>
    <HelpFolder name="Properties" link="ms-help://MS.NETFrameworkSDKv1.1/cpref/html/frlrfsystemdatasqltypessqldecimalPropertiesTopic.htm" ismsdn="true">
      <HelpTopic name="IsNull" link="ms-help://MS.NETFrameworkSDKv1.1/cpref/html/frlrfsystemdatasqltypessqldecimalclassIsNullTopic.htm" ismsdn="true" />
      <HelpTopic name="Value" link="ms-help://MS.NETFrameworkSDKv1.1/cpref/html/frlrfsystemdatasqltypessqldecimalclassValueTopic.htm" ismsdn="true" />
      <HelpTopic name="IsPositive" link="ms-help://MS.NETFrameworkSDKv1.1/cpref/html/frlrfsystemdatasqltypessqldecimalclassIsPositiveTopic.htm" ismsdn="true" />
      <HelpTopic name="Precision" link="ms-help://MS.NETFrameworkSDKv1.1/cpref/html/frlrfsystemdatasqltypessqldecimalclassPrecisionTopic.htm" ismsdn="true" />
      <HelpTopic name="Scale" link="ms-help://MS.NETFrameworkSDKv1.1/cpref/html/frlrfsystemdatasqltypessqldecimalclassScaleTopic.htm" ismsdn="true" />
      <HelpTopic name="Data" link="ms-help://MS.NETFrameworkSDKv1.1/cpref/html/frlrfsystemdatasqltypessqldecimalclassDataTopic.htm" ismsdn="true" />
      <HelpTopic name="BinData" link="ms-help://MS.NETFrameworkSDKv1.1/cpref/html/frlrfsystemdatasqltypessqldecimalclassBinDataTopic.htm" ismsdn="true" />
    </HelpFolder>
  </HelpFolder>
  <HelpFolder name="SqlDouble structure" link="ms-help://MS.NETFrameworkSDKv1.1/cpref/html/frlrfsystemdatasqltypessqldoubleClassTopic.htm" ismsdn="true">
    <HelpTopic name="SqlDouble members" link="ms-help://MS.NETFrameworkSDKv1.1/cpref/html/frlrfsystemdatasqltypessqldoubleMembersTopic.htm" ismsdn="true" />
    <HelpFolder name="Constructors" link="ms-help://MS.NETFrameworkSDKv1.1/cpref/html/frlrfsystemdatasqltypessqldoubleclassctorTopic.htm" ismsdn="true">
      <HelpTopic name=".ctor(System.Double)" link="ms-help://MS.NETFrameworkSDKv1.1/cpref/html/frlrfsystemdatasqltypessqldoubleclassctorTopic.htm" ismsdn="true" />
    </HelpFolder>
    <HelpFolder name="Fields" link="ms-help://MS.NETFrameworkSDKv1.1/cpref/html/frlrfsystemdatasqltypessqldoubleFieldsTopic.htm" ismsdn="true">
      <HelpTopic name="Null" link="ms-help://MS.NETFrameworkSDKv1.1/cpref/html/frlrfsystemdatasqltypessqldoubleclassNullTopic.htm" ismsdn="true" />
      <HelpTopic name="Zero" link="ms-help://MS.NETFrameworkSDKv1.1/cpref/html/frlrfsystemdatasqltypessqldoubleclassZeroTopic.htm" ismsdn="true" />
      <HelpTopic name="MinValue" link="ms-help://MS.NETFrameworkSDKv1.1/cpref/html/frlrfsystemdatasqltypessqldoubleclassMinValueTopic.htm" ismsdn="true" />
      <HelpTopic name="MaxValue" link="ms-help://MS.NETFrameworkSDKv1.1/cpref/html/frlrfsystemdatasqltypessqldoubleclassMaxValueTopic.htm" ismsdn="true" />
    </HelpFolder>
    <HelpFolder name="Methods" link="ms-help://MS.NETFrameworkSDKv1.1/cpref/html/frlrfsystemdatasqltypessqldoubleMethodsTopic.htm" ismsdn="true">
      <HelpTopic name="CompareTo(System.Object)" link="ms-help://MS.NETFrameworkSDKv1.1/cpref/html/frlrfsystemdatasqltypessqldoubleclassCompareToTopic.htm" ismsdn="true" />
      <HelpTopic name="GetHashCode()" link="ms-help://MS.NETFrameworkSDKv1.1/cpref/html/frlrfsystemdatasqltypessqldoubleclassGetHashCodeTopic.htm" ismsdn="true" />
      <HelpTopic name="Equals(System.Object)" link="ms-help://MS.NETFrameworkSDKv1.1/cpref/html/frlrfsystemdatasqltypessqldoubleclassEqualsTopic.htm" ismsdn="true" />
      <HelpTopic name="ToString()" link="ms-help://MS.NETFrameworkSDKv1.1/cpref/html/frlrfsystemdatasqltypessqldoubleclassToStringTopic.htm" ismsdn="true" />
      <HelpTopic name="Parse(System.String)" link="ms-help://MS.NETFrameworkSDKv1.1/cpref/html/frlrfsystemdatasqltypessqldoubleclassParseTopic.htm" ismsdn="true" />
      <HelpTopic name="Add(System.Data.SqlTypes.SqlDouble, System.Data.SqlTypes.SqlDouble)" link="ms-help://MS.NETFrameworkSDKv1.1/cpref/html/frlrfsystemdatasqltypessqldoubleclassAddTopic.htm" ismsdn="true" />
      <HelpTopic name="Subtract(System.Data.SqlTypes.SqlDouble, System.Data.SqlTypes.SqlDouble)" link="ms-help://MS.NETFrameworkSDKv1.1/cpref/html/frlrfsystemdatasqltypessqldoubleclassSubtractTopic.htm" ismsdn="true" />
      <HelpTopic name="Multiply(System.Data.SqlTypes.SqlDouble, System.Data.SqlTypes.SqlDouble)" link="ms-help://MS.NETFrameworkSDKv1.1/cpref/html/frlrfsystemdatasqltypessqldoubleclassMultiplyTopic.htm" ismsdn="true" />
      <HelpTopic name="Divide(System.Data.SqlTypes.SqlDouble, System.Data.SqlTypes.SqlDouble)" link="ms-help://MS.NETFrameworkSDKv1.1/cpref/html/frlrfsystemdatasqltypessqldoubleclassDivideTopic.htm" ismsdn="true" />
      <HelpTopic name="Equals(System.Data.SqlTypes.SqlDouble, System.Data.SqlTypes.SqlDouble)" link="ms-help://MS.NETFrameworkSDKv1.1/cpref/html/frlrfsystemdatasqltypessqldoubleclassEqualsTopic.htm" ismsdn="true" />
      <HelpTopic name="NotEquals(System.Data.SqlTypes.SqlDouble, System.Data.SqlTypes.SqlDouble)" link="ms-help://MS.NETFrameworkSDKv1.1/cpref/html/frlrfsystemdatasqltypessqldoubleclassNotEqualsTopic.htm" ismsdn="true" />
      <HelpTopic name="LessThan(System.Data.SqlTypes.SqlDouble, System.Data.SqlTypes.SqlDouble)" link="ms-help://MS.NETFrameworkSDKv1.1/cpref/html/frlrfsystemdatasqltypessqldoubleclassLessThanTopic.htm" ismsdn="true" />
      <HelpTopic name="GreaterThan(System.Data.SqlTypes.SqlDouble, System.Data.SqlTypes.SqlDouble)" link="ms-help://MS.NETFrameworkSDKv1.1/cpref/html/frlrfsystemdatasqltypessqldoubleclassGreaterThanTopic.htm" ismsdn="true" />
      <HelpTopic name="LessThanOrEqual(System.Data.SqlTypes.SqlDouble, System.Data.SqlTypes.SqlDouble)" link="ms-help://MS.NETFrameworkSDKv1.1/cpref/html/frlrfsystemdatasqltypessqldoubleclassLessThanOrEqualTopic.htm" ismsdn="true" />
      <HelpTopic name="GreaterThanOrEqual(System.Data.SqlTypes.SqlDouble, System.Data.SqlTypes.SqlDouble)" link="ms-help://MS.NETFrameworkSDKv1.1/cpref/html/frlrfsystemdatasqltypessqldoubleclassGreaterThanOrEqualTopic.htm" ismsdn="true" />
      <HelpTopic name="ToSqlBoolean()" link="ms-help://MS.NETFrameworkSDKv1.1/cpref/html/frlrfsystemdatasqltypessqldoubleclassToSqlBooleanTopic.htm" ismsdn="true" />
      <HelpTopic name="ToSqlByte()" link="ms-help://MS.NETFrameworkSDKv1.1/cpref/html/frlrfsystemdatasqltypessqldoubleclassToSqlByteTopic.htm" ismsdn="true" />
      <HelpTopic name="ToSqlInt16()" link="ms-help://MS.NETFrameworkSDKv1.1/cpref/html/frlrfsystemdatasqltypessqldoubleclassToSqlInt16Topic.htm" ismsdn="true" />
      <HelpTopic name="ToSqlInt32()" link="ms-help://MS.NETFrameworkSDKv1.1/cpref/html/frlrfsystemdatasqltypessqldoubleclassToSqlInt32Topic.htm" ismsdn="true" />
      <HelpTopic name="ToSqlInt64()" link="ms-help://MS.NETFrameworkSDKv1.1/cpref/html/frlrfsystemdatasqltypessqldoubleclassToSqlInt64Topic.htm" ismsdn="true" />
      <HelpTopic name="ToSqlMoney()" link="ms-help://MS.NETFrameworkSDKv1.1/cpref/html/frlrfsystemdatasqltypessqldoubleclassToSqlMoneyTopic.htm" ismsdn="true" />
      <HelpTopic name="ToSqlDecimal()" link="ms-help://MS.NETFrameworkSDKv1.1/cpref/html/frlrfsystemdatasqltypessqldoubleclassToSqlDecimalTopic.htm" ismsdn="true" />
      <HelpTopic name="ToSqlSingle()" link="ms-help://MS.NETFrameworkSDKv1.1/cpref/html/frlrfsystemdatasqltypessqldoubleclassToSqlSingleTopic.htm" ismsdn="true" />
      <HelpTopic name="ToSqlString()" link="ms-help://MS.NETFrameworkSDKv1.1/cpref/html/frlrfsystemdatasqltypessqldoubleclassToSqlStringTopic.htm" ismsdn="true" />
    </HelpFolder>
    <HelpFolder name="Properties" link="ms-help://MS.NETFrameworkSDKv1.1/cpref/html/frlrfsystemdatasqltypessqldoublePropertiesTopic.htm" ismsdn="true">
      <HelpTopic name="IsNull" link="ms-help://MS.NETFrameworkSDKv1.1/cpref/html/frlrfsystemdatasqltypessqldoubleclassIsNullTopic.htm" ismsdn="true" />
      <HelpTopic name="Value" link="ms-help://MS.NETFrameworkSDKv1.1/cpref/html/frlrfsystemdatasqltypessqldoubleclassValueTopic.htm" ismsdn="true" />
    </HelpFolder>
  </HelpFolder>
  <HelpFolder name="SqlGuid structure" link="ms-help://MS.NETFrameworkSDKv1.1/cpref/html/frlrfsystemdatasqltypessqlguidClassTopic.htm" ismsdn="true">
    <HelpTopic name="SqlGuid members" link="ms-help://MS.NETFrameworkSDKv1.1/cpref/html/frlrfsystemdatasqltypessqlguidMembersTopic.htm" ismsdn="true" />
    <HelpFolder name="Constructors" link="ms-help://MS.NETFrameworkSDKv1.1/cpref/html/frlrfsystemdatasqltypessqlguidclassctorTopic.htm" ismsdn="true">
      <HelpTopic name=".ctor(System.Byte[])" link="ms-help://MS.NETFrameworkSDKv1.1/cpref/html/frlrfsystemdatasqltypessqlguidclassctorTopic1.htm" ismsdn="true" />
      <HelpTopic name=".ctor(System.String)" link="ms-help://MS.NETFrameworkSDKv1.1/cpref/html/frlrfsystemdatasqltypessqlguidclassctorTopic1.htm" ismsdn="true" />
      <HelpTopic name=".ctor(System.Guid)" link="ms-help://MS.NETFrameworkSDKv1.1/cpref/html/frlrfsystemdatasqltypessqlguidclassctorTopic2.htm" ismsdn="true" />
      <HelpTopic name=".ctor(System.Int32, System.Int16, System.Int16, System.Byte, System.Byte, System.Byte, System.Byte, System.Byte, System.Byte, System.Byte, System.Byte)" link="ms-help://MS.NETFrameworkSDKv1.1/cpref/html/frlrfsystemdatasqltypessqlguidclassctorTopic3.htm" ismsdn="true" />
    </HelpFolder>
    <HelpFolder name="Fields" link="ms-help://MS.NETFrameworkSDKv1.1/cpref/html/frlrfsystemdatasqltypessqlguidFieldsTopic.htm" ismsdn="true">
      <HelpTopic name="Null" link="ms-help://MS.NETFrameworkSDKv1.1/cpref/html/frlrfsystemdatasqltypessqlguidclassNullTopic.htm" ismsdn="true" />
    </HelpFolder>
    <HelpFolder name="Methods" link="ms-help://MS.NETFrameworkSDKv1.1/cpref/html/frlrfsystemdatasqltypessqlguidMethodsTopic.htm" ismsdn="true">
      <HelpTopic name="CompareTo(System.Object)" link="ms-help://MS.NETFrameworkSDKv1.1/cpref/html/frlrfsystemdatasqltypessqlguidclassCompareToTopic.htm" ismsdn="true" />
      <HelpTopic name="GetHashCode()" link="ms-help://MS.NETFrameworkSDKv1.1/cpref/html/frlrfsystemdatasqltypessqlguidclassGetHashCodeTopic.htm" ismsdn="true" />
      <HelpTopic name="Equals(System.Object)" link="ms-help://MS.NETFrameworkSDKv1.1/cpref/html/frlrfsystemdatasqltypessqlguidclassEqualsTopic.htm" ismsdn="true" />
      <HelpTopic name="ToString()" link="ms-help://MS.NETFrameworkSDKv1.1/cpref/html/frlrfsystemdatasqltypessqlguidclassToStringTopic.htm" ismsdn="true" />
      <HelpTopic name="ToByteArray()" link="ms-help://MS.NETFrameworkSDKv1.1/cpref/html/frlrfsystemdatasqltypessqlguidclassToByteArrayTopic.htm" ismsdn="true" />
      <HelpTopic name="Parse(System.String)" link="ms-help://MS.NETFrameworkSDKv1.1/cpref/html/frlrfsystemdatasqltypessqlguidclassParseTopic.htm" ismsdn="true" />
      <HelpTopic name="Equals(System.Data.SqlTypes.SqlGuid, System.Data.SqlTypes.SqlGuid)" link="ms-help://MS.NETFrameworkSDKv1.1/cpref/html/frlrfsystemdatasqltypessqlguidclassEqualsTopic.htm" ismsdn="true" />
      <HelpTopic name="NotEquals(System.Data.SqlTypes.SqlGuid, System.Data.SqlTypes.SqlGuid)" link="ms-help://MS.NETFrameworkSDKv1.1/cpref/html/frlrfsystemdatasqltypessqlguidclassNotEqualsTopic.htm" ismsdn="true" />
      <HelpTopic name="LessThan(System.Data.SqlTypes.SqlGuid, System.Data.SqlTypes.SqlGuid)" link="ms-help://MS.NETFrameworkSDKv1.1/cpref/html/frlrfsystemdatasqltypessqlguidclassLessThanTopic.htm" ismsdn="true" />
      <HelpTopic name="GreaterThan(System.Data.SqlTypes.SqlGuid, System.Data.SqlTypes.SqlGuid)" link="ms-help://MS.NETFrameworkSDKv1.1/cpref/html/frlrfsystemdatasqltypessqlguidclassGreaterThanTopic.htm" ismsdn="true" />
      <HelpTopic name="LessThanOrEqual(System.Data.SqlTypes.SqlGuid, System.Data.SqlTypes.SqlGuid)" link="ms-help://MS.NETFrameworkSDKv1.1/cpref/html/frlrfsystemdatasqltypessqlguidclassLessThanOrEqualTopic.htm" ismsdn="true" />
      <HelpTopic name="GreaterThanOrEqual(System.Data.SqlTypes.SqlGuid, System.Data.SqlTypes.SqlGuid)" link="ms-help://MS.NETFrameworkSDKv1.1/cpref/html/frlrfsystemdatasqltypessqlguidclassGreaterThanOrEqualTopic.htm" ismsdn="true" />
      <HelpTopic name="ToSqlString()" link="ms-help://MS.NETFrameworkSDKv1.1/cpref/html/frlrfsystemdatasqltypessqlguidclassToSqlStringTopic.htm" ismsdn="true" />
      <HelpTopic name="ToSqlBinary()" link="ms-help://MS.NETFrameworkSDKv1.1/cpref/html/frlrfsystemdatasqltypessqlguidclassToSqlBinaryTopic.htm" ismsdn="true" />
    </HelpFolder>
    <HelpFolder name="Properties" link="ms-help://MS.NETFrameworkSDKv1.1/cpref/html/frlrfsystemdatasqltypessqlguidPropertiesTopic.htm" ismsdn="true">
      <HelpTopic name="IsNull" link="ms-help://MS.NETFrameworkSDKv1.1/cpref/html/frlrfsystemdatasqltypessqlguidclassIsNullTopic.htm" ismsdn="true" />
      <HelpTopic name="Value" link="ms-help://MS.NETFrameworkSDKv1.1/cpref/html/frlrfsystemdatasqltypessqlguidclassValueTopic.htm" ismsdn="true" />
    </HelpFolder>
  </HelpFolder>
  <HelpFolder name="SqlInt16 structure" link="ms-help://MS.NETFrameworkSDKv1.1/cpref/html/frlrfsystemdatasqltypessqlint16ClassTopic.htm" ismsdn="true">
    <HelpTopic name="SqlInt16 members" link="ms-help://MS.NETFrameworkSDKv1.1/cpref/html/frlrfsystemdatasqltypessqlint16MembersTopic.htm" ismsdn="true" />
    <HelpFolder name="Constructors" link="ms-help://MS.NETFrameworkSDKv1.1/cpref/html/frlrfsystemdatasqltypessqlint16classctorTopic.htm" ismsdn="true">
      <HelpTopic name=".ctor(System.Int16)" link="ms-help://MS.NETFrameworkSDKv1.1/cpref/html/frlrfsystemdatasqltypessqlint16classctorTopic.htm" ismsdn="true" />
    </HelpFolder>
    <HelpFolder name="Fields" link="ms-help://MS.NETFrameworkSDKv1.1/cpref/html/frlrfsystemdatasqltypessqlint16FieldsTopic.htm" ismsdn="true">
      <HelpTopic name="Null" link="ms-help://MS.NETFrameworkSDKv1.1/cpref/html/frlrfsystemdatasqltypessqlint16classNullTopic.htm" ismsdn="true" />
      <HelpTopic name="Zero" link="ms-help://MS.NETFrameworkSDKv1.1/cpref/html/frlrfsystemdatasqltypessqlint16classZeroTopic.htm" ismsdn="true" />
      <HelpTopic name="MinValue" link="ms-help://MS.NETFrameworkSDKv1.1/cpref/html/frlrfsystemdatasqltypessqlint16classMinValueTopic.htm" ismsdn="true" />
      <HelpTopic name="MaxValue" link="ms-help://MS.NETFrameworkSDKv1.1/cpref/html/frlrfsystemdatasqltypessqlint16classMaxValueTopic.htm" ismsdn="true" />
    </HelpFolder>
    <HelpFolder name="Methods" link="ms-help://MS.NETFrameworkSDKv1.1/cpref/html/frlrfsystemdatasqltypessqlint16MethodsTopic.htm" ismsdn="true">
      <HelpTopic name="CompareTo(System.Object)" link="ms-help://MS.NETFrameworkSDKv1.1/cpref/html/frlrfsystemdatasqltypessqlint16classCompareToTopic.htm" ismsdn="true" />
      <HelpTopic name="GetHashCode()" link="ms-help://MS.NETFrameworkSDKv1.1/cpref/html/frlrfsystemdatasqltypessqlint16classGetHashCodeTopic.htm" ismsdn="true" />
      <HelpTopic name="Equals(System.Object)" link="ms-help://MS.NETFrameworkSDKv1.1/cpref/html/frlrfsystemdatasqltypessqlint16classEqualsTopic.htm" ismsdn="true" />
      <HelpTopic name="ToString()" link="ms-help://MS.NETFrameworkSDKv1.1/cpref/html/frlrfsystemdatasqltypessqlint16classToStringTopic.htm" ismsdn="true" />
      <HelpTopic name="Parse(System.String)" link="ms-help://MS.NETFrameworkSDKv1.1/cpref/html/frlrfsystemdatasqltypessqlint16classParseTopic.htm" ismsdn="true" />
      <HelpTopic name="OnesComplement(System.Data.SqlTypes.SqlInt16)" link="ms-help://MS.NETFrameworkSDKv1.1/cpref/html/frlrfsystemdatasqltypessqlint16classOnesComplementTopic.htm" ismsdn="true" />
      <HelpTopic name="Add(System.Data.SqlTypes.SqlInt16, System.Data.SqlTypes.SqlInt16)" link="ms-help://MS.NETFrameworkSDKv1.1/cpref/html/frlrfsystemdatasqltypessqlint16classAddTopic.htm" ismsdn="true" />
      <HelpTopic name="Subtract(System.Data.SqlTypes.SqlInt16, System.Data.SqlTypes.SqlInt16)" link="ms-help://MS.NETFrameworkSDKv1.1/cpref/html/frlrfsystemdatasqltypessqlint16classSubtractTopic.htm" ismsdn="true" />
      <HelpTopic name="Multiply(System.Data.SqlTypes.SqlInt16, System.Data.SqlTypes.SqlInt16)" link="ms-help://MS.NETFrameworkSDKv1.1/cpref/html/frlrfsystemdatasqltypessqlint16classMultiplyTopic.htm" ismsdn="true" />
      <HelpTopic name="Divide(System.Data.SqlTypes.SqlInt16, System.Data.SqlTypes.SqlInt16)" link="ms-help://MS.NETFrameworkSDKv1.1/cpref/html/frlrfsystemdatasqltypessqlint16classDivideTopic.htm" ismsdn="true" />
      <HelpTopic name="Mod(System.Data.SqlTypes.SqlInt16, System.Data.SqlTypes.SqlInt16)" link="ms-help://MS.NETFrameworkSDKv1.1/cpref/html/frlrfsystemdatasqltypessqlint16classModTopic.htm" ismsdn="true" />
      <HelpTopic name="BitwiseAnd(System.Data.SqlTypes.SqlInt16, System.Data.SqlTypes.SqlInt16)" link="ms-help://MS.NETFrameworkSDKv1.1/cpref/html/frlrfsystemdatasqltypessqlint16classBitwiseAndTopic.htm" ismsdn="true" />
      <HelpTopic name="BitwiseOr(System.Data.SqlTypes.SqlInt16, System.Data.SqlTypes.SqlInt16)" link="ms-help://MS.NETFrameworkSDKv1.1/cpref/html/frlrfsystemdatasqltypessqlint16classBitwiseOrTopic.htm" ismsdn="true" />
      <HelpTopic name="Xor(System.Data.SqlTypes.SqlInt16, System.Data.SqlTypes.SqlInt16)" link="ms-help://MS.NETFrameworkSDKv1.1/cpref/html/frlrfsystemdatasqltypessqlint16classXorTopic.htm" ismsdn="true" />
      <HelpTopic name="Equals(System.Data.SqlTypes.SqlInt16, System.Data.SqlTypes.SqlInt16)" link="ms-help://MS.NETFrameworkSDKv1.1/cpref/html/frlrfsystemdatasqltypessqlint16classEqualsTopic.htm" ismsdn="true" />
      <HelpTopic name="NotEquals(System.Data.SqlTypes.SqlInt16, System.Data.SqlTypes.SqlInt16)" link="ms-help://MS.NETFrameworkSDKv1.1/cpref/html/frlrfsystemdatasqltypessqlint16classNotEqualsTopic.htm" ismsdn="true" />
      <HelpTopic name="LessThan(System.Data.SqlTypes.SqlInt16, System.Data.SqlTypes.SqlInt16)" link="ms-help://MS.NETFrameworkSDKv1.1/cpref/html/frlrfsystemdatasqltypessqlint16classLessThanTopic.htm" ismsdn="true" />
      <HelpTopic name="GreaterThan(System.Data.SqlTypes.SqlInt16, System.Data.SqlTypes.SqlInt16)" link="ms-help://MS.NETFrameworkSDKv1.1/cpref/html/frlrfsystemdatasqltypessqlint16classGreaterThanTopic.htm" ismsdn="true" />
      <HelpTopic name="LessThanOrEqual(System.Data.SqlTypes.SqlInt16, System.Data.SqlTypes.SqlInt16)" link="ms-help://MS.NETFrameworkSDKv1.1/cpref/html/frlrfsystemdatasqltypessqlint16classLessThanOrEqualTopic.htm" ismsdn="true" />
      <HelpTopic name="GreaterThanOrEqual(System.Data.SqlTypes.SqlInt16, System.Data.SqlTypes.SqlInt16)" link="ms-help://MS.NETFrameworkSDKv1.1/cpref/html/frlrfsystemdatasqltypessqlint16classGreaterThanOrEqualTopic.htm" ismsdn="true" />
      <HelpTopic name="ToSqlBoolean()" link="ms-help://MS.NETFrameworkSDKv1.1/cpref/html/frlrfsystemdatasqltypessqlint16classToSqlBooleanTopic.htm" ismsdn="true" />
      <HelpTopic name="ToSqlByte()" link="ms-help://MS.NETFrameworkSDKv1.1/cpref/html/frlrfsystemdatasqltypessqlint16classToSqlByteTopic.htm" ismsdn="true" />
      <HelpTopic name="ToSqlDouble()" link="ms-help://MS.NETFrameworkSDKv1.1/cpref/html/frlrfsystemdatasqltypessqlint16classToSqlDoubleTopic.htm" ismsdn="true" />
      <HelpTopic name="ToSqlInt32()" link="ms-help://MS.NETFrameworkSDKv1.1/cpref/html/frlrfsystemdatasqltypessqlint16classToSqlInt32Topic.htm" ismsdn="true" />
      <HelpTopic name="ToSqlInt64()" link="ms-help://MS.NETFrameworkSDKv1.1/cpref/html/frlrfsystemdatasqltypessqlint16classToSqlInt64Topic.htm" ismsdn="true" />
      <HelpTopic name="ToSqlMoney()" link="ms-help://MS.NETFrameworkSDKv1.1/cpref/html/frlrfsystemdatasqltypessqlint16classToSqlMoneyTopic.htm" ismsdn="true" />
      <HelpTopic name="ToSqlDecimal()" link="ms-help://MS.NETFrameworkSDKv1.1/cpref/html/frlrfsystemdatasqltypessqlint16classToSqlDecimalTopic.htm" ismsdn="true" />
      <HelpTopic name="ToSqlSingle()" link="ms-help://MS.NETFrameworkSDKv1.1/cpref/html/frlrfsystemdatasqltypessqlint16classToSqlSingleTopic.htm" ismsdn="true" />
      <HelpTopic name="ToSqlString()" link="ms-help://MS.NETFrameworkSDKv1.1/cpref/html/frlrfsystemdatasqltypessqlint16classToSqlStringTopic.htm" ismsdn="true" />
    </HelpFolder>
    <HelpFolder name="Properties" link="ms-help://MS.NETFrameworkSDKv1.1/cpref/html/frlrfsystemdatasqltypessqlint16PropertiesTopic.htm" ismsdn="true">
      <HelpTopic name="IsNull" link="ms-help://MS.NETFrameworkSDKv1.1/cpref/html/frlrfsystemdatasqltypessqlint16classIsNullTopic.htm" ismsdn="true" />
      <HelpTopic name="Value" link="ms-help://MS.NETFrameworkSDKv1.1/cpref/html/frlrfsystemdatasqltypessqlint16classValueTopic.htm" ismsdn="true" />
    </HelpFolder>
  </HelpFolder>
  <HelpFolder name="SqlInt32 structure" link="ms-help://MS.NETFrameworkSDKv1.1/cpref/html/frlrfsystemdatasqltypessqlint32ClassTopic.htm" ismsdn="true">
    <HelpTopic name="SqlInt32 members" link="ms-help://MS.NETFrameworkSDKv1.1/cpref/html/frlrfsystemdatasqltypessqlint32MembersTopic.htm" ismsdn="true" />
    <HelpFolder name="Constructors" link="ms-help://MS.NETFrameworkSDKv1.1/cpref/html/frlrfsystemdatasqltypessqlint32classctorTopic.htm" ismsdn="true">
      <HelpTopic name=".ctor(System.Int32)" link="ms-help://MS.NETFrameworkSDKv1.1/cpref/html/frlrfsystemdatasqltypessqlint32classctorTopic.htm" ismsdn="true" />
    </HelpFolder>
    <HelpFolder name="Fields" link="ms-help://MS.NETFrameworkSDKv1.1/cpref/html/frlrfsystemdatasqltypessqlint32FieldsTopic.htm" ismsdn="true">
      <HelpTopic name="Null" link="ms-help://MS.NETFrameworkSDKv1.1/cpref/html/frlrfsystemdatasqltypessqlint32classNullTopic.htm" ismsdn="true" />
      <HelpTopic name="Zero" link="ms-help://MS.NETFrameworkSDKv1.1/cpref/html/frlrfsystemdatasqltypessqlint32classZeroTopic.htm" ismsdn="true" />
      <HelpTopic name="MinValue" link="ms-help://MS.NETFrameworkSDKv1.1/cpref/html/frlrfsystemdatasqltypessqlint32classMinValueTopic.htm" ismsdn="true" />
      <HelpTopic name="MaxValue" link="ms-help://MS.NETFrameworkSDKv1.1/cpref/html/frlrfsystemdatasqltypessqlint32classMaxValueTopic.htm" ismsdn="true" />
    </HelpFolder>
    <HelpFolder name="Methods" link="ms-help://MS.NETFrameworkSDKv1.1/cpref/html/frlrfsystemdatasqltypessqlint32MethodsTopic.htm" ismsdn="true">
      <HelpTopic name="CompareTo(System.Object)" link="ms-help://MS.NETFrameworkSDKv1.1/cpref/html/frlrfsystemdatasqltypessqlint32classCompareToTopic.htm" ismsdn="true" />
      <HelpTopic name="GetHashCode()" link="ms-help://MS.NETFrameworkSDKv1.1/cpref/html/frlrfsystemdatasqltypessqlint32classGetHashCodeTopic.htm" ismsdn="true" />
      <HelpTopic name="Equals(System.Object)" link="ms-help://MS.NETFrameworkSDKv1.1/cpref/html/frlrfsystemdatasqltypessqlint32classEqualsTopic.htm" ismsdn="true" />
      <HelpTopic name="ToString()" link="ms-help://MS.NETFrameworkSDKv1.1/cpref/html/frlrfsystemdatasqltypessqlint32classToStringTopic.htm" ismsdn="true" />
      <HelpTopic name="Parse(System.String)" link="ms-help://MS.NETFrameworkSDKv1.1/cpref/html/frlrfsystemdatasqltypessqlint32classParseTopic.htm" ismsdn="true" />
      <HelpTopic name="OnesComplement(System.Data.SqlTypes.SqlInt32)" link="ms-help://MS.NETFrameworkSDKv1.1/cpref/html/frlrfsystemdatasqltypessqlint32classOnesComplementTopic.htm" ismsdn="true" />
      <HelpTopic name="Add(System.Data.SqlTypes.SqlInt32, System.Data.SqlTypes.SqlInt32)" link="ms-help://MS.NETFrameworkSDKv1.1/cpref/html/frlrfsystemdatasqltypessqlint32classAddTopic.htm" ismsdn="true" />
      <HelpTopic name="Subtract(System.Data.SqlTypes.SqlInt32, System.Data.SqlTypes.SqlInt32)" link="ms-help://MS.NETFrameworkSDKv1.1/cpref/html/frlrfsystemdatasqltypessqlint32classSubtractTopic.htm" ismsdn="true" />
      <HelpTopic name="Multiply(System.Data.SqlTypes.SqlInt32, System.Data.SqlTypes.SqlInt32)" link="ms-help://MS.NETFrameworkSDKv1.1/cpref/html/frlrfsystemdatasqltypessqlint32classMultiplyTopic.htm" ismsdn="true" />
      <HelpTopic name="Divide(System.Data.SqlTypes.SqlInt32, System.Data.SqlTypes.SqlInt32)" link="ms-help://MS.NETFrameworkSDKv1.1/cpref/html/frlrfsystemdatasqltypessqlint32classDivideTopic.htm" ismsdn="true" />
      <HelpTopic name="Mod(System.Data.SqlTypes.SqlInt32, System.Data.SqlTypes.SqlInt32)" link="ms-help://MS.NETFrameworkSDKv1.1/cpref/html/frlrfsystemdatasqltypessqlint32classModTopic.htm" ismsdn="true" />
      <HelpTopic name="BitwiseAnd(System.Data.SqlTypes.SqlInt32, System.Data.SqlTypes.SqlInt32)" link="ms-help://MS.NETFrameworkSDKv1.1/cpref/html/frlrfsystemdatasqltypessqlint32classBitwiseAndTopic.htm" ismsdn="true" />
      <HelpTopic name="BitwiseOr(System.Data.SqlTypes.SqlInt32, System.Data.SqlTypes.SqlInt32)" link="ms-help://MS.NETFrameworkSDKv1.1/cpref/html/frlrfsystemdatasqltypessqlint32classBitwiseOrTopic.htm" ismsdn="true" />
      <HelpTopic name="Xor(System.Data.SqlTypes.SqlInt32, System.Data.SqlTypes.SqlInt32)" link="ms-help://MS.NETFrameworkSDKv1.1/cpref/html/frlrfsystemdatasqltypessqlint32classXorTopic.htm" ismsdn="true" />
      <HelpTopic name="Equals(System.Data.SqlTypes.SqlInt32, System.Data.SqlTypes.SqlInt32)" link="ms-help://MS.NETFrameworkSDKv1.1/cpref/html/frlrfsystemdatasqltypessqlint32classEqualsTopic.htm" ismsdn="true" />
      <HelpTopic name="NotEquals(System.Data.SqlTypes.SqlInt32, System.Data.SqlTypes.SqlInt32)" link="ms-help://MS.NETFrameworkSDKv1.1/cpref/html/frlrfsystemdatasqltypessqlint32classNotEqualsTopic.htm" ismsdn="true" />
      <HelpTopic name="LessThan(System.Data.SqlTypes.SqlInt32, System.Data.SqlTypes.SqlInt32)" link="ms-help://MS.NETFrameworkSDKv1.1/cpref/html/frlrfsystemdatasqltypessqlint32classLessThanTopic.htm" ismsdn="true" />
      <HelpTopic name="GreaterThan(System.Data.SqlTypes.SqlInt32, System.Data.SqlTypes.SqlInt32)" link="ms-help://MS.NETFrameworkSDKv1.1/cpref/html/frlrfsystemdatasqltypessqlint32classGreaterThanTopic.htm" ismsdn="true" />
      <HelpTopic name="LessThanOrEqual(System.Data.SqlTypes.SqlInt32, System.Data.SqlTypes.SqlInt32)" link="ms-help://MS.NETFrameworkSDKv1.1/cpref/html/frlrfsystemdatasqltypessqlint32classLessThanOrEqualTopic.htm" ismsdn="true" />
      <HelpTopic name="GreaterThanOrEqual(System.Data.SqlTypes.SqlInt32, System.Data.SqlTypes.SqlInt32)" link="ms-help://MS.NETFrameworkSDKv1.1/cpref/html/frlrfsystemdatasqltypessqlint32classGreaterThanOrEqualTopic.htm" ismsdn="true" />
      <HelpTopic name="ToSqlBoolean()" link="ms-help://MS.NETFrameworkSDKv1.1/cpref/html/frlrfsystemdatasqltypessqlint32classToSqlBooleanTopic.htm" ismsdn="true" />
      <HelpTopic name="ToSqlByte()" link="ms-help://MS.NETFrameworkSDKv1.1/cpref/html/frlrfsystemdatasqltypessqlint32classToSqlByteTopic.htm" ismsdn="true" />
      <HelpTopic name="ToSqlDouble()" link="ms-help://MS.NETFrameworkSDKv1.1/cpref/html/frlrfsystemdatasqltypessqlint32classToSqlDoubleTopic.htm" ismsdn="true" />
      <HelpTopic name="ToSqlInt16()" link="ms-help://MS.NETFrameworkSDKv1.1/cpref/html/frlrfsystemdatasqltypessqlint32classToSqlInt16Topic.htm" ismsdn="true" />
      <HelpTopic name="ToSqlInt64()" link="ms-help://MS.NETFrameworkSDKv1.1/cpref/html/frlrfsystemdatasqltypessqlint32classToSqlInt64Topic.htm" ismsdn="true" />
      <HelpTopic name="ToSqlMoney()" link="ms-help://MS.NETFrameworkSDKv1.1/cpref/html/frlrfsystemdatasqltypessqlint32classToSqlMoneyTopic.htm" ismsdn="true" />
      <HelpTopic name="ToSqlDecimal()" link="ms-help://MS.NETFrameworkSDKv1.1/cpref/html/frlrfsystemdatasqltypessqlint32classToSqlDecimalTopic.htm" ismsdn="true" />
      <HelpTopic name="ToSqlSingle()" link="ms-help://MS.NETFrameworkSDKv1.1/cpref/html/frlrfsystemdatasqltypessqlint32classToSqlSingleTopic.htm" ismsdn="true" />
      <HelpTopic name="ToSqlString()" link="ms-help://MS.NETFrameworkSDKv1.1/cpref/html/frlrfsystemdatasqltypessqlint32classToSqlStringTopic.htm" ismsdn="true" />
    </HelpFolder>
    <HelpFolder name="Properties" link="ms-help://MS.NETFrameworkSDKv1.1/cpref/html/frlrfsystemdatasqltypessqlint32PropertiesTopic.htm" ismsdn="true">
      <HelpTopic name="IsNull" link="ms-help://MS.NETFrameworkSDKv1.1/cpref/html/frlrfsystemdatasqltypessqlint32classIsNullTopic.htm" ismsdn="true" />
      <HelpTopic name="Value" link="ms-help://MS.NETFrameworkSDKv1.1/cpref/html/frlrfsystemdatasqltypessqlint32classValueTopic.htm" ismsdn="true" />
    </HelpFolder>
  </HelpFolder>
  <HelpFolder name="SqlInt64 structure" link="ms-help://MS.NETFrameworkSDKv1.1/cpref/html/frlrfsystemdatasqltypessqlint64ClassTopic.htm" ismsdn="true">
    <HelpTopic name="SqlInt64 members" link="ms-help://MS.NETFrameworkSDKv1.1/cpref/html/frlrfsystemdatasqltypessqlint64MembersTopic.htm" ismsdn="true" />
    <HelpFolder name="Constructors" link="ms-help://MS.NETFrameworkSDKv1.1/cpref/html/frlrfsystemdatasqltypessqlint64classctorTopic.htm" ismsdn="true">
      <HelpTopic name=".ctor(System.Int64)" link="ms-help://MS.NETFrameworkSDKv1.1/cpref/html/frlrfsystemdatasqltypessqlint64classctorTopic.htm" ismsdn="true" />
    </HelpFolder>
    <HelpFolder name="Fields" link="ms-help://MS.NETFrameworkSDKv1.1/cpref/html/frlrfsystemdatasqltypessqlint64FieldsTopic.htm" ismsdn="true">
      <HelpTopic name="Null" link="ms-help://MS.NETFrameworkSDKv1.1/cpref/html/frlrfsystemdatasqltypessqlint64classNullTopic.htm" ismsdn="true" />
      <HelpTopic name="Zero" link="ms-help://MS.NETFrameworkSDKv1.1/cpref/html/frlrfsystemdatasqltypessqlint64classZeroTopic.htm" ismsdn="true" />
      <HelpTopic name="MinValue" link="ms-help://MS.NETFrameworkSDKv1.1/cpref/html/frlrfsystemdatasqltypessqlint64classMinValueTopic.htm" ismsdn="true" />
      <HelpTopic name="MaxValue" link="ms-help://MS.NETFrameworkSDKv1.1/cpref/html/frlrfsystemdatasqltypessqlint64classMaxValueTopic.htm" ismsdn="true" />
    </HelpFolder>
    <HelpFolder name="Methods" link="ms-help://MS.NETFrameworkSDKv1.1/cpref/html/frlrfsystemdatasqltypessqlint64MethodsTopic.htm" ismsdn="true">
      <HelpTopic name="CompareTo(System.Object)" link="ms-help://MS.NETFrameworkSDKv1.1/cpref/html/frlrfsystemdatasqltypessqlint64classCompareToTopic.htm" ismsdn="true" />
      <HelpTopic name="GetHashCode()" link="ms-help://MS.NETFrameworkSDKv1.1/cpref/html/frlrfsystemdatasqltypessqlint64classGetHashCodeTopic.htm" ismsdn="true" />
      <HelpTopic name="Equals(System.Object)" link="ms-help://MS.NETFrameworkSDKv1.1/cpref/html/frlrfsystemdatasqltypessqlint64classEqualsTopic.htm" ismsdn="true" />
      <HelpTopic name="ToString()" link="ms-help://MS.NETFrameworkSDKv1.1/cpref/html/frlrfsystemdatasqltypessqlint64classToStringTopic.htm" ismsdn="true" />
      <HelpTopic name="Parse(System.String)" link="ms-help://MS.NETFrameworkSDKv1.1/cpref/html/frlrfsystemdatasqltypessqlint64classParseTopic.htm" ismsdn="true" />
      <HelpTopic name="OnesComplement(System.Data.SqlTypes.SqlInt64)" link="ms-help://MS.NETFrameworkSDKv1.1/cpref/html/frlrfsystemdatasqltypessqlint64classOnesComplementTopic.htm" ismsdn="true" />
      <HelpTopic name="Add(System.Data.SqlTypes.SqlInt64, System.Data.SqlTypes.SqlInt64)" link="ms-help://MS.NETFrameworkSDKv1.1/cpref/html/frlrfsystemdatasqltypessqlint64classAddTopic.htm" ismsdn="true" />
      <HelpTopic name="Subtract(System.Data.SqlTypes.SqlInt64, System.Data.SqlTypes.SqlInt64)" link="ms-help://MS.NETFrameworkSDKv1.1/cpref/html/frlrfsystemdatasqltypessqlint64classSubtractTopic.htm" ismsdn="true" />
      <HelpTopic name="Multiply(System.Data.SqlTypes.SqlInt64, System.Data.SqlTypes.SqlInt64)" link="ms-help://MS.NETFrameworkSDKv1.1/cpref/html/frlrfsystemdatasqltypessqlint64classMultiplyTopic.htm" ismsdn="true" />
      <HelpTopic name="Divide(System.Data.SqlTypes.SqlInt64, System.Data.SqlTypes.SqlInt64)" link="ms-help://MS.NETFrameworkSDKv1.1/cpref/html/frlrfsystemdatasqltypessqlint64classDivideTopic.htm" ismsdn="true" />
      <HelpTopic name="Mod(System.Data.SqlTypes.SqlInt64, System.Data.SqlTypes.SqlInt64)" link="ms-help://MS.NETFrameworkSDKv1.1/cpref/html/frlrfsystemdatasqltypessqlint64classModTopic.htm" ismsdn="true" />
      <HelpTopic name="BitwiseAnd(System.Data.SqlTypes.SqlInt64, System.Data.SqlTypes.SqlInt64)" link="ms-help://MS.NETFrameworkSDKv1.1/cpref/html/frlrfsystemdatasqltypessqlint64classBitwiseAndTopic.htm" ismsdn="true" />
      <HelpTopic name="BitwiseOr(System.Data.SqlTypes.SqlInt64, System.Data.SqlTypes.SqlInt64)" link="ms-help://MS.NETFrameworkSDKv1.1/cpref/html/frlrfsystemdatasqltypessqlint64classBitwiseOrTopic.htm" ismsdn="true" />
      <HelpTopic name="Xor(System.Data.SqlTypes.SqlInt64, System.Data.SqlTypes.SqlInt64)" link="ms-help://MS.NETFrameworkSDKv1.1/cpref/html/frlrfsystemdatasqltypessqlint64classXorTopic.htm" ismsdn="true" />
      <HelpTopic name="Equals(System.Data.SqlTypes.SqlInt64, System.Data.SqlTypes.SqlInt64)" link="ms-help://MS.NETFrameworkSDKv1.1/cpref/html/frlrfsystemdatasqltypessqlint64classEqualsTopic.htm" ismsdn="true" />
      <HelpTopic name="NotEquals(System.Data.SqlTypes.SqlInt64, System.Data.SqlTypes.SqlInt64)" link="ms-help://MS.NETFrameworkSDKv1.1/cpref/html/frlrfsystemdatasqltypessqlint64classNotEqualsTopic.htm" ismsdn="true" />
      <HelpTopic name="LessThan(System.Data.SqlTypes.SqlInt64, System.Data.SqlTypes.SqlInt64)" link="ms-help://MS.NETFrameworkSDKv1.1/cpref/html/frlrfsystemdatasqltypessqlint64classLessThanTopic.htm" ismsdn="true" />
      <HelpTopic name="GreaterThan(System.Data.SqlTypes.SqlInt64, System.Data.SqlTypes.SqlInt64)" link="ms-help://MS.NETFrameworkSDKv1.1/cpref/html/frlrfsystemdatasqltypessqlint64classGreaterThanTopic.htm" ismsdn="true" />
      <HelpTopic name="LessThanOrEqual(System.Data.SqlTypes.SqlInt64, System.Data.SqlTypes.SqlInt64)" link="ms-help://MS.NETFrameworkSDKv1.1/cpref/html/frlrfsystemdatasqltypessqlint64classLessThanOrEqualTopic.htm" ismsdn="true" />
      <HelpTopic name="GreaterThanOrEqual(System.Data.SqlTypes.SqlInt64, System.Data.SqlTypes.SqlInt64)" link="ms-help://MS.NETFrameworkSDKv1.1/cpref/html/frlrfsystemdatasqltypessqlint64classGreaterThanOrEqualTopic.htm" ismsdn="true" />
      <HelpTopic name="ToSqlBoolean()" link="ms-help://MS.NETFrameworkSDKv1.1/cpref/html/frlrfsystemdatasqltypessqlint64classToSqlBooleanTopic.htm" ismsdn="true" />
      <HelpTopic name="ToSqlByte()" link="ms-help://MS.NETFrameworkSDKv1.1/cpref/html/frlrfsystemdatasqltypessqlint64classToSqlByteTopic.htm" ismsdn="true" />
      <HelpTopic name="ToSqlDouble()" link="ms-help://MS.NETFrameworkSDKv1.1/cpref/html/frlrfsystemdatasqltypessqlint64classToSqlDoubleTopic.htm" ismsdn="true" />
      <HelpTopic name="ToSqlInt16()" link="ms-help://MS.NETFrameworkSDKv1.1/cpref/html/frlrfsystemdatasqltypessqlint64classToSqlInt16Topic.htm" ismsdn="true" />
      <HelpTopic name="ToSqlInt32()" link="ms-help://MS.NETFrameworkSDKv1.1/cpref/html/frlrfsystemdatasqltypessqlint64classToSqlInt32Topic.htm" ismsdn="true" />
      <HelpTopic name="ToSqlMoney()" link="ms-help://MS.NETFrameworkSDKv1.1/cpref/html/frlrfsystemdatasqltypessqlint64classToSqlMoneyTopic.htm" ismsdn="true" />
      <HelpTopic name="ToSqlDecimal()" link="ms-help://MS.NETFrameworkSDKv1.1/cpref/html/frlrfsystemdatasqltypessqlint64classToSqlDecimalTopic.htm" ismsdn="true" />
      <HelpTopic name="ToSqlSingle()" link="ms-help://MS.NETFrameworkSDKv1.1/cpref/html/frlrfsystemdatasqltypessqlint64classToSqlSingleTopic.htm" ismsdn="true" />
      <HelpTopic name="ToSqlString()" link="ms-help://MS.NETFrameworkSDKv1.1/cpref/html/frlrfsystemdatasqltypessqlint64classToSqlStringTopic.htm" ismsdn="true" />
    </HelpFolder>
    <HelpFolder name="Properties" link="ms-help://MS.NETFrameworkSDKv1.1/cpref/html/frlrfsystemdatasqltypessqlint64PropertiesTopic.htm" ismsdn="true">
      <HelpTopic name="IsNull" link="ms-help://MS.NETFrameworkSDKv1.1/cpref/html/frlrfsystemdatasqltypessqlint64classIsNullTopic.htm" ismsdn="true" />
      <HelpTopic name="Value" link="ms-help://MS.NETFrameworkSDKv1.1/cpref/html/frlrfsystemdatasqltypessqlint64classValueTopic.htm" ismsdn="true" />
    </HelpFolder>
  </HelpFolder>
  <HelpFolder name="SqlMoney structure" link="ms-help://MS.NETFrameworkSDKv1.1/cpref/html/frlrfsystemdatasqltypessqlmoneyClassTopic.htm" ismsdn="true">
    <HelpTopic name="SqlMoney members" link="ms-help://MS.NETFrameworkSDKv1.1/cpref/html/frlrfsystemdatasqltypessqlmoneyMembersTopic.htm" ismsdn="true" />
    <HelpFolder name="Constructors" link="ms-help://MS.NETFrameworkSDKv1.1/cpref/html/frlrfsystemdatasqltypessqlmoneyclassctorTopic.htm" ismsdn="true">
      <HelpTopic name=".ctor(System.Int32)" link="ms-help://MS.NETFrameworkSDKv1.1/cpref/html/frlrfsystemdatasqltypessqlmoneyclassctorTopic1.htm" ismsdn="true" />
      <HelpTopic name=".ctor(System.Int64)" link="ms-help://MS.NETFrameworkSDKv1.1/cpref/html/frlrfsystemdatasqltypessqlmoneyclassctorTopic1.htm" ismsdn="true" />
      <HelpTopic name=".ctor(System.Decimal)" link="ms-help://MS.NETFrameworkSDKv1.1/cpref/html/frlrfsystemdatasqltypessqlmoneyclassctorTopic2.htm" ismsdn="true" />
      <HelpTopic name=".ctor(System.Double)" link="ms-help://MS.NETFrameworkSDKv1.1/cpref/html/frlrfsystemdatasqltypessqlmoneyclassctorTopic3.htm" ismsdn="true" />
    </HelpFolder>
    <HelpFolder name="Fields" link="ms-help://MS.NETFrameworkSDKv1.1/cpref/html/frlrfsystemdatasqltypessqlmoneyFieldsTopic.htm" ismsdn="true">
      <HelpTopic name="Null" link="ms-help://MS.NETFrameworkSDKv1.1/cpref/html/frlrfsystemdatasqltypessqlmoneyclassNullTopic.htm" ismsdn="true" />
      <HelpTopic name="Zero" link="ms-help://MS.NETFrameworkSDKv1.1/cpref/html/frlrfsystemdatasqltypessqlmoneyclassZeroTopic.htm" ismsdn="true" />
      <HelpTopic name="MinValue" link="ms-help://MS.NETFrameworkSDKv1.1/cpref/html/frlrfsystemdatasqltypessqlmoneyclassMinValueTopic.htm" ismsdn="true" />
      <HelpTopic name="MaxValue" link="ms-help://MS.NETFrameworkSDKv1.1/cpref/html/frlrfsystemdatasqltypessqlmoneyclassMaxValueTopic.htm" ismsdn="true" />
    </HelpFolder>
    <HelpFolder name="Methods" link="ms-help://MS.NETFrameworkSDKv1.1/cpref/html/frlrfsystemdatasqltypessqlmoneyMethodsTopic.htm" ismsdn="true">
      <HelpTopic name="CompareTo(System.Object)" link="ms-help://MS.NETFrameworkSDKv1.1/cpref/html/frlrfsystemdatasqltypessqlmoneyclassCompareToTopic.htm" ismsdn="true" />
      <HelpTopic name="GetHashCode()" link="ms-help://MS.NETFrameworkSDKv1.1/cpref/html/frlrfsystemdatasqltypessqlmoneyclassGetHashCodeTopic.htm" ismsdn="true" />
      <HelpTopic name="Equals(System.Object)" link="ms-help://MS.NETFrameworkSDKv1.1/cpref/html/frlrfsystemdatasqltypessqlmoneyclassEqualsTopic.htm" ismsdn="true" />
      <HelpTopic name="ToString()" link="ms-help://MS.NETFrameworkSDKv1.1/cpref/html/frlrfsystemdatasqltypessqlmoneyclassToStringTopic.htm" ismsdn="true" />
      <HelpTopic name="ToDecimal()" link="ms-help://MS.NETFrameworkSDKv1.1/cpref/html/frlrfsystemdatasqltypessqlmoneyclassToDecimalTopic.htm" ismsdn="true" />
      <HelpTopic name="ToInt64()" link="ms-help://MS.NETFrameworkSDKv1.1/cpref/html/frlrfsystemdatasqltypessqlmoneyclassToInt64Topic.htm" ismsdn="true" />
      <HelpTopic name="ToInt32()" link="ms-help://MS.NETFrameworkSDKv1.1/cpref/html/frlrfsystemdatasqltypessqlmoneyclassToInt32Topic.htm" ismsdn="true" />
      <HelpTopic name="ToDouble()" link="ms-help://MS.NETFrameworkSDKv1.1/cpref/html/frlrfsystemdatasqltypessqlmoneyclassToDoubleTopic.htm" ismsdn="true" />
      <HelpTopic name="Parse(System.String)" link="ms-help://MS.NETFrameworkSDKv1.1/cpref/html/frlrfsystemdatasqltypessqlmoneyclassParseTopic.htm" ismsdn="true" />
      <HelpTopic name="Add(System.Data.SqlTypes.SqlMoney, System.Data.SqlTypes.SqlMoney)" link="ms-help://MS.NETFrameworkSDKv1.1/cpref/html/frlrfsystemdatasqltypessqlmoneyclassAddTopic.htm" ismsdn="true" />
      <HelpTopic name="Subtract(System.Data.SqlTypes.SqlMoney, System.Data.SqlTypes.SqlMoney)" link="ms-help://MS.NETFrameworkSDKv1.1/cpref/html/frlrfsystemdatasqltypessqlmoneyclassSubtractTopic.htm" ismsdn="true" />
      <HelpTopic name="Multiply(System.Data.SqlTypes.SqlMoney, System.Data.SqlTypes.SqlMoney)" link="ms-help://MS.NETFrameworkSDKv1.1/cpref/html/frlrfsystemdatasqltypessqlmoneyclassMultiplyTopic.htm" ismsdn="true" />
      <HelpTopic name="Divide(System.Data.SqlTypes.SqlMoney, System.Data.SqlTypes.SqlMoney)" link="ms-help://MS.NETFrameworkSDKv1.1/cpref/html/frlrfsystemdatasqltypessqlmoneyclassDivideTopic.htm" ismsdn="true" />
      <HelpTopic name="Equals(System.Data.SqlTypes.SqlMoney, System.Data.SqlTypes.SqlMoney)" link="ms-help://MS.NETFrameworkSDKv1.1/cpref/html/frlrfsystemdatasqltypessqlmoneyclassEqualsTopic.htm" ismsdn="true" />
      <HelpTopic name="NotEquals(System.Data.SqlTypes.SqlMoney, System.Data.SqlTypes.SqlMoney)" link="ms-help://MS.NETFrameworkSDKv1.1/cpref/html/frlrfsystemdatasqltypessqlmoneyclassNotEqualsTopic.htm" ismsdn="true" />
      <HelpTopic name="LessThan(System.Data.SqlTypes.SqlMoney, System.Data.SqlTypes.SqlMoney)" link="ms-help://MS.NETFrameworkSDKv1.1/cpref/html/frlrfsystemdatasqltypessqlmoneyclassLessThanTopic.htm" ismsdn="true" />
      <HelpTopic name="GreaterThan(System.Data.SqlTypes.SqlMoney, System.Data.SqlTypes.SqlMoney)" link="ms-help://MS.NETFrameworkSDKv1.1/cpref/html/frlrfsystemdatasqltypessqlmoneyclassGreaterThanTopic.htm" ismsdn="true" />
      <HelpTopic name="LessThanOrEqual(System.Data.SqlTypes.SqlMoney, System.Data.SqlTypes.SqlMoney)" link="ms-help://MS.NETFrameworkSDKv1.1/cpref/html/frlrfsystemdatasqltypessqlmoneyclassLessThanOrEqualTopic.htm" ismsdn="true" />
      <HelpTopic name="GreaterThanOrEqual(System.Data.SqlTypes.SqlMoney, System.Data.SqlTypes.SqlMoney)" link="ms-help://MS.NETFrameworkSDKv1.1/cpref/html/frlrfsystemdatasqltypessqlmoneyclassGreaterThanOrEqualTopic.htm" ismsdn="true" />
      <HelpTopic name="ToSqlBoolean()" link="ms-help://MS.NETFrameworkSDKv1.1/cpref/html/frlrfsystemdatasqltypessqlmoneyclassToSqlBooleanTopic.htm" ismsdn="true" />
      <HelpTopic name="ToSqlByte()" link="ms-help://MS.NETFrameworkSDKv1.1/cpref/html/frlrfsystemdatasqltypessqlmoneyclassToSqlByteTopic.htm" ismsdn="true" />
      <HelpTopic name="ToSqlDouble()" link="ms-help://MS.NETFrameworkSDKv1.1/cpref/html/frlrfsystemdatasqltypessqlmoneyclassToSqlDoubleTopic.htm" ismsdn="true" />
      <HelpTopic name="ToSqlInt16()" link="ms-help://MS.NETFrameworkSDKv1.1/cpref/html/frlrfsystemdatasqltypessqlmoneyclassToSqlInt16Topic.htm" ismsdn="true" />
      <HelpTopic name="ToSqlInt32()" link="ms-help://MS.NETFrameworkSDKv1.1/cpref/html/frlrfsystemdatasqltypessqlmoneyclassToSqlInt32Topic.htm" ismsdn="true" />
      <HelpTopic name="ToSqlInt64()" link="ms-help://MS.NETFrameworkSDKv1.1/cpref/html/frlrfsystemdatasqltypessqlmoneyclassToSqlInt64Topic.htm" ismsdn="true" />
      <HelpTopic name="ToSqlDecimal()" link="ms-help://MS.NETFrameworkSDKv1.1/cpref/html/frlrfsystemdatasqltypessqlmoneyclassToSqlDecimalTopic.htm" ismsdn="true" />
      <HelpTopic name="ToSqlSingle()" link="ms-help://MS.NETFrameworkSDKv1.1/cpref/html/frlrfsystemdatasqltypessqlmoneyclassToSqlSingleTopic.htm" ismsdn="true" />
      <HelpTopic name="ToSqlString()" link="ms-help://MS.NETFrameworkSDKv1.1/cpref/html/frlrfsystemdatasqltypessqlmoneyclassToSqlStringTopic.htm" ismsdn="true" />
    </HelpFolder>
    <HelpFolder name="Properties" link="ms-help://MS.NETFrameworkSDKv1.1/cpref/html/frlrfsystemdatasqltypessqlmoneyPropertiesTopic.htm" ismsdn="true">
      <HelpTopic name="IsNull" link="ms-help://MS.NETFrameworkSDKv1.1/cpref/html/frlrfsystemdatasqltypessqlmoneyclassIsNullTopic.htm" ismsdn="true" />
      <HelpTopic name="Value" link="ms-help://MS.NETFrameworkSDKv1.1/cpref/html/frlrfsystemdatasqltypessqlmoneyclassValueTopic.htm" ismsdn="true" />
    </HelpFolder>
  </HelpFolder>
  <HelpFolder name="SqlNullValueException class" link="ms-help://MS.NETFrameworkSDKv1.1/cpref/html/frlrfsystemdatasqltypessqlnullvalueexceptionClassTopic.htm" ismsdn="true">
    <HelpTopic name="SqlNullValueException members" link="ms-help://MS.NETFrameworkSDKv1.1/cpref/html/frlrfsystemdatasqltypessqlnullvalueexceptionMembersTopic.htm" ismsdn="true" />
    <HelpFolder name="Constructors" link="ms-help://MS.NETFrameworkSDKv1.1/cpref/html/frlrfsystemdatasqltypessqlnullvalueexceptionclassctorTopic.htm" ismsdn="true">
      <HelpTopic name=".ctor()" link="ms-help://MS.NETFrameworkSDKv1.1/cpref/html/frlrfsystemdatasqltypessqlnullvalueexceptionclassctorTopic1.htm" ismsdn="true" />
      <HelpTopic name=".ctor(System.String)" link="ms-help://MS.NETFrameworkSDKv1.1/cpref/html/frlrfsystemdatasqltypessqlnullvalueexceptionclassctorTopic1.htm" ismsdn="true" />
      <HelpTopic name=".ctor(System.String, System.Exception)" link="ms-help://MS.NETFrameworkSDKv1.1/cpref/html/frlrfsystemdatasqltypessqlnullvalueexceptionclassctorTopic2.htm" ismsdn="true" />
    </HelpFolder>
  </HelpFolder>
  <HelpFolder name="SqlSingle structure" link="ms-help://MS.NETFrameworkSDKv1.1/cpref/html/frlrfsystemdatasqltypessqlsingleClassTopic.htm" ismsdn="true">
    <HelpTopic name="SqlSingle members" link="ms-help://MS.NETFrameworkSDKv1.1/cpref/html/frlrfsystemdatasqltypessqlsingleMembersTopic.htm" ismsdn="true" />
    <HelpFolder name="Constructors" link="ms-help://MS.NETFrameworkSDKv1.1/cpref/html/frlrfsystemdatasqltypessqlsingleclassctorTopic.htm" ismsdn="true">
      <HelpTopic name=".ctor(System.Single)" link="ms-help://MS.NETFrameworkSDKv1.1/cpref/html/frlrfsystemdatasqltypessqlsingleclassctorTopic1.htm" ismsdn="true" />
      <HelpTopic name=".ctor(System.Double)" link="ms-help://MS.NETFrameworkSDKv1.1/cpref/html/frlrfsystemdatasqltypessqlsingleclassctorTopic1.htm" ismsdn="true" />
    </HelpFolder>
    <HelpFolder name="Fields" link="ms-help://MS.NETFrameworkSDKv1.1/cpref/html/frlrfsystemdatasqltypessqlsingleFieldsTopic.htm" ismsdn="true">
      <HelpTopic name="Null" link="ms-help://MS.NETFrameworkSDKv1.1/cpref/html/frlrfsystemdatasqltypessqlsingleclassNullTopic.htm" ismsdn="true" />
      <HelpTopic name="Zero" link="ms-help://MS.NETFrameworkSDKv1.1/cpref/html/frlrfsystemdatasqltypessqlsingleclassZeroTopic.htm" ismsdn="true" />
      <HelpTopic name="MinValue" link="ms-help://MS.NETFrameworkSDKv1.1/cpref/html/frlrfsystemdatasqltypessqlsingleclassMinValueTopic.htm" ismsdn="true" />
      <HelpTopic name="MaxValue" link="ms-help://MS.NETFrameworkSDKv1.1/cpref/html/frlrfsystemdatasqltypessqlsingleclassMaxValueTopic.htm" ismsdn="true" />
    </HelpFolder>
    <HelpFolder name="Methods" link="ms-help://MS.NETFrameworkSDKv1.1/cpref/html/frlrfsystemdatasqltypessqlsingleMethodsTopic.htm" ismsdn="true">
      <HelpTopic name="CompareTo(System.Object)" link="ms-help://MS.NETFrameworkSDKv1.1/cpref/html/frlrfsystemdatasqltypessqlsingleclassCompareToTopic.htm" ismsdn="true" />
      <HelpTopic name="GetHashCode()" link="ms-help://MS.NETFrameworkSDKv1.1/cpref/html/frlrfsystemdatasqltypessqlsingleclassGetHashCodeTopic.htm" ismsdn="true" />
      <HelpTopic name="Equals(System.Object)" link="ms-help://MS.NETFrameworkSDKv1.1/cpref/html/frlrfsystemdatasqltypessqlsingleclassEqualsTopic.htm" ismsdn="true" />
      <HelpTopic name="ToString()" link="ms-help://MS.NETFrameworkSDKv1.1/cpref/html/frlrfsystemdatasqltypessqlsingleclassToStringTopic.htm" ismsdn="true" />
      <HelpTopic name="Parse(System.String)" link="ms-help://MS.NETFrameworkSDKv1.1/cpref/html/frlrfsystemdatasqltypessqlsingleclassParseTopic.htm" ismsdn="true" />
      <HelpTopic name="Add(System.Data.SqlTypes.SqlSingle, System.Data.SqlTypes.SqlSingle)" link="ms-help://MS.NETFrameworkSDKv1.1/cpref/html/frlrfsystemdatasqltypessqlsingleclassAddTopic.htm" ismsdn="true" />
      <HelpTopic name="Subtract(System.Data.SqlTypes.SqlSingle, System.Data.SqlTypes.SqlSingle)" link="ms-help://MS.NETFrameworkSDKv1.1/cpref/html/frlrfsystemdatasqltypessqlsingleclassSubtractTopic.htm" ismsdn="true" />
      <HelpTopic name="Multiply(System.Data.SqlTypes.SqlSingle, System.Data.SqlTypes.SqlSingle)" link="ms-help://MS.NETFrameworkSDKv1.1/cpref/html/frlrfsystemdatasqltypessqlsingleclassMultiplyTopic.htm" ismsdn="true" />
      <HelpTopic name="Divide(System.Data.SqlTypes.SqlSingle, System.Data.SqlTypes.SqlSingle)" link="ms-help://MS.NETFrameworkSDKv1.1/cpref/html/frlrfsystemdatasqltypessqlsingleclassDivideTopic.htm" ismsdn="true" />
      <HelpTopic name="Equals(System.Data.SqlTypes.SqlSingle, System.Data.SqlTypes.SqlSingle)" link="ms-help://MS.NETFrameworkSDKv1.1/cpref/html/frlrfsystemdatasqltypessqlsingleclassEqualsTopic.htm" ismsdn="true" />
      <HelpTopic name="NotEquals(System.Data.SqlTypes.SqlSingle, System.Data.SqlTypes.SqlSingle)" link="ms-help://MS.NETFrameworkSDKv1.1/cpref/html/frlrfsystemdatasqltypessqlsingleclassNotEqualsTopic.htm" ismsdn="true" />
      <HelpTopic name="LessThan(System.Data.SqlTypes.SqlSingle, System.Data.SqlTypes.SqlSingle)" link="ms-help://MS.NETFrameworkSDKv1.1/cpref/html/frlrfsystemdatasqltypessqlsingleclassLessThanTopic.htm" ismsdn="true" />
      <HelpTopic name="GreaterThan(System.Data.SqlTypes.SqlSingle, System.Data.SqlTypes.SqlSingle)" link="ms-help://MS.NETFrameworkSDKv1.1/cpref/html/frlrfsystemdatasqltypessqlsingleclassGreaterThanTopic.htm" ismsdn="true" />
      <HelpTopic name="LessThanOrEqual(System.Data.SqlTypes.SqlSingle, System.Data.SqlTypes.SqlSingle)" link="ms-help://MS.NETFrameworkSDKv1.1/cpref/html/frlrfsystemdatasqltypessqlsingleclassLessThanOrEqualTopic.htm" ismsdn="true" />
      <HelpTopic name="GreaterThanOrEqual(System.Data.SqlTypes.SqlSingle, System.Data.SqlTypes.SqlSingle)" link="ms-help://MS.NETFrameworkSDKv1.1/cpref/html/frlrfsystemdatasqltypessqlsingleclassGreaterThanOrEqualTopic.htm" ismsdn="true" />
      <HelpTopic name="ToSqlBoolean()" link="ms-help://MS.NETFrameworkSDKv1.1/cpref/html/frlrfsystemdatasqltypessqlsingleclassToSqlBooleanTopic.htm" ismsdn="true" />
      <HelpTopic name="ToSqlByte()" link="ms-help://MS.NETFrameworkSDKv1.1/cpref/html/frlrfsystemdatasqltypessqlsingleclassToSqlByteTopic.htm" ismsdn="true" />
      <HelpTopic name="ToSqlDouble()" link="ms-help://MS.NETFrameworkSDKv1.1/cpref/html/frlrfsystemdatasqltypessqlsingleclassToSqlDoubleTopic.htm" ismsdn="true" />
      <HelpTopic name="ToSqlInt16()" link="ms-help://MS.NETFrameworkSDKv1.1/cpref/html/frlrfsystemdatasqltypessqlsingleclassToSqlInt16Topic.htm" ismsdn="true" />
      <HelpTopic name="ToSqlInt32()" link="ms-help://MS.NETFrameworkSDKv1.1/cpref/html/frlrfsystemdatasqltypessqlsingleclassToSqlInt32Topic.htm" ismsdn="true" />
      <HelpTopic name="ToSqlInt64()" link="ms-help://MS.NETFrameworkSDKv1.1/cpref/html/frlrfsystemdatasqltypessqlsingleclassToSqlInt64Topic.htm" ismsdn="true" />
      <HelpTopic name="ToSqlMoney()" link="ms-help://MS.NETFrameworkSDKv1.1/cpref/html/frlrfsystemdatasqltypessqlsingleclassToSqlMoneyTopic.htm" ismsdn="true" />
      <HelpTopic name="ToSqlDecimal()" link="ms-help://MS.NETFrameworkSDKv1.1/cpref/html/frlrfsystemdatasqltypessqlsingleclassToSqlDecimalTopic.htm" ismsdn="true" />
      <HelpTopic name="ToSqlString()" link="ms-help://MS.NETFrameworkSDKv1.1/cpref/html/frlrfsystemdatasqltypessqlsingleclassToSqlStringTopic.htm" ismsdn="true" />
    </HelpFolder>
    <HelpFolder name="Properties" link="ms-help://MS.NETFrameworkSDKv1.1/cpref/html/frlrfsystemdatasqltypessqlsinglePropertiesTopic.htm" ismsdn="true">
      <HelpTopic name="IsNull" link="ms-help://MS.NETFrameworkSDKv1.1/cpref/html/frlrfsystemdatasqltypessqlsingleclassIsNullTopic.htm" ismsdn="true" />
      <HelpTopic name="Value" link="ms-help://MS.NETFrameworkSDKv1.1/cpref/html/frlrfsystemdatasqltypessqlsingleclassValueTopic.htm" ismsdn="true" />
    </HelpFolder>
  </HelpFolder>
  <HelpFolder name="SqlString structure" link="ms-help://MS.NETFrameworkSDKv1.1/cpref/html/frlrfsystemdatasqltypessqlstringClassTopic.htm" ismsdn="true">
    <HelpTopic name="SqlString members" link="ms-help://MS.NETFrameworkSDKv1.1/cpref/html/frlrfsystemdatasqltypessqlstringMembersTopic.htm" ismsdn="true" />
    <HelpFolder name="Constructors" link="ms-help://MS.NETFrameworkSDKv1.1/cpref/html/frlrfsystemdatasqltypessqlstringclassctorTopic.htm" ismsdn="true">
      <HelpTopic name=".ctor(System.Int32, System.Data.SqlTypes.SqlCompareOptions, System.Byte[], System.Int32, System.Int32, System.Boolean)" link="ms-help://MS.NETFrameworkSDKv1.1/cpref/html/frlrfsystemdatasqltypessqlstringclassctorTopic1.htm" ismsdn="true" />
      <HelpTopic name=".ctor(System.Int32, System.Data.SqlTypes.SqlCompareOptions, System.Byte[], System.Boolean)" link="ms-help://MS.NETFrameworkSDKv1.1/cpref/html/frlrfsystemdatasqltypessqlstringclassctorTopic1.htm" ismsdn="true" />
      <HelpTopic name=".ctor(System.Int32, System.Data.SqlTypes.SqlCompareOptions, System.Byte[], System.Int32, System.Int32)" link="ms-help://MS.NETFrameworkSDKv1.1/cpref/html/frlrfsystemdatasqltypessqlstringclassctorTopic2.htm" ismsdn="true" />
      <HelpTopic name=".ctor(System.Int32, System.Data.SqlTypes.SqlCompareOptions, System.Byte[])" link="ms-help://MS.NETFrameworkSDKv1.1/cpref/html/frlrfsystemdatasqltypessqlstringclassctorTopic3.htm" ismsdn="true" />
      <HelpTopic name=".ctor(System.String, System.Int32, System.Data.SqlTypes.SqlCompareOptions)" link="ms-help://MS.NETFrameworkSDKv1.1/cpref/html/frlrfsystemdatasqltypessqlstringclassctorTopic4.htm" ismsdn="true" />
      <HelpTopic name=".ctor(System.String, System.Int32)" link="ms-help://MS.NETFrameworkSDKv1.1/cpref/html/frlrfsystemdatasqltypessqlstringclassctorTopic5.htm" ismsdn="true" />
      <HelpTopic name=".ctor(System.String)" link="ms-help://MS.NETFrameworkSDKv1.1/cpref/html/frlrfsystemdatasqltypessqlstringclassctorTopic6.htm" ismsdn="true" />
    </HelpFolder>
    <HelpFolder name="Fields" link="ms-help://MS.NETFrameworkSDKv1.1/cpref/html/frlrfsystemdatasqltypessqlstringFieldsTopic.htm" ismsdn="true">
      <HelpTopic name="Null" link="ms-help://MS.NETFrameworkSDKv1.1/cpref/html/frlrfsystemdatasqltypessqlstringclassNullTopic.htm" ismsdn="true" />
      <HelpTopic name="IgnoreCase" link="ms-help://MS.NETFrameworkSDKv1.1/cpref/html/frlrfsystemdatasqltypessqlstringclassIgnoreCaseTopic.htm" ismsdn="true" />
      <HelpTopic name="IgnoreWidth" link="ms-help://MS.NETFrameworkSDKv1.1/cpref/html/frlrfsystemdatasqltypessqlstringclassIgnoreWidthTopic.htm" ismsdn="true" />
      <HelpTopic name="IgnoreNonSpace" link="ms-help://MS.NETFrameworkSDKv1.1/cpref/html/frlrfsystemdatasqltypessqlstringclassIgnoreNonSpaceTopic.htm" ismsdn="true" />
      <HelpTopic name="IgnoreKanaType" link="ms-help://MS.NETFrameworkSDKv1.1/cpref/html/frlrfsystemdatasqltypessqlstringclassIgnoreKanaTypeTopic.htm" ismsdn="true" />
      <HelpTopic name="BinarySort" link="ms-help://MS.NETFrameworkSDKv1.1/cpref/html/frlrfsystemdatasqltypessqlstringclassBinarySortTopic.htm" ismsdn="true" />
    </HelpFolder>
    <HelpFolder name="Methods" link="ms-help://MS.NETFrameworkSDKv1.1/cpref/html/frlrfsystemdatasqltypessqlstringMethodsTopic.htm" ismsdn="true">
      <HelpTopic name="CompareTo(System.Object)" link="ms-help://MS.NETFrameworkSDKv1.1/cpref/html/frlrfsystemdatasqltypessqlstringclassCompareToTopic.htm" ismsdn="true" />
      <HelpTopic name="GetHashCode()" link="ms-help://MS.NETFrameworkSDKv1.1/cpref/html/frlrfsystemdatasqltypessqlstringclassGetHashCodeTopic.htm" ismsdn="true" />
      <HelpTopic name="Equals(System.Object)" link="ms-help://MS.NETFrameworkSDKv1.1/cpref/html/frlrfsystemdatasqltypessqlstringclassEqualsTopic.htm" ismsdn="true" />
      <HelpTopic name="ToString()" link="ms-help://MS.NETFrameworkSDKv1.1/cpref/html/frlrfsystemdatasqltypessqlstringclassToStringTopic.htm" ismsdn="true" />
      <HelpTopic name="GetUnicodeBytes()" link="ms-help://MS.NETFrameworkSDKv1.1/cpref/html/frlrfsystemdatasqltypessqlstringclassGetUnicodeBytesTopic.htm" ismsdn="true" />
      <HelpTopic name="GetNonUnicodeBytes()" link="ms-help://MS.NETFrameworkSDKv1.1/cpref/html/frlrfsystemdatasqltypessqlstringclassGetNonUnicodeBytesTopic.htm" ismsdn="true" />
      <HelpTopic name="Clone()" link="ms-help://MS.NETFrameworkSDKv1.1/cpref/html/frlrfsystemdatasqltypessqlstringclassCloneTopic.htm" ismsdn="true" />
      <HelpTopic name="Concat(System.Data.SqlTypes.SqlString, System.Data.SqlTypes.SqlString)" link="ms-help://MS.NETFrameworkSDKv1.1/cpref/html/frlrfsystemdatasqltypessqlstringclassConcatTopic.htm" ismsdn="true" />
      <HelpTopic name="Equals(System.Data.SqlTypes.SqlString, System.Data.SqlTypes.SqlString)" link="ms-help://MS.NETFrameworkSDKv1.1/cpref/html/frlrfsystemdatasqltypessqlstringclassEqualsTopic.htm" ismsdn="true" />
      <HelpTopic name="NotEquals(System.Data.SqlTypes.SqlString, System.Data.SqlTypes.SqlString)" link="ms-help://MS.NETFrameworkSDKv1.1/cpref/html/frlrfsystemdatasqltypessqlstringclassNotEqualsTopic.htm" ismsdn="true" />
      <HelpTopic name="LessThan(System.Data.SqlTypes.SqlString, System.Data.SqlTypes.SqlString)" link="ms-help://MS.NETFrameworkSDKv1.1/cpref/html/frlrfsystemdatasqltypessqlstringclassLessThanTopic.htm" ismsdn="true" />
      <HelpTopic name="GreaterThan(System.Data.SqlTypes.SqlString, System.Data.SqlTypes.SqlString)" link="ms-help://MS.NETFrameworkSDKv1.1/cpref/html/frlrfsystemdatasqltypessqlstringclassGreaterThanTopic.htm" ismsdn="true" />
      <HelpTopic name="LessThanOrEqual(System.Data.SqlTypes.SqlString, System.Data.SqlTypes.SqlString)" link="ms-help://MS.NETFrameworkSDKv1.1/cpref/html/frlrfsystemdatasqltypessqlstringclassLessThanOrEqualTopic.htm" ismsdn="true" />
      <HelpTopic name="GreaterThanOrEqual(System.Data.SqlTypes.SqlString, System.Data.SqlTypes.SqlString)" link="ms-help://MS.NETFrameworkSDKv1.1/cpref/html/frlrfsystemdatasqltypessqlstringclassGreaterThanOrEqualTopic.htm" ismsdn="true" />
      <HelpTopic name="ToSqlBoolean()" link="ms-help://MS.NETFrameworkSDKv1.1/cpref/html/frlrfsystemdatasqltypessqlstringclassToSqlBooleanTopic.htm" ismsdn="true" />
      <HelpTopic name="ToSqlByte()" link="ms-help://MS.NETFrameworkSDKv1.1/cpref/html/frlrfsystemdatasqltypessqlstringclassToSqlByteTopic.htm" ismsdn="true" />
      <HelpTopic name="ToSqlDateTime()" link="ms-help://MS.NETFrameworkSDKv1.1/cpref/html/frlrfsystemdatasqltypessqlstringclassToSqlDateTimeTopic.htm" ismsdn="true" />
      <HelpTopic name="ToSqlDouble()" link="ms-help://MS.NETFrameworkSDKv1.1/cpref/html/frlrfsystemdatasqltypessqlstringclassToSqlDoubleTopic.htm" ismsdn="true" />
      <HelpTopic name="ToSqlInt16()" link="ms-help://MS.NETFrameworkSDKv1.1/cpref/html/frlrfsystemdatasqltypessqlstringclassToSqlInt16Topic.htm" ismsdn="true" />
      <HelpTopic name="ToSqlInt32()" link="ms-help://MS.NETFrameworkSDKv1.1/cpref/html/frlrfsystemdatasqltypessqlstringclassToSqlInt32Topic.htm" ismsdn="true" />
      <HelpTopic name="ToSqlInt64()" link="ms-help://MS.NETFrameworkSDKv1.1/cpref/html/frlrfsystemdatasqltypessqlstringclassToSqlInt64Topic.htm" ismsdn="true" />
      <HelpTopic name="ToSqlMoney()" link="ms-help://MS.NETFrameworkSDKv1.1/cpref/html/frlrfsystemdatasqltypessqlstringclassToSqlMoneyTopic.htm" ismsdn="true" />
      <HelpTopic name="ToSqlDecimal()" link="ms-help://MS.NETFrameworkSDKv1.1/cpref/html/frlrfsystemdatasqltypessqlstringclassToSqlDecimalTopic.htm" ismsdn="true" />
      <HelpTopic name="ToSqlSingle()" link="ms-help://MS.NETFrameworkSDKv1.1/cpref/html/frlrfsystemdatasqltypessqlstringclassToSqlSingleTopic.htm" ismsdn="true" />
      <HelpTopic name="ToSqlGuid()" link="ms-help://MS.NETFrameworkSDKv1.1/cpref/html/frlrfsystemdatasqltypessqlstringclassToSqlGuidTopic.htm" ismsdn="true" />
      <HelpTopic name="CompareOptionsFromSqlCompareOptions(System.Data.SqlTypes.SqlCompareOptions)" link="ms-help://MS.NETFrameworkSDKv1.1/cpref/html/frlrfsystemdatasqltypessqlstringclassCompareOptionsFromSqlCompareOptionsTopic.htm" ismsdn="true" />
    </HelpFolder>
    <HelpFolder name="Properties" link="ms-help://MS.NETFrameworkSDKv1.1/cpref/html/frlrfsystemdatasqltypessqlstringPropertiesTopic.htm" ismsdn="true">
      <HelpTopic name="IsNull" link="ms-help://MS.NETFrameworkSDKv1.1/cpref/html/frlrfsystemdatasqltypessqlstringclassIsNullTopic.htm" ismsdn="true" />
      <HelpTopic name="Value" link="ms-help://MS.NETFrameworkSDKv1.1/cpref/html/frlrfsystemdatasqltypessqlstringclassValueTopic.htm" ismsdn="true" />
      <HelpTopic name="LCID" link="ms-help://MS.NETFrameworkSDKv1.1/cpref/html/frlrfsystemdatasqltypessqlstringclassLCIDTopic.htm" ismsdn="true" />
      <HelpTopic name="CultureInfo" link="ms-help://MS.NETFrameworkSDKv1.1/cpref/html/frlrfsystemdatasqltypessqlstringclassCultureInfoTopic.htm" ismsdn="true" />
      <HelpTopic name="CompareInfo" link="ms-help://MS.NETFrameworkSDKv1.1/cpref/html/frlrfsystemdatasqltypessqlstringclassCompareInfoTopic.htm" ismsdn="true" />
      <HelpTopic name="SqlCompareOptions" link="ms-help://MS.NETFrameworkSDKv1.1/cpref/html/frlrfsystemdatasqltypessqlstringclassSqlCompareOptionsTopic.htm" ismsdn="true" />
    </HelpFolder>
  </HelpFolder>
  <HelpFolder name="SqlTruncateException class" link="ms-help://MS.NETFrameworkSDKv1.1/cpref/html/frlrfsystemdatasqltypessqltruncateexceptionClassTopic.htm" ismsdn="true">
    <HelpTopic name="SqlTruncateException members" link="ms-help://MS.NETFrameworkSDKv1.1/cpref/html/frlrfsystemdatasqltypessqltruncateexceptionMembersTopic.htm" ismsdn="true" />
    <HelpFolder name="Constructors" link="ms-help://MS.NETFrameworkSDKv1.1/cpref/html/frlrfsystemdatasqltypessqltruncateexceptionclassctorTopic.htm" ismsdn="true">
      <HelpTopic name=".ctor()" link="ms-help://MS.NETFrameworkSDKv1.1/cpref/html/frlrfsystemdatasqltypessqltruncateexceptionclassctorTopic1.htm" ismsdn="true" />
      <HelpTopic name=".ctor(System.String)" link="ms-help://MS.NETFrameworkSDKv1.1/cpref/html/frlrfsystemdatasqltypessqltruncateexceptionclassctorTopic1.htm" ismsdn="true" />
      <HelpTopic name=".ctor(System.String, System.Exception)" link="ms-help://MS.NETFrameworkSDKv1.1/cpref/html/frlrfsystemdatasqltypessqltruncateexceptionclassctorTopic2.htm" ismsdn="true" />
    </HelpFolder>
  </HelpFolder>
  <HelpFolder name="SqlTypeException class" link="ms-help://MS.NETFrameworkSDKv1.1/cpref/html/frlrfsystemdatasqltypessqltypeexceptionClassTopic.htm" ismsdn="true">
    <HelpTopic name="SqlTypeException members" link="ms-help://MS.NETFrameworkSDKv1.1/cpref/html/frlrfsystemdatasqltypessqltypeexceptionMembersTopic.htm" ismsdn="true" />
    <HelpFolder name="Constructors" link="ms-help://MS.NETFrameworkSDKv1.1/cpref/html/frlrfsystemdatasqltypessqltypeexceptionclassctorTopic.htm" ismsdn="true">
      <HelpTopic name=".ctor()" link="ms-help://MS.NETFrameworkSDKv1.1/cpref/html/frlrfsystemdatasqltypessqltypeexceptionclassctorTopic1.htm" ismsdn="true" />
      <HelpTopic name=".ctor(System.String)" link="ms-help://MS.NETFrameworkSDKv1.1/cpref/html/frlrfsystemdatasqltypessqltypeexceptionclassctorTopic1.htm" ismsdn="true" />
      <HelpTopic name=".ctor(System.String, System.Exception)" link="ms-help://MS.NETFrameworkSDKv1.1/cpref/html/frlrfsystemdatasqltypessqltypeexceptionclassctorTopic2.htm" ismsdn="true" />
    </HelpFolder>
  </HelpFolder>
</HelpCollection>