<HelpCollection>
  <HelpFolder name="BitmapData class" link="ms-help://MS.NETFrameworkSDKv1.1/cpref/html/frlrfsystemdrawingimagingbitmapdataClassTopic.htm" ismsdn="true">
    <HelpTopic name="BitmapData members" link="ms-help://MS.NETFrameworkSDKv1.1/cpref/html/frlrfsystemdrawingimagingbitmapdataMembersTopic.htm" ismsdn="true" />
    <HelpFolder name="Constructors" link="ms-help://MS.NETFrameworkSDKv1.1/cpref/html/frlrfsystemdrawingimagingbitmapdataclassctorTopic.htm" ismsdn="true">
      <HelpTopic name=".ctor()" link="ms-help://MS.NETFrameworkSDKv1.1/cpref/html/frlrfsystemdrawingimagingbitmapdataclassctorTopic.htm" ismsdn="true" />
    </HelpFolder>
    <HelpFolder name="Properties" link="ms-help://MS.NETFrameworkSDKv1.1/cpref/html/frlrfsystemdrawingimagingbitmapdataPropertiesTopic.htm" ismsdn="true">
      <HelpTopic name="Width" link="ms-help://MS.NETFrameworkSDKv1.1/cpref/html/frlrfsystemdrawingimagingbitmapdataclassWidthTopic.htm" ismsdn="true" />
      <HelpTopic name="Height" link="ms-help://MS.NETFrameworkSDKv1.1/cpref/html/frlrfsystemdrawingimagingbitmapdataclassHeightTopic.htm" ismsdn="true" />
      <HelpTopic name="Stride" link="ms-help://MS.NETFrameworkSDKv1.1/cpref/html/frlrfsystemdrawingimagingbitmapdataclassStrideTopic.htm" ismsdn="true" />
      <HelpTopic name="PixelFormat" link="ms-help://MS.NETFrameworkSDKv1.1/cpref/html/frlrfsystemdrawingimagingbitmapdataclassPixelFormatTopic.htm" ismsdn="true" />
      <HelpTopic name="Scan0" link="ms-help://MS.NETFrameworkSDKv1.1/cpref/html/frlrfsystemdrawingimagingbitmapdataclassScan0Topic.htm" ismsdn="true" />
      <HelpTopic name="Reserved" link="ms-help://MS.NETFrameworkSDKv1.1/cpref/html/frlrfsystemdrawingimagingbitmapdataclassReservedTopic.htm" ismsdn="true" />
    </HelpFolder>
  </HelpFolder>
  <HelpTopic name="ColorAdjustType enumeration" link="ms-help://MS.NETFrameworkSDKv1.1/cpref/html/frlrfsystemdrawingimagingcoloradjusttypeClassTopic.htm" ismsdn="true" />
  <HelpTopic name="ColorChannelFlag enumeration" link="ms-help://MS.NETFrameworkSDKv1.1/cpref/html/frlrfsystemdrawingimagingcolorchannelflagClassTopic.htm" ismsdn="true" />
  <HelpFolder name="ColorMap class" link="ms-help://MS.NETFrameworkSDKv1.1/cpref/html/frlrfsystemdrawingimagingcolormapClassTopic.htm" ismsdn="true">
    <HelpTopic name="ColorMap members" link="ms-help://MS.NETFrameworkSDKv1.1/cpref/html/frlrfsystemdrawingimagingcolormapMembersTopic.htm" ismsdn="true" />
    <HelpFolder name="Constructors" link="ms-help://MS.NETFrameworkSDKv1.1/cpref/html/frlrfsystemdrawingimagingcolormapclassctorTopic.htm" ismsdn="true">
      <HelpTopic name=".ctor()" link="ms-help://MS.NETFrameworkSDKv1.1/cpref/html/frlrfsystemdrawingimagingcolormapclassctorTopic.htm" ismsdn="true" />
    </HelpFolder>
    <HelpFolder name="Properties" link="ms-help://MS.NETFrameworkSDKv1.1/cpref/html/frlrfsystemdrawingimagingcolormapPropertiesTopic.htm" ismsdn="true">
      <HelpTopic name="OldColor" link="ms-help://MS.NETFrameworkSDKv1.1/cpref/html/frlrfsystemdrawingimagingcolormapclassOldColorTopic.htm" ismsdn="true" />
      <HelpTopic name="NewColor" link="ms-help://MS.NETFrameworkSDKv1.1/cpref/html/frlrfsystemdrawingimagingcolormapclassNewColorTopic.htm" ismsdn="true" />
    </HelpFolder>
  </HelpFolder>
  <HelpTopic name="ColorMapType enumeration" link="ms-help://MS.NETFrameworkSDKv1.1/cpref/html/frlrfsystemdrawingimagingcolormaptypeClassTopic.htm" ismsdn="true" />
  <HelpFolder name="ColorMatrix class" link="ms-help://MS.NETFrameworkSDKv1.1/cpref/html/frlrfsystemdrawingimagingcolormatrixClassTopic.htm" ismsdn="true">
    <HelpTopic name="ColorMatrix members" link="ms-help://MS.NETFrameworkSDKv1.1/cpref/html/frlrfsystemdrawingimagingcolormatrixMembersTopic.htm" ismsdn="true" />
    <HelpFolder name="Constructors" link="ms-help://MS.NETFrameworkSDKv1.1/cpref/html/frlrfsystemdrawingimagingcolormatrixclassctorTopic.htm" ismsdn="true">
      <HelpTopic name=".ctor()" link="ms-help://MS.NETFrameworkSDKv1.1/cpref/html/frlrfsystemdrawingimagingcolormatrixclassctorTopic1.htm" ismsdn="true" />
      <HelpTopic name=".ctor(System.Single[][])" link="ms-help://MS.NETFrameworkSDKv1.1/cpref/html/frlrfsystemdrawingimagingcolormatrixclassctorTopic1.htm" ismsdn="true" />
    </HelpFolder>
    <HelpFolder name="Properties" link="ms-help://MS.NETFrameworkSDKv1.1/cpref/html/frlrfsystemdrawingimagingcolormatrixPropertiesTopic.htm" ismsdn="true">
      <HelpTopic name="Matrix00" link="ms-help://MS.NETFrameworkSDKv1.1/cpref/html/frlrfsystemdrawingimagingcolormatrixclassMatrix00Topic.htm" ismsdn="true" />
      <HelpTopic name="Matrix01" link="ms-help://MS.NETFrameworkSDKv1.1/cpref/html/frlrfsystemdrawingimagingcolormatrixclassMatrix01Topic.htm" ismsdn="true" />
      <HelpTopic name="Matrix02" link="ms-help://MS.NETFrameworkSDKv1.1/cpref/html/frlrfsystemdrawingimagingcolormatrixclassMatrix02Topic.htm" ismsdn="true" />
      <HelpTopic name="Matrix03" link="ms-help://MS.NETFrameworkSDKv1.1/cpref/html/frlrfsystemdrawingimagingcolormatrixclassMatrix03Topic.htm" ismsdn="true" />
      <HelpTopic name="Matrix04" link="ms-help://MS.NETFrameworkSDKv1.1/cpref/html/frlrfsystemdrawingimagingcolormatrixclassMatrix04Topic.htm" ismsdn="true" />
      <HelpTopic name="Matrix10" link="ms-help://MS.NETFrameworkSDKv1.1/cpref/html/frlrfsystemdrawingimagingcolormatrixclassMatrix10Topic.htm" ismsdn="true" />
      <HelpTopic name="Matrix11" link="ms-help://MS.NETFrameworkSDKv1.1/cpref/html/frlrfsystemdrawingimagingcolormatrixclassMatrix11Topic.htm" ismsdn="true" />
      <HelpTopic name="Matrix12" link="ms-help://MS.NETFrameworkSDKv1.1/cpref/html/frlrfsystemdrawingimagingcolormatrixclassMatrix12Topic.htm" ismsdn="true" />
      <HelpTopic name="Matrix13" link="ms-help://MS.NETFrameworkSDKv1.1/cpref/html/frlrfsystemdrawingimagingcolormatrixclassMatrix13Topic.htm" ismsdn="true" />
      <HelpTopic name="Matrix14" link="ms-help://MS.NETFrameworkSDKv1.1/cpref/html/frlrfsystemdrawingimagingcolormatrixclassMatrix14Topic.htm" ismsdn="true" />
      <HelpTopic name="Matrix20" link="ms-help://MS.NETFrameworkSDKv1.1/cpref/html/frlrfsystemdrawingimagingcolormatrixclassMatrix20Topic.htm" ismsdn="true" />
      <HelpTopic name="Matrix21" link="ms-help://MS.NETFrameworkSDKv1.1/cpref/html/frlrfsystemdrawingimagingcolormatrixclassMatrix21Topic.htm" ismsdn="true" />
      <HelpTopic name="Matrix22" link="ms-help://MS.NETFrameworkSDKv1.1/cpref/html/frlrfsystemdrawingimagingcolormatrixclassMatrix22Topic.htm" ismsdn="true" />
      <HelpTopic name="Matrix23" link="ms-help://MS.NETFrameworkSDKv1.1/cpref/html/frlrfsystemdrawingimagingcolormatrixclassMatrix23Topic.htm" ismsdn="true" />
      <HelpTopic name="Matrix24" link="ms-help://MS.NETFrameworkSDKv1.1/cpref/html/frlrfsystemdrawingimagingcolormatrixclassMatrix24Topic.htm" ismsdn="true" />
      <HelpTopic name="Matrix30" link="ms-help://MS.NETFrameworkSDKv1.1/cpref/html/frlrfsystemdrawingimagingcolormatrixclassMatrix30Topic.htm" ismsdn="true" />
      <HelpTopic name="Matrix31" link="ms-help://MS.NETFrameworkSDKv1.1/cpref/html/frlrfsystemdrawingimagingcolormatrixclassMatrix31Topic.htm" ismsdn="true" />
      <HelpTopic name="Matrix32" link="ms-help://MS.NETFrameworkSDKv1.1/cpref/html/frlrfsystemdrawingimagingcolormatrixclassMatrix32Topic.htm" ismsdn="true" />
      <HelpTopic name="Matrix33" link="ms-help://MS.NETFrameworkSDKv1.1/cpref/html/frlrfsystemdrawingimagingcolormatrixclassMatrix33Topic.htm" ismsdn="true" />
      <HelpTopic name="Matrix34" link="ms-help://MS.NETFrameworkSDKv1.1/cpref/html/frlrfsystemdrawingimagingcolormatrixclassMatrix34Topic.htm" ismsdn="true" />
      <HelpTopic name="Matrix40" link="ms-help://MS.NETFrameworkSDKv1.1/cpref/html/frlrfsystemdrawingimagingcolormatrixclassMatrix40Topic.htm" ismsdn="true" />
      <HelpTopic name="Matrix41" link="ms-help://MS.NETFrameworkSDKv1.1/cpref/html/frlrfsystemdrawingimagingcolormatrixclassMatrix41Topic.htm" ismsdn="true" />
      <HelpTopic name="Matrix42" link="ms-help://MS.NETFrameworkSDKv1.1/cpref/html/frlrfsystemdrawingimagingcolormatrixclassMatrix42Topic.htm" ismsdn="true" />
      <HelpTopic name="Matrix43" link="ms-help://MS.NETFrameworkSDKv1.1/cpref/html/frlrfsystemdrawingimagingcolormatrixclassMatrix43Topic.htm" ismsdn="true" />
      <HelpTopic name="Matrix44" link="ms-help://MS.NETFrameworkSDKv1.1/cpref/html/frlrfsystemdrawingimagingcolormatrixclassMatrix44Topic.htm" ismsdn="true" />
      <HelpTopic name="Item" link="ms-help://MS.NETFrameworkSDKv1.1/cpref/html/frlrfsystemdrawingimagingcolormatrixclassItemTopic.htm" ismsdn="true" />
    </HelpFolder>
  </HelpFolder>
  <HelpTopic name="ColorMatrixFlag enumeration" link="ms-help://MS.NETFrameworkSDKv1.1/cpref/html/frlrfsystemdrawingimagingcolormatrixflagClassTopic.htm" ismsdn="true" />
  <HelpTopic name="ColorMode enumeration" link="ms-help://MS.NETFrameworkSDKv1.1/cpref/html/frlrfsystemdrawingimagingcolormodeClassTopic.htm" ismsdn="true" />
  <HelpFolder name="ColorPalette class" link="ms-help://MS.NETFrameworkSDKv1.1/cpref/html/frlrfsystemdrawingimagingcolorpaletteClassTopic.htm" ismsdn="true">
    <HelpTopic name="ColorPalette members" link="ms-help://MS.NETFrameworkSDKv1.1/cpref/html/frlrfsystemdrawingimagingcolorpaletteMembersTopic.htm" ismsdn="true" />
    <HelpFolder name="Properties" link="ms-help://MS.NETFrameworkSDKv1.1/cpref/html/frlrfsystemdrawingimagingcolorpalettePropertiesTopic.htm" ismsdn="true">
      <HelpTopic name="Flags" link="ms-help://MS.NETFrameworkSDKv1.1/cpref/html/frlrfsystemdrawingimagingcolorpaletteclassFlagsTopic.htm" ismsdn="true" />
      <HelpTopic name="Entries" link="ms-help://MS.NETFrameworkSDKv1.1/cpref/html/frlrfsystemdrawingimagingcolorpaletteclassEntriesTopic.htm" ismsdn="true" />
    </HelpFolder>
  </HelpFolder>
  <HelpTopic name="EmfPlusRecordType enumeration" link="ms-help://MS.NETFrameworkSDKv1.1/cpref/html/frlrfsystemdrawingimagingemfplusrecordtypeClassTopic.htm" ismsdn="true" />
  <HelpTopic name="EmfType enumeration" link="ms-help://MS.NETFrameworkSDKv1.1/cpref/html/frlrfsystemdrawingimagingemftypeClassTopic.htm" ismsdn="true" />
  <HelpFolder name="Encoder class" link="ms-help://MS.NETFrameworkSDKv1.1/cpref/html/frlrfsystemdrawingimagingencoderClassTopic.htm" ismsdn="true">
    <HelpTopic name="Encoder members" link="ms-help://MS.NETFrameworkSDKv1.1/cpref/html/frlrfsystemdrawingimagingencoderMembersTopic.htm" ismsdn="true" />
    <HelpFolder name="Constructors" link="ms-help://MS.NETFrameworkSDKv1.1/cpref/html/frlrfsystemdrawingimagingencoderclassctorTopic.htm" ismsdn="true">
      <HelpTopic name=".ctor(System.Guid)" link="ms-help://MS.NETFrameworkSDKv1.1/cpref/html/frlrfsystemdrawingimagingencoderclassctorTopic.htm" ismsdn="true" />
    </HelpFolder>
    <HelpFolder name="Fields" link="ms-help://MS.NETFrameworkSDKv1.1/cpref/html/frlrfsystemdrawingimagingencoderFieldsTopic.htm" ismsdn="true">
      <HelpTopic name="Compression" link="ms-help://MS.NETFrameworkSDKv1.1/cpref/html/frlrfsystemdrawingimagingencoderclassCompressionTopic.htm" ismsdn="true" />
      <HelpTopic name="ColorDepth" link="ms-help://MS.NETFrameworkSDKv1.1/cpref/html/frlrfsystemdrawingimagingencoderclassColorDepthTopic.htm" ismsdn="true" />
      <HelpTopic name="ScanMethod" link="ms-help://MS.NETFrameworkSDKv1.1/cpref/html/frlrfsystemdrawingimagingencoderclassScanMethodTopic.htm" ismsdn="true" />
      <HelpTopic name="Version" link="ms-help://MS.NETFrameworkSDKv1.1/cpref/html/frlrfsystemdrawingimagingencoderclassVersionTopic.htm" ismsdn="true" />
      <HelpTopic name="RenderMethod" link="ms-help://MS.NETFrameworkSDKv1.1/cpref/html/frlrfsystemdrawingimagingencoderclassRenderMethodTopic.htm" ismsdn="true" />
      <HelpTopic name="Quality" link="ms-help://MS.NETFrameworkSDKv1.1/cpref/html/frlrfsystemdrawingimagingencoderclassQualityTopic.htm" ismsdn="true" />
      <HelpTopic name="Transformation" link="ms-help://MS.NETFrameworkSDKv1.1/cpref/html/frlrfsystemdrawingimagingencoderclassTransformationTopic.htm" ismsdn="true" />
      <HelpTopic name="LuminanceTable" link="ms-help://MS.NETFrameworkSDKv1.1/cpref/html/frlrfsystemdrawingimagingencoderclassLuminanceTableTopic.htm" ismsdn="true" />
      <HelpTopic name="ChrominanceTable" link="ms-help://MS.NETFrameworkSDKv1.1/cpref/html/frlrfsystemdrawingimagingencoderclassChrominanceTableTopic.htm" ismsdn="true" />
      <HelpTopic name="SaveFlag" link="ms-help://MS.NETFrameworkSDKv1.1/cpref/html/frlrfsystemdrawingimagingencoderclassSaveFlagTopic.htm" ismsdn="true" />
    </HelpFolder>
    <HelpFolder name="Properties" link="ms-help://MS.NETFrameworkSDKv1.1/cpref/html/frlrfsystemdrawingimagingencoderPropertiesTopic.htm" ismsdn="true">
      <HelpTopic name="Guid" link="ms-help://MS.NETFrameworkSDKv1.1/cpref/html/frlrfsystemdrawingimagingencoderclassGuidTopic.htm" ismsdn="true" />
    </HelpFolder>
  </HelpFolder>
  <HelpFolder name="EncoderParameter class" link="ms-help://MS.NETFrameworkSDKv1.1/cpref/html/frlrfsystemdrawingimagingencoderparameterClassTopic.htm" ismsdn="true">
    <HelpTopic name="EncoderParameter members" link="ms-help://MS.NETFrameworkSDKv1.1/cpref/html/frlrfsystemdrawingimagingencoderparameterMembersTopic.htm" ismsdn="true" />
    <HelpFolder name="Constructors" link="ms-help://MS.NETFrameworkSDKv1.1/cpref/html/frlrfsystemdrawingimagingencoderparameterclassctorTopic.htm" ismsdn="true">
      <HelpTopic name=".ctor(System.Drawing.Imaging.Encoder, System.Byte)" link="ms-help://MS.NETFrameworkSDKv1.1/cpref/html/frlrfsystemdrawingimagingencoderparameterclassctorTopic1.htm" ismsdn="true" />
      <HelpTopic name=".ctor(System.Drawing.Imaging.Encoder, System.Byte, System.Boolean)" link="ms-help://MS.NETFrameworkSDKv1.1/cpref/html/frlrfsystemdrawingimagingencoderparameterclassctorTopic1.htm" ismsdn="true" />
      <HelpTopic name=".ctor(System.Drawing.Imaging.Encoder, System.Int16)" link="ms-help://MS.NETFrameworkSDKv1.1/cpref/html/frlrfsystemdrawingimagingencoderparameterclassctorTopic2.htm" ismsdn="true" />
      <HelpTopic name=".ctor(System.Drawing.Imaging.Encoder, System.Int64)" link="ms-help://MS.NETFrameworkSDKv1.1/cpref/html/frlrfsystemdrawingimagingencoderparameterclassctorTopic3.htm" ismsdn="true" />
      <HelpTopic name=".ctor(System.Drawing.Imaging.Encoder, System.Int32, System.Int32)" link="ms-help://MS.NETFrameworkSDKv1.1/cpref/html/frlrfsystemdrawingimagingencoderparameterclassctorTopic4.htm" ismsdn="true" />
      <HelpTopic name=".ctor(System.Drawing.Imaging.Encoder, System.Int64, System.Int64)" link="ms-help://MS.NETFrameworkSDKv1.1/cpref/html/frlrfsystemdrawingimagingencoderparameterclassctorTopic5.htm" ismsdn="true" />
      <HelpTopic name=".ctor(System.Drawing.Imaging.Encoder, System.Int32, System.Int32, System.Int32, System.Int32)" link="ms-help://MS.NETFrameworkSDKv1.1/cpref/html/frlrfsystemdrawingimagingencoderparameterclassctorTopic6.htm" ismsdn="true" />
      <HelpTopic name=".ctor(System.Drawing.Imaging.Encoder, System.String)" link="ms-help://MS.NETFrameworkSDKv1.1/cpref/html/frlrfsystemdrawingimagingencoderparameterclassctorTopic7.htm" ismsdn="true" />
      <HelpTopic name=".ctor(System.Drawing.Imaging.Encoder, System.Byte[])" link="ms-help://MS.NETFrameworkSDKv1.1/cpref/html/frlrfsystemdrawingimagingencoderparameterclassctorTopic8.htm" ismsdn="true" />
      <HelpTopic name=".ctor(System.Drawing.Imaging.Encoder, System.Byte[], System.Boolean)" link="ms-help://MS.NETFrameworkSDKv1.1/cpref/html/frlrfsystemdrawingimagingencoderparameterclassctorTopic9.htm" ismsdn="true" />
      <HelpTopic name=".ctor(System.Drawing.Imaging.Encoder, System.Int16[])" link="ms-help://MS.NETFrameworkSDKv1.1/cpref/html/frlrfsystemdrawingimagingencoderparameterclassctorTopic10.htm" ismsdn="true" />
      <HelpTopic name=".ctor(System.Drawing.Imaging.Encoder, System.Int64[])" link="ms-help://MS.NETFrameworkSDKv1.1/cpref/html/frlrfsystemdrawingimagingencoderparameterclassctorTopic11.htm" ismsdn="true" />
      <HelpTopic name=".ctor(System.Drawing.Imaging.Encoder, System.Int32[], System.Int32[])" link="ms-help://MS.NETFrameworkSDKv1.1/cpref/html/frlrfsystemdrawingimagingencoderparameterclassctorTopic12.htm" ismsdn="true" />
      <HelpTopic name=".ctor(System.Drawing.Imaging.Encoder, System.Int64[], System.Int64[])" link="ms-help://MS.NETFrameworkSDKv1.1/cpref/html/frlrfsystemdrawingimagingencoderparameterclassctorTopic13.htm" ismsdn="true" />
      <HelpTopic name=".ctor(System.Drawing.Imaging.Encoder, System.Int32[], System.Int32[], System.Int32[], System.Int32[])" link="ms-help://MS.NETFrameworkSDKv1.1/cpref/html/frlrfsystemdrawingimagingencoderparameterclassctorTopic14.htm" ismsdn="true" />
      <HelpTopic name=".ctor(System.Drawing.Imaging.Encoder, System.Int32, System.Int32, System.Int32)" link="ms-help://MS.NETFrameworkSDKv1.1/cpref/html/frlrfsystemdrawingimagingencoderparameterclassctorTopic15.htm" ismsdn="true" />
    </HelpFolder>
    <HelpFolder name="Methods" link="ms-help://MS.NETFrameworkSDKv1.1/cpref/html/frlrfsystemdrawingimagingencoderparameterMethodsTopic.htm" ismsdn="true">
      <HelpTopic name="Dispose()" link="ms-help://MS.NETFrameworkSDKv1.1/cpref/html/frlrfsystemdrawingimagingencoderparameterclassDisposeTopic.htm" ismsdn="true" />
    </HelpFolder>
    <HelpFolder name="Properties" link="ms-help://MS.NETFrameworkSDKv1.1/cpref/html/frlrfsystemdrawingimagingencoderparameterPropertiesTopic.htm" ismsdn="true">
      <HelpTopic name="Encoder" link="ms-help://MS.NETFrameworkSDKv1.1/cpref/html/frlrfsystemdrawingimagingencoderparameterclassEncoderTopic.htm" ismsdn="true" />
      <HelpTopic name="Type" link="ms-help://MS.NETFrameworkSDKv1.1/cpref/html/frlrfsystemdrawingimagingencoderparameterclassTypeTopic.htm" ismsdn="true" />
      <HelpTopic name="ValueType" link="ms-help://MS.NETFrameworkSDKv1.1/cpref/html/frlrfsystemdrawingimagingencoderparameterclassValueTypeTopic.htm" ismsdn="true" />
      <HelpTopic name="NumberOfValues" link="ms-help://MS.NETFrameworkSDKv1.1/cpref/html/frlrfsystemdrawingimagingencoderparameterclassNumberOfValuesTopic.htm" ismsdn="true" />
    </HelpFolder>
  </HelpFolder>
  <HelpFolder name="EncoderParameters class" link="ms-help://MS.NETFrameworkSDKv1.1/cpref/html/frlrfsystemdrawingimagingencoderparametersClassTopic.htm" ismsdn="true">
    <HelpTopic name="EncoderParameters members" link="ms-help://MS.NETFrameworkSDKv1.1/cpref/html/frlrfsystemdrawingimagingencoderparametersMembersTopic.htm" ismsdn="true" />
    <HelpFolder name="Constructors" link="ms-help://MS.NETFrameworkSDKv1.1/cpref/html/frlrfsystemdrawingimagingencoderparametersclassctorTopic.htm" ismsdn="true">
      <HelpTopic name=".ctor(System.Int32)" link="ms-help://MS.NETFrameworkSDKv1.1/cpref/html/frlrfsystemdrawingimagingencoderparametersclassctorTopic1.htm" ismsdn="true" />
      <HelpTopic name=".ctor()" link="ms-help://MS.NETFrameworkSDKv1.1/cpref/html/frlrfsystemdrawingimagingencoderparametersclassctorTopic1.htm" ismsdn="true" />
    </HelpFolder>
    <HelpFolder name="Methods" link="ms-help://MS.NETFrameworkSDKv1.1/cpref/html/frlrfsystemdrawingimagingencoderparametersMethodsTopic.htm" ismsdn="true">
      <HelpTopic name="Dispose()" link="ms-help://MS.NETFrameworkSDKv1.1/cpref/html/frlrfsystemdrawingimagingencoderparametersclassDisposeTopic.htm" ismsdn="true" />
    </HelpFolder>
    <HelpFolder name="Properties" link="ms-help://MS.NETFrameworkSDKv1.1/cpref/html/frlrfsystemdrawingimagingencoderparametersPropertiesTopic.htm" ismsdn="true">
      <HelpTopic name="Param" link="ms-help://MS.NETFrameworkSDKv1.1/cpref/html/frlrfsystemdrawingimagingencoderparametersclassParamTopic.htm" ismsdn="true" />
    </HelpFolder>
  </HelpFolder>
  <HelpTopic name="EncoderParameterValueType enumeration" link="ms-help://MS.NETFrameworkSDKv1.1/cpref/html/frlrfsystemdrawingimagingencoderparametervaluetypeClassTopic.htm" ismsdn="true" />
  <HelpTopic name="EncoderValue enumeration" link="ms-help://MS.NETFrameworkSDKv1.1/cpref/html/frlrfsystemdrawingimagingencodervalueClassTopic.htm" ismsdn="true" />
  <HelpFolder name="FrameDimension class" link="ms-help://MS.NETFrameworkSDKv1.1/cpref/html/frlrfsystemdrawingimagingframedimensionClassTopic.htm" ismsdn="true">
    <HelpTopic name="FrameDimension members" link="ms-help://MS.NETFrameworkSDKv1.1/cpref/html/frlrfsystemdrawingimagingframedimensionMembersTopic.htm" ismsdn="true" />
    <HelpFolder name="Constructors" link="ms-help://MS.NETFrameworkSDKv1.1/cpref/html/frlrfsystemdrawingimagingframedimensionclassctorTopic.htm" ismsdn="true">
      <HelpTopic name=".ctor(System.Guid)" link="ms-help://MS.NETFrameworkSDKv1.1/cpref/html/frlrfsystemdrawingimagingframedimensionclassctorTopic.htm" ismsdn="true" />
    </HelpFolder>
    <HelpFolder name="Methods" link="ms-help://MS.NETFrameworkSDKv1.1/cpref/html/frlrfsystemdrawingimagingframedimensionMethodsTopic.htm" ismsdn="true">
      <HelpTopic name="Equals(System.Object)" link="ms-help://MS.NETFrameworkSDKv1.1/cpref/html/frlrfsystemdrawingimagingframedimensionclassEqualsTopic.htm" ismsdn="true" />
      <HelpTopic name="GetHashCode()" link="ms-help://MS.NETFrameworkSDKv1.1/cpref/html/frlrfsystemdrawingimagingframedimensionclassGetHashCodeTopic.htm" ismsdn="true" />
      <HelpTopic name="ToString()" link="ms-help://MS.NETFrameworkSDKv1.1/cpref/html/frlrfsystemdrawingimagingframedimensionclassToStringTopic.htm" ismsdn="true" />
    </HelpFolder>
    <HelpFolder name="Properties" link="ms-help://MS.NETFrameworkSDKv1.1/cpref/html/frlrfsystemdrawingimagingframedimensionPropertiesTopic.htm" ismsdn="true">
      <HelpTopic name="Guid" link="ms-help://MS.NETFrameworkSDKv1.1/cpref/html/frlrfsystemdrawingimagingframedimensionclassGuidTopic.htm" ismsdn="true" />
      <HelpTopic name="Time" link="ms-help://MS.NETFrameworkSDKv1.1/cpref/html/frlrfsystemdrawingimagingframedimensionclassTimeTopic.htm" ismsdn="true" />
      <HelpTopic name="Resolution" link="ms-help://MS.NETFrameworkSDKv1.1/cpref/html/frlrfsystemdrawingimagingframedimensionclassResolutionTopic.htm" ismsdn="true" />
      <HelpTopic name="Page" link="ms-help://MS.NETFrameworkSDKv1.1/cpref/html/frlrfsystemdrawingimagingframedimensionclassPageTopic.htm" ismsdn="true" />
    </HelpFolder>
  </HelpFolder>
  <HelpFolder name="ImageAttributes class" link="ms-help://MS.NETFrameworkSDKv1.1/cpref/html/frlrfsystemdrawingimagingimageattributesClassTopic.htm" ismsdn="true">
    <HelpTopic name="ImageAttributes members" link="ms-help://MS.NETFrameworkSDKv1.1/cpref/html/frlrfsystemdrawingimagingimageattributesMembersTopic.htm" ismsdn="true" />
    <HelpFolder name="Constructors" link="ms-help://MS.NETFrameworkSDKv1.1/cpref/html/frlrfsystemdrawingimagingimageattributesclassctorTopic.htm" ismsdn="true">
      <HelpTopic name=".ctor()" link="ms-help://MS.NETFrameworkSDKv1.1/cpref/html/frlrfsystemdrawingimagingimageattributesclassctorTopic.htm" ismsdn="true" />
    </HelpFolder>
    <HelpFolder name="Methods" link="ms-help://MS.NETFrameworkSDKv1.1/cpref/html/frlrfsystemdrawingimagingimageattributesMethodsTopic.htm" ismsdn="true">
      <HelpTopic name="Dispose()" link="ms-help://MS.NETFrameworkSDKv1.1/cpref/html/frlrfsystemdrawingimagingimageattributesclassDisposeTopic.htm" ismsdn="true" />
      <HelpTopic name="Clone()" link="ms-help://MS.NETFrameworkSDKv1.1/cpref/html/frlrfsystemdrawingimagingimageattributesclassCloneTopic.htm" ismsdn="true" />
      <HelpTopic name="SetColorMatrix(System.Drawing.Imaging.ColorMatrix)" link="ms-help://MS.NETFrameworkSDKv1.1/cpref/html/frlrfsystemdrawingimagingimageattributesclassSetColorMatrixTopic1.htm" ismsdn="true" />
      <HelpTopic name="SetColorMatrix(System.Drawing.Imaging.ColorMatrix, System.Drawing.Imaging.ColorMatrixFlag)" link="ms-help://MS.NETFrameworkSDKv1.1/cpref/html/frlrfsystemdrawingimagingimageattributesclassSetColorMatrixTopic2.htm" ismsdn="true" />
      <HelpTopic name="SetColorMatrix(System.Drawing.Imaging.ColorMatrix, System.Drawing.Imaging.ColorMatrixFlag, System.Drawing.Imaging.ColorAdjustType)" link="ms-help://MS.NETFrameworkSDKv1.1/cpref/html/frlrfsystemdrawingimagingimageattributesclassSetColorMatrixTopic3.htm" ismsdn="true" />
      <HelpTopic name="ClearColorMatrix()" link="ms-help://MS.NETFrameworkSDKv1.1/cpref/html/frlrfsystemdrawingimagingimageattributesclassClearColorMatrixTopic1.htm" ismsdn="true" />
      <HelpTopic name="ClearColorMatrix(System.Drawing.Imaging.ColorAdjustType)" link="ms-help://MS.NETFrameworkSDKv1.1/cpref/html/frlrfsystemdrawingimagingimageattributesclassClearColorMatrixTopic2.htm" ismsdn="true" />
      <HelpTopic name="SetColorMatrices(System.Drawing.Imaging.ColorMatrix, System.Drawing.Imaging.ColorMatrix)" link="ms-help://MS.NETFrameworkSDKv1.1/cpref/html/frlrfsystemdrawingimagingimageattributesclassSetColorMatricesTopic1.htm" ismsdn="true" />
      <HelpTopic name="SetColorMatrices(System.Drawing.Imaging.ColorMatrix, System.Drawing.Imaging.ColorMatrix, System.Drawing.Imaging.ColorMatrixFlag)" link="ms-help://MS.NETFrameworkSDKv1.1/cpref/html/frlrfsystemdrawingimagingimageattributesclassSetColorMatricesTopic2.htm" ismsdn="true" />
      <HelpTopic name="SetColorMatrices(System.Drawing.Imaging.ColorMatrix, System.Drawing.Imaging.ColorMatrix, System.Drawing.Imaging.ColorMatrixFlag, System.Drawing.Imaging.ColorAdjustType)" link="ms-help://MS.NETFrameworkSDKv1.1/cpref/html/frlrfsystemdrawingimagingimageattributesclassSetColorMatricesTopic3.htm" ismsdn="true" />
      <HelpTopic name="SetThreshold(System.Single)" link="ms-help://MS.NETFrameworkSDKv1.1/cpref/html/frlrfsystemdrawingimagingimageattributesclassSetThresholdTopic1.htm" ismsdn="true" />
      <HelpTopic name="SetThreshold(System.Single, System.Drawing.Imaging.ColorAdjustType)" link="ms-help://MS.NETFrameworkSDKv1.1/cpref/html/frlrfsystemdrawingimagingimageattributesclassSetThresholdTopic2.htm" ismsdn="true" />
      <HelpTopic name="ClearThreshold()" link="ms-help://MS.NETFrameworkSDKv1.1/cpref/html/frlrfsystemdrawingimagingimageattributesclassClearThresholdTopic1.htm" ismsdn="true" />
      <HelpTopic name="ClearThreshold(System.Drawing.Imaging.ColorAdjustType)" link="ms-help://MS.NETFrameworkSDKv1.1/cpref/html/frlrfsystemdrawingimagingimageattributesclassClearThresholdTopic2.htm" ismsdn="true" />
      <HelpTopic name="SetGamma(System.Single)" link="ms-help://MS.NETFrameworkSDKv1.1/cpref/html/frlrfsystemdrawingimagingimageattributesclassSetGammaTopic1.htm" ismsdn="true" />
      <HelpTopic name="SetGamma(System.Single, System.Drawing.Imaging.ColorAdjustType)" link="ms-help://MS.NETFrameworkSDKv1.1/cpref/html/frlrfsystemdrawingimagingimageattributesclassSetGammaTopic2.htm" ismsdn="true" />
      <HelpTopic name="ClearGamma()" link="ms-help://MS.NETFrameworkSDKv1.1/cpref/html/frlrfsystemdrawingimagingimageattributesclassClearGammaTopic1.htm" ismsdn="true" />
      <HelpTopic name="ClearGamma(System.Drawing.Imaging.ColorAdjustType)" link="ms-help://MS.NETFrameworkSDKv1.1/cpref/html/frlrfsystemdrawingimagingimageattributesclassClearGammaTopic2.htm" ismsdn="true" />
      <HelpTopic name="SetNoOp()" link="ms-help://MS.NETFrameworkSDKv1.1/cpref/html/frlrfsystemdrawingimagingimageattributesclassSetNoOpTopic1.htm" ismsdn="true" />
      <HelpTopic name="SetNoOp(System.Drawing.Imaging.ColorAdjustType)" link="ms-help://MS.NETFrameworkSDKv1.1/cpref/html/frlrfsystemdrawingimagingimageattributesclassSetNoOpTopic2.htm" ismsdn="true" />
      <HelpTopic name="ClearNoOp()" link="ms-help://MS.NETFrameworkSDKv1.1/cpref/html/frlrfsystemdrawingimagingimageattributesclassClearNoOpTopic1.htm" ismsdn="true" />
      <HelpTopic name="ClearNoOp(System.Drawing.Imaging.ColorAdjustType)" link="ms-help://MS.NETFrameworkSDKv1.1/cpref/html/frlrfsystemdrawingimagingimageattributesclassClearNoOpTopic2.htm" ismsdn="true" />
      <HelpTopic name="SetColorKey(System.Drawing.Color, System.Drawing.Color)" link="ms-help://MS.NETFrameworkSDKv1.1/cpref/html/frlrfsystemdrawingimagingimageattributesclassSetColorKeyTopic1.htm" ismsdn="true" />
      <HelpTopic name="SetColorKey(System.Drawing.Color, System.Drawing.Color, System.Drawing.Imaging.ColorAdjustType)" link="ms-help://MS.NETFrameworkSDKv1.1/cpref/html/frlrfsystemdrawingimagingimageattributesclassSetColorKeyTopic2.htm" ismsdn="true" />
      <HelpTopic name="ClearColorKey()" link="ms-help://MS.NETFrameworkSDKv1.1/cpref/html/frlrfsystemdrawingimagingimageattributesclassClearColorKeyTopic1.htm" ismsdn="true" />
      <HelpTopic name="ClearColorKey(System.Drawing.Imaging.ColorAdjustType)" link="ms-help://MS.NETFrameworkSDKv1.1/cpref/html/frlrfsystemdrawingimagingimageattributesclassClearColorKeyTopic2.htm" ismsdn="true" />
      <HelpTopic name="SetOutputChannel(System.Drawing.Imaging.ColorChannelFlag)" link="ms-help://MS.NETFrameworkSDKv1.1/cpref/html/frlrfsystemdrawingimagingimageattributesclassSetOutputChannelTopic1.htm" ismsdn="true" />
      <HelpTopic name="SetOutputChannel(System.Drawing.Imaging.ColorChannelFlag, System.Drawing.Imaging.ColorAdjustType)" link="ms-help://MS.NETFrameworkSDKv1.1/cpref/html/frlrfsystemdrawingimagingimageattributesclassSetOutputChannelTopic2.htm" ismsdn="true" />
      <HelpTopic name="ClearOutputChannel()" link="ms-help://MS.NETFrameworkSDKv1.1/cpref/html/frlrfsystemdrawingimagingimageattributesclassClearOutputChannelTopic1.htm" ismsdn="true" />
      <HelpTopic name="ClearOutputChannel(System.Drawing.Imaging.ColorAdjustType)" link="ms-help://MS.NETFrameworkSDKv1.1/cpref/html/frlrfsystemdrawingimagingimageattributesclassClearOutputChannelTopic2.htm" ismsdn="true" />
      <HelpTopic name="SetOutputChannelColorProfile(System.String)" link="ms-help://MS.NETFrameworkSDKv1.1/cpref/html/frlrfsystemdrawingimagingimageattributesclassSetOutputChannelColorProfileTopic1.htm" ismsdn="true" />
      <HelpTopic name="SetOutputChannelColorProfile(System.String, System.Drawing.Imaging.ColorAdjustType)" link="ms-help://MS.NETFrameworkSDKv1.1/cpref/html/frlrfsystemdrawingimagingimageattributesclassSetOutputChannelColorProfileTopic2.htm" ismsdn="true" />
      <HelpTopic name="ClearOutputChannelColorProfile()" link="ms-help://MS.NETFrameworkSDKv1.1/cpref/html/frlrfsystemdrawingimagingimageattributesclassClearOutputChannelColorProfileTopic1.htm" ismsdn="true" />
      <HelpTopic name="ClearOutputChannelColorProfile(System.Drawing.Imaging.ColorAdjustType)" link="ms-help://MS.NETFrameworkSDKv1.1/cpref/html/frlrfsystemdrawingimagingimageattributesclassClearOutputChannelColorProfileTopic2.htm" ismsdn="true" />
      <HelpTopic name="SetRemapTable(System.Drawing.Imaging.ColorMap[])" link="ms-help://MS.NETFrameworkSDKv1.1/cpref/html/frlrfsystemdrawingimagingimageattributesclassSetRemapTableTopic1.htm" ismsdn="true" />
      <HelpTopic name="SetRemapTable(System.Drawing.Imaging.ColorMap[], System.Drawing.Imaging.ColorAdjustType)" link="ms-help://MS.NETFrameworkSDKv1.1/cpref/html/frlrfsystemdrawingimagingimageattributesclassSetRemapTableTopic2.htm" ismsdn="true" />
      <HelpTopic name="ClearRemapTable()" link="ms-help://MS.NETFrameworkSDKv1.1/cpref/html/frlrfsystemdrawingimagingimageattributesclassClearRemapTableTopic1.htm" ismsdn="true" />
      <HelpTopic name="ClearRemapTable(System.Drawing.Imaging.ColorAdjustType)" link="ms-help://MS.NETFrameworkSDKv1.1/cpref/html/frlrfsystemdrawingimagingimageattributesclassClearRemapTableTopic2.htm" ismsdn="true" />
      <HelpTopic name="SetBrushRemapTable(System.Drawing.Imaging.ColorMap[])" link="ms-help://MS.NETFrameworkSDKv1.1/cpref/html/frlrfsystemdrawingimagingimageattributesclassSetBrushRemapTableTopic.htm" ismsdn="true" />
      <HelpTopic name="ClearBrushRemapTable()" link="ms-help://MS.NETFrameworkSDKv1.1/cpref/html/frlrfsystemdrawingimagingimageattributesclassClearBrushRemapTableTopic.htm" ismsdn="true" />
      <HelpTopic name="SetWrapMode(System.Drawing.Drawing2D.WrapMode)" link="ms-help://MS.NETFrameworkSDKv1.1/cpref/html/frlrfsystemdrawingimagingimageattributesclassSetWrapModeTopic1.htm" ismsdn="true" />
      <HelpTopic name="SetWrapMode(System.Drawing.Drawing2D.WrapMode, System.Drawing.Color)" link="ms-help://MS.NETFrameworkSDKv1.1/cpref/html/frlrfsystemdrawingimagingimageattributesclassSetWrapModeTopic2.htm" ismsdn="true" />
      <HelpTopic name="SetWrapMode(System.Drawing.Drawing2D.WrapMode, System.Drawing.Color, System.Boolean)" link="ms-help://MS.NETFrameworkSDKv1.1/cpref/html/frlrfsystemdrawingimagingimageattributesclassSetWrapModeTopic3.htm" ismsdn="true" />
      <HelpTopic name="GetAdjustedPalette(System.Drawing.Imaging.ColorPalette, System.Drawing.Imaging.ColorAdjustType)" link="ms-help://MS.NETFrameworkSDKv1.1/cpref/html/frlrfsystemdrawingimagingimageattributesclassGetAdjustedPaletteTopic.htm" ismsdn="true" />
    </HelpFolder>
  </HelpFolder>
  <HelpTopic name="ImageCodecFlags enumeration" link="ms-help://MS.NETFrameworkSDKv1.1/cpref/html/frlrfsystemdrawingimagingimagecodecflagsClassTopic.htm" ismsdn="true" />
  <HelpFolder name="ImageCodecInfo class" link="ms-help://MS.NETFrameworkSDKv1.1/cpref/html/frlrfsystemdrawingimagingimagecodecinfoClassTopic.htm" ismsdn="true">
    <HelpTopic name="ImageCodecInfo members" link="ms-help://MS.NETFrameworkSDKv1.1/cpref/html/frlrfsystemdrawingimagingimagecodecinfoMembersTopic.htm" ismsdn="true" />
    <HelpFolder name="Methods" link="ms-help://MS.NETFrameworkSDKv1.1/cpref/html/frlrfsystemdrawingimagingimagecodecinfoMethodsTopic.htm" ismsdn="true">
      <HelpTopic name="GetImageDecoders()" link="ms-help://MS.NETFrameworkSDKv1.1/cpref/html/frlrfsystemdrawingimagingimagecodecinfoclassGetImageDecodersTopic.htm" ismsdn="true" />
      <HelpTopic name="GetImageEncoders()" link="ms-help://MS.NETFrameworkSDKv1.1/cpref/html/frlrfsystemdrawingimagingimagecodecinfoclassGetImageEncodersTopic.htm" ismsdn="true" />
    </HelpFolder>
    <HelpFolder name="Properties" link="ms-help://MS.NETFrameworkSDKv1.1/cpref/html/frlrfsystemdrawingimagingimagecodecinfoPropertiesTopic.htm" ismsdn="true">
      <HelpTopic name="Clsid" link="ms-help://MS.NETFrameworkSDKv1.1/cpref/html/frlrfsystemdrawingimagingimagecodecinfoclassClsidTopic.htm" ismsdn="true" />
      <HelpTopic name="FormatID" link="ms-help://MS.NETFrameworkSDKv1.1/cpref/html/frlrfsystemdrawingimagingimagecodecinfoclassFormatIDTopic.htm" ismsdn="true" />
      <HelpTopic name="CodecName" link="ms-help://MS.NETFrameworkSDKv1.1/cpref/html/frlrfsystemdrawingimagingimagecodecinfoclassCodecNameTopic.htm" ismsdn="true" />
      <HelpTopic name="DllName" link="ms-help://MS.NETFrameworkSDKv1.1/cpref/html/frlrfsystemdrawingimagingimagecodecinfoclassDllNameTopic.htm" ismsdn="true" />
      <HelpTopic name="FormatDescription" link="ms-help://MS.NETFrameworkSDKv1.1/cpref/html/frlrfsystemdrawingimagingimagecodecinfoclassFormatDescriptionTopic.htm" ismsdn="true" />
      <HelpTopic name="FilenameExtension" link="ms-help://MS.NETFrameworkSDKv1.1/cpref/html/frlrfsystemdrawingimagingimagecodecinfoclassFilenameExtensionTopic.htm" ismsdn="true" />
      <HelpTopic name="MimeType" link="ms-help://MS.NETFrameworkSDKv1.1/cpref/html/frlrfsystemdrawingimagingimagecodecinfoclassMimeTypeTopic.htm" ismsdn="true" />
      <HelpTopic name="Flags" link="ms-help://MS.NETFrameworkSDKv1.1/cpref/html/frlrfsystemdrawingimagingimagecodecinfoclassFlagsTopic.htm" ismsdn="true" />
      <HelpTopic name="Version" link="ms-help://MS.NETFrameworkSDKv1.1/cpref/html/frlrfsystemdrawingimagingimagecodecinfoclassVersionTopic.htm" ismsdn="true" />
      <HelpTopic name="SignaturePatterns" link="ms-help://MS.NETFrameworkSDKv1.1/cpref/html/frlrfsystemdrawingimagingimagecodecinfoclassSignaturePatternsTopic.htm" ismsdn="true" />
      <HelpTopic name="SignatureMasks" link="ms-help://MS.NETFrameworkSDKv1.1/cpref/html/frlrfsystemdrawingimagingimagecodecinfoclassSignatureMasksTopic.htm" ismsdn="true" />
    </HelpFolder>
  </HelpFolder>
  <HelpTopic name="ImageFlags enumeration" link="ms-help://MS.NETFrameworkSDKv1.1/cpref/html/frlrfsystemdrawingimagingimageflagsClassTopic.htm" ismsdn="true" />
  <HelpFolder name="ImageFormat class" link="ms-help://MS.NETFrameworkSDKv1.1/cpref/html/frlrfsystemdrawingimagingimageformatClassTopic.htm" ismsdn="true">
    <HelpTopic name="ImageFormat members" link="ms-help://MS.NETFrameworkSDKv1.1/cpref/html/frlrfsystemdrawingimagingimageformatMembersTopic.htm" ismsdn="true" />
    <HelpFolder name="Constructors" link="ms-help://MS.NETFrameworkSDKv1.1/cpref/html/frlrfsystemdrawingimagingimageformatclassctorTopic.htm" ismsdn="true">
      <HelpTopic name=".ctor(System.Guid)" link="ms-help://MS.NETFrameworkSDKv1.1/cpref/html/frlrfsystemdrawingimagingimageformatclassctorTopic.htm" ismsdn="true" />
    </HelpFolder>
    <HelpFolder name="Methods" link="ms-help://MS.NETFrameworkSDKv1.1/cpref/html/frlrfsystemdrawingimagingimageformatMethodsTopic.htm" ismsdn="true">
      <HelpTopic name="Equals(System.Object)" link="ms-help://MS.NETFrameworkSDKv1.1/cpref/html/frlrfsystemdrawingimagingimageformatclassEqualsTopic.htm" ismsdn="true" />
      <HelpTopic name="GetHashCode()" link="ms-help://MS.NETFrameworkSDKv1.1/cpref/html/frlrfsystemdrawingimagingimageformatclassGetHashCodeTopic.htm" ismsdn="true" />
      <HelpTopic name="ToString()" link="ms-help://MS.NETFrameworkSDKv1.1/cpref/html/frlrfsystemdrawingimagingimageformatclassToStringTopic.htm" ismsdn="true" />
    </HelpFolder>
    <HelpFolder name="Properties" link="ms-help://MS.NETFrameworkSDKv1.1/cpref/html/frlrfsystemdrawingimagingimageformatPropertiesTopic.htm" ismsdn="true">
      <HelpTopic name="Guid" link="ms-help://MS.NETFrameworkSDKv1.1/cpref/html/frlrfsystemdrawingimagingimageformatclassGuidTopic.htm" ismsdn="true" />
      <HelpTopic name="MemoryBmp" link="ms-help://MS.NETFrameworkSDKv1.1/cpref/html/frlrfsystemdrawingimagingimageformatclassMemoryBmpTopic.htm" ismsdn="true" />
      <HelpTopic name="Bmp" link="ms-help://MS.NETFrameworkSDKv1.1/cpref/html/frlrfsystemdrawingimagingimageformatclassBmpTopic.htm" ismsdn="true" />
      <HelpTopic name="Emf" link="ms-help://MS.NETFrameworkSDKv1.1/cpref/html/frlrfsystemdrawingimagingimageformatclassEmfTopic.htm" ismsdn="true" />
      <HelpTopic name="Wmf" link="ms-help://MS.NETFrameworkSDKv1.1/cpref/html/frlrfsystemdrawingimagingimageformatclassWmfTopic.htm" ismsdn="true" />
      <HelpTopic name="Gif" link="ms-help://MS.NETFrameworkSDKv1.1/cpref/html/frlrfsystemdrawingimagingimageformatclassGifTopic.htm" ismsdn="true" />
      <HelpTopic name="Jpeg" link="ms-help://MS.NETFrameworkSDKv1.1/cpref/html/frlrfsystemdrawingimagingimageformatclassJpegTopic.htm" ismsdn="true" />
      <HelpTopic name="Png" link="ms-help://MS.NETFrameworkSDKv1.1/cpref/html/frlrfsystemdrawingimagingimageformatclassPngTopic.htm" ismsdn="true" />
      <HelpTopic name="Tiff" link="ms-help://MS.NETFrameworkSDKv1.1/cpref/html/frlrfsystemdrawingimagingimageformatclassTiffTopic.htm" ismsdn="true" />
      <HelpTopic name="Exif" link="ms-help://MS.NETFrameworkSDKv1.1/cpref/html/frlrfsystemdrawingimagingimageformatclassExifTopic.htm" ismsdn="true" />
      <HelpTopic name="Icon" link="ms-help://MS.NETFrameworkSDKv1.1/cpref/html/frlrfsystemdrawingimagingimageformatclassIconTopic.htm" ismsdn="true" />
    </HelpFolder>
  </HelpFolder>
  <HelpTopic name="ImageLockMode enumeration" link="ms-help://MS.NETFrameworkSDKv1.1/cpref/html/frlrfsystemdrawingimagingimagelockmodeClassTopic.htm" ismsdn="true" />
  <HelpFolder name="Metafile class" link="ms-help://MS.NETFrameworkSDKv1.1/cpref/html/frlrfsystemdrawingimagingmetafileClassTopic.htm" ismsdn="true">
    <HelpTopic name="Metafile members" link="ms-help://MS.NETFrameworkSDKv1.1/cpref/html/frlrfsystemdrawingimagingmetafileMembersTopic.htm" ismsdn="true" />
    <HelpFolder name="Constructors" link="ms-help://MS.NETFrameworkSDKv1.1/cpref/html/frlrfsystemdrawingimagingmetafileclassctorTopic.htm" ismsdn="true">
      <HelpTopic name=".ctor(System.IntPtr, System.Drawing.Imaging.WmfPlaceableFileHeader)" link="ms-help://MS.NETFrameworkSDKv1.1/cpref/html/frlrfsystemdrawingimagingmetafileclassctorTopic1.htm" ismsdn="true" />
      <HelpTopic name=".ctor(System.IntPtr, System.Drawing.Imaging.WmfPlaceableFileHeader, System.Boolean)" link="ms-help://MS.NETFrameworkSDKv1.1/cpref/html/frlrfsystemdrawingimagingmetafileclassctorTopic1.htm" ismsdn="true" />
      <HelpTopic name=".ctor(System.IntPtr, System.Boolean)" link="ms-help://MS.NETFrameworkSDKv1.1/cpref/html/frlrfsystemdrawingimagingmetafileclassctorTopic2.htm" ismsdn="true" />
      <HelpTopic name=".ctor(System.String)" link="ms-help://MS.NETFrameworkSDKv1.1/cpref/html/frlrfsystemdrawingimagingmetafileclassctorTopic3.htm" ismsdn="true" />
      <HelpTopic name=".ctor(System.IO.Stream)" link="ms-help://MS.NETFrameworkSDKv1.1/cpref/html/frlrfsystemdrawingimagingmetafileclassctorTopic4.htm" ismsdn="true" />
      <HelpTopic name=".ctor(System.IntPtr, System.Drawing.Imaging.EmfType)" link="ms-help://MS.NETFrameworkSDKv1.1/cpref/html/frlrfsystemdrawingimagingmetafileclassctorTopic5.htm" ismsdn="true" />
      <HelpTopic name=".ctor(System.IntPtr, System.Drawing.Imaging.EmfType, System.String)" link="ms-help://MS.NETFrameworkSDKv1.1/cpref/html/frlrfsystemdrawingimagingmetafileclassctorTopic6.htm" ismsdn="true" />
      <HelpTopic name=".ctor(System.IntPtr, System.Drawing.RectangleF)" link="ms-help://MS.NETFrameworkSDKv1.1/cpref/html/frlrfsystemdrawingimagingmetafileclassctorTopic7.htm" ismsdn="true" />
      <HelpTopic name=".ctor(System.IntPtr, System.Drawing.RectangleF, System.Drawing.Imaging.MetafileFrameUnit)" link="ms-help://MS.NETFrameworkSDKv1.1/cpref/html/frlrfsystemdrawingimagingmetafileclassctorTopic8.htm" ismsdn="true" />
      <HelpTopic name=".ctor(System.IntPtr, System.Drawing.RectangleF, System.Drawing.Imaging.MetafileFrameUnit, System.Drawing.Imaging.EmfType)" link="ms-help://MS.NETFrameworkSDKv1.1/cpref/html/frlrfsystemdrawingimagingmetafileclassctorTopic9.htm" ismsdn="true" />
      <HelpTopic name=".ctor(System.IntPtr, System.Drawing.RectangleF, System.Drawing.Imaging.MetafileFrameUnit, System.Drawing.Imaging.EmfType, System.String)" link="ms-help://MS.NETFrameworkSDKv1.1/cpref/html/frlrfsystemdrawingimagingmetafileclassctorTopic10.htm" ismsdn="true" />
      <HelpTopic name=".ctor(System.IntPtr, System.Drawing.Rectangle)" link="ms-help://MS.NETFrameworkSDKv1.1/cpref/html/frlrfsystemdrawingimagingmetafileclassctorTopic11.htm" ismsdn="true" />
      <HelpTopic name=".ctor(System.IntPtr, System.Drawing.Rectangle, System.Drawing.Imaging.MetafileFrameUnit)" link="ms-help://MS.NETFrameworkSDKv1.1/cpref/html/frlrfsystemdrawingimagingmetafileclassctorTopic12.htm" ismsdn="true" />
      <HelpTopic name=".ctor(System.IntPtr, System.Drawing.Rectangle, System.Drawing.Imaging.MetafileFrameUnit, System.Drawing.Imaging.EmfType)" link="ms-help://MS.NETFrameworkSDKv1.1/cpref/html/frlrfsystemdrawingimagingmetafileclassctorTopic13.htm" ismsdn="true" />
      <HelpTopic name=".ctor(System.IntPtr, System.Drawing.Rectangle, System.Drawing.Imaging.MetafileFrameUnit, System.Drawing.Imaging.EmfType, System.String)" link="ms-help://MS.NETFrameworkSDKv1.1/cpref/html/frlrfsystemdrawingimagingmetafileclassctorTopic14.htm" ismsdn="true" />
      <HelpTopic name=".ctor(System.String, System.IntPtr)" link="ms-help://MS.NETFrameworkSDKv1.1/cpref/html/frlrfsystemdrawingimagingmetafileclassctorTopic15.htm" ismsdn="true" />
      <HelpTopic name=".ctor(System.String, System.IntPtr, System.Drawing.Imaging.EmfType)" link="ms-help://MS.NETFrameworkSDKv1.1/cpref/html/frlrfsystemdrawingimagingmetafileclassctorTopic16.htm" ismsdn="true" />
      <HelpTopic name=".ctor(System.String, System.IntPtr, System.Drawing.Imaging.EmfType, System.String)" link="ms-help://MS.NETFrameworkSDKv1.1/cpref/html/frlrfsystemdrawingimagingmetafileclassctorTopic17.htm" ismsdn="true" />
      <HelpTopic name=".ctor(System.String, System.IntPtr, System.Drawing.RectangleF)" link="ms-help://MS.NETFrameworkSDKv1.1/cpref/html/frlrfsystemdrawingimagingmetafileclassctorTopic18.htm" ismsdn="true" />
      <HelpTopic name=".ctor(System.String, System.IntPtr, System.Drawing.RectangleF, System.Drawing.Imaging.MetafileFrameUnit)" link="ms-help://MS.NETFrameworkSDKv1.1/cpref/html/frlrfsystemdrawingimagingmetafileclassctorTopic19.htm" ismsdn="true" />
      <HelpTopic name=".ctor(System.String, System.IntPtr, System.Drawing.RectangleF, System.Drawing.Imaging.MetafileFrameUnit, System.Drawing.Imaging.EmfType)" link="ms-help://MS.NETFrameworkSDKv1.1/cpref/html/frlrfsystemdrawingimagingmetafileclassctorTopic20.htm" ismsdn="true" />
      <HelpTopic name=".ctor(System.String, System.IntPtr, System.Drawing.RectangleF, System.Drawing.Imaging.MetafileFrameUnit, System.String)" link="ms-help://MS.NETFrameworkSDKv1.1/cpref/html/frlrfsystemdrawingimagingmetafileclassctorTopic21.htm" ismsdn="true" />
      <HelpTopic name=".ctor(System.String, System.IntPtr, System.Drawing.RectangleF, System.Drawing.Imaging.MetafileFrameUnit, System.Drawing.Imaging.EmfType, System.String)" link="ms-help://MS.NETFrameworkSDKv1.1/cpref/html/frlrfsystemdrawingimagingmetafileclassctorTopic22.htm" ismsdn="true" />
      <HelpTopic name=".ctor(System.String, System.IntPtr, System.Drawing.Rectangle)" link="ms-help://MS.NETFrameworkSDKv1.1/cpref/html/frlrfsystemdrawingimagingmetafileclassctorTopic23.htm" ismsdn="true" />
      <HelpTopic name=".ctor(System.String, System.IntPtr, System.Drawing.Rectangle, System.Drawing.Imaging.MetafileFrameUnit)" link="ms-help://MS.NETFrameworkSDKv1.1/cpref/html/frlrfsystemdrawingimagingmetafileclassctorTopic24.htm" ismsdn="true" />
      <HelpTopic name=".ctor(System.String, System.IntPtr, System.Drawing.Rectangle, System.Drawing.Imaging.MetafileFrameUnit, System.Drawing.Imaging.EmfType)" link="ms-help://MS.NETFrameworkSDKv1.1/cpref/html/frlrfsystemdrawingimagingmetafileclassctorTopic25.htm" ismsdn="true" />
      <HelpTopic name=".ctor(System.String, System.IntPtr, System.Drawing.Rectangle, System.Drawing.Imaging.MetafileFrameUnit, System.String)" link="ms-help://MS.NETFrameworkSDKv1.1/cpref/html/frlrfsystemdrawingimagingmetafileclassctorTopic26.htm" ismsdn="true" />
      <HelpTopic name=".ctor(System.String, System.IntPtr, System.Drawing.Rectangle, System.Drawing.Imaging.MetafileFrameUnit, System.Drawing.Imaging.EmfType, System.String)" link="ms-help://MS.NETFrameworkSDKv1.1/cpref/html/frlrfsystemdrawingimagingmetafileclassctorTopic27.htm" ismsdn="true" />
      <HelpTopic name=".ctor(System.IO.Stream, System.IntPtr)" link="ms-help://MS.NETFrameworkSDKv1.1/cpref/html/frlrfsystemdrawingimagingmetafileclassctorTopic28.htm" ismsdn="true" />
      <HelpTopic name=".ctor(System.IO.Stream, System.IntPtr, System.Drawing.Imaging.EmfType)" link="ms-help://MS.NETFrameworkSDKv1.1/cpref/html/frlrfsystemdrawingimagingmetafileclassctorTopic29.htm" ismsdn="true" />
      <HelpTopic name=".ctor(System.IO.Stream, System.IntPtr, System.Drawing.Imaging.EmfType, System.String)" link="ms-help://MS.NETFrameworkSDKv1.1/cpref/html/frlrfsystemdrawingimagingmetafileclassctorTopic30.htm" ismsdn="true" />
      <HelpTopic name=".ctor(System.IO.Stream, System.IntPtr, System.Drawing.RectangleF)" link="ms-help://MS.NETFrameworkSDKv1.1/cpref/html/frlrfsystemdrawingimagingmetafileclassctorTopic31.htm" ismsdn="true" />
      <HelpTopic name=".ctor(System.IO.Stream, System.IntPtr, System.Drawing.RectangleF, System.Drawing.Imaging.MetafileFrameUnit)" link="ms-help://MS.NETFrameworkSDKv1.1/cpref/html/frlrfsystemdrawingimagingmetafileclassctorTopic32.htm" ismsdn="true" />
      <HelpTopic name=".ctor(System.IO.Stream, System.IntPtr, System.Drawing.RectangleF, System.Drawing.Imaging.MetafileFrameUnit, System.Drawing.Imaging.EmfType)" link="ms-help://MS.NETFrameworkSDKv1.1/cpref/html/frlrfsystemdrawingimagingmetafileclassctorTopic33.htm" ismsdn="true" />
      <HelpTopic name=".ctor(System.IO.Stream, System.IntPtr, System.Drawing.RectangleF, System.Drawing.Imaging.MetafileFrameUnit, System.Drawing.Imaging.EmfType, System.String)" link="ms-help://MS.NETFrameworkSDKv1.1/cpref/html/frlrfsystemdrawingimagingmetafileclassctorTopic34.htm" ismsdn="true" />
      <HelpTopic name=".ctor(System.IO.Stream, System.IntPtr, System.Drawing.Rectangle)" link="ms-help://MS.NETFrameworkSDKv1.1/cpref/html/frlrfsystemdrawingimagingmetafileclassctorTopic35.htm" ismsdn="true" />
      <HelpTopic name=".ctor(System.IO.Stream, System.IntPtr, System.Drawing.Rectangle, System.Drawing.Imaging.MetafileFrameUnit)" link="ms-help://MS.NETFrameworkSDKv1.1/cpref/html/frlrfsystemdrawingimagingmetafileclassctorTopic36.htm" ismsdn="true" />
      <HelpTopic name=".ctor(System.IO.Stream, System.IntPtr, System.Drawing.Rectangle, System.Drawing.Imaging.MetafileFrameUnit, System.Drawing.Imaging.EmfType)" link="ms-help://MS.NETFrameworkSDKv1.1/cpref/html/frlrfsystemdrawingimagingmetafileclassctorTopic37.htm" ismsdn="true" />
      <HelpTopic name=".ctor(System.IO.Stream, System.IntPtr, System.Drawing.Rectangle, System.Drawing.Imaging.MetafileFrameUnit, System.Drawing.Imaging.EmfType, System.String)" link="ms-help://MS.NETFrameworkSDKv1.1/cpref/html/frlrfsystemdrawingimagingmetafileclassctorTopic38.htm" ismsdn="true" />
    </HelpFolder>
    <HelpFolder name="Methods" link="ms-help://MS.NETFrameworkSDKv1.1/cpref/html/frlrfsystemdrawingimagingmetafileMethodsTopic.htm" ismsdn="true">
      <HelpTopic name="GetMetafileHeader(System.IntPtr, System.Drawing.Imaging.WmfPlaceableFileHeader)" link="ms-help://MS.NETFrameworkSDKv1.1/cpref/html/frlrfsystemdrawingimagingmetafileclassGetMetafileHeaderTopic0.htm" ismsdn="true" />
      <HelpTopic name="GetMetafileHeader(System.IntPtr)" link="ms-help://MS.NETFrameworkSDKv1.1/cpref/html/frlrfsystemdrawingimagingmetafileclassGetMetafileHeaderTopic1.htm" ismsdn="true" />
      <HelpTopic name="GetMetafileHeader(System.String)" link="ms-help://MS.NETFrameworkSDKv1.1/cpref/html/frlrfsystemdrawingimagingmetafileclassGetMetafileHeaderTopic2.htm" ismsdn="true" />
      <HelpTopic name="GetMetafileHeader(System.IO.Stream)" link="ms-help://MS.NETFrameworkSDKv1.1/cpref/html/frlrfsystemdrawingimagingmetafileclassGetMetafileHeaderTopic3.htm" ismsdn="true" />
      <HelpTopic name="GetMetafileHeader()" link="ms-help://MS.NETFrameworkSDKv1.1/cpref/html/frlrfsystemdrawingimagingmetafileclassGetMetafileHeaderTopic4.htm" ismsdn="true" />
      <HelpTopic name="GetHenhmetafile()" link="ms-help://MS.NETFrameworkSDKv1.1/cpref/html/frlrfsystemdrawingimagingmetafileclassGetHenhmetafileTopic.htm" ismsdn="true" />
      <HelpTopic name="PlayRecord(System.Drawing.Imaging.EmfPlusRecordType, System.Int32, System.Int32, System.Byte[])" link="ms-help://MS.NETFrameworkSDKv1.1/cpref/html/frlrfsystemdrawingimagingmetafileclassPlayRecordTopic.htm" ismsdn="true" />
    </HelpFolder>
  </HelpFolder>
  <HelpTopic name="MetafileFrameUnit enumeration" link="ms-help://MS.NETFrameworkSDKv1.1/cpref/html/frlrfsystemdrawingimagingmetafileframeunitClassTopic.htm" ismsdn="true" />
  <HelpFolder name="MetafileHeader class" link="ms-help://MS.NETFrameworkSDKv1.1/cpref/html/frlrfsystemdrawingimagingmetafileheaderClassTopic.htm" ismsdn="true">
    <HelpTopic name="MetafileHeader members" link="ms-help://MS.NETFrameworkSDKv1.1/cpref/html/frlrfsystemdrawingimagingmetafileheaderMembersTopic.htm" ismsdn="true" />
    <HelpFolder name="Methods" link="ms-help://MS.NETFrameworkSDKv1.1/cpref/html/frlrfsystemdrawingimagingmetafileheaderMethodsTopic.htm" ismsdn="true">
      <HelpTopic name="IsWmf()" link="ms-help://MS.NETFrameworkSDKv1.1/cpref/html/frlrfsystemdrawingimagingmetafileheaderclassIsWmfTopic.htm" ismsdn="true" />
      <HelpTopic name="IsWmfPlaceable()" link="ms-help://MS.NETFrameworkSDKv1.1/cpref/html/frlrfsystemdrawingimagingmetafileheaderclassIsWmfPlaceableTopic.htm" ismsdn="true" />
      <HelpTopic name="IsEmf()" link="ms-help://MS.NETFrameworkSDKv1.1/cpref/html/frlrfsystemdrawingimagingmetafileheaderclassIsEmfTopic.htm" ismsdn="true" />
      <HelpTopic name="IsEmfOrEmfPlus()" link="ms-help://MS.NETFrameworkSDKv1.1/cpref/html/frlrfsystemdrawingimagingmetafileheaderclassIsEmfOrEmfPlusTopic.htm" ismsdn="true" />
      <HelpTopic name="IsEmfPlus()" link="ms-help://MS.NETFrameworkSDKv1.1/cpref/html/frlrfsystemdrawingimagingmetafileheaderclassIsEmfPlusTopic.htm" ismsdn="true" />
      <HelpTopic name="IsEmfPlusDual()" link="ms-help://MS.NETFrameworkSDKv1.1/cpref/html/frlrfsystemdrawingimagingmetafileheaderclassIsEmfPlusDualTopic.htm" ismsdn="true" />
      <HelpTopic name="IsEmfPlusOnly()" link="ms-help://MS.NETFrameworkSDKv1.1/cpref/html/frlrfsystemdrawingimagingmetafileheaderclassIsEmfPlusOnlyTopic.htm" ismsdn="true" />
      <HelpTopic name="IsDisplay()" link="ms-help://MS.NETFrameworkSDKv1.1/cpref/html/frlrfsystemdrawingimagingmetafileheaderclassIsDisplayTopic.htm" ismsdn="true" />
    </HelpFolder>
    <HelpFolder name="Properties" link="ms-help://MS.NETFrameworkSDKv1.1/cpref/html/frlrfsystemdrawingimagingmetafileheaderPropertiesTopic.htm" ismsdn="true">
      <HelpTopic name="Type" link="ms-help://MS.NETFrameworkSDKv1.1/cpref/html/frlrfsystemdrawingimagingmetafileheaderclassTypeTopic.htm" ismsdn="true" />
      <HelpTopic name="MetafileSize" link="ms-help://MS.NETFrameworkSDKv1.1/cpref/html/frlrfsystemdrawingimagingmetafileheaderclassMetafileSizeTopic.htm" ismsdn="true" />
      <HelpTopic name="Version" link="ms-help://MS.NETFrameworkSDKv1.1/cpref/html/frlrfsystemdrawingimagingmetafileheaderclassVersionTopic.htm" ismsdn="true" />
      <HelpTopic name="DpiX" link="ms-help://MS.NETFrameworkSDKv1.1/cpref/html/frlrfsystemdrawingimagingmetafileheaderclassDpiXTopic.htm" ismsdn="true" />
      <HelpTopic name="DpiY" link="ms-help://MS.NETFrameworkSDKv1.1/cpref/html/frlrfsystemdrawingimagingmetafileheaderclassDpiYTopic.htm" ismsdn="true" />
      <HelpTopic name="Bounds" link="ms-help://MS.NETFrameworkSDKv1.1/cpref/html/frlrfsystemdrawingimagingmetafileheaderclassBoundsTopic.htm" ismsdn="true" />
      <HelpTopic name="WmfHeader" link="ms-help://MS.NETFrameworkSDKv1.1/cpref/html/frlrfsystemdrawingimagingmetafileheaderclassWmfHeaderTopic.htm" ismsdn="true" />
      <HelpTopic name="EmfPlusHeaderSize" link="ms-help://MS.NETFrameworkSDKv1.1/cpref/html/frlrfsystemdrawingimagingmetafileheaderclassEmfPlusHeaderSizeTopic.htm" ismsdn="true" />
      <HelpTopic name="LogicalDpiX" link="ms-help://MS.NETFrameworkSDKv1.1/cpref/html/frlrfsystemdrawingimagingmetafileheaderclassLogicalDpiXTopic.htm" ismsdn="true" />
      <HelpTopic name="LogicalDpiY" link="ms-help://MS.NETFrameworkSDKv1.1/cpref/html/frlrfsystemdrawingimagingmetafileheaderclassLogicalDpiYTopic.htm" ismsdn="true" />
    </HelpFolder>
  </HelpFolder>
  <HelpTopic name="MetafileType enumeration" link="ms-help://MS.NETFrameworkSDKv1.1/cpref/html/frlrfsystemdrawingimagingmetafiletypeClassTopic.htm" ismsdn="true" />
  <HelpFolder name="MetaHeader class" link="ms-help://MS.NETFrameworkSDKv1.1/cpref/html/frlrfsystemdrawingimagingmetaheaderClassTopic.htm" ismsdn="true">
    <HelpTopic name="MetaHeader members" link="ms-help://MS.NETFrameworkSDKv1.1/cpref/html/frlrfsystemdrawingimagingmetaheaderMembersTopic.htm" ismsdn="true" />
    <HelpFolder name="Constructors" link="ms-help://MS.NETFrameworkSDKv1.1/cpref/html/frlrfsystemdrawingimagingmetaheaderclassctorTopic.htm" ismsdn="true">
      <HelpTopic name=".ctor()" link="ms-help://MS.NETFrameworkSDKv1.1/cpref/html/frlrfsystemdrawingimagingmetaheaderclassctorTopic.htm" ismsdn="true" />
    </HelpFolder>
    <HelpFolder name="Properties" link="ms-help://MS.NETFrameworkSDKv1.1/cpref/html/frlrfsystemdrawingimagingmetaheaderPropertiesTopic.htm" ismsdn="true">
      <HelpTopic name="Type" link="ms-help://MS.NETFrameworkSDKv1.1/cpref/html/frlrfsystemdrawingimagingmetaheaderclassTypeTopic.htm" ismsdn="true" />
      <HelpTopic name="HeaderSize" link="ms-help://MS.NETFrameworkSDKv1.1/cpref/html/frlrfsystemdrawingimagingmetaheaderclassHeaderSizeTopic.htm" ismsdn="true" />
      <HelpTopic name="Version" link="ms-help://MS.NETFrameworkSDKv1.1/cpref/html/frlrfsystemdrawingimagingmetaheaderclassVersionTopic.htm" ismsdn="true" />
      <HelpTopic name="Size" link="ms-help://MS.NETFrameworkSDKv1.1/cpref/html/frlrfsystemdrawingimagingmetaheaderclassSizeTopic.htm" ismsdn="true" />
      <HelpTopic name="NoObjects" link="ms-help://MS.NETFrameworkSDKv1.1/cpref/html/frlrfsystemdrawingimagingmetaheaderclassNoObjectsTopic.htm" ismsdn="true" />
      <HelpTopic name="MaxRecord" link="ms-help://MS.NETFrameworkSDKv1.1/cpref/html/frlrfsystemdrawingimagingmetaheaderclassMaxRecordTopic.htm" ismsdn="true" />
      <HelpTopic name="NoParameters" link="ms-help://MS.NETFrameworkSDKv1.1/cpref/html/frlrfsystemdrawingimagingmetaheaderclassNoParametersTopic.htm" ismsdn="true" />
    </HelpFolder>
  </HelpFolder>
  <HelpTopic name="PaletteFlags enumeration" link="ms-help://MS.NETFrameworkSDKv1.1/cpref/html/frlrfsystemdrawingimagingpaletteflagsClassTopic.htm" ismsdn="true" />
  <HelpTopic name="PixelFormat enumeration" link="ms-help://MS.NETFrameworkSDKv1.1/cpref/html/frlrfsystemdrawingimagingpixelformatClassTopic.htm" ismsdn="true" />
  <HelpTopic name="PlayRecordCallback delegate" link="ms-help://MS.NETFrameworkSDKv1.1/cpref/html/frlrfsystemdrawingimagingplayrecordcallbackClassTopic.htm" ismsdn="true" />
  <HelpFolder name="PropertyItem class" link="ms-help://MS.NETFrameworkSDKv1.1/cpref/html/frlrfsystemdrawingimagingpropertyitemClassTopic.htm" ismsdn="true">
    <HelpTopic name="PropertyItem members" link="ms-help://MS.NETFrameworkSDKv1.1/cpref/html/frlrfsystemdrawingimagingpropertyitemMembersTopic.htm" ismsdn="true" />
    <HelpFolder name="Properties" link="ms-help://MS.NETFrameworkSDKv1.1/cpref/html/frlrfsystemdrawingimagingpropertyitemPropertiesTopic.htm" ismsdn="true">
      <HelpTopic name="Id" link="ms-help://MS.NETFrameworkSDKv1.1/cpref/html/frlrfsystemdrawingimagingpropertyitemclassIdTopic.htm" ismsdn="true" />
      <HelpTopic name="Len" link="ms-help://MS.NETFrameworkSDKv1.1/cpref/html/frlrfsystemdrawingimagingpropertyitemclassLenTopic.htm" ismsdn="true" />
      <HelpTopic name="Type" link="ms-help://MS.NETFrameworkSDKv1.1/cpref/html/frlrfsystemdrawingimagingpropertyitemclassTypeTopic.htm" ismsdn="true" />
      <HelpTopic name="Value" link="ms-help://MS.NETFrameworkSDKv1.1/cpref/html/frlrfsystemdrawingimagingpropertyitemclassValueTopic.htm" ismsdn="true" />
    </HelpFolder>
  </HelpFolder>
  <HelpFolder name="WmfPlaceableFileHeader class" link="ms-help://MS.NETFrameworkSDKv1.1/cpref/html/frlrfsystemdrawingimagingwmfplaceablefileheaderClassTopic.htm" ismsdn="true">
    <HelpTopic name="WmfPlaceableFileHeader members" link="ms-help://MS.NETFrameworkSDKv1.1/cpref/html/frlrfsystemdrawingimagingwmfplaceablefileheaderMembersTopic.htm" ismsdn="true" />
    <HelpFolder name="Constructors" link="ms-help://MS.NETFrameworkSDKv1.1/cpref/html/frlrfsystemdrawingimagingwmfplaceablefileheaderclassctorTopic.htm" ismsdn="true">
      <HelpTopic name=".ctor()" link="ms-help://MS.NETFrameworkSDKv1.1/cpref/html/frlrfsystemdrawingimagingwmfplaceablefileheaderclassctorTopic.htm" ismsdn="true" />
    </HelpFolder>
    <HelpFolder name="Properties" link="ms-help://MS.NETFrameworkSDKv1.1/cpref/html/frlrfsystemdrawingimagingwmfplaceablefileheaderPropertiesTopic.htm" ismsdn="true">
      <HelpTopic name="Key" link="ms-help://MS.NETFrameworkSDKv1.1/cpref/html/frlrfsystemdrawingimagingwmfplaceablefileheaderclassKeyTopic.htm" ismsdn="true" />
      <HelpTopic name="Hmf" link="ms-help://MS.NETFrameworkSDKv1.1/cpref/html/frlrfsystemdrawingimagingwmfplaceablefileheaderclassHmfTopic.htm" ismsdn="true" />
      <HelpTopic name="BboxLeft" link="ms-help://MS.NETFrameworkSDKv1.1/cpref/html/frlrfsystemdrawingimagingwmfplaceablefileheaderclassBboxLeftTopic.htm" ismsdn="true" />
      <HelpTopic name="BboxTop" link="ms-help://MS.NETFrameworkSDKv1.1/cpref/html/frlrfsystemdrawingimagingwmfplaceablefileheaderclassBboxTopTopic.htm" ismsdn="true" />
      <HelpTopic name="BboxRight" link="ms-help://MS.NETFrameworkSDKv1.1/cpref/html/frlrfsystemdrawingimagingwmfplaceablefileheaderclassBboxRightTopic.htm" ismsdn="true" />
      <HelpTopic name="BboxBottom" link="ms-help://MS.NETFrameworkSDKv1.1/cpref/html/frlrfsystemdrawingimagingwmfplaceablefileheaderclassBboxBottomTopic.htm" ismsdn="true" />
      <HelpTopic name="Inch" link="ms-help://MS.NETFrameworkSDKv1.1/cpref/html/frlrfsystemdrawingimagingwmfplaceablefileheaderclassInchTopic.htm" ismsdn="true" />
      <HelpTopic name="Reserved" link="ms-help://MS.NETFrameworkSDKv1.1/cpref/html/frlrfsystemdrawingimagingwmfplaceablefileheaderclassReservedTopic.htm" ismsdn="true" />
      <HelpTopic name="Checksum" link="ms-help://MS.NETFrameworkSDKv1.1/cpref/html/frlrfsystemdrawingimagingwmfplaceablefileheaderclassChecksumTopic.htm" ismsdn="true" />
    </HelpFolder>
  </HelpFolder>
</HelpCollection>