<HelpCollection>
  <HelpFolder name="LogConverter class" link="ms-help://MS.NETFrameworkSDKv1.1/cpref/html/frlrfsystemdiagnosticsdesignlogconverterClassTopic.htm" ismsdn="true">
    <HelpTopic name="LogConverter members" link="ms-help://MS.NETFrameworkSDKv1.1/cpref/html/frlrfsystemdiagnosticsdesignlogconverterMembersTopic.htm" ismsdn="true" />
    <HelpFolder name="Constructors" link="ms-help://MS.NETFrameworkSDKv1.1/cpref/html/frlrfsystemdiagnosticsdesignlogconverterclassctorTopic.htm" ismsdn="true">
      <HelpTopic name=".ctor()" link="ms-help://MS.NETFrameworkSDKv1.1/cpref/html/frlrfsystemdiagnosticsdesignlogconverterclassctorTopic.htm" ismsdn="true" />
    </HelpFolder>
    <HelpFolder name="Methods" link="ms-help://MS.NETFrameworkSDKv1.1/cpref/html/frlrfsystemdiagnosticsdesignlogconverterMethodsTopic.htm" ismsdn="true">
      <HelpTopic name="CanConvertFrom(System.ComponentModel.ITypeDescriptorContext, System.Type)" link="ms-help://MS.NETFrameworkSDKv1.1/cpref/html/frlrfsystemdiagnosticsdesignlogconverterclassCanConvertFromTopic.htm" ismsdn="true" />
      <HelpTopic name="ConvertFrom(System.ComponentModel.ITypeDescriptorContext, System.Globalization.CultureInfo, System.Object)" link="ms-help://MS.NETFrameworkSDKv1.1/cpref/html/frlrfsystemdiagnosticsdesignlogconverterclassConvertFromTopic.htm" ismsdn="true" />
      <HelpTopic name="GetStandardValues(System.ComponentModel.ITypeDescriptorContext)" link="ms-help://MS.NETFrameworkSDKv1.1/cpref/html/frlrfsystemdiagnosticsdesignlogconverterclassGetStandardValuesTopic.htm" ismsdn="true" />
      <HelpTopic name="GetStandardValuesSupported(System.ComponentModel.ITypeDescriptorContext)" link="ms-help://MS.NETFrameworkSDKv1.1/cpref/html/frlrfsystemdiagnosticsdesignlogconverterclassGetStandardValuesSupportedTopic.htm" ismsdn="true" />
    </HelpFolder>
  </HelpFolder>
  <HelpFolder name="ProcessDesigner class" link="ms-help://MS.NETFrameworkSDKv1.1/cpref/html/frlrfsystemdiagnosticsdesignprocessdesignerClassTopic.htm" ismsdn="true">
    <HelpTopic name="ProcessDesigner members" link="ms-help://MS.NETFrameworkSDKv1.1/cpref/html/frlrfsystemdiagnosticsdesignprocessdesignerMembersTopic.htm" ismsdn="true" />
    <HelpFolder name="Constructors" link="ms-help://MS.NETFrameworkSDKv1.1/cpref/html/frlrfsystemdiagnosticsdesignprocessdesignerclassctorTopic.htm" ismsdn="true">
      <HelpTopic name=".ctor()" link="ms-help://MS.NETFrameworkSDKv1.1/cpref/html/frlrfsystemdiagnosticsdesignprocessdesignerclassctorTopic.htm" ismsdn="true" />
    </HelpFolder>
  </HelpFolder>
  <HelpFolder name="ProcessModuleDesigner class" link="ms-help://MS.NETFrameworkSDKv1.1/cpref/html/frlrfsystemdiagnosticsdesignprocessmoduledesignerClassTopic.htm" ismsdn="true">
    <HelpTopic name="ProcessModuleDesigner members" link="ms-help://MS.NETFrameworkSDKv1.1/cpref/html/frlrfsystemdiagnosticsdesignprocessmoduledesignerMembersTopic.htm" ismsdn="true" />
    <HelpFolder name="Constructors" link="ms-help://MS.NETFrameworkSDKv1.1/cpref/html/frlrfsystemdiagnosticsdesignprocessmoduledesignerclassctorTopic.htm" ismsdn="true">
      <HelpTopic name=".ctor()" link="ms-help://MS.NETFrameworkSDKv1.1/cpref/html/frlrfsystemdiagnosticsdesignprocessmoduledesignerclassctorTopic.htm" ismsdn="true" />
    </HelpFolder>
  </HelpFolder>
  <HelpFolder name="ProcessThreadDesigner class" link="ms-help://MS.NETFrameworkSDKv1.1/cpref/html/frlrfsystemdiagnosticsdesignprocessthreaddesignerClassTopic.htm" ismsdn="true">
    <HelpTopic name="ProcessThreadDesigner members" link="ms-help://MS.NETFrameworkSDKv1.1/cpref/html/frlrfsystemdiagnosticsdesignprocessthreaddesignerMembersTopic.htm" ismsdn="true" />
    <HelpFolder name="Constructors" link="ms-help://MS.NETFrameworkSDKv1.1/cpref/html/frlrfsystemdiagnosticsdesignprocessthreaddesignerclassctorTopic.htm" ismsdn="true">
      <HelpTopic name=".ctor()" link="ms-help://MS.NETFrameworkSDKv1.1/cpref/html/frlrfsystemdiagnosticsdesignprocessthreaddesignerclassctorTopic.htm" ismsdn="true" />
    </HelpFolder>
  </HelpFolder>
</HelpCollection>