<HelpCollection>
  <HelpFolder name="AmbiguousMatchException class" link="ms-help://MS.NETFrameworkSDKv1.1/cpref/html/frlrfsystemreflectionambiguousmatchexceptionClassTopic.htm" ismsdn="true">
    <HelpTopic name="AmbiguousMatchException members" link="ms-help://MS.NETFrameworkSDKv1.1/cpref/html/frlrfsystemreflectionambiguousmatchexceptionMembersTopic.htm" ismsdn="true" />
    <HelpFolder name="Constructors" link="ms-help://MS.NETFrameworkSDKv1.1/cpref/html/frlrfsystemreflectionambiguousmatchexceptionclassctorTopic.htm" ismsdn="true">
      <HelpTopic name=".ctor()" link="ms-help://MS.NETFrameworkSDKv1.1/cpref/html/frlrfsystemreflectionambiguousmatchexceptionclassctorTopic1.htm" ismsdn="true" />
      <HelpTopic name=".ctor(System.String)" link="ms-help://MS.NETFrameworkSDKv1.1/cpref/html/frlrfsystemreflectionambiguousmatchexceptionclassctorTopic1.htm" ismsdn="true" />
      <HelpTopic name=".ctor(System.String, System.Exception)" link="ms-help://MS.NETFrameworkSDKv1.1/cpref/html/frlrfsystemreflectionambiguousmatchexceptionclassctorTopic2.htm" ismsdn="true" />
    </HelpFolder>
  </HelpFolder>
  <HelpFolder name="Assembly class" link="ms-help://MS.NETFrameworkSDKv1.1/cpref/html/frlrfsystemreflectionassemblyClassTopic.htm" ismsdn="true">
    <HelpTopic name="Assembly members" link="ms-help://MS.NETFrameworkSDKv1.1/cpref/html/frlrfsystemreflectionassemblyMembersTopic.htm" ismsdn="true" />
    <HelpFolder name="Methods" link="ms-help://MS.NETFrameworkSDKv1.1/cpref/html/frlrfsystemreflectionassemblyMethodsTopic.htm" ismsdn="true">
      <HelpTopic name="GetObjectData(System.Runtime.Serialization.SerializationInfo, System.Runtime.Serialization.StreamingContext)" link="ms-help://MS.NETFrameworkSDKv1.1/cpref/html/frlrfsystemreflectionassemblyclassGetObjectDataTopic.htm" ismsdn="true" />
      <HelpTopic name="IsDefined(System.Type, System.Boolean)" link="ms-help://MS.NETFrameworkSDKv1.1/cpref/html/frlrfsystemreflectionassemblyclassIsDefinedTopic.htm" ismsdn="true" />
      <HelpTopic name="GetCustomAttributes(System.Boolean)" link="ms-help://MS.NETFrameworkSDKv1.1/cpref/html/frlrfsystemreflectionassemblyclassGetCustomAttributesTopic1.htm" ismsdn="true" />
      <HelpTopic name="GetCustomAttributes(System.Type, System.Boolean)" link="ms-help://MS.NETFrameworkSDKv1.1/cpref/html/frlrfsystemreflectionassemblyclassGetCustomAttributesTopic2.htm" ismsdn="true" />
      <HelpTopic name="GetManifestResourceInfo(System.String)" link="ms-help://MS.NETFrameworkSDKv1.1/cpref/html/frlrfsystemreflectionassemblyclassGetManifestResourceInfoTopic.htm" ismsdn="true" />
      <HelpTopic name="GetManifestResourceNames()" link="ms-help://MS.NETFrameworkSDKv1.1/cpref/html/frlrfsystemreflectionassemblyclassGetManifestResourceNamesTopic.htm" ismsdn="true" />
      <HelpTopic name="GetFiles(System.Boolean)" link="ms-help://MS.NETFrameworkSDKv1.1/cpref/html/frlrfsystemreflectionassemblyclassGetFilesTopic1.htm" ismsdn="true" />
      <HelpTopic name="GetFiles()" link="ms-help://MS.NETFrameworkSDKv1.1/cpref/html/frlrfsystemreflectionassemblyclassGetFilesTopic2.htm" ismsdn="true" />
      <HelpTopic name="GetFile(System.String)" link="ms-help://MS.NETFrameworkSDKv1.1/cpref/html/frlrfsystemreflectionassemblyclassGetFileTopic.htm" ismsdn="true" />
      <HelpTopic name="GetManifestResourceStream(System.String)" link="ms-help://MS.NETFrameworkSDKv1.1/cpref/html/frlrfsystemreflectionassemblyclassGetManifestResourceStreamTopic1.htm" ismsdn="true" />
      <HelpTopic name="GetManifestResourceStream(System.Type, System.String)" link="ms-help://MS.NETFrameworkSDKv1.1/cpref/html/frlrfsystemreflectionassemblyclassGetManifestResourceStreamTopic2.htm" ismsdn="true" />
      <HelpTopic name="GetTypes()" link="ms-help://MS.NETFrameworkSDKv1.1/cpref/html/frlrfsystemreflectionassemblyclassGetTypesTopic.htm" ismsdn="true" />
      <HelpTopic name="GetExportedTypes()" link="ms-help://MS.NETFrameworkSDKv1.1/cpref/html/frlrfsystemreflectionassemblyclassGetExportedTypesTopic.htm" ismsdn="true" />
      <HelpTopic name="GetType(System.String, System.Boolean)" link="ms-help://MS.NETFrameworkSDKv1.1/cpref/html/frlrfsystemreflectionassemblyclassGetTypeTopic1.htm" ismsdn="true" />
      <HelpTopic name="GetType(System.String)" link="ms-help://MS.NETFrameworkSDKv1.1/cpref/html/frlrfsystemreflectionassemblyclassGetTypeTopic2.htm" ismsdn="true" />
      <HelpTopic name="GetName(System.Boolean)" link="ms-help://MS.NETFrameworkSDKv1.1/cpref/html/frlrfsystemreflectionassemblyclassGetNameTopic1.htm" ismsdn="true" />
      <HelpTopic name="GetName()" link="ms-help://MS.NETFrameworkSDKv1.1/cpref/html/frlrfsystemreflectionassemblyclassGetNameTopic2.htm" ismsdn="true" />
      <HelpTopic name="ToString()" link="ms-help://MS.NETFrameworkSDKv1.1/cpref/html/frlrfsystemreflectionassemblyclassToStringTopic.htm" ismsdn="true" />
      <HelpTopic name="CreateQualifiedName(System.String, System.String)" link="ms-help://MS.NETFrameworkSDKv1.1/cpref/html/frlrfsystemreflectionassemblyclassCreateQualifiedNameTopic.htm" ismsdn="true" />
      <HelpTopic name="GetAssembly(System.Type)" link="ms-help://MS.NETFrameworkSDKv1.1/cpref/html/frlrfsystemreflectionassemblyclassGetAssemblyTopic.htm" ismsdn="true" />
      <HelpTopic name="GetType(System.String, System.Boolean, System.Boolean)" link="ms-help://MS.NETFrameworkSDKv1.1/cpref/html/frlrfsystemreflectionassemblyclassGetTypeTopic.htm" ismsdn="true" />
      <HelpTopic name="GetSatelliteAssembly(System.Globalization.CultureInfo)" link="ms-help://MS.NETFrameworkSDKv1.1/cpref/html/frlrfsystemreflectionassemblyclassGetSatelliteAssemblyTopic1.htm" ismsdn="true" />
      <HelpTopic name="GetSatelliteAssembly(System.Globalization.CultureInfo, System.Version)" link="ms-help://MS.NETFrameworkSDKv1.1/cpref/html/frlrfsystemreflectionassemblyclassGetSatelliteAssemblyTopic2.htm" ismsdn="true" />
      <HelpTopic name="LoadFrom(System.String)" link="ms-help://MS.NETFrameworkSDKv1.1/cpref/html/frlrfsystemreflectionassemblyclassLoadFromTopic1.htm" ismsdn="true" />
      <HelpTopic name="LoadFrom(System.String, System.Security.Policy.Evidence)" link="ms-help://MS.NETFrameworkSDKv1.1/cpref/html/frlrfsystemreflectionassemblyclassLoadFromTopic2.htm" ismsdn="true" />
      <HelpTopic name="LoadFrom(System.String, System.Security.Policy.Evidence, System.Byte[], System.Configuration.Assemblies.AssemblyHashAlgorithm)" link="ms-help://MS.NETFrameworkSDKv1.1/cpref/html/frlrfsystemreflectionassemblyclassLoadFromTopic3.htm" ismsdn="true" />
      <HelpTopic name="Load(System.String)" link="ms-help://MS.NETFrameworkSDKv1.1/cpref/html/frlrfsystemreflectionassemblyclassLoadTopic1.htm" ismsdn="true" />
      <HelpTopic name="Load(System.String, System.Security.Policy.Evidence)" link="ms-help://MS.NETFrameworkSDKv1.1/cpref/html/frlrfsystemreflectionassemblyclassLoadTopic2.htm" ismsdn="true" />
      <HelpTopic name="Load(System.Reflection.AssemblyName)" link="ms-help://MS.NETFrameworkSDKv1.1/cpref/html/frlrfsystemreflectionassemblyclassLoadTopic3.htm" ismsdn="true" />
      <HelpTopic name="Load(System.Reflection.AssemblyName, System.Security.Policy.Evidence)" link="ms-help://MS.NETFrameworkSDKv1.1/cpref/html/frlrfsystemreflectionassemblyclassLoadTopic4.htm" ismsdn="true" />
      <HelpTopic name="LoadWithPartialName(System.String)" link="ms-help://MS.NETFrameworkSDKv1.1/cpref/html/frlrfsystemreflectionassemblyclassLoadWithPartialNameTopic1.htm" ismsdn="true" />
      <HelpTopic name="LoadWithPartialName(System.String, System.Security.Policy.Evidence)" link="ms-help://MS.NETFrameworkSDKv1.1/cpref/html/frlrfsystemreflectionassemblyclassLoadWithPartialNameTopic2.htm" ismsdn="true" />
      <HelpTopic name="Load(System.Byte[])" link="ms-help://MS.NETFrameworkSDKv1.1/cpref/html/frlrfsystemreflectionassemblyclassLoadTopic1.htm" ismsdn="true" />
      <HelpTopic name="Load(System.Byte[], System.Byte[])" link="ms-help://MS.NETFrameworkSDKv1.1/cpref/html/frlrfsystemreflectionassemblyclassLoadTopic2.htm" ismsdn="true" />
      <HelpTopic name="Load(System.Byte[], System.Byte[], System.Security.Policy.Evidence)" link="ms-help://MS.NETFrameworkSDKv1.1/cpref/html/frlrfsystemreflectionassemblyclassLoadTopic3.htm" ismsdn="true" />
      <HelpTopic name="LoadFile(System.String)" link="ms-help://MS.NETFrameworkSDKv1.1/cpref/html/frlrfsystemreflectionassemblyclassLoadFileTopic1.htm" ismsdn="true" />
      <HelpTopic name="LoadFile(System.String, System.Security.Policy.Evidence)" link="ms-help://MS.NETFrameworkSDKv1.1/cpref/html/frlrfsystemreflectionassemblyclassLoadFileTopic2.htm" ismsdn="true" />
      <HelpTopic name="LoadModule(System.String, System.Byte[])" link="ms-help://MS.NETFrameworkSDKv1.1/cpref/html/frlrfsystemreflectionassemblyclassLoadModuleTopic1.htm" ismsdn="true" />
      <HelpTopic name="LoadModule(System.String, System.Byte[], System.Byte[])" link="ms-help://MS.NETFrameworkSDKv1.1/cpref/html/frlrfsystemreflectionassemblyclassLoadModuleTopic2.htm" ismsdn="true" />
      <HelpTopic name="CreateInstance(System.String)" link="ms-help://MS.NETFrameworkSDKv1.1/cpref/html/frlrfsystemreflectionassemblyclassCreateInstanceTopic1.htm" ismsdn="true" />
      <HelpTopic name="CreateInstance(System.String, System.Boolean)" link="ms-help://MS.NETFrameworkSDKv1.1/cpref/html/frlrfsystemreflectionassemblyclassCreateInstanceTopic2.htm" ismsdn="true" />
      <HelpTopic name="CreateInstance(System.String, System.Boolean, System.Reflection.BindingFlags, System.Reflection.Binder, System.Object[], System.Globalization.CultureInfo, System.Object[])" link="ms-help://MS.NETFrameworkSDKv1.1/cpref/html/frlrfsystemreflectionassemblyclassCreateInstanceTopic3.htm" ismsdn="true" />
      <HelpTopic name="GetLoadedModules()" link="ms-help://MS.NETFrameworkSDKv1.1/cpref/html/frlrfsystemreflectionassemblyclassGetLoadedModulesTopic1.htm" ismsdn="true" />
      <HelpTopic name="GetLoadedModules(System.Boolean)" link="ms-help://MS.NETFrameworkSDKv1.1/cpref/html/frlrfsystemreflectionassemblyclassGetLoadedModulesTopic2.htm" ismsdn="true" />
      <HelpTopic name="GetModules()" link="ms-help://MS.NETFrameworkSDKv1.1/cpref/html/frlrfsystemreflectionassemblyclassGetModulesTopic1.htm" ismsdn="true" />
      <HelpTopic name="GetModules(System.Boolean)" link="ms-help://MS.NETFrameworkSDKv1.1/cpref/html/frlrfsystemreflectionassemblyclassGetModulesTopic2.htm" ismsdn="true" />
      <HelpTopic name="GetModule(System.String)" link="ms-help://MS.NETFrameworkSDKv1.1/cpref/html/frlrfsystemreflectionassemblyclassGetModuleTopic.htm" ismsdn="true" />
      <HelpTopic name="GetExecutingAssembly()" link="ms-help://MS.NETFrameworkSDKv1.1/cpref/html/frlrfsystemreflectionassemblyclassGetExecutingAssemblyTopic.htm" ismsdn="true" />
      <HelpTopic name="GetCallingAssembly()" link="ms-help://MS.NETFrameworkSDKv1.1/cpref/html/frlrfsystemreflectionassemblyclassGetCallingAssemblyTopic.htm" ismsdn="true" />
      <HelpTopic name="GetEntryAssembly()" link="ms-help://MS.NETFrameworkSDKv1.1/cpref/html/frlrfsystemreflectionassemblyclassGetEntryAssemblyTopic.htm" ismsdn="true" />
      <HelpTopic name="GetReferencedAssemblies()" link="ms-help://MS.NETFrameworkSDKv1.1/cpref/html/frlrfsystemreflectionassemblyclassGetReferencedAssembliesTopic.htm" ismsdn="true" />
    </HelpFolder>
    <HelpFolder name="Properties" link="ms-help://MS.NETFrameworkSDKv1.1/cpref/html/frlrfsystemreflectionassemblyPropertiesTopic.htm" ismsdn="true">
      <HelpTopic name="CodeBase" link="ms-help://MS.NETFrameworkSDKv1.1/cpref/html/frlrfsystemreflectionassemblyclassCodeBaseTopic.htm" ismsdn="true" />
      <HelpTopic name="EscapedCodeBase" link="ms-help://MS.NETFrameworkSDKv1.1/cpref/html/frlrfsystemreflectionassemblyclassEscapedCodeBaseTopic.htm" ismsdn="true" />
      <HelpTopic name="FullName" link="ms-help://MS.NETFrameworkSDKv1.1/cpref/html/frlrfsystemreflectionassemblyclassFullNameTopic.htm" ismsdn="true" />
      <HelpTopic name="EntryPoint" link="ms-help://MS.NETFrameworkSDKv1.1/cpref/html/frlrfsystemreflectionassemblyclassEntryPointTopic.htm" ismsdn="true" />
      <HelpTopic name="Evidence" link="ms-help://MS.NETFrameworkSDKv1.1/cpref/html/frlrfsystemreflectionassemblyclassEvidenceTopic.htm" ismsdn="true" />
      <HelpTopic name="Location" link="ms-help://MS.NETFrameworkSDKv1.1/cpref/html/frlrfsystemreflectionassemblyclassLocationTopic.htm" ismsdn="true" />
      <HelpTopic name="ImageRuntimeVersion" link="ms-help://MS.NETFrameworkSDKv1.1/cpref/html/frlrfsystemreflectionassemblyclassImageRuntimeVersionTopic.htm" ismsdn="true" />
      <HelpTopic name="GlobalAssemblyCache" link="ms-help://MS.NETFrameworkSDKv1.1/cpref/html/frlrfsystemreflectionassemblyclassGlobalAssemblyCacheTopic.htm" ismsdn="true" />
    </HelpFolder>
    <HelpFolder name="Events" link="ms-help://MS.NETFrameworkSDKv1.1/cpref/html/frlrfsystemreflectionassemblyEventsTopic.htm" ismsdn="true">
      <HelpTopic name="ModuleResolve" link="ms-help://MS.NETFrameworkSDKv1.1/cpref/html/frlrfsystemreflectionassemblyclassModuleResolveTopic.htm" ismsdn="true" />
    </HelpFolder>
  </HelpFolder>
  <HelpFolder name="AssemblyAlgorithmIdAttribute class" link="ms-help://MS.NETFrameworkSDKv1.1/cpref/html/frlrfsystemreflectionassemblyalgorithmidattributeClassTopic.htm" ismsdn="true">
    <HelpTopic name="AssemblyAlgorithmIdAttribute members" link="ms-help://MS.NETFrameworkSDKv1.1/cpref/html/frlrfsystemreflectionassemblyalgorithmidattributeMembersTopic.htm" ismsdn="true" />
    <HelpFolder name="Constructors" link="ms-help://MS.NETFrameworkSDKv1.1/cpref/html/frlrfsystemreflectionassemblyalgorithmidattributeclassctorTopic.htm" ismsdn="true">
      <HelpTopic name=".ctor(System.Configuration.Assemblies.AssemblyHashAlgorithm)" link="ms-help://MS.NETFrameworkSDKv1.1/cpref/html/frlrfsystemreflectionassemblyalgorithmidattributeclassctorTopic1.htm" ismsdn="true" />
      <HelpTopic name=".ctor(System.UInt32)" link="ms-help://MS.NETFrameworkSDKv1.1/cpref/html/frlrfsystemreflectionassemblyalgorithmidattributeclassctorTopic1.htm" ismsdn="true" />
    </HelpFolder>
    <HelpFolder name="Properties" link="ms-help://MS.NETFrameworkSDKv1.1/cpref/html/frlrfsystemreflectionassemblyalgorithmidattributePropertiesTopic.htm" ismsdn="true">
      <HelpTopic name="AlgorithmId" link="ms-help://MS.NETFrameworkSDKv1.1/cpref/html/frlrfsystemreflectionassemblyalgorithmidattributeclassAlgorithmIdTopic.htm" ismsdn="true" />
    </HelpFolder>
  </HelpFolder>
  <HelpFolder name="AssemblyCompanyAttribute class" link="ms-help://MS.NETFrameworkSDKv1.1/cpref/html/frlrfsystemreflectionassemblycompanyattributeClassTopic.htm" ismsdn="true">
    <HelpTopic name="AssemblyCompanyAttribute members" link="ms-help://MS.NETFrameworkSDKv1.1/cpref/html/frlrfsystemreflectionassemblycompanyattributeMembersTopic.htm" ismsdn="true" />
    <HelpFolder name="Constructors" link="ms-help://MS.NETFrameworkSDKv1.1/cpref/html/frlrfsystemreflectionassemblycompanyattributeclassctorTopic.htm" ismsdn="true">
      <HelpTopic name=".ctor(System.String)" link="ms-help://MS.NETFrameworkSDKv1.1/cpref/html/frlrfsystemreflectionassemblycompanyattributeclassctorTopic.htm" ismsdn="true" />
    </HelpFolder>
    <HelpFolder name="Properties" link="ms-help://MS.NETFrameworkSDKv1.1/cpref/html/frlrfsystemreflectionassemblycompanyattributePropertiesTopic.htm" ismsdn="true">
      <HelpTopic name="Company" link="ms-help://MS.NETFrameworkSDKv1.1/cpref/html/frlrfsystemreflectionassemblycompanyattributeclassCompanyTopic.htm" ismsdn="true" />
    </HelpFolder>
  </HelpFolder>
  <HelpFolder name="AssemblyConfigurationAttribute class" link="ms-help://MS.NETFrameworkSDKv1.1/cpref/html/frlrfsystemreflectionassemblyconfigurationattributeClassTopic.htm" ismsdn="true">
    <HelpTopic name="AssemblyConfigurationAttribute members" link="ms-help://MS.NETFrameworkSDKv1.1/cpref/html/frlrfsystemreflectionassemblyconfigurationattributeMembersTopic.htm" ismsdn="true" />
    <HelpFolder name="Constructors" link="ms-help://MS.NETFrameworkSDKv1.1/cpref/html/frlrfsystemreflectionassemblyconfigurationattributeclassctorTopic.htm" ismsdn="true">
      <HelpTopic name=".ctor(System.String)" link="ms-help://MS.NETFrameworkSDKv1.1/cpref/html/frlrfsystemreflectionassemblyconfigurationattributeclassctorTopic.htm" ismsdn="true" />
    </HelpFolder>
    <HelpFolder name="Properties" link="ms-help://MS.NETFrameworkSDKv1.1/cpref/html/frlrfsystemreflectionassemblyconfigurationattributePropertiesTopic.htm" ismsdn="true">
      <HelpTopic name="Configuration" link="ms-help://MS.NETFrameworkSDKv1.1/cpref/html/frlrfsystemreflectionassemblyconfigurationattributeclassConfigurationTopic.htm" ismsdn="true" />
    </HelpFolder>
  </HelpFolder>
  <HelpFolder name="AssemblyCopyrightAttribute class" link="ms-help://MS.NETFrameworkSDKv1.1/cpref/html/frlrfsystemreflectionassemblycopyrightattributeClassTopic.htm" ismsdn="true">
    <HelpTopic name="AssemblyCopyrightAttribute members" link="ms-help://MS.NETFrameworkSDKv1.1/cpref/html/frlrfsystemreflectionassemblycopyrightattributeMembersTopic.htm" ismsdn="true" />
    <HelpFolder name="Constructors" link="ms-help://MS.NETFrameworkSDKv1.1/cpref/html/frlrfsystemreflectionassemblycopyrightattributeclassctorTopic.htm" ismsdn="true">
      <HelpTopic name=".ctor(System.String)" link="ms-help://MS.NETFrameworkSDKv1.1/cpref/html/frlrfsystemreflectionassemblycopyrightattributeclassctorTopic.htm" ismsdn="true" />
    </HelpFolder>
    <HelpFolder name="Properties" link="ms-help://MS.NETFrameworkSDKv1.1/cpref/html/frlrfsystemreflectionassemblycopyrightattributePropertiesTopic.htm" ismsdn="true">
      <HelpTopic name="Copyright" link="ms-help://MS.NETFrameworkSDKv1.1/cpref/html/frlrfsystemreflectionassemblycopyrightattributeclassCopyrightTopic.htm" ismsdn="true" />
    </HelpFolder>
  </HelpFolder>
  <HelpFolder name="AssemblyCultureAttribute class" link="ms-help://MS.NETFrameworkSDKv1.1/cpref/html/frlrfsystemreflectionassemblycultureattributeClassTopic.htm" ismsdn="true">
    <HelpTopic name="AssemblyCultureAttribute members" link="ms-help://MS.NETFrameworkSDKv1.1/cpref/html/frlrfsystemreflectionassemblycultureattributeMembersTopic.htm" ismsdn="true" />
    <HelpFolder name="Constructors" link="ms-help://MS.NETFrameworkSDKv1.1/cpref/html/frlrfsystemreflectionassemblycultureattributeclassctorTopic.htm" ismsdn="true">
      <HelpTopic name=".ctor(System.String)" link="ms-help://MS.NETFrameworkSDKv1.1/cpref/html/frlrfsystemreflectionassemblycultureattributeclassctorTopic.htm" ismsdn="true" />
    </HelpFolder>
    <HelpFolder name="Properties" link="ms-help://MS.NETFrameworkSDKv1.1/cpref/html/frlrfsystemreflectionassemblycultureattributePropertiesTopic.htm" ismsdn="true">
      <HelpTopic name="Culture" link="ms-help://MS.NETFrameworkSDKv1.1/cpref/html/frlrfsystemreflectionassemblycultureattributeclassCultureTopic.htm" ismsdn="true" />
    </HelpFolder>
  </HelpFolder>
  <HelpFolder name="AssemblyDefaultAliasAttribute class" link="ms-help://MS.NETFrameworkSDKv1.1/cpref/html/frlrfsystemreflectionassemblydefaultaliasattributeClassTopic.htm" ismsdn="true">
    <HelpTopic name="AssemblyDefaultAliasAttribute members" link="ms-help://MS.NETFrameworkSDKv1.1/cpref/html/frlrfsystemreflectionassemblydefaultaliasattributeMembersTopic.htm" ismsdn="true" />
    <HelpFolder name="Constructors" link="ms-help://MS.NETFrameworkSDKv1.1/cpref/html/frlrfsystemreflectionassemblydefaultaliasattributeclassctorTopic.htm" ismsdn="true">
      <HelpTopic name=".ctor(System.String)" link="ms-help://MS.NETFrameworkSDKv1.1/cpref/html/frlrfsystemreflectionassemblydefaultaliasattributeclassctorTopic.htm" ismsdn="true" />
    </HelpFolder>
    <HelpFolder name="Properties" link="ms-help://MS.NETFrameworkSDKv1.1/cpref/html/frlrfsystemreflectionassemblydefaultaliasattributePropertiesTopic.htm" ismsdn="true">
      <HelpTopic name="DefaultAlias" link="ms-help://MS.NETFrameworkSDKv1.1/cpref/html/frlrfsystemreflectionassemblydefaultaliasattributeclassDefaultAliasTopic.htm" ismsdn="true" />
    </HelpFolder>
  </HelpFolder>
  <HelpFolder name="AssemblyDelaySignAttribute class" link="ms-help://MS.NETFrameworkSDKv1.1/cpref/html/frlrfsystemreflectionassemblydelaysignattributeClassTopic.htm" ismsdn="true">
    <HelpTopic name="AssemblyDelaySignAttribute members" link="ms-help://MS.NETFrameworkSDKv1.1/cpref/html/frlrfsystemreflectionassemblydelaysignattributeMembersTopic.htm" ismsdn="true" />
    <HelpFolder name="Constructors" link="ms-help://MS.NETFrameworkSDKv1.1/cpref/html/frlrfsystemreflectionassemblydelaysignattributeclassctorTopic.htm" ismsdn="true">
      <HelpTopic name=".ctor(System.Boolean)" link="ms-help://MS.NETFrameworkSDKv1.1/cpref/html/frlrfsystemreflectionassemblydelaysignattributeclassctorTopic.htm" ismsdn="true" />
    </HelpFolder>
    <HelpFolder name="Properties" link="ms-help://MS.NETFrameworkSDKv1.1/cpref/html/frlrfsystemreflectionassemblydelaysignattributePropertiesTopic.htm" ismsdn="true">
      <HelpTopic name="DelaySign" link="ms-help://MS.NETFrameworkSDKv1.1/cpref/html/frlrfsystemreflectionassemblydelaysignattributeclassDelaySignTopic.htm" ismsdn="true" />
    </HelpFolder>
  </HelpFolder>
  <HelpFolder name="AssemblyDescriptionAttribute class" link="ms-help://MS.NETFrameworkSDKv1.1/cpref/html/frlrfsystemreflectionassemblydescriptionattributeClassTopic.htm" ismsdn="true">
    <HelpTopic name="AssemblyDescriptionAttribute members" link="ms-help://MS.NETFrameworkSDKv1.1/cpref/html/frlrfsystemreflectionassemblydescriptionattributeMembersTopic.htm" ismsdn="true" />
    <HelpFolder name="Constructors" link="ms-help://MS.NETFrameworkSDKv1.1/cpref/html/frlrfsystemreflectionassemblydescriptionattributeclassctorTopic.htm" ismsdn="true">
      <HelpTopic name=".ctor(System.String)" link="ms-help://MS.NETFrameworkSDKv1.1/cpref/html/frlrfsystemreflectionassemblydescriptionattributeclassctorTopic.htm" ismsdn="true" />
    </HelpFolder>
    <HelpFolder name="Properties" link="ms-help://MS.NETFrameworkSDKv1.1/cpref/html/frlrfsystemreflectionassemblydescriptionattributePropertiesTopic.htm" ismsdn="true">
      <HelpTopic name="Description" link="ms-help://MS.NETFrameworkSDKv1.1/cpref/html/frlrfsystemreflectionassemblydescriptionattributeclassDescriptionTopic.htm" ismsdn="true" />
    </HelpFolder>
  </HelpFolder>
  <HelpFolder name="AssemblyFileVersionAttribute class" link="ms-help://MS.NETFrameworkSDKv1.1/cpref/html/frlrfsystemreflectionassemblyfileversionattributeClassTopic.htm" ismsdn="true">
    <HelpTopic name="AssemblyFileVersionAttribute members" link="ms-help://MS.NETFrameworkSDKv1.1/cpref/html/frlrfsystemreflectionassemblyfileversionattributeMembersTopic.htm" ismsdn="true" />
    <HelpFolder name="Constructors" link="ms-help://MS.NETFrameworkSDKv1.1/cpref/html/frlrfsystemreflectionassemblyfileversionattributeclassctorTopic.htm" ismsdn="true">
      <HelpTopic name=".ctor(System.String)" link="ms-help://MS.NETFrameworkSDKv1.1/cpref/html/frlrfsystemreflectionassemblyfileversionattributeclassctorTopic.htm" ismsdn="true" />
    </HelpFolder>
    <HelpFolder name="Properties" link="ms-help://MS.NETFrameworkSDKv1.1/cpref/html/frlrfsystemreflectionassemblyfileversionattributePropertiesTopic.htm" ismsdn="true">
      <HelpTopic name="Version" link="ms-help://MS.NETFrameworkSDKv1.1/cpref/html/frlrfsystemreflectionassemblyfileversionattributeclassVersionTopic.htm" ismsdn="true" />
    </HelpFolder>
  </HelpFolder>
  <HelpFolder name="AssemblyFlagsAttribute class" link="ms-help://MS.NETFrameworkSDKv1.1/cpref/html/frlrfsystemreflectionassemblyflagsattributeClassTopic.htm" ismsdn="true">
    <HelpTopic name="AssemblyFlagsAttribute members" link="ms-help://MS.NETFrameworkSDKv1.1/cpref/html/frlrfsystemreflectionassemblyflagsattributeMembersTopic.htm" ismsdn="true" />
    <HelpFolder name="Constructors" link="ms-help://MS.NETFrameworkSDKv1.1/cpref/html/frlrfsystemreflectionassemblyflagsattributeclassctorTopic.htm" ismsdn="true">
      <HelpTopic name=".ctor(System.UInt32)" link="ms-help://MS.NETFrameworkSDKv1.1/cpref/html/frlrfsystemreflectionassemblyflagsattributeclassctorTopic1.htm" ismsdn="true" />
      <HelpTopic name=".ctor(System.Int32)" link="ms-help://MS.NETFrameworkSDKv1.1/cpref/html/frlrfsystemreflectionassemblyflagsattributeclassctorTopic1.htm" ismsdn="true" />
    </HelpFolder>
    <HelpFolder name="Properties" link="ms-help://MS.NETFrameworkSDKv1.1/cpref/html/frlrfsystemreflectionassemblyflagsattributePropertiesTopic.htm" ismsdn="true">
      <HelpTopic name="Flags" link="ms-help://MS.NETFrameworkSDKv1.1/cpref/html/frlrfsystemreflectionassemblyflagsattributeclassFlagsTopic.htm" ismsdn="true" />
      <HelpTopic name="AssemblyFlags" link="ms-help://MS.NETFrameworkSDKv1.1/cpref/html/frlrfsystemreflectionassemblyflagsattributeclassAssemblyFlagsTopic.htm" ismsdn="true" />
    </HelpFolder>
  </HelpFolder>
  <HelpFolder name="AssemblyInformationalVersionAttribute class" link="ms-help://MS.NETFrameworkSDKv1.1/cpref/html/frlrfsystemreflectionassemblyinformationalversionattributeClassTopic.htm" ismsdn="true">
    <HelpTopic name="AssemblyInformationalVersionAttribute members" link="ms-help://MS.NETFrameworkSDKv1.1/cpref/html/frlrfsystemreflectionassemblyinformationalversionattributeMembersTopic.htm" ismsdn="true" />
    <HelpFolder name="Constructors" link="ms-help://MS.NETFrameworkSDKv1.1/cpref/html/frlrfsystemreflectionassemblyinformationalversionattributeclassctorTopic.htm" ismsdn="true">
      <HelpTopic name=".ctor(System.String)" link="ms-help://MS.NETFrameworkSDKv1.1/cpref/html/frlrfsystemreflectionassemblyinformationalversionattributeclassctorTopic.htm" ismsdn="true" />
    </HelpFolder>
    <HelpFolder name="Properties" link="ms-help://MS.NETFrameworkSDKv1.1/cpref/html/frlrfsystemreflectionassemblyinformationalversionattributePropertiesTopic.htm" ismsdn="true">
      <HelpTopic name="InformationalVersion" link="ms-help://MS.NETFrameworkSDKv1.1/cpref/html/frlrfsystemreflectionassemblyinformationalversionattributeclassInformationalVersionTopic.htm" ismsdn="true" />
    </HelpFolder>
  </HelpFolder>
  <HelpFolder name="AssemblyKeyFileAttribute class" link="ms-help://MS.NETFrameworkSDKv1.1/cpref/html/frlrfsystemreflectionassemblykeyfileattributeClassTopic.htm" ismsdn="true">
    <HelpTopic name="AssemblyKeyFileAttribute members" link="ms-help://MS.NETFrameworkSDKv1.1/cpref/html/frlrfsystemreflectionassemblykeyfileattributeMembersTopic.htm" ismsdn="true" />
    <HelpFolder name="Constructors" link="ms-help://MS.NETFrameworkSDKv1.1/cpref/html/frlrfsystemreflectionassemblykeyfileattributeclassctorTopic.htm" ismsdn="true">
      <HelpTopic name=".ctor(System.String)" link="ms-help://MS.NETFrameworkSDKv1.1/cpref/html/frlrfsystemreflectionassemblykeyfileattributeclassctorTopic.htm" ismsdn="true" />
    </HelpFolder>
    <HelpFolder name="Properties" link="ms-help://MS.NETFrameworkSDKv1.1/cpref/html/frlrfsystemreflectionassemblykeyfileattributePropertiesTopic.htm" ismsdn="true">
      <HelpTopic name="KeyFile" link="ms-help://MS.NETFrameworkSDKv1.1/cpref/html/frlrfsystemreflectionassemblykeyfileattributeclassKeyFileTopic.htm" ismsdn="true" />
    </HelpFolder>
  </HelpFolder>
  <HelpFolder name="AssemblyKeyNameAttribute class" link="ms-help://MS.NETFrameworkSDKv1.1/cpref/html/frlrfsystemreflectionassemblykeynameattributeClassTopic.htm" ismsdn="true">
    <HelpTopic name="AssemblyKeyNameAttribute members" link="ms-help://MS.NETFrameworkSDKv1.1/cpref/html/frlrfsystemreflectionassemblykeynameattributeMembersTopic.htm" ismsdn="true" />
    <HelpFolder name="Constructors" link="ms-help://MS.NETFrameworkSDKv1.1/cpref/html/frlrfsystemreflectionassemblykeynameattributeclassctorTopic.htm" ismsdn="true">
      <HelpTopic name=".ctor(System.String)" link="ms-help://MS.NETFrameworkSDKv1.1/cpref/html/frlrfsystemreflectionassemblykeynameattributeclassctorTopic.htm" ismsdn="true" />
    </HelpFolder>
    <HelpFolder name="Properties" link="ms-help://MS.NETFrameworkSDKv1.1/cpref/html/frlrfsystemreflectionassemblykeynameattributePropertiesTopic.htm" ismsdn="true">
      <HelpTopic name="KeyName" link="ms-help://MS.NETFrameworkSDKv1.1/cpref/html/frlrfsystemreflectionassemblykeynameattributeclassKeyNameTopic.htm" ismsdn="true" />
    </HelpFolder>
  </HelpFolder>
  <HelpFolder name="AssemblyName class" link="ms-help://MS.NETFrameworkSDKv1.1/cpref/html/frlrfsystemreflectionassemblynameClassTopic.htm" ismsdn="true">
    <HelpTopic name="AssemblyName members" link="ms-help://MS.NETFrameworkSDKv1.1/cpref/html/frlrfsystemreflectionassemblynameMembersTopic.htm" ismsdn="true" />
    <HelpFolder name="Constructors" link="ms-help://MS.NETFrameworkSDKv1.1/cpref/html/frlrfsystemreflectionassemblynameclassctorTopic.htm" ismsdn="true">
      <HelpTopic name=".ctor()" link="ms-help://MS.NETFrameworkSDKv1.1/cpref/html/frlrfsystemreflectionassemblynameclassctorTopic.htm" ismsdn="true" />
    </HelpFolder>
    <HelpFolder name="Methods" link="ms-help://MS.NETFrameworkSDKv1.1/cpref/html/frlrfsystemreflectionassemblynameMethodsTopic.htm" ismsdn="true">
      <HelpTopic name="OnDeserialization(System.Object)" link="ms-help://MS.NETFrameworkSDKv1.1/cpref/html/frlrfsystemreflectionassemblynameclassOnDeserializationTopic.htm" ismsdn="true" />
      <HelpTopic name="GetObjectData(System.Runtime.Serialization.SerializationInfo, System.Runtime.Serialization.StreamingContext)" link="ms-help://MS.NETFrameworkSDKv1.1/cpref/html/frlrfsystemreflectionassemblynameclassGetObjectDataTopic.htm" ismsdn="true" />
      <HelpTopic name="Clone()" link="ms-help://MS.NETFrameworkSDKv1.1/cpref/html/frlrfsystemreflectionassemblynameclassCloneTopic.htm" ismsdn="true" />
      <HelpTopic name="ToString()" link="ms-help://MS.NETFrameworkSDKv1.1/cpref/html/frlrfsystemreflectionassemblynameclassToStringTopic.htm" ismsdn="true" />
      <HelpTopic name="GetAssemblyName(System.String)" link="ms-help://MS.NETFrameworkSDKv1.1/cpref/html/frlrfsystemreflectionassemblynameclassGetAssemblyNameTopic.htm" ismsdn="true" />
      <HelpTopic name="GetPublicKey()" link="ms-help://MS.NETFrameworkSDKv1.1/cpref/html/frlrfsystemreflectionassemblynameclassGetPublicKeyTopic.htm" ismsdn="true" />
      <HelpTopic name="SetPublicKey(System.Byte[])" link="ms-help://MS.NETFrameworkSDKv1.1/cpref/html/frlrfsystemreflectionassemblynameclassSetPublicKeyTopic.htm" ismsdn="true" />
      <HelpTopic name="GetPublicKeyToken()" link="ms-help://MS.NETFrameworkSDKv1.1/cpref/html/frlrfsystemreflectionassemblynameclassGetPublicKeyTokenTopic.htm" ismsdn="true" />
      <HelpTopic name="SetPublicKeyToken(System.Byte[])" link="ms-help://MS.NETFrameworkSDKv1.1/cpref/html/frlrfsystemreflectionassemblynameclassSetPublicKeyTokenTopic.htm" ismsdn="true" />
    </HelpFolder>
    <HelpFolder name="Properties" link="ms-help://MS.NETFrameworkSDKv1.1/cpref/html/frlrfsystemreflectionassemblynamePropertiesTopic.htm" ismsdn="true">
      <HelpTopic name="Name" link="ms-help://MS.NETFrameworkSDKv1.1/cpref/html/frlrfsystemreflectionassemblynameclassNameTopic.htm" ismsdn="true" />
      <HelpTopic name="Version" link="ms-help://MS.NETFrameworkSDKv1.1/cpref/html/frlrfsystemreflectionassemblynameclassVersionTopic.htm" ismsdn="true" />
      <HelpTopic name="CultureInfo" link="ms-help://MS.NETFrameworkSDKv1.1/cpref/html/frlrfsystemreflectionassemblynameclassCultureInfoTopic.htm" ismsdn="true" />
      <HelpTopic name="CodeBase" link="ms-help://MS.NETFrameworkSDKv1.1/cpref/html/frlrfsystemreflectionassemblynameclassCodeBaseTopic.htm" ismsdn="true" />
      <HelpTopic name="EscapedCodeBase" link="ms-help://MS.NETFrameworkSDKv1.1/cpref/html/frlrfsystemreflectionassemblynameclassEscapedCodeBaseTopic.htm" ismsdn="true" />
      <HelpTopic name="Flags" link="ms-help://MS.NETFrameworkSDKv1.1/cpref/html/frlrfsystemreflectionassemblynameclassFlagsTopic.htm" ismsdn="true" />
      <HelpTopic name="HashAlgorithm" link="ms-help://MS.NETFrameworkSDKv1.1/cpref/html/frlrfsystemreflectionassemblynameclassHashAlgorithmTopic.htm" ismsdn="true" />
      <HelpTopic name="VersionCompatibility" link="ms-help://MS.NETFrameworkSDKv1.1/cpref/html/frlrfsystemreflectionassemblynameclassVersionCompatibilityTopic.htm" ismsdn="true" />
      <HelpTopic name="KeyPair" link="ms-help://MS.NETFrameworkSDKv1.1/cpref/html/frlrfsystemreflectionassemblynameclassKeyPairTopic.htm" ismsdn="true" />
      <HelpTopic name="FullName" link="ms-help://MS.NETFrameworkSDKv1.1/cpref/html/frlrfsystemreflectionassemblynameclassFullNameTopic.htm" ismsdn="true" />
    </HelpFolder>
  </HelpFolder>
  <HelpTopic name="AssemblyNameFlags enumeration" link="ms-help://MS.NETFrameworkSDKv1.1/cpref/html/frlrfsystemreflectionassemblynameflagsClassTopic.htm" ismsdn="true" />
  <HelpFolder name="AssemblyNameProxy class" link="ms-help://MS.NETFrameworkSDKv1.1/cpref/html/frlrfsystemreflectionassemblynameproxyClassTopic.htm" ismsdn="true">
    <HelpTopic name="AssemblyNameProxy members" link="ms-help://MS.NETFrameworkSDKv1.1/cpref/html/frlrfsystemreflectionassemblynameproxyMembersTopic.htm" ismsdn="true" />
    <HelpFolder name="Constructors" link="ms-help://MS.NETFrameworkSDKv1.1/cpref/html/frlrfsystemreflectionassemblynameproxyclassctorTopic.htm" ismsdn="true">
      <HelpTopic name=".ctor()" link="ms-help://MS.NETFrameworkSDKv1.1/cpref/html/frlrfsystemreflectionassemblynameproxyclassctorTopic.htm" ismsdn="true" />
    </HelpFolder>
    <HelpFolder name="Methods" link="ms-help://MS.NETFrameworkSDKv1.1/cpref/html/frlrfsystemreflectionassemblynameproxyMethodsTopic.htm" ismsdn="true">
      <HelpTopic name="GetAssemblyName(System.String)" link="ms-help://MS.NETFrameworkSDKv1.1/cpref/html/frlrfsystemreflectionassemblynameproxyclassGetAssemblyNameTopic.htm" ismsdn="true" />
    </HelpFolder>
  </HelpFolder>
  <HelpFolder name="AssemblyProductAttribute class" link="ms-help://MS.NETFrameworkSDKv1.1/cpref/html/frlrfsystemreflectionassemblyproductattributeClassTopic.htm" ismsdn="true">
    <HelpTopic name="AssemblyProductAttribute members" link="ms-help://MS.NETFrameworkSDKv1.1/cpref/html/frlrfsystemreflectionassemblyproductattributeMembersTopic.htm" ismsdn="true" />
    <HelpFolder name="Constructors" link="ms-help://MS.NETFrameworkSDKv1.1/cpref/html/frlrfsystemreflectionassemblyproductattributeclassctorTopic.htm" ismsdn="true">
      <HelpTopic name=".ctor(System.String)" link="ms-help://MS.NETFrameworkSDKv1.1/cpref/html/frlrfsystemreflectionassemblyproductattributeclassctorTopic.htm" ismsdn="true" />
    </HelpFolder>
    <HelpFolder name="Properties" link="ms-help://MS.NETFrameworkSDKv1.1/cpref/html/frlrfsystemreflectionassemblyproductattributePropertiesTopic.htm" ismsdn="true">
      <HelpTopic name="Product" link="ms-help://MS.NETFrameworkSDKv1.1/cpref/html/frlrfsystemreflectionassemblyproductattributeclassProductTopic.htm" ismsdn="true" />
    </HelpFolder>
  </HelpFolder>
  <HelpFolder name="AssemblyTitleAttribute class" link="ms-help://MS.NETFrameworkSDKv1.1/cpref/html/frlrfsystemreflectionassemblytitleattributeClassTopic.htm" ismsdn="true">
    <HelpTopic name="AssemblyTitleAttribute members" link="ms-help://MS.NETFrameworkSDKv1.1/cpref/html/frlrfsystemreflectionassemblytitleattributeMembersTopic.htm" ismsdn="true" />
    <HelpFolder name="Constructors" link="ms-help://MS.NETFrameworkSDKv1.1/cpref/html/frlrfsystemreflectionassemblytitleattributeclassctorTopic.htm" ismsdn="true">
      <HelpTopic name=".ctor(System.String)" link="ms-help://MS.NETFrameworkSDKv1.1/cpref/html/frlrfsystemreflectionassemblytitleattributeclassctorTopic.htm" ismsdn="true" />
    </HelpFolder>
    <HelpFolder name="Properties" link="ms-help://MS.NETFrameworkSDKv1.1/cpref/html/frlrfsystemreflectionassemblytitleattributePropertiesTopic.htm" ismsdn="true">
      <HelpTopic name="Title" link="ms-help://MS.NETFrameworkSDKv1.1/cpref/html/frlrfsystemreflectionassemblytitleattributeclassTitleTopic.htm" ismsdn="true" />
    </HelpFolder>
  </HelpFolder>
  <HelpFolder name="AssemblyTrademarkAttribute class" link="ms-help://MS.NETFrameworkSDKv1.1/cpref/html/frlrfsystemreflectionassemblytrademarkattributeClassTopic.htm" ismsdn="true">
    <HelpTopic name="AssemblyTrademarkAttribute members" link="ms-help://MS.NETFrameworkSDKv1.1/cpref/html/frlrfsystemreflectionassemblytrademarkattributeMembersTopic.htm" ismsdn="true" />
    <HelpFolder name="Constructors" link="ms-help://MS.NETFrameworkSDKv1.1/cpref/html/frlrfsystemreflectionassemblytrademarkattributeclassctorTopic.htm" ismsdn="true">
      <HelpTopic name=".ctor(System.String)" link="ms-help://MS.NETFrameworkSDKv1.1/cpref/html/frlrfsystemreflectionassemblytrademarkattributeclassctorTopic.htm" ismsdn="true" />
    </HelpFolder>
    <HelpFolder name="Properties" link="ms-help://MS.NETFrameworkSDKv1.1/cpref/html/frlrfsystemreflectionassemblytrademarkattributePropertiesTopic.htm" ismsdn="true">
      <HelpTopic name="Trademark" link="ms-help://MS.NETFrameworkSDKv1.1/cpref/html/frlrfsystemreflectionassemblytrademarkattributeclassTrademarkTopic.htm" ismsdn="true" />
    </HelpFolder>
  </HelpFolder>
  <HelpFolder name="AssemblyVersionAttribute class" link="ms-help://MS.NETFrameworkSDKv1.1/cpref/html/frlrfsystemreflectionassemblyversionattributeClassTopic.htm" ismsdn="true">
    <HelpTopic name="AssemblyVersionAttribute members" link="ms-help://MS.NETFrameworkSDKv1.1/cpref/html/frlrfsystemreflectionassemblyversionattributeMembersTopic.htm" ismsdn="true" />
    <HelpFolder name="Constructors" link="ms-help://MS.NETFrameworkSDKv1.1/cpref/html/frlrfsystemreflectionassemblyversionattributeclassctorTopic.htm" ismsdn="true">
      <HelpTopic name=".ctor(System.String)" link="ms-help://MS.NETFrameworkSDKv1.1/cpref/html/frlrfsystemreflectionassemblyversionattributeclassctorTopic.htm" ismsdn="true" />
    </HelpFolder>
    <HelpFolder name="Properties" link="ms-help://MS.NETFrameworkSDKv1.1/cpref/html/frlrfsystemreflectionassemblyversionattributePropertiesTopic.htm" ismsdn="true">
      <HelpTopic name="Version" link="ms-help://MS.NETFrameworkSDKv1.1/cpref/html/frlrfsystemreflectionassemblyversionattributeclassVersionTopic.htm" ismsdn="true" />
    </HelpFolder>
  </HelpFolder>
  <HelpFolder name="Binder class" link="ms-help://MS.NETFrameworkSDKv1.1/cpref/html/frlrfsystemreflectionbinderClassTopic.htm" ismsdn="true">
    <HelpTopic name="Binder members" link="ms-help://MS.NETFrameworkSDKv1.1/cpref/html/frlrfsystemreflectionbinderMembersTopic.htm" ismsdn="true" />
    <HelpFolder name="Methods" link="ms-help://MS.NETFrameworkSDKv1.1/cpref/html/frlrfsystemreflectionbinderMethodsTopic.htm" ismsdn="true">
      <HelpTopic name="ReorderArgumentArray(System.Object[]&amp;, System.Object)" link="ms-help://MS.NETFrameworkSDKv1.1/cpref/html/frlrfsystemreflectionbinderclassReorderArgumentArrayTopic.htm" ismsdn="true" />
      <HelpTopic name="ChangeType(System.Object, System.Type, System.Globalization.CultureInfo)" link="ms-help://MS.NETFrameworkSDKv1.1/cpref/html/frlrfsystemreflectionbinderclassChangeTypeTopic.htm" ismsdn="true" />
      <HelpTopic name="SelectProperty(System.Reflection.BindingFlags, System.Reflection.PropertyInfo[], System.Type, System.Type[], System.Reflection.ParameterModifier[])" link="ms-help://MS.NETFrameworkSDKv1.1/cpref/html/frlrfsystemreflectionbinderclassSelectPropertyTopic.htm" ismsdn="true" />
      <HelpTopic name="SelectMethod(System.Reflection.BindingFlags, System.Reflection.MethodBase[], System.Type[], System.Reflection.ParameterModifier[])" link="ms-help://MS.NETFrameworkSDKv1.1/cpref/html/frlrfsystemreflectionbinderclassSelectMethodTopic.htm" ismsdn="true" />
      <HelpTopic name="BindToField(System.Reflection.BindingFlags, System.Reflection.FieldInfo[], System.Object, System.Globalization.CultureInfo)" link="ms-help://MS.NETFrameworkSDKv1.1/cpref/html/frlrfsystemreflectionbinderclassBindToFieldTopic.htm" ismsdn="true" />
      <HelpTopic name="BindToMethod(System.Reflection.BindingFlags, System.Reflection.MethodBase[], System.Object[]&amp;, System.Reflection.ParameterModifier[], System.Globalization.CultureInfo, System.String[], System.Object&amp;)" link="ms-help://MS.NETFrameworkSDKv1.1/cpref/html/frlrfsystemreflectionbinderclassBindToMethodTopic.htm" ismsdn="true" />
    </HelpFolder>
  </HelpFolder>
  <HelpTopic name="BindingFlags enumeration" link="ms-help://MS.NETFrameworkSDKv1.1/cpref/html/frlrfsystemreflectionbindingflagsClassTopic.htm" ismsdn="true" />
  <HelpTopic name="CallingConventions enumeration" link="ms-help://MS.NETFrameworkSDKv1.1/cpref/html/frlrfsystemreflectioncallingconventionsClassTopic.htm" ismsdn="true" />
  <HelpFolder name="ConstructorInfo class" link="ms-help://MS.NETFrameworkSDKv1.1/cpref/html/frlrfsystemreflectionconstructorinfoClassTopic.htm" ismsdn="true">
    <HelpTopic name="ConstructorInfo members" link="ms-help://MS.NETFrameworkSDKv1.1/cpref/html/frlrfsystemreflectionconstructorinfoMembersTopic.htm" ismsdn="true" />
    <HelpFolder name="Fields" link="ms-help://MS.NETFrameworkSDKv1.1/cpref/html/frlrfsystemreflectionconstructorinfoFieldsTopic.htm" ismsdn="true">
      <HelpTopic name="ConstructorName" link="ms-help://MS.NETFrameworkSDKv1.1/cpref/html/frlrfsystemreflectionconstructorinfoclassConstructorNameTopic.htm" ismsdn="true" />
      <HelpTopic name="TypeConstructorName" link="ms-help://MS.NETFrameworkSDKv1.1/cpref/html/frlrfsystemreflectionconstructorinfoclassTypeConstructorNameTopic.htm" ismsdn="true" />
    </HelpFolder>
    <HelpFolder name="Methods" link="ms-help://MS.NETFrameworkSDKv1.1/cpref/html/frlrfsystemreflectionconstructorinfoMethodsTopic.htm" ismsdn="true">
      <HelpTopic name="Invoke(System.Reflection.BindingFlags, System.Reflection.Binder, System.Object[], System.Globalization.CultureInfo)" link="ms-help://MS.NETFrameworkSDKv1.1/cpref/html/frlrfsystemreflectionconstructorinfoclassInvokeTopic.htm" ismsdn="true" />
      <HelpTopic name="Invoke(System.Object[])" link="ms-help://MS.NETFrameworkSDKv1.1/cpref/html/frlrfsystemreflectionconstructorinfoclassInvokeTopic.htm" ismsdn="true" />
    </HelpFolder>
    <HelpFolder name="Properties" link="ms-help://MS.NETFrameworkSDKv1.1/cpref/html/frlrfsystemreflectionconstructorinfoPropertiesTopic.htm" ismsdn="true">
      <HelpTopic name="MemberType" link="ms-help://MS.NETFrameworkSDKv1.1/cpref/html/frlrfsystemreflectionconstructorinfoclassMemberTypeTopic.htm" ismsdn="true" />
    </HelpFolder>
  </HelpFolder>
  <HelpFolder name="CustomAttributeFormatException class" link="ms-help://MS.NETFrameworkSDKv1.1/cpref/html/frlrfsystemreflectioncustomattributeformatexceptionClassTopic.htm" ismsdn="true">
    <HelpTopic name="CustomAttributeFormatException members" link="ms-help://MS.NETFrameworkSDKv1.1/cpref/html/frlrfsystemreflectioncustomattributeformatexceptionMembersTopic.htm" ismsdn="true" />
    <HelpFolder name="Constructors" link="ms-help://MS.NETFrameworkSDKv1.1/cpref/html/frlrfsystemreflectioncustomattributeformatexceptionclassctorTopic.htm" ismsdn="true">
      <HelpTopic name=".ctor()" link="ms-help://MS.NETFrameworkSDKv1.1/cpref/html/frlrfsystemreflectioncustomattributeformatexceptionclassctorTopic1.htm" ismsdn="true" />
      <HelpTopic name=".ctor(System.String)" link="ms-help://MS.NETFrameworkSDKv1.1/cpref/html/frlrfsystemreflectioncustomattributeformatexceptionclassctorTopic1.htm" ismsdn="true" />
      <HelpTopic name=".ctor(System.String, System.Exception)" link="ms-help://MS.NETFrameworkSDKv1.1/cpref/html/frlrfsystemreflectioncustomattributeformatexceptionclassctorTopic2.htm" ismsdn="true" />
    </HelpFolder>
  </HelpFolder>
  <HelpFolder name="DefaultMemberAttribute class" link="ms-help://MS.NETFrameworkSDKv1.1/cpref/html/frlrfsystemreflectiondefaultmemberattributeClassTopic.htm" ismsdn="true">
    <HelpTopic name="DefaultMemberAttribute members" link="ms-help://MS.NETFrameworkSDKv1.1/cpref/html/frlrfsystemreflectiondefaultmemberattributeMembersTopic.htm" ismsdn="true" />
    <HelpFolder name="Constructors" link="ms-help://MS.NETFrameworkSDKv1.1/cpref/html/frlrfsystemreflectiondefaultmemberattributeclassctorTopic.htm" ismsdn="true">
      <HelpTopic name=".ctor(System.String)" link="ms-help://MS.NETFrameworkSDKv1.1/cpref/html/frlrfsystemreflectiondefaultmemberattributeclassctorTopic.htm" ismsdn="true" />
    </HelpFolder>
    <HelpFolder name="Properties" link="ms-help://MS.NETFrameworkSDKv1.1/cpref/html/frlrfsystemreflectiondefaultmemberattributePropertiesTopic.htm" ismsdn="true">
      <HelpTopic name="MemberName" link="ms-help://MS.NETFrameworkSDKv1.1/cpref/html/frlrfsystemreflectiondefaultmemberattributeclassMemberNameTopic.htm" ismsdn="true" />
    </HelpFolder>
  </HelpFolder>
  <HelpTopic name="EventAttributes enumeration" link="ms-help://MS.NETFrameworkSDKv1.1/cpref/html/frlrfsystemreflectioneventattributesClassTopic.htm" ismsdn="true" />
  <HelpFolder name="EventInfo class" link="ms-help://MS.NETFrameworkSDKv1.1/cpref/html/frlrfsystemreflectioneventinfoClassTopic.htm" ismsdn="true">
    <HelpTopic name="EventInfo members" link="ms-help://MS.NETFrameworkSDKv1.1/cpref/html/frlrfsystemreflectioneventinfoMembersTopic.htm" ismsdn="true" />
    <HelpFolder name="Methods" link="ms-help://MS.NETFrameworkSDKv1.1/cpref/html/frlrfsystemreflectioneventinfoMethodsTopic.htm" ismsdn="true">
      <HelpTopic name="GetRaiseMethod(System.Boolean)" link="ms-help://MS.NETFrameworkSDKv1.1/cpref/html/frlrfsystemreflectioneventinfoclassGetRaiseMethodTopic.htm" ismsdn="true" />
      <HelpTopic name="GetRemoveMethod(System.Boolean)" link="ms-help://MS.NETFrameworkSDKv1.1/cpref/html/frlrfsystemreflectioneventinfoclassGetRemoveMethodTopic.htm" ismsdn="true" />
      <HelpTopic name="GetAddMethod(System.Boolean)" link="ms-help://MS.NETFrameworkSDKv1.1/cpref/html/frlrfsystemreflectioneventinfoclassGetAddMethodTopic.htm" ismsdn="true" />
      <HelpTopic name="GetAddMethod()" link="ms-help://MS.NETFrameworkSDKv1.1/cpref/html/frlrfsystemreflectioneventinfoclassGetAddMethodTopic.htm" ismsdn="true" />
      <HelpTopic name="GetRemoveMethod()" link="ms-help://MS.NETFrameworkSDKv1.1/cpref/html/frlrfsystemreflectioneventinfoclassGetRemoveMethodTopic.htm" ismsdn="true" />
      <HelpTopic name="GetRaiseMethod()" link="ms-help://MS.NETFrameworkSDKv1.1/cpref/html/frlrfsystemreflectioneventinfoclassGetRaiseMethodTopic.htm" ismsdn="true" />
      <HelpTopic name="AddEventHandler(System.Object, System.Delegate)" link="ms-help://MS.NETFrameworkSDKv1.1/cpref/html/frlrfsystemreflectioneventinfoclassAddEventHandlerTopic.htm" ismsdn="true" />
      <HelpTopic name="RemoveEventHandler(System.Object, System.Delegate)" link="ms-help://MS.NETFrameworkSDKv1.1/cpref/html/frlrfsystemreflectioneventinfoclassRemoveEventHandlerTopic.htm" ismsdn="true" />
    </HelpFolder>
    <HelpFolder name="Properties" link="ms-help://MS.NETFrameworkSDKv1.1/cpref/html/frlrfsystemreflectioneventinfoPropertiesTopic.htm" ismsdn="true">
      <HelpTopic name="MemberType" link="ms-help://MS.NETFrameworkSDKv1.1/cpref/html/frlrfsystemreflectioneventinfoclassMemberTypeTopic.htm" ismsdn="true" />
      <HelpTopic name="EventHandlerType" link="ms-help://MS.NETFrameworkSDKv1.1/cpref/html/frlrfsystemreflectioneventinfoclassEventHandlerTypeTopic.htm" ismsdn="true" />
      <HelpTopic name="Attributes" link="ms-help://MS.NETFrameworkSDKv1.1/cpref/html/frlrfsystemreflectioneventinfoclassAttributesTopic.htm" ismsdn="true" />
      <HelpTopic name="IsSpecialName" link="ms-help://MS.NETFrameworkSDKv1.1/cpref/html/frlrfsystemreflectioneventinfoclassIsSpecialNameTopic.htm" ismsdn="true" />
      <HelpTopic name="IsMulticast" link="ms-help://MS.NETFrameworkSDKv1.1/cpref/html/frlrfsystemreflectioneventinfoclassIsMulticastTopic.htm" ismsdn="true" />
    </HelpFolder>
  </HelpFolder>
  <HelpTopic name="FieldAttributes enumeration" link="ms-help://MS.NETFrameworkSDKv1.1/cpref/html/frlrfsystemreflectionfieldattributesClassTopic.htm" ismsdn="true" />
  <HelpFolder name="FieldInfo class" link="ms-help://MS.NETFrameworkSDKv1.1/cpref/html/frlrfsystemreflectionfieldinfoClassTopic.htm" ismsdn="true">
    <HelpTopic name="FieldInfo members" link="ms-help://MS.NETFrameworkSDKv1.1/cpref/html/frlrfsystemreflectionfieldinfoMembersTopic.htm" ismsdn="true" />
    <HelpFolder name="Methods" link="ms-help://MS.NETFrameworkSDKv1.1/cpref/html/frlrfsystemreflectionfieldinfoMethodsTopic.htm" ismsdn="true">
      <HelpTopic name="SetValueDirect(System.TypedReference, System.Object)" link="ms-help://MS.NETFrameworkSDKv1.1/cpref/html/frlrfsystemreflectionfieldinfoclassSetValueDirectTopic.htm" ismsdn="true" />
      <HelpTopic name="SetValue(System.Object, System.Object, System.Reflection.BindingFlags, System.Reflection.Binder, System.Globalization.CultureInfo)" link="ms-help://MS.NETFrameworkSDKv1.1/cpref/html/frlrfsystemreflectionfieldinfoclassSetValueTopic.htm" ismsdn="true" />
      <HelpTopic name="GetValueDirect(System.TypedReference)" link="ms-help://MS.NETFrameworkSDKv1.1/cpref/html/frlrfsystemreflectionfieldinfoclassGetValueDirectTopic.htm" ismsdn="true" />
      <HelpTopic name="GetValue(System.Object)" link="ms-help://MS.NETFrameworkSDKv1.1/cpref/html/frlrfsystemreflectionfieldinfoclassGetValueTopic.htm" ismsdn="true" />
      <HelpTopic name="SetValue(System.Object, System.Object)" link="ms-help://MS.NETFrameworkSDKv1.1/cpref/html/frlrfsystemreflectionfieldinfoclassSetValueTopic.htm" ismsdn="true" />
      <HelpTopic name="GetFieldFromHandle(System.RuntimeFieldHandle)" link="ms-help://MS.NETFrameworkSDKv1.1/cpref/html/frlrfsystemreflectionfieldinfoclassGetFieldFromHandleTopic.htm" ismsdn="true" />
    </HelpFolder>
    <HelpFolder name="Properties" link="ms-help://MS.NETFrameworkSDKv1.1/cpref/html/frlrfsystemreflectionfieldinfoPropertiesTopic.htm" ismsdn="true">
      <HelpTopic name="MemberType" link="ms-help://MS.NETFrameworkSDKv1.1/cpref/html/frlrfsystemreflectionfieldinfoclassMemberTypeTopic.htm" ismsdn="true" />
      <HelpTopic name="FieldType" link="ms-help://MS.NETFrameworkSDKv1.1/cpref/html/frlrfsystemreflectionfieldinfoclassFieldTypeTopic.htm" ismsdn="true" />
      <HelpTopic name="FieldHandle" link="ms-help://MS.NETFrameworkSDKv1.1/cpref/html/frlrfsystemreflectionfieldinfoclassFieldHandleTopic.htm" ismsdn="true" />
      <HelpTopic name="Attributes" link="ms-help://MS.NETFrameworkSDKv1.1/cpref/html/frlrfsystemreflectionfieldinfoclassAttributesTopic.htm" ismsdn="true" />
      <HelpTopic name="IsPublic" link="ms-help://MS.NETFrameworkSDKv1.1/cpref/html/frlrfsystemreflectionfieldinfoclassIsPublicTopic.htm" ismsdn="true" />
      <HelpTopic name="IsPrivate" link="ms-help://MS.NETFrameworkSDKv1.1/cpref/html/frlrfsystemreflectionfieldinfoclassIsPrivateTopic.htm" ismsdn="true" />
      <HelpTopic name="IsFamily" link="ms-help://MS.NETFrameworkSDKv1.1/cpref/html/frlrfsystemreflectionfieldinfoclassIsFamilyTopic.htm" ismsdn="true" />
      <HelpTopic name="IsAssembly" link="ms-help://MS.NETFrameworkSDKv1.1/cpref/html/frlrfsystemreflectionfieldinfoclassIsAssemblyTopic.htm" ismsdn="true" />
      <HelpTopic name="IsFamilyAndAssembly" link="ms-help://MS.NETFrameworkSDKv1.1/cpref/html/frlrfsystemreflectionfieldinfoclassIsFamilyAndAssemblyTopic.htm" ismsdn="true" />
      <HelpTopic name="IsFamilyOrAssembly" link="ms-help://MS.NETFrameworkSDKv1.1/cpref/html/frlrfsystemreflectionfieldinfoclassIsFamilyOrAssemblyTopic.htm" ismsdn="true" />
      <HelpTopic name="IsStatic" link="ms-help://MS.NETFrameworkSDKv1.1/cpref/html/frlrfsystemreflectionfieldinfoclassIsStaticTopic.htm" ismsdn="true" />
      <HelpTopic name="IsInitOnly" link="ms-help://MS.NETFrameworkSDKv1.1/cpref/html/frlrfsystemreflectionfieldinfoclassIsInitOnlyTopic.htm" ismsdn="true" />
      <HelpTopic name="IsLiteral" link="ms-help://MS.NETFrameworkSDKv1.1/cpref/html/frlrfsystemreflectionfieldinfoclassIsLiteralTopic.htm" ismsdn="true" />
      <HelpTopic name="IsNotSerialized" link="ms-help://MS.NETFrameworkSDKv1.1/cpref/html/frlrfsystemreflectionfieldinfoclassIsNotSerializedTopic.htm" ismsdn="true" />
      <HelpTopic name="IsSpecialName" link="ms-help://MS.NETFrameworkSDKv1.1/cpref/html/frlrfsystemreflectionfieldinfoclassIsSpecialNameTopic.htm" ismsdn="true" />
      <HelpTopic name="IsPinvokeImpl" link="ms-help://MS.NETFrameworkSDKv1.1/cpref/html/frlrfsystemreflectionfieldinfoclassIsPinvokeImplTopic.htm" ismsdn="true" />
    </HelpFolder>
  </HelpFolder>
  <HelpFolder name="ICustomAttributeProvider interface" link="ms-help://MS.NETFrameworkSDKv1.1/cpref/html/frlrfsystemreflectionicustomattributeproviderClassTopic.htm" ismsdn="true">
    <HelpTopic name="ICustomAttributeProvider members" link="ms-help://MS.NETFrameworkSDKv1.1/cpref/html/frlrfsystemreflectionicustomattributeproviderMembersTopic.htm" ismsdn="true" />
    <HelpFolder name="Methods" link="ms-help://MS.NETFrameworkSDKv1.1/cpref/html/frlrfsystemreflectionicustomattributeproviderMethodsTopic.htm" ismsdn="true">
      <HelpTopic name="IsDefined(System.Type, System.Boolean)" link="ms-help://MS.NETFrameworkSDKv1.1/cpref/html/frlrfsystemreflectionicustomattributeproviderclassIsDefinedTopic.htm" ismsdn="true" />
      <HelpTopic name="GetCustomAttributes(System.Boolean)" link="ms-help://MS.NETFrameworkSDKv1.1/cpref/html/frlrfsystemreflectionicustomattributeproviderclassGetCustomAttributesTopic1.htm" ismsdn="true" />
      <HelpTopic name="GetCustomAttributes(System.Type, System.Boolean)" link="ms-help://MS.NETFrameworkSDKv1.1/cpref/html/frlrfsystemreflectionicustomattributeproviderclassGetCustomAttributesTopic2.htm" ismsdn="true" />
    </HelpFolder>
  </HelpFolder>
  <HelpFolder name="InterfaceMapping structure" link="ms-help://MS.NETFrameworkSDKv1.1/cpref/html/frlrfsystemreflectioninterfacemappingClassTopic.htm" ismsdn="true">
    <HelpTopic name="InterfaceMapping members" link="ms-help://MS.NETFrameworkSDKv1.1/cpref/html/frlrfsystemreflectioninterfacemappingMembersTopic.htm" ismsdn="true" />
    <HelpFolder name="Fields" link="ms-help://MS.NETFrameworkSDKv1.1/cpref/html/frlrfsystemreflectioninterfacemappingFieldsTopic.htm" ismsdn="true">
      <HelpTopic name="TargetType" link="ms-help://MS.NETFrameworkSDKv1.1/cpref/html/frlrfsystemreflectioninterfacemappingclassTargetTypeTopic.htm" ismsdn="true" />
      <HelpTopic name="InterfaceType" link="ms-help://MS.NETFrameworkSDKv1.1/cpref/html/frlrfsystemreflectioninterfacemappingclassInterfaceTypeTopic.htm" ismsdn="true" />
      <HelpTopic name="TargetMethods" link="ms-help://MS.NETFrameworkSDKv1.1/cpref/html/frlrfsystemreflectioninterfacemappingclassTargetMethodsTopic.htm" ismsdn="true" />
      <HelpTopic name="InterfaceMethods" link="ms-help://MS.NETFrameworkSDKv1.1/cpref/html/frlrfsystemreflectioninterfacemappingclassInterfaceMethodsTopic.htm" ismsdn="true" />
    </HelpFolder>
  </HelpFolder>
  <HelpFolder name="InvalidFilterCriteriaException class" link="ms-help://MS.NETFrameworkSDKv1.1/cpref/html/frlrfsystemreflectioninvalidfiltercriteriaexceptionClassTopic.htm" ismsdn="true">
    <HelpTopic name="InvalidFilterCriteriaException members" link="ms-help://MS.NETFrameworkSDKv1.1/cpref/html/frlrfsystemreflectioninvalidfiltercriteriaexceptionMembersTopic.htm" ismsdn="true" />
    <HelpFolder name="Constructors" link="ms-help://MS.NETFrameworkSDKv1.1/cpref/html/frlrfsystemreflectioninvalidfiltercriteriaexceptionclassctorTopic.htm" ismsdn="true">
      <HelpTopic name=".ctor()" link="ms-help://MS.NETFrameworkSDKv1.1/cpref/html/frlrfsystemreflectioninvalidfiltercriteriaexceptionclassctorTopic1.htm" ismsdn="true" />
      <HelpTopic name=".ctor(System.String)" link="ms-help://MS.NETFrameworkSDKv1.1/cpref/html/frlrfsystemreflectioninvalidfiltercriteriaexceptionclassctorTopic1.htm" ismsdn="true" />
      <HelpTopic name=".ctor(System.String, System.Exception)" link="ms-help://MS.NETFrameworkSDKv1.1/cpref/html/frlrfsystemreflectioninvalidfiltercriteriaexceptionclassctorTopic2.htm" ismsdn="true" />
    </HelpFolder>
  </HelpFolder>
  <HelpFolder name="IReflect interface" link="ms-help://MS.NETFrameworkSDKv1.1/cpref/html/frlrfsystemreflectionireflectClassTopic.htm" ismsdn="true">
    <HelpTopic name="IReflect members" link="ms-help://MS.NETFrameworkSDKv1.1/cpref/html/frlrfsystemreflectionireflectMembersTopic.htm" ismsdn="true" />
    <HelpFolder name="Methods" link="ms-help://MS.NETFrameworkSDKv1.1/cpref/html/frlrfsystemreflectionireflectMethodsTopic.htm" ismsdn="true">
      <HelpTopic name="InvokeMember(System.String, System.Reflection.BindingFlags, System.Reflection.Binder, System.Object, System.Object[], System.Reflection.ParameterModifier[], System.Globalization.CultureInfo, System.String[])" link="ms-help://MS.NETFrameworkSDKv1.1/cpref/html/frlrfsystemreflectionireflectclassInvokeMemberTopic.htm" ismsdn="true" />
      <HelpTopic name="GetMembers(System.Reflection.BindingFlags)" link="ms-help://MS.NETFrameworkSDKv1.1/cpref/html/frlrfsystemreflectionireflectclassGetMembersTopic.htm" ismsdn="true" />
      <HelpTopic name="GetMember(System.String, System.Reflection.BindingFlags)" link="ms-help://MS.NETFrameworkSDKv1.1/cpref/html/frlrfsystemreflectionireflectclassGetMemberTopic.htm" ismsdn="true" />
      <HelpTopic name="GetProperties(System.Reflection.BindingFlags)" link="ms-help://MS.NETFrameworkSDKv1.1/cpref/html/frlrfsystemreflectionireflectclassGetPropertiesTopic.htm" ismsdn="true" />
      <HelpTopic name="GetProperty(System.String, System.Reflection.BindingFlags, System.Reflection.Binder, System.Type, System.Type[], System.Reflection.ParameterModifier[])" link="ms-help://MS.NETFrameworkSDKv1.1/cpref/html/frlrfsystemreflectionireflectclassGetPropertyTopic1.htm" ismsdn="true" />
      <HelpTopic name="GetProperty(System.String, System.Reflection.BindingFlags)" link="ms-help://MS.NETFrameworkSDKv1.1/cpref/html/frlrfsystemreflectionireflectclassGetPropertyTopic2.htm" ismsdn="true" />
      <HelpTopic name="GetFields(System.Reflection.BindingFlags)" link="ms-help://MS.NETFrameworkSDKv1.1/cpref/html/frlrfsystemreflectionireflectclassGetFieldsTopic.htm" ismsdn="true" />
      <HelpTopic name="GetField(System.String, System.Reflection.BindingFlags)" link="ms-help://MS.NETFrameworkSDKv1.1/cpref/html/frlrfsystemreflectionireflectclassGetFieldTopic.htm" ismsdn="true" />
      <HelpTopic name="GetMethods(System.Reflection.BindingFlags)" link="ms-help://MS.NETFrameworkSDKv1.1/cpref/html/frlrfsystemreflectionireflectclassGetMethodsTopic.htm" ismsdn="true" />
      <HelpTopic name="GetMethod(System.String, System.Reflection.BindingFlags)" link="ms-help://MS.NETFrameworkSDKv1.1/cpref/html/frlrfsystemreflectionireflectclassGetMethodTopic1.htm" ismsdn="true" />
      <HelpTopic name="GetMethod(System.String, System.Reflection.BindingFlags, System.Reflection.Binder, System.Type[], System.Reflection.ParameterModifier[])" link="ms-help://MS.NETFrameworkSDKv1.1/cpref/html/frlrfsystemreflectionireflectclassGetMethodTopic2.htm" ismsdn="true" />
    </HelpFolder>
    <HelpFolder name="Properties" link="ms-help://MS.NETFrameworkSDKv1.1/cpref/html/frlrfsystemreflectionireflectPropertiesTopic.htm" ismsdn="true">
      <HelpTopic name="UnderlyingSystemType" link="ms-help://MS.NETFrameworkSDKv1.1/cpref/html/frlrfsystemreflectionireflectclassUnderlyingSystemTypeTopic.htm" ismsdn="true" />
    </HelpFolder>
  </HelpFolder>
  <HelpFolder name="ManifestResourceInfo class" link="ms-help://MS.NETFrameworkSDKv1.1/cpref/html/frlrfsystemreflectionmanifestresourceinfoClassTopic.htm" ismsdn="true">
    <HelpTopic name="ManifestResourceInfo members" link="ms-help://MS.NETFrameworkSDKv1.1/cpref/html/frlrfsystemreflectionmanifestresourceinfoMembersTopic.htm" ismsdn="true" />
    <HelpFolder name="Properties" link="ms-help://MS.NETFrameworkSDKv1.1/cpref/html/frlrfsystemreflectionmanifestresourceinfoPropertiesTopic.htm" ismsdn="true">
      <HelpTopic name="ReferencedAssembly" link="ms-help://MS.NETFrameworkSDKv1.1/cpref/html/frlrfsystemreflectionmanifestresourceinfoclassReferencedAssemblyTopic.htm" ismsdn="true" />
      <HelpTopic name="FileName" link="ms-help://MS.NETFrameworkSDKv1.1/cpref/html/frlrfsystemreflectionmanifestresourceinfoclassFileNameTopic.htm" ismsdn="true" />
      <HelpTopic name="ResourceLocation" link="ms-help://MS.NETFrameworkSDKv1.1/cpref/html/frlrfsystemreflectionmanifestresourceinfoclassResourceLocationTopic.htm" ismsdn="true" />
    </HelpFolder>
  </HelpFolder>
  <HelpTopic name="MemberFilter delegate" link="ms-help://MS.NETFrameworkSDKv1.1/cpref/html/frlrfsystemreflectionmemberfilterClassTopic.htm" ismsdn="true" />
  <HelpFolder name="MemberInfo class" link="ms-help://MS.NETFrameworkSDKv1.1/cpref/html/frlrfsystemreflectionmemberinfoClassTopic.htm" ismsdn="true">
    <HelpTopic name="MemberInfo members" link="ms-help://MS.NETFrameworkSDKv1.1/cpref/html/frlrfsystemreflectionmemberinfoMembersTopic.htm" ismsdn="true" />
    <HelpFolder name="Methods" link="ms-help://MS.NETFrameworkSDKv1.1/cpref/html/frlrfsystemreflectionmemberinfoMethodsTopic.htm" ismsdn="true">
      <HelpTopic name="IsDefined(System.Type, System.Boolean)" link="ms-help://MS.NETFrameworkSDKv1.1/cpref/html/frlrfsystemreflectionmemberinfoclassIsDefinedTopic.htm" ismsdn="true" />
      <HelpTopic name="GetCustomAttributes(System.Boolean)" link="ms-help://MS.NETFrameworkSDKv1.1/cpref/html/frlrfsystemreflectionmemberinfoclassGetCustomAttributesTopic1.htm" ismsdn="true" />
      <HelpTopic name="GetCustomAttributes(System.Type, System.Boolean)" link="ms-help://MS.NETFrameworkSDKv1.1/cpref/html/frlrfsystemreflectionmemberinfoclassGetCustomAttributesTopic2.htm" ismsdn="true" />
    </HelpFolder>
    <HelpFolder name="Properties" link="ms-help://MS.NETFrameworkSDKv1.1/cpref/html/frlrfsystemreflectionmemberinfoPropertiesTopic.htm" ismsdn="true">
      <HelpTopic name="MemberType" link="ms-help://MS.NETFrameworkSDKv1.1/cpref/html/frlrfsystemreflectionmemberinfoclassMemberTypeTopic.htm" ismsdn="true" />
      <HelpTopic name="Name" link="ms-help://MS.NETFrameworkSDKv1.1/cpref/html/frlrfsystemreflectionmemberinfoclassNameTopic.htm" ismsdn="true" />
      <HelpTopic name="DeclaringType" link="ms-help://MS.NETFrameworkSDKv1.1/cpref/html/frlrfsystemreflectionmemberinfoclassDeclaringTypeTopic.htm" ismsdn="true" />
      <HelpTopic name="ReflectedType" link="ms-help://MS.NETFrameworkSDKv1.1/cpref/html/frlrfsystemreflectionmemberinfoclassReflectedTypeTopic.htm" ismsdn="true" />
    </HelpFolder>
  </HelpFolder>
  <HelpTopic name="MemberTypes enumeration" link="ms-help://MS.NETFrameworkSDKv1.1/cpref/html/frlrfsystemreflectionmembertypesClassTopic.htm" ismsdn="true" />
  <HelpTopic name="MethodAttributes enumeration" link="ms-help://MS.NETFrameworkSDKv1.1/cpref/html/frlrfsystemreflectionmethodattributesClassTopic.htm" ismsdn="true" />
  <HelpFolder name="MethodBase class" link="ms-help://MS.NETFrameworkSDKv1.1/cpref/html/frlrfsystemreflectionmethodbaseClassTopic.htm" ismsdn="true">
    <HelpTopic name="MethodBase members" link="ms-help://MS.NETFrameworkSDKv1.1/cpref/html/frlrfsystemreflectionmethodbaseMembersTopic.htm" ismsdn="true" />
    <HelpFolder name="Methods" link="ms-help://MS.NETFrameworkSDKv1.1/cpref/html/frlrfsystemreflectionmethodbaseMethodsTopic.htm" ismsdn="true">
      <HelpTopic name="Invoke(System.Object, System.Reflection.BindingFlags, System.Reflection.Binder, System.Object[], System.Globalization.CultureInfo)" link="ms-help://MS.NETFrameworkSDKv1.1/cpref/html/frlrfsystemreflectionmethodbaseclassInvokeTopic.htm" ismsdn="true" />
      <HelpTopic name="GetMethodImplementationFlags()" link="ms-help://MS.NETFrameworkSDKv1.1/cpref/html/frlrfsystemreflectionmethodbaseclassGetMethodImplementationFlagsTopic.htm" ismsdn="true" />
      <HelpTopic name="GetParameters()" link="ms-help://MS.NETFrameworkSDKv1.1/cpref/html/frlrfsystemreflectionmethodbaseclassGetParametersTopic.htm" ismsdn="true" />
      <HelpTopic name="GetMethodFromHandle(System.RuntimeMethodHandle)" link="ms-help://MS.NETFrameworkSDKv1.1/cpref/html/frlrfsystemreflectionmethodbaseclassGetMethodFromHandleTopic.htm" ismsdn="true" />
      <HelpTopic name="GetCurrentMethod()" link="ms-help://MS.NETFrameworkSDKv1.1/cpref/html/frlrfsystemreflectionmethodbaseclassGetCurrentMethodTopic.htm" ismsdn="true" />
      <HelpTopic name="Invoke(System.Object, System.Object[])" link="ms-help://MS.NETFrameworkSDKv1.1/cpref/html/frlrfsystemreflectionmethodbaseclassInvokeTopic.htm" ismsdn="true" />
    </HelpFolder>
    <HelpFolder name="Properties" link="ms-help://MS.NETFrameworkSDKv1.1/cpref/html/frlrfsystemreflectionmethodbasePropertiesTopic.htm" ismsdn="true">
      <HelpTopic name="MethodHandle" link="ms-help://MS.NETFrameworkSDKv1.1/cpref/html/frlrfsystemreflectionmethodbaseclassMethodHandleTopic.htm" ismsdn="true" />
      <HelpTopic name="Attributes" link="ms-help://MS.NETFrameworkSDKv1.1/cpref/html/frlrfsystemreflectionmethodbaseclassAttributesTopic.htm" ismsdn="true" />
      <HelpTopic name="IsPublic" link="ms-help://MS.NETFrameworkSDKv1.1/cpref/html/frlrfsystemreflectionmethodbaseclassIsPublicTopic.htm" ismsdn="true" />
      <HelpTopic name="IsPrivate" link="ms-help://MS.NETFrameworkSDKv1.1/cpref/html/frlrfsystemreflectionmethodbaseclassIsPrivateTopic.htm" ismsdn="true" />
      <HelpTopic name="IsFamily" link="ms-help://MS.NETFrameworkSDKv1.1/cpref/html/frlrfsystemreflectionmethodbaseclassIsFamilyTopic.htm" ismsdn="true" />
      <HelpTopic name="IsAssembly" link="ms-help://MS.NETFrameworkSDKv1.1/cpref/html/frlrfsystemreflectionmethodbaseclassIsAssemblyTopic.htm" ismsdn="true" />
      <HelpTopic name="IsFamilyAndAssembly" link="ms-help://MS.NETFrameworkSDKv1.1/cpref/html/frlrfsystemreflectionmethodbaseclassIsFamilyAndAssemblyTopic.htm" ismsdn="true" />
      <HelpTopic name="IsFamilyOrAssembly" link="ms-help://MS.NETFrameworkSDKv1.1/cpref/html/frlrfsystemreflectionmethodbaseclassIsFamilyOrAssemblyTopic.htm" ismsdn="true" />
      <HelpTopic name="IsStatic" link="ms-help://MS.NETFrameworkSDKv1.1/cpref/html/frlrfsystemreflectionmethodbaseclassIsStaticTopic.htm" ismsdn="true" />
      <HelpTopic name="IsFinal" link="ms-help://MS.NETFrameworkSDKv1.1/cpref/html/frlrfsystemreflectionmethodbaseclassIsFinalTopic.htm" ismsdn="true" />
      <HelpTopic name="IsVirtual" link="ms-help://MS.NETFrameworkSDKv1.1/cpref/html/frlrfsystemreflectionmethodbaseclassIsVirtualTopic.htm" ismsdn="true" />
      <HelpTopic name="IsHideBySig" link="ms-help://MS.NETFrameworkSDKv1.1/cpref/html/frlrfsystemreflectionmethodbaseclassIsHideBySigTopic.htm" ismsdn="true" />
      <HelpTopic name="IsAbstract" link="ms-help://MS.NETFrameworkSDKv1.1/cpref/html/frlrfsystemreflectionmethodbaseclassIsAbstractTopic.htm" ismsdn="true" />
      <HelpTopic name="IsSpecialName" link="ms-help://MS.NETFrameworkSDKv1.1/cpref/html/frlrfsystemreflectionmethodbaseclassIsSpecialNameTopic.htm" ismsdn="true" />
      <HelpTopic name="IsConstructor" link="ms-help://MS.NETFrameworkSDKv1.1/cpref/html/frlrfsystemreflectionmethodbaseclassIsConstructorTopic.htm" ismsdn="true" />
      <HelpTopic name="CallingConvention" link="ms-help://MS.NETFrameworkSDKv1.1/cpref/html/frlrfsystemreflectionmethodbaseclassCallingConventionTopic.htm" ismsdn="true" />
    </HelpFolder>
  </HelpFolder>
  <HelpTopic name="MethodImplAttributes enumeration" link="ms-help://MS.NETFrameworkSDKv1.1/cpref/html/frlrfsystemreflectionmethodimplattributesClassTopic.htm" ismsdn="true" />
  <HelpFolder name="MethodInfo class" link="ms-help://MS.NETFrameworkSDKv1.1/cpref/html/frlrfsystemreflectionmethodinfoClassTopic.htm" ismsdn="true">
    <HelpTopic name="MethodInfo members" link="ms-help://MS.NETFrameworkSDKv1.1/cpref/html/frlrfsystemreflectionmethodinfoMembersTopic.htm" ismsdn="true" />
    <HelpFolder name="Methods" link="ms-help://MS.NETFrameworkSDKv1.1/cpref/html/frlrfsystemreflectionmethodinfoMethodsTopic.htm" ismsdn="true">
      <HelpTopic name="GetBaseDefinition()" link="ms-help://MS.NETFrameworkSDKv1.1/cpref/html/frlrfsystemreflectionmethodinfoclassGetBaseDefinitionTopic.htm" ismsdn="true" />
    </HelpFolder>
    <HelpFolder name="Properties" link="ms-help://MS.NETFrameworkSDKv1.1/cpref/html/frlrfsystemreflectionmethodinfoPropertiesTopic.htm" ismsdn="true">
      <HelpTopic name="MemberType" link="ms-help://MS.NETFrameworkSDKv1.1/cpref/html/frlrfsystemreflectionmethodinfoclassMemberTypeTopic.htm" ismsdn="true" />
      <HelpTopic name="ReturnType" link="ms-help://MS.NETFrameworkSDKv1.1/cpref/html/frlrfsystemreflectionmethodinfoclassReturnTypeTopic.htm" ismsdn="true" />
      <HelpTopic name="ReturnTypeCustomAttributes" link="ms-help://MS.NETFrameworkSDKv1.1/cpref/html/frlrfsystemreflectionmethodinfoclassReturnTypeCustomAttributesTopic.htm" ismsdn="true" />
    </HelpFolder>
  </HelpFolder>
  <HelpFolder name="Missing class" link="ms-help://MS.NETFrameworkSDKv1.1/cpref/html/frlrfsystemreflectionmissingClassTopic.htm" ismsdn="true">
    <HelpTopic name="Missing members" link="ms-help://MS.NETFrameworkSDKv1.1/cpref/html/frlrfsystemreflectionmissingMembersTopic.htm" ismsdn="true" />
    <HelpFolder name="Fields" link="ms-help://MS.NETFrameworkSDKv1.1/cpref/html/frlrfsystemreflectionmissingFieldsTopic.htm" ismsdn="true">
      <HelpTopic name="Value" link="ms-help://MS.NETFrameworkSDKv1.1/cpref/html/frlrfsystemreflectionmissingclassValueTopic.htm" ismsdn="true" />
    </HelpFolder>
  </HelpFolder>
  <HelpFolder name="Module class" link="ms-help://MS.NETFrameworkSDKv1.1/cpref/html/frlrfsystemreflectionmoduleClassTopic.htm" ismsdn="true">
    <HelpTopic name="Module members" link="ms-help://MS.NETFrameworkSDKv1.1/cpref/html/frlrfsystemreflectionmoduleMembersTopic.htm" ismsdn="true" />
    <HelpFolder name="Fields" link="ms-help://MS.NETFrameworkSDKv1.1/cpref/html/frlrfsystemreflectionmoduleFieldsTopic.htm" ismsdn="true">
      <HelpTopic name="FilterTypeName" link="ms-help://MS.NETFrameworkSDKv1.1/cpref/html/frlrfsystemreflectionmoduleclassFilterTypeNameTopic.htm" ismsdn="true" />
      <HelpTopic name="FilterTypeNameIgnoreCase" link="ms-help://MS.NETFrameworkSDKv1.1/cpref/html/frlrfsystemreflectionmoduleclassFilterTypeNameIgnoreCaseTopic.htm" ismsdn="true" />
    </HelpFolder>
    <HelpFolder name="Methods" link="ms-help://MS.NETFrameworkSDKv1.1/cpref/html/frlrfsystemreflectionmoduleMethodsTopic.htm" ismsdn="true">
      <HelpTopic name="IsDefined(System.Type, System.Boolean)" link="ms-help://MS.NETFrameworkSDKv1.1/cpref/html/frlrfsystemreflectionmoduleclassIsDefinedTopic.htm" ismsdn="true" />
      <HelpTopic name="GetCustomAttributes(System.Boolean)" link="ms-help://MS.NETFrameworkSDKv1.1/cpref/html/frlrfsystemreflectionmoduleclassGetCustomAttributesTopic1.htm" ismsdn="true" />
      <HelpTopic name="GetCustomAttributes(System.Type, System.Boolean)" link="ms-help://MS.NETFrameworkSDKv1.1/cpref/html/frlrfsystemreflectionmoduleclassGetCustomAttributesTopic2.htm" ismsdn="true" />
      <HelpTopic name="GetObjectData(System.Runtime.Serialization.SerializationInfo, System.Runtime.Serialization.StreamingContext)" link="ms-help://MS.NETFrameworkSDKv1.1/cpref/html/frlrfsystemreflectionmoduleclassGetObjectDataTopic.htm" ismsdn="true" />
      <HelpTopic name="GetTypes()" link="ms-help://MS.NETFrameworkSDKv1.1/cpref/html/frlrfsystemreflectionmoduleclassGetTypesTopic.htm" ismsdn="true" />
      <HelpTopic name="FindTypes(System.Reflection.TypeFilter, System.Object)" link="ms-help://MS.NETFrameworkSDKv1.1/cpref/html/frlrfsystemreflectionmoduleclassFindTypesTopic.htm" ismsdn="true" />
      <HelpTopic name="GetType(System.String, System.Boolean, System.Boolean)" link="ms-help://MS.NETFrameworkSDKv1.1/cpref/html/frlrfsystemreflectionmoduleclassGetTypeTopic1.htm" ismsdn="true" />
      <HelpTopic name="GetType(System.String)" link="ms-help://MS.NETFrameworkSDKv1.1/cpref/html/frlrfsystemreflectionmoduleclassGetTypeTopic2.htm" ismsdn="true" />
      <HelpTopic name="GetType(System.String, System.Boolean)" link="ms-help://MS.NETFrameworkSDKv1.1/cpref/html/frlrfsystemreflectionmoduleclassGetTypeTopic3.htm" ismsdn="true" />
      <HelpTopic name="ToString()" link="ms-help://MS.NETFrameworkSDKv1.1/cpref/html/frlrfsystemreflectionmoduleclassToStringTopic.htm" ismsdn="true" />
      <HelpTopic name="GetSignerCertificate()" link="ms-help://MS.NETFrameworkSDKv1.1/cpref/html/frlrfsystemreflectionmoduleclassGetSignerCertificateTopic.htm" ismsdn="true" />
      <HelpTopic name="GetMethods()" link="ms-help://MS.NETFrameworkSDKv1.1/cpref/html/frlrfsystemreflectionmoduleclassGetMethodsTopic.htm" ismsdn="true" />
      <HelpTopic name="GetMethod(System.String, System.Reflection.BindingFlags, System.Reflection.Binder, System.Reflection.CallingConventions, System.Type[], System.Reflection.ParameterModifier[])" link="ms-help://MS.NETFrameworkSDKv1.1/cpref/html/frlrfsystemreflectionmoduleclassGetMethodTopic1.htm" ismsdn="true" />
      <HelpTopic name="GetMethod(System.String, System.Type[])" link="ms-help://MS.NETFrameworkSDKv1.1/cpref/html/frlrfsystemreflectionmoduleclassGetMethodTopic2.htm" ismsdn="true" />
      <HelpTopic name="GetMethod(System.String)" link="ms-help://MS.NETFrameworkSDKv1.1/cpref/html/frlrfsystemreflectionmoduleclassGetMethodTopic3.htm" ismsdn="true" />
      <HelpTopic name="GetFields()" link="ms-help://MS.NETFrameworkSDKv1.1/cpref/html/frlrfsystemreflectionmoduleclassGetFieldsTopic.htm" ismsdn="true" />
      <HelpTopic name="GetField(System.String)" link="ms-help://MS.NETFrameworkSDKv1.1/cpref/html/frlrfsystemreflectionmoduleclassGetFieldTopic1.htm" ismsdn="true" />
      <HelpTopic name="GetField(System.String, System.Reflection.BindingFlags)" link="ms-help://MS.NETFrameworkSDKv1.1/cpref/html/frlrfsystemreflectionmoduleclassGetFieldTopic2.htm" ismsdn="true" />
      <HelpTopic name="IsResource()" link="ms-help://MS.NETFrameworkSDKv1.1/cpref/html/frlrfsystemreflectionmoduleclassIsResourceTopic.htm" ismsdn="true" />
    </HelpFolder>
    <HelpFolder name="Properties" link="ms-help://MS.NETFrameworkSDKv1.1/cpref/html/frlrfsystemreflectionmodulePropertiesTopic.htm" ismsdn="true">
      <HelpTopic name="ScopeName" link="ms-help://MS.NETFrameworkSDKv1.1/cpref/html/frlrfsystemreflectionmoduleclassScopeNameTopic.htm" ismsdn="true" />
      <HelpTopic name="FullyQualifiedName" link="ms-help://MS.NETFrameworkSDKv1.1/cpref/html/frlrfsystemreflectionmoduleclassFullyQualifiedNameTopic.htm" ismsdn="true" />
      <HelpTopic name="Name" link="ms-help://MS.NETFrameworkSDKv1.1/cpref/html/frlrfsystemreflectionmoduleclassNameTopic.htm" ismsdn="true" />
      <HelpTopic name="Assembly" link="ms-help://MS.NETFrameworkSDKv1.1/cpref/html/frlrfsystemreflectionmoduleclassAssemblyTopic.htm" ismsdn="true" />
    </HelpFolder>
  </HelpFolder>
  <HelpTopic name="ModuleResolveEventHandler delegate" link="ms-help://MS.NETFrameworkSDKv1.1/cpref/html/frlrfsystemreflectionmoduleresolveeventhandlerClassTopic.htm" ismsdn="true" />
  <HelpTopic name="ParameterAttributes enumeration" link="ms-help://MS.NETFrameworkSDKv1.1/cpref/html/frlrfsystemreflectionparameterattributesClassTopic.htm" ismsdn="true" />
  <HelpFolder name="ParameterInfo class" link="ms-help://MS.NETFrameworkSDKv1.1/cpref/html/frlrfsystemreflectionparameterinfoClassTopic.htm" ismsdn="true">
    <HelpTopic name="ParameterInfo members" link="ms-help://MS.NETFrameworkSDKv1.1/cpref/html/frlrfsystemreflectionparameterinfoMembersTopic.htm" ismsdn="true" />
    <HelpFolder name="Methods" link="ms-help://MS.NETFrameworkSDKv1.1/cpref/html/frlrfsystemreflectionparameterinfoMethodsTopic.htm" ismsdn="true">
      <HelpTopic name="IsDefined(System.Type, System.Boolean)" link="ms-help://MS.NETFrameworkSDKv1.1/cpref/html/frlrfsystemreflectionparameterinfoclassIsDefinedTopic.htm" ismsdn="true" />
      <HelpTopic name="GetCustomAttributes(System.Boolean)" link="ms-help://MS.NETFrameworkSDKv1.1/cpref/html/frlrfsystemreflectionparameterinfoclassGetCustomAttributesTopic1.htm" ismsdn="true" />
      <HelpTopic name="GetCustomAttributes(System.Type, System.Boolean)" link="ms-help://MS.NETFrameworkSDKv1.1/cpref/html/frlrfsystemreflectionparameterinfoclassGetCustomAttributesTopic2.htm" ismsdn="true" />
    </HelpFolder>
    <HelpFolder name="Properties" link="ms-help://MS.NETFrameworkSDKv1.1/cpref/html/frlrfsystemreflectionparameterinfoPropertiesTopic.htm" ismsdn="true">
      <HelpTopic name="ParameterType" link="ms-help://MS.NETFrameworkSDKv1.1/cpref/html/frlrfsystemreflectionparameterinfoclassParameterTypeTopic.htm" ismsdn="true" />
      <HelpTopic name="Name" link="ms-help://MS.NETFrameworkSDKv1.1/cpref/html/frlrfsystemreflectionparameterinfoclassNameTopic.htm" ismsdn="true" />
      <HelpTopic name="Position" link="ms-help://MS.NETFrameworkSDKv1.1/cpref/html/frlrfsystemreflectionparameterinfoclassPositionTopic.htm" ismsdn="true" />
      <HelpTopic name="Attributes" link="ms-help://MS.NETFrameworkSDKv1.1/cpref/html/frlrfsystemreflectionparameterinfoclassAttributesTopic.htm" ismsdn="true" />
      <HelpTopic name="IsIn" link="ms-help://MS.NETFrameworkSDKv1.1/cpref/html/frlrfsystemreflectionparameterinfoclassIsInTopic.htm" ismsdn="true" />
      <HelpTopic name="IsOut" link="ms-help://MS.NETFrameworkSDKv1.1/cpref/html/frlrfsystemreflectionparameterinfoclassIsOutTopic.htm" ismsdn="true" />
      <HelpTopic name="IsLcid" link="ms-help://MS.NETFrameworkSDKv1.1/cpref/html/frlrfsystemreflectionparameterinfoclassIsLcidTopic.htm" ismsdn="true" />
      <HelpTopic name="IsRetval" link="ms-help://MS.NETFrameworkSDKv1.1/cpref/html/frlrfsystemreflectionparameterinfoclassIsRetvalTopic.htm" ismsdn="true" />
      <HelpTopic name="IsOptional" link="ms-help://MS.NETFrameworkSDKv1.1/cpref/html/frlrfsystemreflectionparameterinfoclassIsOptionalTopic.htm" ismsdn="true" />
      <HelpTopic name="DefaultValue" link="ms-help://MS.NETFrameworkSDKv1.1/cpref/html/frlrfsystemreflectionparameterinfoclassDefaultValueTopic.htm" ismsdn="true" />
      <HelpTopic name="Member" link="ms-help://MS.NETFrameworkSDKv1.1/cpref/html/frlrfsystemreflectionparameterinfoclassMemberTopic.htm" ismsdn="true" />
    </HelpFolder>
  </HelpFolder>
  <HelpFolder name="ParameterModifier structure" link="ms-help://MS.NETFrameworkSDKv1.1/cpref/html/frlrfsystemreflectionparametermodifierClassTopic.htm" ismsdn="true">
    <HelpTopic name="ParameterModifier members" link="ms-help://MS.NETFrameworkSDKv1.1/cpref/html/frlrfsystemreflectionparametermodifierMembersTopic.htm" ismsdn="true" />
    <HelpFolder name="Constructors" link="ms-help://MS.NETFrameworkSDKv1.1/cpref/html/frlrfsystemreflectionparametermodifierclassctorTopic.htm" ismsdn="true">
      <HelpTopic name=".ctor(System.Int32)" link="ms-help://MS.NETFrameworkSDKv1.1/cpref/html/frlrfsystemreflectionparametermodifierclassctorTopic.htm" ismsdn="true" />
    </HelpFolder>
    <HelpFolder name="Properties" link="ms-help://MS.NETFrameworkSDKv1.1/cpref/html/frlrfsystemreflectionparametermodifierPropertiesTopic.htm" ismsdn="true">
      <HelpTopic name="Item" link="ms-help://MS.NETFrameworkSDKv1.1/cpref/html/frlrfsystemreflectionparametermodifierclassItemTopic.htm" ismsdn="true" />
    </HelpFolder>
  </HelpFolder>
  <HelpFolder name="Pointer class" link="ms-help://MS.NETFrameworkSDKv1.1/cpref/html/frlrfsystemreflectionpointerClassTopic.htm" ismsdn="true">
    <HelpTopic name="Pointer members" link="ms-help://MS.NETFrameworkSDKv1.1/cpref/html/frlrfsystemreflectionpointerMembersTopic.htm" ismsdn="true" />
    <HelpFolder name="Methods" link="ms-help://MS.NETFrameworkSDKv1.1/cpref/html/frlrfsystemreflectionpointerMethodsTopic.htm" ismsdn="true">
      <HelpTopic name="Box(System.Void*, System.Type)" link="ms-help://MS.NETFrameworkSDKv1.1/cpref/html/frlrfsystemreflectionpointerclassBoxTopic.htm" ismsdn="true" />
      <HelpTopic name="Unbox(System.Object)" link="ms-help://MS.NETFrameworkSDKv1.1/cpref/html/frlrfsystemreflectionpointerclassUnboxTopic.htm" ismsdn="true" />
    </HelpFolder>
  </HelpFolder>
  <HelpTopic name="PropertyAttributes enumeration" link="ms-help://MS.NETFrameworkSDKv1.1/cpref/html/frlrfsystemreflectionpropertyattributesClassTopic.htm" ismsdn="true" />
  <HelpFolder name="PropertyInfo class" link="ms-help://MS.NETFrameworkSDKv1.1/cpref/html/frlrfsystemreflectionpropertyinfoClassTopic.htm" ismsdn="true">
    <HelpTopic name="PropertyInfo members" link="ms-help://MS.NETFrameworkSDKv1.1/cpref/html/frlrfsystemreflectionpropertyinfoMembersTopic.htm" ismsdn="true" />
    <HelpFolder name="Methods" link="ms-help://MS.NETFrameworkSDKv1.1/cpref/html/frlrfsystemreflectionpropertyinfoMethodsTopic.htm" ismsdn="true">
      <HelpTopic name="GetIndexParameters()" link="ms-help://MS.NETFrameworkSDKv1.1/cpref/html/frlrfsystemreflectionpropertyinfoclassGetIndexParametersTopic.htm" ismsdn="true" />
      <HelpTopic name="GetSetMethod(System.Boolean)" link="ms-help://MS.NETFrameworkSDKv1.1/cpref/html/frlrfsystemreflectionpropertyinfoclassGetSetMethodTopic.htm" ismsdn="true" />
      <HelpTopic name="GetGetMethod(System.Boolean)" link="ms-help://MS.NETFrameworkSDKv1.1/cpref/html/frlrfsystemreflectionpropertyinfoclassGetGetMethodTopic.htm" ismsdn="true" />
      <HelpTopic name="GetAccessors(System.Boolean)" link="ms-help://MS.NETFrameworkSDKv1.1/cpref/html/frlrfsystemreflectionpropertyinfoclassGetAccessorsTopic.htm" ismsdn="true" />
      <HelpTopic name="SetValue(System.Object, System.Object, System.Reflection.BindingFlags, System.Reflection.Binder, System.Object[], System.Globalization.CultureInfo)" link="ms-help://MS.NETFrameworkSDKv1.1/cpref/html/frlrfsystemreflectionpropertyinfoclassSetValueTopic1.htm" ismsdn="true" />
      <HelpTopic name="SetValue(System.Object, System.Object, System.Object[])" link="ms-help://MS.NETFrameworkSDKv1.1/cpref/html/frlrfsystemreflectionpropertyinfoclassSetValueTopic2.htm" ismsdn="true" />
      <HelpTopic name="GetValue(System.Object, System.Reflection.BindingFlags, System.Reflection.Binder, System.Object[], System.Globalization.CultureInfo)" link="ms-help://MS.NETFrameworkSDKv1.1/cpref/html/frlrfsystemreflectionpropertyinfoclassGetValueTopic1.htm" ismsdn="true" />
      <HelpTopic name="GetValue(System.Object, System.Object[])" link="ms-help://MS.NETFrameworkSDKv1.1/cpref/html/frlrfsystemreflectionpropertyinfoclassGetValueTopic2.htm" ismsdn="true" />
      <HelpTopic name="GetAccessors()" link="ms-help://MS.NETFrameworkSDKv1.1/cpref/html/frlrfsystemreflectionpropertyinfoclassGetAccessorsTopic.htm" ismsdn="true" />
      <HelpTopic name="GetGetMethod()" link="ms-help://MS.NETFrameworkSDKv1.1/cpref/html/frlrfsystemreflectionpropertyinfoclassGetGetMethodTopic.htm" ismsdn="true" />
      <HelpTopic name="GetSetMethod()" link="ms-help://MS.NETFrameworkSDKv1.1/cpref/html/frlrfsystemreflectionpropertyinfoclassGetSetMethodTopic.htm" ismsdn="true" />
    </HelpFolder>
    <HelpFolder name="Properties" link="ms-help://MS.NETFrameworkSDKv1.1/cpref/html/frlrfsystemreflectionpropertyinfoPropertiesTopic.htm" ismsdn="true">
      <HelpTopic name="MemberType" link="ms-help://MS.NETFrameworkSDKv1.1/cpref/html/frlrfsystemreflectionpropertyinfoclassMemberTypeTopic.htm" ismsdn="true" />
      <HelpTopic name="PropertyType" link="ms-help://MS.NETFrameworkSDKv1.1/cpref/html/frlrfsystemreflectionpropertyinfoclassPropertyTypeTopic.htm" ismsdn="true" />
      <HelpTopic name="Attributes" link="ms-help://MS.NETFrameworkSDKv1.1/cpref/html/frlrfsystemreflectionpropertyinfoclassAttributesTopic.htm" ismsdn="true" />
      <HelpTopic name="IsSpecialName" link="ms-help://MS.NETFrameworkSDKv1.1/cpref/html/frlrfsystemreflectionpropertyinfoclassIsSpecialNameTopic.htm" ismsdn="true" />
      <HelpTopic name="CanRead" link="ms-help://MS.NETFrameworkSDKv1.1/cpref/html/frlrfsystemreflectionpropertyinfoclassCanReadTopic.htm" ismsdn="true" />
      <HelpTopic name="CanWrite" link="ms-help://MS.NETFrameworkSDKv1.1/cpref/html/frlrfsystemreflectionpropertyinfoclassCanWriteTopic.htm" ismsdn="true" />
    </HelpFolder>
  </HelpFolder>
  <HelpFolder name="ReflectionTypeLoadException class" link="ms-help://MS.NETFrameworkSDKv1.1/cpref/html/frlrfsystemreflectionreflectiontypeloadexceptionClassTopic.htm" ismsdn="true">
    <HelpTopic name="ReflectionTypeLoadException members" link="ms-help://MS.NETFrameworkSDKv1.1/cpref/html/frlrfsystemreflectionreflectiontypeloadexceptionMembersTopic.htm" ismsdn="true" />
    <HelpFolder name="Constructors" link="ms-help://MS.NETFrameworkSDKv1.1/cpref/html/frlrfsystemreflectionreflectiontypeloadexceptionclassctorTopic.htm" ismsdn="true">
      <HelpTopic name=".ctor(System.Type[], System.Exception[])" link="ms-help://MS.NETFrameworkSDKv1.1/cpref/html/frlrfsystemreflectionreflectiontypeloadexceptionclassctorTopic1.htm" ismsdn="true" />
      <HelpTopic name=".ctor(System.Type[], System.Exception[], System.String)" link="ms-help://MS.NETFrameworkSDKv1.1/cpref/html/frlrfsystemreflectionreflectiontypeloadexceptionclassctorTopic1.htm" ismsdn="true" />
    </HelpFolder>
    <HelpFolder name="Methods" link="ms-help://MS.NETFrameworkSDKv1.1/cpref/html/frlrfsystemreflectionreflectiontypeloadexceptionMethodsTopic.htm" ismsdn="true">
      <HelpTopic name="GetObjectData(System.Runtime.Serialization.SerializationInfo, System.Runtime.Serialization.StreamingContext)" link="ms-help://MS.NETFrameworkSDKv1.1/cpref/html/frlrfsystemreflectionreflectiontypeloadexceptionclassGetObjectDataTopic.htm" ismsdn="true" />
    </HelpFolder>
    <HelpFolder name="Properties" link="ms-help://MS.NETFrameworkSDKv1.1/cpref/html/frlrfsystemreflectionreflectiontypeloadexceptionPropertiesTopic.htm" ismsdn="true">
      <HelpTopic name="Types" link="ms-help://MS.NETFrameworkSDKv1.1/cpref/html/frlrfsystemreflectionreflectiontypeloadexceptionclassTypesTopic.htm" ismsdn="true" />
      <HelpTopic name="LoaderExceptions" link="ms-help://MS.NETFrameworkSDKv1.1/cpref/html/frlrfsystemreflectionreflectiontypeloadexceptionclassLoaderExceptionsTopic.htm" ismsdn="true" />
    </HelpFolder>
  </HelpFolder>
  <HelpTopic name="ResourceAttributes enumeration" link="ms-help://MS.NETFrameworkSDKv1.1/cpref/html/frlrfsystemreflectionresourceattributesClassTopic.htm" ismsdn="true" />
  <HelpTopic name="ResourceLocation enumeration" link="ms-help://MS.NETFrameworkSDKv1.1/cpref/html/frlrfsystemreflectionresourcelocationClassTopic.htm" ismsdn="true" />
  <HelpFolder name="StrongNameKeyPair class" link="ms-help://MS.NETFrameworkSDKv1.1/cpref/html/frlrfsystemreflectionstrongnamekeypairClassTopic.htm" ismsdn="true">
    <HelpTopic name="StrongNameKeyPair members" link="ms-help://MS.NETFrameworkSDKv1.1/cpref/html/frlrfsystemreflectionstrongnamekeypairMembersTopic.htm" ismsdn="true" />
    <HelpFolder name="Constructors" link="ms-help://MS.NETFrameworkSDKv1.1/cpref/html/frlrfsystemreflectionstrongnamekeypairclassctorTopic.htm" ismsdn="true">
      <HelpTopic name=".ctor(System.IO.FileStream)" link="ms-help://MS.NETFrameworkSDKv1.1/cpref/html/frlrfsystemreflectionstrongnamekeypairclassctorTopic1.htm" ismsdn="true" />
      <HelpTopic name=".ctor(System.Byte[])" link="ms-help://MS.NETFrameworkSDKv1.1/cpref/html/frlrfsystemreflectionstrongnamekeypairclassctorTopic1.htm" ismsdn="true" />
      <HelpTopic name=".ctor(System.String)" link="ms-help://MS.NETFrameworkSDKv1.1/cpref/html/frlrfsystemreflectionstrongnamekeypairclassctorTopic2.htm" ismsdn="true" />
    </HelpFolder>
    <HelpFolder name="Properties" link="ms-help://MS.NETFrameworkSDKv1.1/cpref/html/frlrfsystemreflectionstrongnamekeypairPropertiesTopic.htm" ismsdn="true">
      <HelpTopic name="PublicKey" link="ms-help://MS.NETFrameworkSDKv1.1/cpref/html/frlrfsystemreflectionstrongnamekeypairclassPublicKeyTopic.htm" ismsdn="true" />
    </HelpFolder>
  </HelpFolder>
  <HelpFolder name="TargetException class" link="ms-help://MS.NETFrameworkSDKv1.1/cpref/html/frlrfsystemreflectiontargetexceptionClassTopic.htm" ismsdn="true">
    <HelpTopic name="TargetException members" link="ms-help://MS.NETFrameworkSDKv1.1/cpref/html/frlrfsystemreflectiontargetexceptionMembersTopic.htm" ismsdn="true" />
    <HelpFolder name="Constructors" link="ms-help://MS.NETFrameworkSDKv1.1/cpref/html/frlrfsystemreflectiontargetexceptionclassctorTopic.htm" ismsdn="true">
      <HelpTopic name=".ctor()" link="ms-help://MS.NETFrameworkSDKv1.1/cpref/html/frlrfsystemreflectiontargetexceptionclassctorTopic1.htm" ismsdn="true" />
      <HelpTopic name=".ctor(System.String)" link="ms-help://MS.NETFrameworkSDKv1.1/cpref/html/frlrfsystemreflectiontargetexceptionclassctorTopic1.htm" ismsdn="true" />
      <HelpTopic name=".ctor(System.String, System.Exception)" link="ms-help://MS.NETFrameworkSDKv1.1/cpref/html/frlrfsystemreflectiontargetexceptionclassctorTopic2.htm" ismsdn="true" />
    </HelpFolder>
  </HelpFolder>
  <HelpFolder name="TargetInvocationException class" link="ms-help://MS.NETFrameworkSDKv1.1/cpref/html/frlrfsystemreflectiontargetinvocationexceptionClassTopic.htm" ismsdn="true">
    <HelpTopic name="TargetInvocationException members" link="ms-help://MS.NETFrameworkSDKv1.1/cpref/html/frlrfsystemreflectiontargetinvocationexceptionMembersTopic.htm" ismsdn="true" />
    <HelpFolder name="Constructors" link="ms-help://MS.NETFrameworkSDKv1.1/cpref/html/frlrfsystemreflectiontargetinvocationexceptionclassctorTopic.htm" ismsdn="true">
      <HelpTopic name=".ctor(System.Exception)" link="ms-help://MS.NETFrameworkSDKv1.1/cpref/html/frlrfsystemreflectiontargetinvocationexceptionclassctorTopic1.htm" ismsdn="true" />
      <HelpTopic name=".ctor(System.String, System.Exception)" link="ms-help://MS.NETFrameworkSDKv1.1/cpref/html/frlrfsystemreflectiontargetinvocationexceptionclassctorTopic1.htm" ismsdn="true" />
    </HelpFolder>
  </HelpFolder>
  <HelpFolder name="TargetParameterCountException class" link="ms-help://MS.NETFrameworkSDKv1.1/cpref/html/frlrfsystemreflectiontargetparametercountexceptionClassTopic.htm" ismsdn="true">
    <HelpTopic name="TargetParameterCountException members" link="ms-help://MS.NETFrameworkSDKv1.1/cpref/html/frlrfsystemreflectiontargetparametercountexceptionMembersTopic.htm" ismsdn="true" />
    <HelpFolder name="Constructors" link="ms-help://MS.NETFrameworkSDKv1.1/cpref/html/frlrfsystemreflectiontargetparametercountexceptionclassctorTopic.htm" ismsdn="true">
      <HelpTopic name=".ctor()" link="ms-help://MS.NETFrameworkSDKv1.1/cpref/html/frlrfsystemreflectiontargetparametercountexceptionclassctorTopic1.htm" ismsdn="true" />
      <HelpTopic name=".ctor(System.String)" link="ms-help://MS.NETFrameworkSDKv1.1/cpref/html/frlrfsystemreflectiontargetparametercountexceptionclassctorTopic1.htm" ismsdn="true" />
      <HelpTopic name=".ctor(System.String, System.Exception)" link="ms-help://MS.NETFrameworkSDKv1.1/cpref/html/frlrfsystemreflectiontargetparametercountexceptionclassctorTopic2.htm" ismsdn="true" />
    </HelpFolder>
  </HelpFolder>
  <HelpTopic name="TypeAttributes enumeration" link="ms-help://MS.NETFrameworkSDKv1.1/cpref/html/frlrfsystemreflectiontypeattributesClassTopic.htm" ismsdn="true" />
  <HelpFolder name="TypeDelegator class" link="ms-help://MS.NETFrameworkSDKv1.1/cpref/html/frlrfsystemreflectiontypedelegatorClassTopic.htm" ismsdn="true">
    <HelpTopic name="TypeDelegator members" link="ms-help://MS.NETFrameworkSDKv1.1/cpref/html/frlrfsystemreflectiontypedelegatorMembersTopic.htm" ismsdn="true" />
    <HelpFolder name="Constructors" link="ms-help://MS.NETFrameworkSDKv1.1/cpref/html/frlrfsystemreflectiontypedelegatorclassctorTopic.htm" ismsdn="true">
      <HelpTopic name=".ctor(System.Type)" link="ms-help://MS.NETFrameworkSDKv1.1/cpref/html/frlrfsystemreflectiontypedelegatorclassctorTopic.htm" ismsdn="true" />
    </HelpFolder>
    <HelpFolder name="Methods" link="ms-help://MS.NETFrameworkSDKv1.1/cpref/html/frlrfsystemreflectiontypedelegatorMethodsTopic.htm" ismsdn="true">
      <HelpTopic name="InvokeMember(System.String, System.Reflection.BindingFlags, System.Reflection.Binder, System.Object, System.Object[], System.Reflection.ParameterModifier[], System.Globalization.CultureInfo, System.String[])" link="ms-help://MS.NETFrameworkSDKv1.1/cpref/html/frlrfsystemreflectiontypedelegatorclassInvokeMemberTopic.htm" ismsdn="true" />
      <HelpTopic name="GetMembers(System.Reflection.BindingFlags)" link="ms-help://MS.NETFrameworkSDKv1.1/cpref/html/frlrfsystemreflectiontypedelegatorclassGetMembersTopic.htm" ismsdn="true" />
      <HelpTopic name="GetProperties(System.Reflection.BindingFlags)" link="ms-help://MS.NETFrameworkSDKv1.1/cpref/html/frlrfsystemreflectiontypedelegatorclassGetPropertiesTopic.htm" ismsdn="true" />
      <HelpTopic name="GetFields(System.Reflection.BindingFlags)" link="ms-help://MS.NETFrameworkSDKv1.1/cpref/html/frlrfsystemreflectiontypedelegatorclassGetFieldsTopic.htm" ismsdn="true" />
      <HelpTopic name="GetField(System.String, System.Reflection.BindingFlags)" link="ms-help://MS.NETFrameworkSDKv1.1/cpref/html/frlrfsystemreflectiontypedelegatorclassGetFieldTopic.htm" ismsdn="true" />
      <HelpTopic name="GetMethods(System.Reflection.BindingFlags)" link="ms-help://MS.NETFrameworkSDKv1.1/cpref/html/frlrfsystemreflectiontypedelegatorclassGetMethodsTopic.htm" ismsdn="true" />
      <HelpTopic name="GetInterfaceMap(System.Type)" link="ms-help://MS.NETFrameworkSDKv1.1/cpref/html/frlrfsystemreflectiontypedelegatorclassGetInterfaceMapTopic.htm" ismsdn="true" />
      <HelpTopic name="GetElementType()" link="ms-help://MS.NETFrameworkSDKv1.1/cpref/html/frlrfsystemreflectiontypedelegatorclassGetElementTypeTopic.htm" ismsdn="true" />
      <HelpTopic name="GetMember(System.String, System.Reflection.MemberTypes, System.Reflection.BindingFlags)" link="ms-help://MS.NETFrameworkSDKv1.1/cpref/html/frlrfsystemreflectiontypedelegatorclassGetMemberTopic.htm" ismsdn="true" />
      <HelpTopic name="GetNestedType(System.String, System.Reflection.BindingFlags)" link="ms-help://MS.NETFrameworkSDKv1.1/cpref/html/frlrfsystemreflectiontypedelegatorclassGetNestedTypeTopic.htm" ismsdn="true" />
      <HelpTopic name="GetNestedTypes(System.Reflection.BindingFlags)" link="ms-help://MS.NETFrameworkSDKv1.1/cpref/html/frlrfsystemreflectiontypedelegatorclassGetNestedTypesTopic.htm" ismsdn="true" />
      <HelpTopic name="GetEvents(System.Reflection.BindingFlags)" link="ms-help://MS.NETFrameworkSDKv1.1/cpref/html/frlrfsystemreflectiontypedelegatorclassGetEventsTopic1.htm" ismsdn="true" />
      <HelpTopic name="GetEvents()" link="ms-help://MS.NETFrameworkSDKv1.1/cpref/html/frlrfsystemreflectiontypedelegatorclassGetEventsTopic2.htm" ismsdn="true" />
      <HelpTopic name="GetEvent(System.String, System.Reflection.BindingFlags)" link="ms-help://MS.NETFrameworkSDKv1.1/cpref/html/frlrfsystemreflectiontypedelegatorclassGetEventTopic.htm" ismsdn="true" />
      <HelpTopic name="GetInterfaces()" link="ms-help://MS.NETFrameworkSDKv1.1/cpref/html/frlrfsystemreflectiontypedelegatorclassGetInterfacesTopic.htm" ismsdn="true" />
      <HelpTopic name="GetInterface(System.String, System.Boolean)" link="ms-help://MS.NETFrameworkSDKv1.1/cpref/html/frlrfsystemreflectiontypedelegatorclassGetInterfaceTopic.htm" ismsdn="true" />
      <HelpTopic name="GetConstructors(System.Reflection.BindingFlags)" link="ms-help://MS.NETFrameworkSDKv1.1/cpref/html/frlrfsystemreflectiontypedelegatorclassGetConstructorsTopic.htm" ismsdn="true" />
      <HelpTopic name="IsDefined(System.Type, System.Boolean)" link="ms-help://MS.NETFrameworkSDKv1.1/cpref/html/frlrfsystemreflectiontypedelegatorclassIsDefinedTopic.htm" ismsdn="true" />
      <HelpTopic name="GetCustomAttributes(System.Boolean)" link="ms-help://MS.NETFrameworkSDKv1.1/cpref/html/frlrfsystemreflectiontypedelegatorclassGetCustomAttributesTopic1.htm" ismsdn="true" />
      <HelpTopic name="GetCustomAttributes(System.Type, System.Boolean)" link="ms-help://MS.NETFrameworkSDKv1.1/cpref/html/frlrfsystemreflectiontypedelegatorclassGetCustomAttributesTopic2.htm" ismsdn="true" />
    </HelpFolder>
    <HelpFolder name="Properties" link="ms-help://MS.NETFrameworkSDKv1.1/cpref/html/frlrfsystemreflectiontypedelegatorPropertiesTopic.htm" ismsdn="true">
      <HelpTopic name="GUID" link="ms-help://MS.NETFrameworkSDKv1.1/cpref/html/frlrfsystemreflectiontypedelegatorclassGUIDTopic.htm" ismsdn="true" />
      <HelpTopic name="Module" link="ms-help://MS.NETFrameworkSDKv1.1/cpref/html/frlrfsystemreflectiontypedelegatorclassModuleTopic.htm" ismsdn="true" />
      <HelpTopic name="Assembly" link="ms-help://MS.NETFrameworkSDKv1.1/cpref/html/frlrfsystemreflectiontypedelegatorclassAssemblyTopic.htm" ismsdn="true" />
      <HelpTopic name="TypeHandle" link="ms-help://MS.NETFrameworkSDKv1.1/cpref/html/frlrfsystemreflectiontypedelegatorclassTypeHandleTopic.htm" ismsdn="true" />
      <HelpTopic name="Name" link="ms-help://MS.NETFrameworkSDKv1.1/cpref/html/frlrfsystemreflectiontypedelegatorclassNameTopic.htm" ismsdn="true" />
      <HelpTopic name="FullName" link="ms-help://MS.NETFrameworkSDKv1.1/cpref/html/frlrfsystemreflectiontypedelegatorclassFullNameTopic.htm" ismsdn="true" />
      <HelpTopic name="Namespace" link="ms-help://MS.NETFrameworkSDKv1.1/cpref/html/frlrfsystemreflectiontypedelegatorclassNamespaceTopic.htm" ismsdn="true" />
      <HelpTopic name="AssemblyQualifiedName" link="ms-help://MS.NETFrameworkSDKv1.1/cpref/html/frlrfsystemreflectiontypedelegatorclassAssemblyQualifiedNameTopic.htm" ismsdn="true" />
      <HelpTopic name="BaseType" link="ms-help://MS.NETFrameworkSDKv1.1/cpref/html/frlrfsystemreflectiontypedelegatorclassBaseTypeTopic.htm" ismsdn="true" />
      <HelpTopic name="UnderlyingSystemType" link="ms-help://MS.NETFrameworkSDKv1.1/cpref/html/frlrfsystemreflectiontypedelegatorclassUnderlyingSystemTypeTopic.htm" ismsdn="true" />
    </HelpFolder>
  </HelpFolder>
  <HelpTopic name="TypeFilter delegate" link="ms-help://MS.NETFrameworkSDKv1.1/cpref/html/frlrfsystemreflectiontypefilterClassTopic.htm" ismsdn="true" />
</HelpCollection>