<HelpCollection>
  <HelpFolder name="AppDomainHelper class" link="ms-help://MS.NETFrameworkSDKv1.1/cpref/html/frlrfsystementerpriseservicesinternalappdomainhelperClassTopic.htm" ismsdn="true">
    <HelpTopic name="AppDomainHelper members" link="ms-help://MS.NETFrameworkSDKv1.1/cpref/html/frlrfsystementerpriseservicesinternalappdomainhelperMembersTopic.htm" ismsdn="true" />
    <HelpFolder name="Constructors" link="ms-help://MS.NETFrameworkSDKv1.1/cpref/html/frlrfsystementerpriseservicesinternalappdomainhelperclassctorTopic.htm" ismsdn="true">
      <HelpTopic name=".ctor()" link="ms-help://MS.NETFrameworkSDKv1.1/cpref/html/frlrfsystementerpriseservicesinternalappdomainhelperclassctorTopic.htm" ismsdn="true" />
    </HelpFolder>
  </HelpFolder>
  <HelpFolder name="AssemblyLocator class" link="ms-help://MS.NETFrameworkSDKv1.1/cpref/html/frlrfsystementerpriseservicesinternalassemblylocatorClassTopic.htm" ismsdn="true">
    <HelpTopic name="AssemblyLocator members" link="ms-help://MS.NETFrameworkSDKv1.1/cpref/html/frlrfsystementerpriseservicesinternalassemblylocatorMembersTopic.htm" ismsdn="true" />
    <HelpFolder name="Constructors" link="ms-help://MS.NETFrameworkSDKv1.1/cpref/html/frlrfsystementerpriseservicesinternalassemblylocatorclassctorTopic.htm" ismsdn="true">
      <HelpTopic name=".ctor()" link="ms-help://MS.NETFrameworkSDKv1.1/cpref/html/frlrfsystementerpriseservicesinternalassemblylocatorclassctorTopic.htm" ismsdn="true" />
    </HelpFolder>
  </HelpFolder>
  <HelpFolder name="ClientRemotingConfig class" link="ms-help://MS.NETFrameworkSDKv1.1/cpref/html/frlrfsystementerpriseservicesinternalclientremotingconfigClassTopic.htm" ismsdn="true">
    <HelpTopic name="ClientRemotingConfig members" link="ms-help://MS.NETFrameworkSDKv1.1/cpref/html/frlrfsystementerpriseservicesinternalclientremotingconfigMembersTopic.htm" ismsdn="true" />
    <HelpFolder name="Constructors" link="ms-help://MS.NETFrameworkSDKv1.1/cpref/html/frlrfsystementerpriseservicesinternalclientremotingconfigclassctorTopic.htm" ismsdn="true">
      <HelpTopic name=".ctor()" link="ms-help://MS.NETFrameworkSDKv1.1/cpref/html/frlrfsystementerpriseservicesinternalclientremotingconfigclassctorTopic.htm" ismsdn="true" />
    </HelpFolder>
    <HelpFolder name="Methods" link="ms-help://MS.NETFrameworkSDKv1.1/cpref/html/frlrfsystementerpriseservicesinternalclientremotingconfigMethodsTopic.htm" ismsdn="true">
      <HelpTopic name="Write(System.String, System.String, System.String, System.String, System.String, System.String, System.String, System.String)" link="ms-help://MS.NETFrameworkSDKv1.1/cpref/html/frlrfsystementerpriseservicesinternalclientremotingconfigclassWriteTopic.htm" ismsdn="true" />
    </HelpFolder>
  </HelpFolder>
  <HelpFolder name="ClrObjectFactory class" link="ms-help://MS.NETFrameworkSDKv1.1/cpref/html/frlrfsystementerpriseservicesinternalclrobjectfactoryClassTopic.htm" ismsdn="true">
    <HelpTopic name="ClrObjectFactory members" link="ms-help://MS.NETFrameworkSDKv1.1/cpref/html/frlrfsystementerpriseservicesinternalclrobjectfactoryMembersTopic.htm" ismsdn="true" />
    <HelpFolder name="Constructors" link="ms-help://MS.NETFrameworkSDKv1.1/cpref/html/frlrfsystementerpriseservicesinternalclrobjectfactoryclassctorTopic.htm" ismsdn="true">
      <HelpTopic name=".ctor()" link="ms-help://MS.NETFrameworkSDKv1.1/cpref/html/frlrfsystementerpriseservicesinternalclrobjectfactoryclassctorTopic.htm" ismsdn="true" />
    </HelpFolder>
    <HelpFolder name="Methods" link="ms-help://MS.NETFrameworkSDKv1.1/cpref/html/frlrfsystementerpriseservicesinternalclrobjectfactoryMethodsTopic.htm" ismsdn="true">
      <HelpTopic name="CreateFromAssembly(System.String, System.String, System.String)" link="ms-help://MS.NETFrameworkSDKv1.1/cpref/html/frlrfsystementerpriseservicesinternalclrobjectfactoryclassCreateFromAssemblyTopic.htm" ismsdn="true" />
      <HelpTopic name="CreateFromVroot(System.String, System.String)" link="ms-help://MS.NETFrameworkSDKv1.1/cpref/html/frlrfsystementerpriseservicesinternalclrobjectfactoryclassCreateFromVrootTopic.htm" ismsdn="true" />
      <HelpTopic name="CreateFromWsdl(System.String, System.String)" link="ms-help://MS.NETFrameworkSDKv1.1/cpref/html/frlrfsystementerpriseservicesinternalclrobjectfactoryclassCreateFromWsdlTopic.htm" ismsdn="true" />
      <HelpTopic name="CreateFromMailbox(System.String, System.String)" link="ms-help://MS.NETFrameworkSDKv1.1/cpref/html/frlrfsystementerpriseservicesinternalclrobjectfactoryclassCreateFromMailboxTopic.htm" ismsdn="true" />
    </HelpFolder>
  </HelpFolder>
  <HelpFolder name="ComManagedImportUtil class" link="ms-help://MS.NETFrameworkSDKv1.1/cpref/html/frlrfsystementerpriseservicesinternalcommanagedimportutilClassTopic.htm" ismsdn="true">
    <HelpTopic name="ComManagedImportUtil members" link="ms-help://MS.NETFrameworkSDKv1.1/cpref/html/frlrfsystementerpriseservicesinternalcommanagedimportutilMembersTopic.htm" ismsdn="true" />
    <HelpFolder name="Constructors" link="ms-help://MS.NETFrameworkSDKv1.1/cpref/html/frlrfsystementerpriseservicesinternalcommanagedimportutilclassctorTopic.htm" ismsdn="true">
      <HelpTopic name=".ctor()" link="ms-help://MS.NETFrameworkSDKv1.1/cpref/html/frlrfsystementerpriseservicesinternalcommanagedimportutilclassctorTopic.htm" ismsdn="true" />
    </HelpFolder>
    <HelpFolder name="Methods" link="ms-help://MS.NETFrameworkSDKv1.1/cpref/html/frlrfsystementerpriseservicesinternalcommanagedimportutilMethodsTopic.htm" ismsdn="true">
      <HelpTopic name="GetComponentInfo(System.String, System.String&amp;, System.String&amp;)" link="ms-help://MS.NETFrameworkSDKv1.1/cpref/html/frlrfsystementerpriseservicesinternalcommanagedimportutilclassGetComponentInfoTopic.htm" ismsdn="true" />
      <HelpTopic name="InstallAssembly(System.String, System.String, System.String)" link="ms-help://MS.NETFrameworkSDKv1.1/cpref/html/frlrfsystementerpriseservicesinternalcommanagedimportutilclassInstallAssemblyTopic.htm" ismsdn="true" />
    </HelpFolder>
  </HelpFolder>
  <HelpFolder name="ComSoapPublishError class" link="ms-help://MS.NETFrameworkSDKv1.1/cpref/html/frlrfsystementerpriseservicesinternalcomsoappublisherrorClassTopic.htm" ismsdn="true">
    <HelpTopic name="ComSoapPublishError members" link="ms-help://MS.NETFrameworkSDKv1.1/cpref/html/frlrfsystementerpriseservicesinternalcomsoappublisherrorMembersTopic.htm" ismsdn="true" />
    <HelpFolder name="Constructors" link="ms-help://MS.NETFrameworkSDKv1.1/cpref/html/frlrfsystementerpriseservicesinternalcomsoappublisherrorclassctorTopic.htm" ismsdn="true">
      <HelpTopic name=".ctor()" link="ms-help://MS.NETFrameworkSDKv1.1/cpref/html/frlrfsystementerpriseservicesinternalcomsoappublisherrorclassctorTopic.htm" ismsdn="true" />
    </HelpFolder>
    <HelpFolder name="Methods" link="ms-help://MS.NETFrameworkSDKv1.1/cpref/html/frlrfsystementerpriseservicesinternalcomsoappublisherrorMethodsTopic.htm" ismsdn="true">
      <HelpTopic name="Report(System.String)" link="ms-help://MS.NETFrameworkSDKv1.1/cpref/html/frlrfsystementerpriseservicesinternalcomsoappublisherrorclassReportTopic.htm" ismsdn="true" />
    </HelpFolder>
  </HelpFolder>
  <HelpFolder name="GenerateMetadata class" link="ms-help://MS.NETFrameworkSDKv1.1/cpref/html/frlrfsystementerpriseservicesinternalgeneratemetadataClassTopic.htm" ismsdn="true">
    <HelpTopic name="GenerateMetadata members" link="ms-help://MS.NETFrameworkSDKv1.1/cpref/html/frlrfsystementerpriseservicesinternalgeneratemetadataMembersTopic.htm" ismsdn="true" />
    <HelpFolder name="Constructors" link="ms-help://MS.NETFrameworkSDKv1.1/cpref/html/frlrfsystementerpriseservicesinternalgeneratemetadataclassctorTopic.htm" ismsdn="true">
      <HelpTopic name=".ctor()" link="ms-help://MS.NETFrameworkSDKv1.1/cpref/html/frlrfsystementerpriseservicesinternalgeneratemetadataclassctorTopic.htm" ismsdn="true" />
    </HelpFolder>
    <HelpFolder name="Methods" link="ms-help://MS.NETFrameworkSDKv1.1/cpref/html/frlrfsystementerpriseservicesinternalgeneratemetadataMethodsTopic.htm" ismsdn="true">
      <HelpTopic name="SearchPath(System.String, System.String, System.String, System.Int32, System.String, System.Int32[])" link="ms-help://MS.NETFrameworkSDKv1.1/cpref/html/frlrfsystementerpriseservicesinternalgeneratemetadataclassSearchPathTopic.htm" ismsdn="true" />
      <HelpTopic name="Generate(System.String, System.String)" link="ms-help://MS.NETFrameworkSDKv1.1/cpref/html/frlrfsystementerpriseservicesinternalgeneratemetadataclassGenerateTopic.htm" ismsdn="true" />
      <HelpTopic name="GenerateSigned(System.String, System.String, System.Boolean, System.String&amp;)" link="ms-help://MS.NETFrameworkSDKv1.1/cpref/html/frlrfsystementerpriseservicesinternalgeneratemetadataclassGenerateSignedTopic.htm" ismsdn="true" />
      <HelpTopic name="GenerateMetaData(System.String, System.String, System.Byte[], System.Reflection.StrongNameKeyPair)" link="ms-help://MS.NETFrameworkSDKv1.1/cpref/html/frlrfsystementerpriseservicesinternalgeneratemetadataclassGenerateMetaDataTopic.htm" ismsdn="true" />
    </HelpFolder>
  </HelpFolder>
  <HelpFolder name="IClrObjectFactory interface" link="ms-help://MS.NETFrameworkSDKv1.1/cpref/html/frlrfsystementerpriseservicesinternaliclrobjectfactoryClassTopic.htm" ismsdn="true">
    <HelpTopic name="IClrObjectFactory members" link="ms-help://MS.NETFrameworkSDKv1.1/cpref/html/frlrfsystementerpriseservicesinternaliclrobjectfactoryMembersTopic.htm" ismsdn="true" />
    <HelpFolder name="Methods" link="ms-help://MS.NETFrameworkSDKv1.1/cpref/html/frlrfsystementerpriseservicesinternaliclrobjectfactoryMethodsTopic.htm" ismsdn="true">
      <HelpTopic name="CreateFromAssembly(System.String, System.String, System.String)" link="ms-help://MS.NETFrameworkSDKv1.1/cpref/html/frlrfsystementerpriseservicesinternaliclrobjectfactoryclassCreateFromAssemblyTopic.htm" ismsdn="true" />
      <HelpTopic name="CreateFromVroot(System.String, System.String)" link="ms-help://MS.NETFrameworkSDKv1.1/cpref/html/frlrfsystementerpriseservicesinternaliclrobjectfactoryclassCreateFromVrootTopic.htm" ismsdn="true" />
      <HelpTopic name="CreateFromWsdl(System.String, System.String)" link="ms-help://MS.NETFrameworkSDKv1.1/cpref/html/frlrfsystementerpriseservicesinternaliclrobjectfactoryclassCreateFromWsdlTopic.htm" ismsdn="true" />
      <HelpTopic name="CreateFromMailbox(System.String, System.String)" link="ms-help://MS.NETFrameworkSDKv1.1/cpref/html/frlrfsystementerpriseservicesinternaliclrobjectfactoryclassCreateFromMailboxTopic.htm" ismsdn="true" />
    </HelpFolder>
  </HelpFolder>
  <HelpFolder name="IComManagedImportUtil interface" link="ms-help://MS.NETFrameworkSDKv1.1/cpref/html/frlrfsystementerpriseservicesinternalicommanagedimportutilClassTopic.htm" ismsdn="true">
    <HelpTopic name="IComManagedImportUtil members" link="ms-help://MS.NETFrameworkSDKv1.1/cpref/html/frlrfsystementerpriseservicesinternalicommanagedimportutilMembersTopic.htm" ismsdn="true" />
    <HelpFolder name="Methods" link="ms-help://MS.NETFrameworkSDKv1.1/cpref/html/frlrfsystementerpriseservicesinternalicommanagedimportutilMethodsTopic.htm" ismsdn="true">
      <HelpTopic name="GetComponentInfo(System.String, System.String&amp;, System.String&amp;)" link="ms-help://MS.NETFrameworkSDKv1.1/cpref/html/frlrfsystementerpriseservicesinternalicommanagedimportutilclassGetComponentInfoTopic.htm" ismsdn="true" />
      <HelpTopic name="InstallAssembly(System.String, System.String, System.String)" link="ms-help://MS.NETFrameworkSDKv1.1/cpref/html/frlrfsystementerpriseservicesinternalicommanagedimportutilclassInstallAssemblyTopic.htm" ismsdn="true" />
    </HelpFolder>
  </HelpFolder>
  <HelpFolder name="IComSoapIISVRoot interface" link="ms-help://MS.NETFrameworkSDKv1.1/cpref/html/frlrfsystementerpriseservicesinternalicomsoapiisvrootClassTopic.htm" ismsdn="true">
    <HelpTopic name="IComSoapIISVRoot members" link="ms-help://MS.NETFrameworkSDKv1.1/cpref/html/frlrfsystementerpriseservicesinternalicomsoapiisvrootMembersTopic.htm" ismsdn="true" />
    <HelpFolder name="Methods" link="ms-help://MS.NETFrameworkSDKv1.1/cpref/html/frlrfsystementerpriseservicesinternalicomsoapiisvrootMethodsTopic.htm" ismsdn="true">
      <HelpTopic name="Create(System.String, System.String, System.String, System.String&amp;)" link="ms-help://MS.NETFrameworkSDKv1.1/cpref/html/frlrfsystementerpriseservicesinternalicomsoapiisvrootclassCreateTopic.htm" ismsdn="true" />
      <HelpTopic name="Delete(System.String, System.String, System.String, System.String&amp;)" link="ms-help://MS.NETFrameworkSDKv1.1/cpref/html/frlrfsystementerpriseservicesinternalicomsoapiisvrootclassDeleteTopic.htm" ismsdn="true" />
    </HelpFolder>
  </HelpFolder>
  <HelpFolder name="IComSoapMetadata interface" link="ms-help://MS.NETFrameworkSDKv1.1/cpref/html/frlrfsystementerpriseservicesinternalicomsoapmetadataClassTopic.htm" ismsdn="true">
    <HelpTopic name="IComSoapMetadata members" link="ms-help://MS.NETFrameworkSDKv1.1/cpref/html/frlrfsystementerpriseservicesinternalicomsoapmetadataMembersTopic.htm" ismsdn="true" />
    <HelpFolder name="Methods" link="ms-help://MS.NETFrameworkSDKv1.1/cpref/html/frlrfsystementerpriseservicesinternalicomsoapmetadataMethodsTopic.htm" ismsdn="true">
      <HelpTopic name="Generate(System.String, System.String)" link="ms-help://MS.NETFrameworkSDKv1.1/cpref/html/frlrfsystementerpriseservicesinternalicomsoapmetadataclassGenerateTopic.htm" ismsdn="true" />
      <HelpTopic name="GenerateSigned(System.String, System.String, System.Boolean, System.String&amp;)" link="ms-help://MS.NETFrameworkSDKv1.1/cpref/html/frlrfsystementerpriseservicesinternalicomsoapmetadataclassGenerateSignedTopic.htm" ismsdn="true" />
    </HelpFolder>
  </HelpFolder>
  <HelpFolder name="IComSoapPublisher interface" link="ms-help://MS.NETFrameworkSDKv1.1/cpref/html/frlrfsystementerpriseservicesinternalicomsoappublisherClassTopic.htm" ismsdn="true">
    <HelpTopic name="IComSoapPublisher members" link="ms-help://MS.NETFrameworkSDKv1.1/cpref/html/frlrfsystementerpriseservicesinternalicomsoappublisherMembersTopic.htm" ismsdn="true" />
    <HelpFolder name="Methods" link="ms-help://MS.NETFrameworkSDKv1.1/cpref/html/frlrfsystementerpriseservicesinternalicomsoappublisherMethodsTopic.htm" ismsdn="true">
      <HelpTopic name="CreateVirtualRoot(System.String, System.String, System.String&amp;, System.String&amp;, System.String&amp;, System.String&amp;)" link="ms-help://MS.NETFrameworkSDKv1.1/cpref/html/frlrfsystementerpriseservicesinternalicomsoappublisherclassCreateVirtualRootTopic.htm" ismsdn="true" />
      <HelpTopic name="DeleteVirtualRoot(System.String, System.String, System.String&amp;)" link="ms-help://MS.NETFrameworkSDKv1.1/cpref/html/frlrfsystementerpriseservicesinternalicomsoappublisherclassDeleteVirtualRootTopic.htm" ismsdn="true" />
      <HelpTopic name="CreateMailBox(System.String, System.String, System.String&amp;, System.String&amp;, System.String&amp;, System.String&amp;)" link="ms-help://MS.NETFrameworkSDKv1.1/cpref/html/frlrfsystementerpriseservicesinternalicomsoappublisherclassCreateMailBoxTopic.htm" ismsdn="true" />
      <HelpTopic name="DeleteMailBox(System.String, System.String, System.String&amp;)" link="ms-help://MS.NETFrameworkSDKv1.1/cpref/html/frlrfsystementerpriseservicesinternalicomsoappublisherclassDeleteMailBoxTopic.htm" ismsdn="true" />
      <HelpTopic name="ProcessServerTlb(System.String, System.String, System.String, System.String, System.String&amp;, System.String&amp;, System.String&amp;)" link="ms-help://MS.NETFrameworkSDKv1.1/cpref/html/frlrfsystementerpriseservicesinternalicomsoappublisherclassProcessServerTlbTopic.htm" ismsdn="true" />
      <HelpTopic name="ProcessClientTlb(System.String, System.String, System.String, System.String, System.String, System.String, System.String, System.String&amp;, System.String&amp;, System.String&amp;)" link="ms-help://MS.NETFrameworkSDKv1.1/cpref/html/frlrfsystementerpriseservicesinternalicomsoappublisherclassProcessClientTlbTopic.htm" ismsdn="true" />
      <HelpTopic name="GetTypeNameFromProgId(System.String, System.String)" link="ms-help://MS.NETFrameworkSDKv1.1/cpref/html/frlrfsystementerpriseservicesinternalicomsoappublisherclassGetTypeNameFromProgIdTopic.htm" ismsdn="true" />
      <HelpTopic name="RegisterAssembly(System.String)" link="ms-help://MS.NETFrameworkSDKv1.1/cpref/html/frlrfsystementerpriseservicesinternalicomsoappublisherclassRegisterAssemblyTopic.htm" ismsdn="true" />
      <HelpTopic name="UnRegisterAssembly(System.String)" link="ms-help://MS.NETFrameworkSDKv1.1/cpref/html/frlrfsystementerpriseservicesinternalicomsoappublisherclassUnRegisterAssemblyTopic.htm" ismsdn="true" />
      <HelpTopic name="GacInstall(System.String)" link="ms-help://MS.NETFrameworkSDKv1.1/cpref/html/frlrfsystementerpriseservicesinternalicomsoappublisherclassGacInstallTopic.htm" ismsdn="true" />
      <HelpTopic name="GacRemove(System.String)" link="ms-help://MS.NETFrameworkSDKv1.1/cpref/html/frlrfsystementerpriseservicesinternalicomsoappublisherclassGacRemoveTopic.htm" ismsdn="true" />
      <HelpTopic name="GetAssemblyNameForCache(System.String, System.String&amp;)" link="ms-help://MS.NETFrameworkSDKv1.1/cpref/html/frlrfsystementerpriseservicesinternalicomsoappublisherclassGetAssemblyNameForCacheTopic.htm" ismsdn="true" />
    </HelpFolder>
  </HelpFolder>
  <HelpFolder name="IISVirtualRoot class" link="ms-help://MS.NETFrameworkSDKv1.1/cpref/html/frlrfsystementerpriseservicesinternaliisvirtualrootClassTopic.htm" ismsdn="true">
    <HelpTopic name="IISVirtualRoot members" link="ms-help://MS.NETFrameworkSDKv1.1/cpref/html/frlrfsystementerpriseservicesinternaliisvirtualrootMembersTopic.htm" ismsdn="true" />
    <HelpFolder name="Constructors" link="ms-help://MS.NETFrameworkSDKv1.1/cpref/html/frlrfsystementerpriseservicesinternaliisvirtualrootclassctorTopic.htm" ismsdn="true">
      <HelpTopic name=".ctor()" link="ms-help://MS.NETFrameworkSDKv1.1/cpref/html/frlrfsystementerpriseservicesinternaliisvirtualrootclassctorTopic.htm" ismsdn="true" />
    </HelpFolder>
    <HelpFolder name="Methods" link="ms-help://MS.NETFrameworkSDKv1.1/cpref/html/frlrfsystementerpriseservicesinternaliisvirtualrootMethodsTopic.htm" ismsdn="true">
      <HelpTopic name="Create(System.String, System.String, System.String, System.String&amp;)" link="ms-help://MS.NETFrameworkSDKv1.1/cpref/html/frlrfsystementerpriseservicesinternaliisvirtualrootclassCreateTopic.htm" ismsdn="true" />
      <HelpTopic name="Delete(System.String, System.String, System.String, System.String&amp;)" link="ms-help://MS.NETFrameworkSDKv1.1/cpref/html/frlrfsystementerpriseservicesinternaliisvirtualrootclassDeleteTopic.htm" ismsdn="true" />
    </HelpFolder>
  </HelpFolder>
  <HelpFolder name="IServerWebConfig interface" link="ms-help://MS.NETFrameworkSDKv1.1/cpref/html/frlrfsystementerpriseservicesinternaliserverwebconfigClassTopic.htm" ismsdn="true">
    <HelpTopic name="IServerWebConfig members" link="ms-help://MS.NETFrameworkSDKv1.1/cpref/html/frlrfsystementerpriseservicesinternaliserverwebconfigMembersTopic.htm" ismsdn="true" />
    <HelpFolder name="Methods" link="ms-help://MS.NETFrameworkSDKv1.1/cpref/html/frlrfsystementerpriseservicesinternaliserverwebconfigMethodsTopic.htm" ismsdn="true">
      <HelpTopic name="AddElement(System.String, System.String, System.String, System.String, System.String, System.String&amp;)" link="ms-help://MS.NETFrameworkSDKv1.1/cpref/html/frlrfsystementerpriseservicesinternaliserverwebconfigclassAddElementTopic.htm" ismsdn="true" />
      <HelpTopic name="Create(System.String, System.String, System.String&amp;)" link="ms-help://MS.NETFrameworkSDKv1.1/cpref/html/frlrfsystementerpriseservicesinternaliserverwebconfigclassCreateTopic.htm" ismsdn="true" />
    </HelpFolder>
  </HelpFolder>
  <HelpFolder name="ISoapClientImport interface" link="ms-help://MS.NETFrameworkSDKv1.1/cpref/html/frlrfsystementerpriseservicesinternalisoapclientimportClassTopic.htm" ismsdn="true">
    <HelpTopic name="ISoapClientImport members" link="ms-help://MS.NETFrameworkSDKv1.1/cpref/html/frlrfsystementerpriseservicesinternalisoapclientimportMembersTopic.htm" ismsdn="true" />
    <HelpFolder name="Methods" link="ms-help://MS.NETFrameworkSDKv1.1/cpref/html/frlrfsystementerpriseservicesinternalisoapclientimportMethodsTopic.htm" ismsdn="true">
      <HelpTopic name="ProcessClientTlbEx(System.String, System.String, System.String, System.String, System.String, System.String)" link="ms-help://MS.NETFrameworkSDKv1.1/cpref/html/frlrfsystementerpriseservicesinternalisoapclientimportclassProcessClientTlbExTopic.htm" ismsdn="true" />
    </HelpFolder>
  </HelpFolder>
  <HelpFolder name="ISoapServerTlb interface" link="ms-help://MS.NETFrameworkSDKv1.1/cpref/html/frlrfsystementerpriseservicesinternalisoapservertlbClassTopic.htm" ismsdn="true">
    <HelpTopic name="ISoapServerTlb members" link="ms-help://MS.NETFrameworkSDKv1.1/cpref/html/frlrfsystementerpriseservicesinternalisoapservertlbMembersTopic.htm" ismsdn="true" />
    <HelpFolder name="Methods" link="ms-help://MS.NETFrameworkSDKv1.1/cpref/html/frlrfsystementerpriseservicesinternalisoapservertlbMethodsTopic.htm" ismsdn="true">
      <HelpTopic name="AddServerTlb(System.String, System.String, System.String, System.String, System.String, System.String, System.String, System.String, System.String, System.String, System.String, System.String&amp;, System.String&amp;)" link="ms-help://MS.NETFrameworkSDKv1.1/cpref/html/frlrfsystementerpriseservicesinternalisoapservertlbclassAddServerTlbTopic.htm" ismsdn="true" />
      <HelpTopic name="DeleteServerTlb(System.String, System.String, System.String, System.String, System.String, System.String, System.String, System.String, System.String, System.String)" link="ms-help://MS.NETFrameworkSDKv1.1/cpref/html/frlrfsystementerpriseservicesinternalisoapservertlbclassDeleteServerTlbTopic.htm" ismsdn="true" />
    </HelpFolder>
  </HelpFolder>
  <HelpFolder name="ISoapServerVRoot interface" link="ms-help://MS.NETFrameworkSDKv1.1/cpref/html/frlrfsystementerpriseservicesinternalisoapservervrootClassTopic.htm" ismsdn="true">
    <HelpTopic name="ISoapServerVRoot members" link="ms-help://MS.NETFrameworkSDKv1.1/cpref/html/frlrfsystementerpriseservicesinternalisoapservervrootMembersTopic.htm" ismsdn="true" />
    <HelpFolder name="Methods" link="ms-help://MS.NETFrameworkSDKv1.1/cpref/html/frlrfsystementerpriseservicesinternalisoapservervrootMethodsTopic.htm" ismsdn="true">
      <HelpTopic name="CreateVirtualRootEx(System.String, System.String, System.String, System.String, System.String, System.String, System.String, System.String, System.String&amp;, System.String&amp;, System.String&amp;)" link="ms-help://MS.NETFrameworkSDKv1.1/cpref/html/frlrfsystementerpriseservicesinternalisoapservervrootclassCreateVirtualRootExTopic.htm" ismsdn="true" />
      <HelpTopic name="DeleteVirtualRootEx(System.String, System.String, System.String)" link="ms-help://MS.NETFrameworkSDKv1.1/cpref/html/frlrfsystementerpriseservicesinternalisoapservervrootclassDeleteVirtualRootExTopic.htm" ismsdn="true" />
      <HelpTopic name="GetVirtualRootStatus(System.String, System.String, System.String, System.String&amp;, System.String&amp;, System.String&amp;, System.String&amp;, System.String&amp;, System.String&amp;, System.String&amp;, System.String&amp;, System.String&amp;)" link="ms-help://MS.NETFrameworkSDKv1.1/cpref/html/frlrfsystementerpriseservicesinternalisoapservervrootclassGetVirtualRootStatusTopic.htm" ismsdn="true" />
    </HelpFolder>
  </HelpFolder>
  <HelpFolder name="ISoapUtility interface" link="ms-help://MS.NETFrameworkSDKv1.1/cpref/html/frlrfsystementerpriseservicesinternalisoaputilityClassTopic.htm" ismsdn="true">
    <HelpTopic name="ISoapUtility members" link="ms-help://MS.NETFrameworkSDKv1.1/cpref/html/frlrfsystementerpriseservicesinternalisoaputilityMembersTopic.htm" ismsdn="true" />
    <HelpFolder name="Methods" link="ms-help://MS.NETFrameworkSDKv1.1/cpref/html/frlrfsystementerpriseservicesinternalisoaputilityMethodsTopic.htm" ismsdn="true">
      <HelpTopic name="GetServerPhysicalPath(System.String, System.String, System.String, System.String&amp;)" link="ms-help://MS.NETFrameworkSDKv1.1/cpref/html/frlrfsystementerpriseservicesinternalisoaputilityclassGetServerPhysicalPathTopic.htm" ismsdn="true" />
      <HelpTopic name="GetServerBinPath(System.String, System.String, System.String, System.String&amp;)" link="ms-help://MS.NETFrameworkSDKv1.1/cpref/html/frlrfsystementerpriseservicesinternalisoaputilityclassGetServerBinPathTopic.htm" ismsdn="true" />
      <HelpTopic name="Present()" link="ms-help://MS.NETFrameworkSDKv1.1/cpref/html/frlrfsystementerpriseservicesinternalisoaputilityclassPresentTopic.htm" ismsdn="true" />
    </HelpFolder>
  </HelpFolder>
  <HelpFolder name="Publish class" link="ms-help://MS.NETFrameworkSDKv1.1/cpref/html/frlrfsystementerpriseservicesinternalpublishClassTopic.htm" ismsdn="true">
    <HelpTopic name="Publish members" link="ms-help://MS.NETFrameworkSDKv1.1/cpref/html/frlrfsystementerpriseservicesinternalpublishMembersTopic.htm" ismsdn="true" />
    <HelpFolder name="Constructors" link="ms-help://MS.NETFrameworkSDKv1.1/cpref/html/frlrfsystementerpriseservicesinternalpublishclassctorTopic.htm" ismsdn="true">
      <HelpTopic name=".ctor()" link="ms-help://MS.NETFrameworkSDKv1.1/cpref/html/frlrfsystementerpriseservicesinternalpublishclassctorTopic.htm" ismsdn="true" />
    </HelpFolder>
    <HelpFolder name="Methods" link="ms-help://MS.NETFrameworkSDKv1.1/cpref/html/frlrfsystementerpriseservicesinternalpublishMethodsTopic.htm" ismsdn="true">
      <HelpTopic name="RegisterAssembly(System.String)" link="ms-help://MS.NETFrameworkSDKv1.1/cpref/html/frlrfsystementerpriseservicesinternalpublishclassRegisterAssemblyTopic.htm" ismsdn="true" />
      <HelpTopic name="UnRegisterAssembly(System.String)" link="ms-help://MS.NETFrameworkSDKv1.1/cpref/html/frlrfsystementerpriseservicesinternalpublishclassUnRegisterAssemblyTopic.htm" ismsdn="true" />
      <HelpTopic name="GacInstall(System.String)" link="ms-help://MS.NETFrameworkSDKv1.1/cpref/html/frlrfsystementerpriseservicesinternalpublishclassGacInstallTopic.htm" ismsdn="true" />
      <HelpTopic name="GacRemove(System.String)" link="ms-help://MS.NETFrameworkSDKv1.1/cpref/html/frlrfsystementerpriseservicesinternalpublishclassGacRemoveTopic.htm" ismsdn="true" />
      <HelpTopic name="GetAssemblyNameForCache(System.String, System.String&amp;)" link="ms-help://MS.NETFrameworkSDKv1.1/cpref/html/frlrfsystementerpriseservicesinternalpublishclassGetAssemblyNameForCacheTopic.htm" ismsdn="true" />
      <HelpTopic name="GetClientPhysicalPath(System.Boolean)" link="ms-help://MS.NETFrameworkSDKv1.1/cpref/html/frlrfsystementerpriseservicesinternalpublishclassGetClientPhysicalPathTopic.htm" ismsdn="true" />
      <HelpTopic name="ParseUrl(System.String, System.String&amp;, System.String&amp;)" link="ms-help://MS.NETFrameworkSDKv1.1/cpref/html/frlrfsystementerpriseservicesinternalpublishclassParseUrlTopic.htm" ismsdn="true" />
      <HelpTopic name="CreateVirtualRoot(System.String, System.String, System.String&amp;, System.String&amp;, System.String&amp;, System.String&amp;)" link="ms-help://MS.NETFrameworkSDKv1.1/cpref/html/frlrfsystementerpriseservicesinternalpublishclassCreateVirtualRootTopic.htm" ismsdn="true" />
      <HelpTopic name="DeleteVirtualRoot(System.String, System.String, System.String&amp;)" link="ms-help://MS.NETFrameworkSDKv1.1/cpref/html/frlrfsystementerpriseservicesinternalpublishclassDeleteVirtualRootTopic.htm" ismsdn="true" />
      <HelpTopic name="CreateMailBox(System.String, System.String, System.String&amp;, System.String&amp;, System.String&amp;, System.String&amp;)" link="ms-help://MS.NETFrameworkSDKv1.1/cpref/html/frlrfsystementerpriseservicesinternalpublishclassCreateMailBoxTopic.htm" ismsdn="true" />
      <HelpTopic name="DeleteMailBox(System.String, System.String, System.String&amp;)" link="ms-help://MS.NETFrameworkSDKv1.1/cpref/html/frlrfsystementerpriseservicesinternalpublishclassDeleteMailBoxTopic.htm" ismsdn="true" />
      <HelpTopic name="ProcessServerTlb(System.String, System.String, System.String, System.String, System.String&amp;, System.String&amp;, System.String&amp;)" link="ms-help://MS.NETFrameworkSDKv1.1/cpref/html/frlrfsystementerpriseservicesinternalpublishclassProcessServerTlbTopic.htm" ismsdn="true" />
      <HelpTopic name="GetTypeNameFromProgId(System.String, System.String)" link="ms-help://MS.NETFrameworkSDKv1.1/cpref/html/frlrfsystementerpriseservicesinternalpublishclassGetTypeNameFromProgIdTopic.htm" ismsdn="true" />
      <HelpTopic name="ProcessClientTlb(System.String, System.String, System.String, System.String, System.String, System.String, System.String, System.String&amp;, System.String&amp;, System.String&amp;)" link="ms-help://MS.NETFrameworkSDKv1.1/cpref/html/frlrfsystementerpriseservicesinternalpublishclassProcessClientTlbTopic.htm" ismsdn="true" />
    </HelpFolder>
  </HelpFolder>
  <HelpFolder name="ServerWebConfig class" link="ms-help://MS.NETFrameworkSDKv1.1/cpref/html/frlrfsystementerpriseservicesinternalserverwebconfigClassTopic.htm" ismsdn="true">
    <HelpTopic name="ServerWebConfig members" link="ms-help://MS.NETFrameworkSDKv1.1/cpref/html/frlrfsystementerpriseservicesinternalserverwebconfigMembersTopic.htm" ismsdn="true" />
    <HelpFolder name="Constructors" link="ms-help://MS.NETFrameworkSDKv1.1/cpref/html/frlrfsystementerpriseservicesinternalserverwebconfigclassctorTopic.htm" ismsdn="true">
      <HelpTopic name=".ctor()" link="ms-help://MS.NETFrameworkSDKv1.1/cpref/html/frlrfsystementerpriseservicesinternalserverwebconfigclassctorTopic.htm" ismsdn="true" />
    </HelpFolder>
    <HelpFolder name="Methods" link="ms-help://MS.NETFrameworkSDKv1.1/cpref/html/frlrfsystementerpriseservicesinternalserverwebconfigMethodsTopic.htm" ismsdn="true">
      <HelpTopic name="Create(System.String, System.String, System.String&amp;)" link="ms-help://MS.NETFrameworkSDKv1.1/cpref/html/frlrfsystementerpriseservicesinternalserverwebconfigclassCreateTopic.htm" ismsdn="true" />
      <HelpTopic name="AddElement(System.String, System.String, System.String, System.String, System.String, System.String&amp;)" link="ms-help://MS.NETFrameworkSDKv1.1/cpref/html/frlrfsystementerpriseservicesinternalserverwebconfigclassAddElementTopic.htm" ismsdn="true" />
    </HelpFolder>
  </HelpFolder>
  <HelpFolder name="SoapClientImport class" link="ms-help://MS.NETFrameworkSDKv1.1/cpref/html/frlrfsystementerpriseservicesinternalsoapclientimportClassTopic.htm" ismsdn="true">
    <HelpTopic name="SoapClientImport members" link="ms-help://MS.NETFrameworkSDKv1.1/cpref/html/frlrfsystementerpriseservicesinternalsoapclientimportMembersTopic.htm" ismsdn="true" />
    <HelpFolder name="Constructors" link="ms-help://MS.NETFrameworkSDKv1.1/cpref/html/frlrfsystementerpriseservicesinternalsoapclientimportclassctorTopic.htm" ismsdn="true">
      <HelpTopic name=".ctor()" link="ms-help://MS.NETFrameworkSDKv1.1/cpref/html/frlrfsystementerpriseservicesinternalsoapclientimportclassctorTopic.htm" ismsdn="true" />
    </HelpFolder>
    <HelpFolder name="Methods" link="ms-help://MS.NETFrameworkSDKv1.1/cpref/html/frlrfsystementerpriseservicesinternalsoapclientimportMethodsTopic.htm" ismsdn="true">
      <HelpTopic name="ProcessClientTlbEx(System.String, System.String, System.String, System.String, System.String, System.String)" link="ms-help://MS.NETFrameworkSDKv1.1/cpref/html/frlrfsystementerpriseservicesinternalsoapclientimportclassProcessClientTlbExTopic.htm" ismsdn="true" />
    </HelpFolder>
  </HelpFolder>
  <HelpFolder name="SoapServerTlb class" link="ms-help://MS.NETFrameworkSDKv1.1/cpref/html/frlrfsystementerpriseservicesinternalsoapservertlbClassTopic.htm" ismsdn="true">
    <HelpTopic name="SoapServerTlb members" link="ms-help://MS.NETFrameworkSDKv1.1/cpref/html/frlrfsystementerpriseservicesinternalsoapservertlbMembersTopic.htm" ismsdn="true" />
    <HelpFolder name="Constructors" link="ms-help://MS.NETFrameworkSDKv1.1/cpref/html/frlrfsystementerpriseservicesinternalsoapservertlbclassctorTopic.htm" ismsdn="true">
      <HelpTopic name=".ctor()" link="ms-help://MS.NETFrameworkSDKv1.1/cpref/html/frlrfsystementerpriseservicesinternalsoapservertlbclassctorTopic.htm" ismsdn="true" />
    </HelpFolder>
    <HelpFolder name="Methods" link="ms-help://MS.NETFrameworkSDKv1.1/cpref/html/frlrfsystementerpriseservicesinternalsoapservertlbMethodsTopic.htm" ismsdn="true">
      <HelpTopic name="AddServerTlb(System.String, System.String, System.String, System.String, System.String, System.String, System.String, System.String, System.String, System.String, System.String, System.String&amp;, System.String&amp;)" link="ms-help://MS.NETFrameworkSDKv1.1/cpref/html/frlrfsystementerpriseservicesinternalsoapservertlbclassAddServerTlbTopic.htm" ismsdn="true" />
      <HelpTopic name="DeleteServerTlb(System.String, System.String, System.String, System.String, System.String, System.String, System.String, System.String, System.String, System.String)" link="ms-help://MS.NETFrameworkSDKv1.1/cpref/html/frlrfsystementerpriseservicesinternalsoapservertlbclassDeleteServerTlbTopic.htm" ismsdn="true" />
    </HelpFolder>
  </HelpFolder>
  <HelpFolder name="SoapServerVRoot class" link="ms-help://MS.NETFrameworkSDKv1.1/cpref/html/frlrfsystementerpriseservicesinternalsoapservervrootClassTopic.htm" ismsdn="true">
    <HelpTopic name="SoapServerVRoot members" link="ms-help://MS.NETFrameworkSDKv1.1/cpref/html/frlrfsystementerpriseservicesinternalsoapservervrootMembersTopic.htm" ismsdn="true" />
    <HelpFolder name="Constructors" link="ms-help://MS.NETFrameworkSDKv1.1/cpref/html/frlrfsystementerpriseservicesinternalsoapservervrootclassctorTopic.htm" ismsdn="true">
      <HelpTopic name=".ctor()" link="ms-help://MS.NETFrameworkSDKv1.1/cpref/html/frlrfsystementerpriseservicesinternalsoapservervrootclassctorTopic.htm" ismsdn="true" />
    </HelpFolder>
    <HelpFolder name="Methods" link="ms-help://MS.NETFrameworkSDKv1.1/cpref/html/frlrfsystementerpriseservicesinternalsoapservervrootMethodsTopic.htm" ismsdn="true">
      <HelpTopic name="CreateVirtualRootEx(System.String, System.String, System.String, System.String, System.String, System.String, System.String, System.String, System.String&amp;, System.String&amp;, System.String&amp;)" link="ms-help://MS.NETFrameworkSDKv1.1/cpref/html/frlrfsystementerpriseservicesinternalsoapservervrootclassCreateVirtualRootExTopic.htm" ismsdn="true" />
      <HelpTopic name="DeleteVirtualRootEx(System.String, System.String, System.String)" link="ms-help://MS.NETFrameworkSDKv1.1/cpref/html/frlrfsystementerpriseservicesinternalsoapservervrootclassDeleteVirtualRootExTopic.htm" ismsdn="true" />
      <HelpTopic name="GetVirtualRootStatus(System.String, System.String, System.String, System.String&amp;, System.String&amp;, System.String&amp;, System.String&amp;, System.String&amp;, System.String&amp;, System.String&amp;, System.String&amp;, System.String&amp;)" link="ms-help://MS.NETFrameworkSDKv1.1/cpref/html/frlrfsystementerpriseservicesinternalsoapservervrootclassGetVirtualRootStatusTopic.htm" ismsdn="true" />
    </HelpFolder>
  </HelpFolder>
  <HelpFolder name="SoapUtility class" link="ms-help://MS.NETFrameworkSDKv1.1/cpref/html/frlrfsystementerpriseservicesinternalsoaputilityClassTopic.htm" ismsdn="true">
    <HelpTopic name="SoapUtility members" link="ms-help://MS.NETFrameworkSDKv1.1/cpref/html/frlrfsystementerpriseservicesinternalsoaputilityMembersTopic.htm" ismsdn="true" />
    <HelpFolder name="Constructors" link="ms-help://MS.NETFrameworkSDKv1.1/cpref/html/frlrfsystementerpriseservicesinternalsoaputilityclassctorTopic.htm" ismsdn="true">
      <HelpTopic name=".ctor()" link="ms-help://MS.NETFrameworkSDKv1.1/cpref/html/frlrfsystementerpriseservicesinternalsoaputilityclassctorTopic.htm" ismsdn="true" />
    </HelpFolder>
    <HelpFolder name="Methods" link="ms-help://MS.NETFrameworkSDKv1.1/cpref/html/frlrfsystementerpriseservicesinternalsoaputilityMethodsTopic.htm" ismsdn="true">
      <HelpTopic name="GetServerPhysicalPath(System.String, System.String, System.String, System.String&amp;)" link="ms-help://MS.NETFrameworkSDKv1.1/cpref/html/frlrfsystementerpriseservicesinternalsoaputilityclassGetServerPhysicalPathTopic.htm" ismsdn="true" />
      <HelpTopic name="GetServerBinPath(System.String, System.String, System.String, System.String&amp;)" link="ms-help://MS.NETFrameworkSDKv1.1/cpref/html/frlrfsystementerpriseservicesinternalsoaputilityclassGetServerBinPathTopic.htm" ismsdn="true" />
      <HelpTopic name="Present()" link="ms-help://MS.NETFrameworkSDKv1.1/cpref/html/frlrfsystementerpriseservicesinternalsoaputilityclassPresentTopic.htm" ismsdn="true" />
    </HelpFolder>
  </HelpFolder>
</HelpCollection>