<HelpCollection>
  <HelpTopic name="ActivatorLevel enumeration" link="ms-help://MS.NETFrameworkSDKv1.1/cpref/html/frlrfsystemruntimeremotingactivationactivatorlevelClassTopic.htm" ismsdn="true" />
  <HelpFolder name="IActivator interface" link="ms-help://MS.NETFrameworkSDKv1.1/cpref/html/frlrfsystemruntimeremotingactivationiactivatorClassTopic.htm" ismsdn="true">
    <HelpTopic name="IActivator members" link="ms-help://MS.NETFrameworkSDKv1.1/cpref/html/frlrfsystemruntimeremotingactivationiactivatorMembersTopic.htm" ismsdn="true" />
    <HelpFolder name="Methods" link="ms-help://MS.NETFrameworkSDKv1.1/cpref/html/frlrfsystemruntimeremotingactivationiactivatorMethodsTopic.htm" ismsdn="true">
      <HelpTopic name="Activate(System.Runtime.Remoting.Activation.IConstructionCallMessage)" link="ms-help://MS.NETFrameworkSDKv1.1/cpref/html/frlrfsystemruntimeremotingactivationiactivatorclassActivateTopic.htm" ismsdn="true" />
    </HelpFolder>
    <HelpFolder name="Properties" link="ms-help://MS.NETFrameworkSDKv1.1/cpref/html/frlrfsystemruntimeremotingactivationiactivatorPropertiesTopic.htm" ismsdn="true">
      <HelpTopic name="NextActivator" link="ms-help://MS.NETFrameworkSDKv1.1/cpref/html/frlrfsystemruntimeremotingactivationiactivatorclassNextActivatorTopic.htm" ismsdn="true" />
      <HelpTopic name="Level" link="ms-help://MS.NETFrameworkSDKv1.1/cpref/html/frlrfsystemruntimeremotingactivationiactivatorclassLevelTopic.htm" ismsdn="true" />
    </HelpFolder>
  </HelpFolder>
  <HelpFolder name="IConstructionCallMessage interface" link="ms-help://MS.NETFrameworkSDKv1.1/cpref/html/frlrfsystemruntimeremotingactivationiconstructioncallmessageClassTopic.htm" ismsdn="true">
    <HelpTopic name="IConstructionCallMessage members" link="ms-help://MS.NETFrameworkSDKv1.1/cpref/html/frlrfsystemruntimeremotingactivationiconstructioncallmessageMembersTopic.htm" ismsdn="true" />
    <HelpFolder name="Properties" link="ms-help://MS.NETFrameworkSDKv1.1/cpref/html/frlrfsystemruntimeremotingactivationiconstructioncallmessagePropertiesTopic.htm" ismsdn="true">
      <HelpTopic name="Activator" link="ms-help://MS.NETFrameworkSDKv1.1/cpref/html/frlrfsystemruntimeremotingactivationiconstructioncallmessageclassActivatorTopic.htm" ismsdn="true" />
      <HelpTopic name="CallSiteActivationAttributes" link="ms-help://MS.NETFrameworkSDKv1.1/cpref/html/frlrfsystemruntimeremotingactivationiconstructioncallmessageclassCallSiteActivationAttributesTopic.htm" ismsdn="true" />
      <HelpTopic name="ActivationTypeName" link="ms-help://MS.NETFrameworkSDKv1.1/cpref/html/frlrfsystemruntimeremotingactivationiconstructioncallmessageclassActivationTypeNameTopic.htm" ismsdn="true" />
      <HelpTopic name="ActivationType" link="ms-help://MS.NETFrameworkSDKv1.1/cpref/html/frlrfsystemruntimeremotingactivationiconstructioncallmessageclassActivationTypeTopic.htm" ismsdn="true" />
      <HelpTopic name="ContextProperties" link="ms-help://MS.NETFrameworkSDKv1.1/cpref/html/frlrfsystemruntimeremotingactivationiconstructioncallmessageclassContextPropertiesTopic.htm" ismsdn="true" />
    </HelpFolder>
  </HelpFolder>
  <HelpFolder name="IConstructionReturnMessage interface" link="ms-help://MS.NETFrameworkSDKv1.1/cpref/html/frlrfsystemruntimeremotingactivationiconstructionreturnmessageClassTopic.htm" ismsdn="true">
    <HelpTopic name="IConstructionReturnMessage members" link="ms-help://MS.NETFrameworkSDKv1.1/cpref/html/frlrfsystemruntimeremotingactivationiconstructionreturnmessageMembersTopic.htm" ismsdn="true" />
  </HelpFolder>
  <HelpFolder name="UrlAttribute class" link="ms-help://MS.NETFrameworkSDKv1.1/cpref/html/frlrfsystemruntimeremotingactivationurlattributeClassTopic.htm" ismsdn="true">
    <HelpTopic name="UrlAttribute members" link="ms-help://MS.NETFrameworkSDKv1.1/cpref/html/frlrfsystemruntimeremotingactivationurlattributeMembersTopic.htm" ismsdn="true" />
    <HelpFolder name="Constructors" link="ms-help://MS.NETFrameworkSDKv1.1/cpref/html/frlrfsystemruntimeremotingactivationurlattributeclassctorTopic.htm" ismsdn="true">
      <HelpTopic name=".ctor(System.String)" link="ms-help://MS.NETFrameworkSDKv1.1/cpref/html/frlrfsystemruntimeremotingactivationurlattributeclassctorTopic.htm" ismsdn="true" />
    </HelpFolder>
    <HelpFolder name="Methods" link="ms-help://MS.NETFrameworkSDKv1.1/cpref/html/frlrfsystemruntimeremotingactivationurlattributeMethodsTopic.htm" ismsdn="true">
      <HelpTopic name="GetPropertiesForNewContext(System.Runtime.Remoting.Activation.IConstructionCallMessage)" link="ms-help://MS.NETFrameworkSDKv1.1/cpref/html/frlrfsystemruntimeremotingactivationurlattributeclassGetPropertiesForNewContextTopic.htm" ismsdn="true" />
      <HelpTopic name="IsContextOK(System.Runtime.Remoting.Contexts.Context, System.Runtime.Remoting.Activation.IConstructionCallMessage)" link="ms-help://MS.NETFrameworkSDKv1.1/cpref/html/frlrfsystemruntimeremotingactivationurlattributeclassIsContextOKTopic.htm" ismsdn="true" />
      <HelpTopic name="GetHashCode()" link="ms-help://MS.NETFrameworkSDKv1.1/cpref/html/frlrfsystemruntimeremotingactivationurlattributeclassGetHashCodeTopic.htm" ismsdn="true" />
      <HelpTopic name="Equals(System.Object)" link="ms-help://MS.NETFrameworkSDKv1.1/cpref/html/frlrfsystemruntimeremotingactivationurlattributeclassEqualsTopic.htm" ismsdn="true" />
    </HelpFolder>
    <HelpFolder name="Properties" link="ms-help://MS.NETFrameworkSDKv1.1/cpref/html/frlrfsystemruntimeremotingactivationurlattributePropertiesTopic.htm" ismsdn="true">
      <HelpTopic name="UrlValue" link="ms-help://MS.NETFrameworkSDKv1.1/cpref/html/frlrfsystemruntimeremotingactivationurlattributeclassUrlValueTopic.htm" ismsdn="true" />
    </HelpFolder>
  </HelpFolder>
</HelpCollection>