<HelpCollection>
  <HelpFolder name="MessageDesigner class" link="ms-help://MS.NETFrameworkSDKv1.1/cpref/html/frlrfsystemmessagingdesignmessagedesignerClassTopic.htm" ismsdn="true">
    <HelpTopic name="MessageDesigner members" link="ms-help://MS.NETFrameworkSDKv1.1/cpref/html/frlrfsystemmessagingdesignmessagedesignerMembersTopic.htm" ismsdn="true" />
    <HelpFolder name="Constructors" link="ms-help://MS.NETFrameworkSDKv1.1/cpref/html/frlrfsystemmessagingdesignmessagedesignerclassctorTopic.htm" ismsdn="true">
      <HelpTopic name=".ctor()" link="ms-help://MS.NETFrameworkSDKv1.1/cpref/html/frlrfsystemmessagingdesignmessagedesignerclassctorTopic.htm" ismsdn="true" />
    </HelpFolder>
  </HelpFolder>
  <HelpFolder name="QueuePathDialog class" link="ms-help://MS.NETFrameworkSDKv1.1/cpref/html/frlrfsystemmessagingdesignqueuepathdialogClassTopic.htm" ismsdn="true">
    <HelpTopic name="QueuePathDialog members" link="ms-help://MS.NETFrameworkSDKv1.1/cpref/html/frlrfsystemmessagingdesignqueuepathdialogMembersTopic.htm" ismsdn="true" />
    <HelpFolder name="Constructors" link="ms-help://MS.NETFrameworkSDKv1.1/cpref/html/frlrfsystemmessagingdesignqueuepathdialogclassctorTopic.htm" ismsdn="true">
      <HelpTopic name=".ctor(System.IServiceProvider)" link="ms-help://MS.NETFrameworkSDKv1.1/cpref/html/frlrfsystemmessagingdesignqueuepathdialogclassctorTopic1.htm" ismsdn="true" />
      <HelpTopic name=".ctor(System.Windows.Forms.Design.IUIService)" link="ms-help://MS.NETFrameworkSDKv1.1/cpref/html/frlrfsystemmessagingdesignqueuepathdialogclassctorTopic1.htm" ismsdn="true" />
    </HelpFolder>
    <HelpFolder name="Methods" link="ms-help://MS.NETFrameworkSDKv1.1/cpref/html/frlrfsystemmessagingdesignqueuepathdialogMethodsTopic.htm" ismsdn="true">
      <HelpTopic name="ChoosePath()" link="ms-help://MS.NETFrameworkSDKv1.1/cpref/html/frlrfsystemmessagingdesignqueuepathdialogclassChoosePathTopic.htm" ismsdn="true" />
      <HelpTopic name="DoubleClicked(System.Object, System.EventArgs)" link="ms-help://MS.NETFrameworkSDKv1.1/cpref/html/frlrfsystemmessagingdesignqueuepathdialogclassDoubleClickedTopic.htm" ismsdn="true" />
      <HelpTopic name="SelectQueue(System.Messaging.MessageQueue)" link="ms-help://MS.NETFrameworkSDKv1.1/cpref/html/frlrfsystemmessagingdesignqueuepathdialogclassSelectQueueTopic.htm" ismsdn="true" />
    </HelpFolder>
    <HelpFolder name="Properties" link="ms-help://MS.NETFrameworkSDKv1.1/cpref/html/frlrfsystemmessagingdesignqueuepathdialogPropertiesTopic.htm" ismsdn="true">
      <HelpTopic name="Path" link="ms-help://MS.NETFrameworkSDKv1.1/cpref/html/frlrfsystemmessagingdesignqueuepathdialogclassPathTopic.htm" ismsdn="true" />
    </HelpFolder>
  </HelpFolder>
  <HelpFolder name="QueuePathEditor class" link="ms-help://MS.NETFrameworkSDKv1.1/cpref/html/frlrfsystemmessagingdesignqueuepatheditorClassTopic.htm" ismsdn="true">
    <HelpTopic name="QueuePathEditor members" link="ms-help://MS.NETFrameworkSDKv1.1/cpref/html/frlrfsystemmessagingdesignqueuepatheditorMembersTopic.htm" ismsdn="true" />
    <HelpFolder name="Constructors" link="ms-help://MS.NETFrameworkSDKv1.1/cpref/html/frlrfsystemmessagingdesignqueuepatheditorclassctorTopic.htm" ismsdn="true">
      <HelpTopic name=".ctor()" link="ms-help://MS.NETFrameworkSDKv1.1/cpref/html/frlrfsystemmessagingdesignqueuepatheditorclassctorTopic.htm" ismsdn="true" />
    </HelpFolder>
    <HelpFolder name="Methods" link="ms-help://MS.NETFrameworkSDKv1.1/cpref/html/frlrfsystemmessagingdesignqueuepatheditorMethodsTopic.htm" ismsdn="true">
      <HelpTopic name="EditValue(System.ComponentModel.ITypeDescriptorContext, System.IServiceProvider, System.Object)" link="ms-help://MS.NETFrameworkSDKv1.1/cpref/html/frlrfsystemmessagingdesignqueuepatheditorclassEditValueTopic.htm" ismsdn="true" />
      <HelpTopic name="GetEditStyle(System.ComponentModel.ITypeDescriptorContext)" link="ms-help://MS.NETFrameworkSDKv1.1/cpref/html/frlrfsystemmessagingdesignqueuepatheditorclassGetEditStyleTopic.htm" ismsdn="true" />
    </HelpFolder>
  </HelpFolder>
</HelpCollection>