<HelpCollection>
  <HelpTopic name="AddressFamily enumeration" link="ms-help://MS.NETFrameworkSDKv1.1/cpref/html/frlrfsystemnetsocketsaddressfamilyClassTopic.htm" ismsdn="true" />
  <HelpTopic name="IOControlCode enumeration" link="ms-help://MS.NETFrameworkSDKv1.1/cpref/html/frlrfsystemnetsocketsiocontrolcodeClassTopic.htm" ismsdn="true" />
  <HelpFolder name="IPPacketInformation structure" link="ms-help://MS.NETFrameworkSDKv1.1/cpref/html/frlrfsystemnetsocketsippacketinformationClassTopic.htm" ismsdn="true">
    <HelpTopic name="IPPacketInformation members" link="ms-help://MS.NETFrameworkSDKv1.1/cpref/html/frlrfsystemnetsocketsippacketinformationMembersTopic.htm" ismsdn="true" />
    <HelpFolder name="Methods" link="ms-help://MS.NETFrameworkSDKv1.1/cpref/html/frlrfsystemnetsocketsippacketinformationMethodsTopic.htm" ismsdn="true">
      <HelpTopic name="Equals(System.Object)" link="ms-help://MS.NETFrameworkSDKv1.1/cpref/html/frlrfsystemnetsocketsippacketinformationclassEqualsTopic.htm" ismsdn="true" />
      <HelpTopic name="GetHashCode()" link="ms-help://MS.NETFrameworkSDKv1.1/cpref/html/frlrfsystemnetsocketsippacketinformationclassGetHashCodeTopic.htm" ismsdn="true" />
    </HelpFolder>
    <HelpFolder name="Properties" link="ms-help://MS.NETFrameworkSDKv1.1/cpref/html/frlrfsystemnetsocketsippacketinformationPropertiesTopic.htm" ismsdn="true">
      <HelpTopic name="Address" link="ms-help://MS.NETFrameworkSDKv1.1/cpref/html/frlrfsystemnetsocketsippacketinformationclassAddressTopic.htm" ismsdn="true" />
      <HelpTopic name="Interface" link="ms-help://MS.NETFrameworkSDKv1.1/cpref/html/frlrfsystemnetsocketsippacketinformationclassInterfaceTopic.htm" ismsdn="true" />
    </HelpFolder>
  </HelpFolder>
  <HelpFolder name="IPv6MulticastOption class" link="ms-help://MS.NETFrameworkSDKv1.1/cpref/html/frlrfsystemnetsocketsipv6multicastoptionClassTopic.htm" ismsdn="true">
    <HelpTopic name="IPv6MulticastOption members" link="ms-help://MS.NETFrameworkSDKv1.1/cpref/html/frlrfsystemnetsocketsipv6multicastoptionMembersTopic.htm" ismsdn="true" />
    <HelpFolder name="Constructors" link="ms-help://MS.NETFrameworkSDKv1.1/cpref/html/frlrfsystemnetsocketsipv6multicastoptionclassctorTopic.htm" ismsdn="true">
      <HelpTopic name=".ctor(System.Net.IPAddress, System.Int64)" link="ms-help://MS.NETFrameworkSDKv1.1/cpref/html/frlrfsystemnetsocketsipv6multicastoptionclassctorTopic1.htm" ismsdn="true" />
      <HelpTopic name=".ctor(System.Net.IPAddress)" link="ms-help://MS.NETFrameworkSDKv1.1/cpref/html/frlrfsystemnetsocketsipv6multicastoptionclassctorTopic1.htm" ismsdn="true" />
    </HelpFolder>
    <HelpFolder name="Properties" link="ms-help://MS.NETFrameworkSDKv1.1/cpref/html/frlrfsystemnetsocketsipv6multicastoptionPropertiesTopic.htm" ismsdn="true">
      <HelpTopic name="Group" link="ms-help://MS.NETFrameworkSDKv1.1/cpref/html/frlrfsystemnetsocketsipv6multicastoptionclassGroupTopic.htm" ismsdn="true" />
      <HelpTopic name="InterfaceIndex" link="ms-help://MS.NETFrameworkSDKv1.1/cpref/html/frlrfsystemnetsocketsipv6multicastoptionclassInterfaceIndexTopic.htm" ismsdn="true" />
    </HelpFolder>
  </HelpFolder>
  <HelpFolder name="LingerOption class" link="ms-help://MS.NETFrameworkSDKv1.1/cpref/html/frlrfsystemnetsocketslingeroptionClassTopic.htm" ismsdn="true">
    <HelpTopic name="LingerOption members" link="ms-help://MS.NETFrameworkSDKv1.1/cpref/html/frlrfsystemnetsocketslingeroptionMembersTopic.htm" ismsdn="true" />
    <HelpFolder name="Constructors" link="ms-help://MS.NETFrameworkSDKv1.1/cpref/html/frlrfsystemnetsocketslingeroptionclassctorTopic.htm" ismsdn="true">
      <HelpTopic name=".ctor(System.Boolean, System.Int32)" link="ms-help://MS.NETFrameworkSDKv1.1/cpref/html/frlrfsystemnetsocketslingeroptionclassctorTopic.htm" ismsdn="true" />
    </HelpFolder>
    <HelpFolder name="Properties" link="ms-help://MS.NETFrameworkSDKv1.1/cpref/html/frlrfsystemnetsocketslingeroptionPropertiesTopic.htm" ismsdn="true">
      <HelpTopic name="Enabled" link="ms-help://MS.NETFrameworkSDKv1.1/cpref/html/frlrfsystemnetsocketslingeroptionclassEnabledTopic.htm" ismsdn="true" />
      <HelpTopic name="LingerTime" link="ms-help://MS.NETFrameworkSDKv1.1/cpref/html/frlrfsystemnetsocketslingeroptionclassLingerTimeTopic.htm" ismsdn="true" />
    </HelpFolder>
  </HelpFolder>
  <HelpFolder name="MulticastOption class" link="ms-help://MS.NETFrameworkSDKv1.1/cpref/html/frlrfsystemnetsocketsmulticastoptionClassTopic.htm" ismsdn="true">
    <HelpTopic name="MulticastOption members" link="ms-help://MS.NETFrameworkSDKv1.1/cpref/html/frlrfsystemnetsocketsmulticastoptionMembersTopic.htm" ismsdn="true" />
    <HelpFolder name="Constructors" link="ms-help://MS.NETFrameworkSDKv1.1/cpref/html/frlrfsystemnetsocketsmulticastoptionclassctorTopic.htm" ismsdn="true">
      <HelpTopic name=".ctor(System.Net.IPAddress, System.Net.IPAddress)" link="ms-help://MS.NETFrameworkSDKv1.1/cpref/html/frlrfsystemnetsocketsmulticastoptionclassctorTopic1.htm" ismsdn="true" />
      <HelpTopic name=".ctor(System.Net.IPAddress, System.Int32)" link="ms-help://MS.NETFrameworkSDKv1.1/cpref/html/frlrfsystemnetsocketsmulticastoptionclassctorTopic1.htm" ismsdn="true" />
      <HelpTopic name=".ctor(System.Net.IPAddress)" link="ms-help://MS.NETFrameworkSDKv1.1/cpref/html/frlrfsystemnetsocketsmulticastoptionclassctorTopic2.htm" ismsdn="true" />
    </HelpFolder>
    <HelpFolder name="Properties" link="ms-help://MS.NETFrameworkSDKv1.1/cpref/html/frlrfsystemnetsocketsmulticastoptionPropertiesTopic.htm" ismsdn="true">
      <HelpTopic name="Group" link="ms-help://MS.NETFrameworkSDKv1.1/cpref/html/frlrfsystemnetsocketsmulticastoptionclassGroupTopic.htm" ismsdn="true" />
      <HelpTopic name="LocalAddress" link="ms-help://MS.NETFrameworkSDKv1.1/cpref/html/frlrfsystemnetsocketsmulticastoptionclassLocalAddressTopic.htm" ismsdn="true" />
      <HelpTopic name="InterfaceIndex" link="ms-help://MS.NETFrameworkSDKv1.1/cpref/html/frlrfsystemnetsocketsmulticastoptionclassInterfaceIndexTopic.htm" ismsdn="true" />
    </HelpFolder>
  </HelpFolder>
  <HelpFolder name="NetworkStream class" link="ms-help://MS.NETFrameworkSDKv1.1/cpref/html/frlrfsystemnetsocketsnetworkstreamClassTopic.htm" ismsdn="true">
    <HelpTopic name="NetworkStream members" link="ms-help://MS.NETFrameworkSDKv1.1/cpref/html/frlrfsystemnetsocketsnetworkstreamMembersTopic.htm" ismsdn="true" />
    <HelpFolder name="Constructors" link="ms-help://MS.NETFrameworkSDKv1.1/cpref/html/frlrfsystemnetsocketsnetworkstreamclassctorTopic.htm" ismsdn="true">
      <HelpTopic name=".ctor(System.Net.Sockets.Socket)" link="ms-help://MS.NETFrameworkSDKv1.1/cpref/html/frlrfsystemnetsocketsnetworkstreamclassctorTopic1.htm" ismsdn="true" />
      <HelpTopic name=".ctor(System.Net.Sockets.Socket, System.Boolean)" link="ms-help://MS.NETFrameworkSDKv1.1/cpref/html/frlrfsystemnetsocketsnetworkstreamclassctorTopic1.htm" ismsdn="true" />
      <HelpTopic name=".ctor(System.Net.Sockets.Socket, System.IO.FileAccess)" link="ms-help://MS.NETFrameworkSDKv1.1/cpref/html/frlrfsystemnetsocketsnetworkstreamclassctorTopic2.htm" ismsdn="true" />
      <HelpTopic name=".ctor(System.Net.Sockets.Socket, System.IO.FileAccess, System.Boolean)" link="ms-help://MS.NETFrameworkSDKv1.1/cpref/html/frlrfsystemnetsocketsnetworkstreamclassctorTopic3.htm" ismsdn="true" />
    </HelpFolder>
    <HelpFolder name="Methods" link="ms-help://MS.NETFrameworkSDKv1.1/cpref/html/frlrfsystemnetsocketsnetworkstreamMethodsTopic.htm" ismsdn="true">
      <HelpTopic name="Seek(System.Int64, System.IO.SeekOrigin)" link="ms-help://MS.NETFrameworkSDKv1.1/cpref/html/frlrfsystemnetsocketsnetworkstreamclassSeekTopic.htm" ismsdn="true" />
      <HelpTopic name="Read(System.Byte[], System.Int32, System.Int32)" link="ms-help://MS.NETFrameworkSDKv1.1/cpref/html/frlrfsystemnetsocketsnetworkstreamclassReadTopic.htm" ismsdn="true" />
      <HelpTopic name="Write(System.Byte[], System.Int32, System.Int32)" link="ms-help://MS.NETFrameworkSDKv1.1/cpref/html/frlrfsystemnetsocketsnetworkstreamclassWriteTopic.htm" ismsdn="true" />
      <HelpTopic name="Close(System.Int32)" link="ms-help://MS.NETFrameworkSDKv1.1/cpref/html/frlrfsystemnetsocketsnetworkstreamclassCloseTopic.htm" ismsdn="true" />
      <HelpTopic name="BeginRead(System.Byte[], System.Int32, System.Int32, System.AsyncCallback, System.Object)" link="ms-help://MS.NETFrameworkSDKv1.1/cpref/html/frlrfsystemnetsocketsnetworkstreamclassBeginReadTopic.htm" ismsdn="true" />
      <HelpTopic name="EndRead(System.IAsyncResult)" link="ms-help://MS.NETFrameworkSDKv1.1/cpref/html/frlrfsystemnetsocketsnetworkstreamclassEndReadTopic.htm" ismsdn="true" />
      <HelpTopic name="BeginWrite(System.Byte[], System.Int32, System.Int32, System.AsyncCallback, System.Object)" link="ms-help://MS.NETFrameworkSDKv1.1/cpref/html/frlrfsystemnetsocketsnetworkstreamclassBeginWriteTopic.htm" ismsdn="true" />
      <HelpTopic name="EndWrite(System.IAsyncResult)" link="ms-help://MS.NETFrameworkSDKv1.1/cpref/html/frlrfsystemnetsocketsnetworkstreamclassEndWriteTopic.htm" ismsdn="true" />
      <HelpTopic name="Flush()" link="ms-help://MS.NETFrameworkSDKv1.1/cpref/html/frlrfsystemnetsocketsnetworkstreamclassFlushTopic.htm" ismsdn="true" />
      <HelpTopic name="SetLength(System.Int64)" link="ms-help://MS.NETFrameworkSDKv1.1/cpref/html/frlrfsystemnetsocketsnetworkstreamclassSetLengthTopic.htm" ismsdn="true" />
    </HelpFolder>
    <HelpFolder name="Properties" link="ms-help://MS.NETFrameworkSDKv1.1/cpref/html/frlrfsystemnetsocketsnetworkstreamPropertiesTopic.htm" ismsdn="true">
      <HelpTopic name="CanRead" link="ms-help://MS.NETFrameworkSDKv1.1/cpref/html/frlrfsystemnetsocketsnetworkstreamclassCanReadTopic.htm" ismsdn="true" />
      <HelpTopic name="CanSeek" link="ms-help://MS.NETFrameworkSDKv1.1/cpref/html/frlrfsystemnetsocketsnetworkstreamclassCanSeekTopic.htm" ismsdn="true" />
      <HelpTopic name="CanWrite" link="ms-help://MS.NETFrameworkSDKv1.1/cpref/html/frlrfsystemnetsocketsnetworkstreamclassCanWriteTopic.htm" ismsdn="true" />
      <HelpTopic name="CanTimeout" link="ms-help://MS.NETFrameworkSDKv1.1/cpref/html/frlrfsystemnetsocketsnetworkstreamclassCanTimeoutTopic.htm" ismsdn="true" />
      <HelpTopic name="ReadTimeout" link="ms-help://MS.NETFrameworkSDKv1.1/cpref/html/frlrfsystemnetsocketsnetworkstreamclassReadTimeoutTopic.htm" ismsdn="true" />
      <HelpTopic name="WriteTimeout" link="ms-help://MS.NETFrameworkSDKv1.1/cpref/html/frlrfsystemnetsocketsnetworkstreamclassWriteTimeoutTopic.htm" ismsdn="true" />
      <HelpTopic name="DataAvailable" link="ms-help://MS.NETFrameworkSDKv1.1/cpref/html/frlrfsystemnetsocketsnetworkstreamclassDataAvailableTopic.htm" ismsdn="true" />
      <HelpTopic name="Length" link="ms-help://MS.NETFrameworkSDKv1.1/cpref/html/frlrfsystemnetsocketsnetworkstreamclassLengthTopic.htm" ismsdn="true" />
      <HelpTopic name="Position" link="ms-help://MS.NETFrameworkSDKv1.1/cpref/html/frlrfsystemnetsocketsnetworkstreamclassPositionTopic.htm" ismsdn="true" />
    </HelpFolder>
  </HelpFolder>
  <HelpTopic name="ProtocolFamily enumeration" link="ms-help://MS.NETFrameworkSDKv1.1/cpref/html/frlrfsystemnetsocketsprotocolfamilyClassTopic.htm" ismsdn="true" />
  <HelpTopic name="ProtocolType enumeration" link="ms-help://MS.NETFrameworkSDKv1.1/cpref/html/frlrfsystemnetsocketsprotocoltypeClassTopic.htm" ismsdn="true" />
  <HelpTopic name="SelectMode enumeration" link="ms-help://MS.NETFrameworkSDKv1.1/cpref/html/frlrfsystemnetsocketsselectmodeClassTopic.htm" ismsdn="true" />
  <HelpFolder name="Socket class" link="ms-help://MS.NETFrameworkSDKv1.1/cpref/html/frlrfsystemnetsocketssocketClassTopic.htm" ismsdn="true">
    <HelpTopic name="Socket members" link="ms-help://MS.NETFrameworkSDKv1.1/cpref/html/frlrfsystemnetsocketssocketMembersTopic.htm" ismsdn="true" />
    <HelpFolder name="Constructors" link="ms-help://MS.NETFrameworkSDKv1.1/cpref/html/frlrfsystemnetsocketssocketclassctorTopic.htm" ismsdn="true">
      <HelpTopic name=".ctor(System.Net.Sockets.AddressFamily, System.Net.Sockets.SocketType, System.Net.Sockets.ProtocolType)" link="ms-help://MS.NETFrameworkSDKv1.1/cpref/html/frlrfsystemnetsocketssocketclassctorTopic1.htm" ismsdn="true" />
      <HelpTopic name=".ctor(System.Net.Sockets.SocketInformation)" link="ms-help://MS.NETFrameworkSDKv1.1/cpref/html/frlrfsystemnetsocketssocketclassctorTopic1.htm" ismsdn="true" />
    </HelpFolder>
    <HelpFolder name="Methods" link="ms-help://MS.NETFrameworkSDKv1.1/cpref/html/frlrfsystemnetsocketssocketMethodsTopic.htm" ismsdn="true">
      <HelpTopic name="Bind(System.Net.EndPoint)" link="ms-help://MS.NETFrameworkSDKv1.1/cpref/html/frlrfsystemnetsocketssocketclassBindTopic.htm" ismsdn="true" />
      <HelpTopic name="Connect(System.Net.EndPoint)" link="ms-help://MS.NETFrameworkSDKv1.1/cpref/html/frlrfsystemnetsocketssocketclassConnectTopic1.htm" ismsdn="true" />
      <HelpTopic name="Connect(System.Net.IPAddress, System.Int32)" link="ms-help://MS.NETFrameworkSDKv1.1/cpref/html/frlrfsystemnetsocketssocketclassConnectTopic2.htm" ismsdn="true" />
      <HelpTopic name="Connect(System.String, System.Int32)" link="ms-help://MS.NETFrameworkSDKv1.1/cpref/html/frlrfsystemnetsocketssocketclassConnectTopic3.htm" ismsdn="true" />
      <HelpTopic name="Connect(System.Net.IPAddress[], System.Int32)" link="ms-help://MS.NETFrameworkSDKv1.1/cpref/html/frlrfsystemnetsocketssocketclassConnectTopic4.htm" ismsdn="true" />
      <HelpTopic name="Close()" link="ms-help://MS.NETFrameworkSDKv1.1/cpref/html/frlrfsystemnetsocketssocketclassCloseTopic1.htm" ismsdn="true" />
      <HelpTopic name="Close(System.Int32)" link="ms-help://MS.NETFrameworkSDKv1.1/cpref/html/frlrfsystemnetsocketssocketclassCloseTopic2.htm" ismsdn="true" />
      <HelpTopic name="Listen(System.Int32)" link="ms-help://MS.NETFrameworkSDKv1.1/cpref/html/frlrfsystemnetsocketssocketclassListenTopic.htm" ismsdn="true" />
      <HelpTopic name="Accept()" link="ms-help://MS.NETFrameworkSDKv1.1/cpref/html/frlrfsystemnetsocketssocketclassAcceptTopic.htm" ismsdn="true" />
      <HelpTopic name="Send(System.Byte[], System.Int32, System.Net.Sockets.SocketFlags)" link="ms-help://MS.NETFrameworkSDKv1.1/cpref/html/frlrfsystemnetsocketssocketclassSendTopic1.htm" ismsdn="true" />
      <HelpTopic name="Send(System.Byte[], System.Net.Sockets.SocketFlags)" link="ms-help://MS.NETFrameworkSDKv1.1/cpref/html/frlrfsystemnetsocketssocketclassSendTopic2.htm" ismsdn="true" />
      <HelpTopic name="Send(System.Byte[])" link="ms-help://MS.NETFrameworkSDKv1.1/cpref/html/frlrfsystemnetsocketssocketclassSendTopic3.htm" ismsdn="true" />
      <HelpTopic name="Send(System.Collections.Generic.IList`1[System.ArraySegment`1[System.Byte]])" link="ms-help://MS.NETFrameworkSDKv1.1/cpref/html/frlrfsystemnetsocketssocketclassSendTopic4.htm" ismsdn="true" />
      <HelpTopic name="Send(System.Collections.Generic.IList`1[System.ArraySegment`1[System.Byte]], System.Net.Sockets.SocketFlags)" link="ms-help://MS.NETFrameworkSDKv1.1/cpref/html/frlrfsystemnetsocketssocketclassSendTopic5.htm" ismsdn="true" />
      <HelpTopic name="Send(System.Collections.Generic.IList`1[System.ArraySegment`1[System.Byte]], System.Net.Sockets.SocketFlags, System.Net.Sockets.SocketError&amp;)" link="ms-help://MS.NETFrameworkSDKv1.1/cpref/html/frlrfsystemnetsocketssocketclassSendTopic6.htm" ismsdn="true" />
      <HelpTopic name="SendFile(System.String)" link="ms-help://MS.NETFrameworkSDKv1.1/cpref/html/frlrfsystemnetsocketssocketclassSendFileTopic1.htm" ismsdn="true" />
      <HelpTopic name="SendFile(System.String, System.Byte[], System.Byte[], System.Net.Sockets.TransmitFileOptions)" link="ms-help://MS.NETFrameworkSDKv1.1/cpref/html/frlrfsystemnetsocketssocketclassSendFileTopic2.htm" ismsdn="true" />
      <HelpTopic name="Send(System.Byte[], System.Int32, System.Int32, System.Net.Sockets.SocketFlags)" link="ms-help://MS.NETFrameworkSDKv1.1/cpref/html/frlrfsystemnetsocketssocketclassSendTopic1.htm" ismsdn="true" />
      <HelpTopic name="Send(System.Byte[], System.Int32, System.Int32, System.Net.Sockets.SocketFlags, System.Net.Sockets.SocketError&amp;)" link="ms-help://MS.NETFrameworkSDKv1.1/cpref/html/frlrfsystemnetsocketssocketclassSendTopic2.htm" ismsdn="true" />
      <HelpTopic name="SendTo(System.Byte[], System.Int32, System.Int32, System.Net.Sockets.SocketFlags, System.Net.EndPoint)" link="ms-help://MS.NETFrameworkSDKv1.1/cpref/html/frlrfsystemnetsocketssocketclassSendToTopic1.htm" ismsdn="true" />
      <HelpTopic name="SendTo(System.Byte[], System.Int32, System.Net.Sockets.SocketFlags, System.Net.EndPoint)" link="ms-help://MS.NETFrameworkSDKv1.1/cpref/html/frlrfsystemnetsocketssocketclassSendToTopic2.htm" ismsdn="true" />
      <HelpTopic name="SendTo(System.Byte[], System.Net.Sockets.SocketFlags, System.Net.EndPoint)" link="ms-help://MS.NETFrameworkSDKv1.1/cpref/html/frlrfsystemnetsocketssocketclassSendToTopic3.htm" ismsdn="true" />
      <HelpTopic name="SendTo(System.Byte[], System.Net.EndPoint)" link="ms-help://MS.NETFrameworkSDKv1.1/cpref/html/frlrfsystemnetsocketssocketclassSendToTopic4.htm" ismsdn="true" />
      <HelpTopic name="Receive(System.Byte[], System.Int32, System.Net.Sockets.SocketFlags)" link="ms-help://MS.NETFrameworkSDKv1.1/cpref/html/frlrfsystemnetsocketssocketclassReceiveTopic1.htm" ismsdn="true" />
      <HelpTopic name="Receive(System.Byte[], System.Net.Sockets.SocketFlags)" link="ms-help://MS.NETFrameworkSDKv1.1/cpref/html/frlrfsystemnetsocketssocketclassReceiveTopic2.htm" ismsdn="true" />
      <HelpTopic name="Receive(System.Byte[])" link="ms-help://MS.NETFrameworkSDKv1.1/cpref/html/frlrfsystemnetsocketssocketclassReceiveTopic3.htm" ismsdn="true" />
      <HelpTopic name="Receive(System.Byte[], System.Int32, System.Int32, System.Net.Sockets.SocketFlags)" link="ms-help://MS.NETFrameworkSDKv1.1/cpref/html/frlrfsystemnetsocketssocketclassReceiveTopic4.htm" ismsdn="true" />
      <HelpTopic name="Receive(System.Byte[], System.Int32, System.Int32, System.Net.Sockets.SocketFlags, System.Net.Sockets.SocketError&amp;)" link="ms-help://MS.NETFrameworkSDKv1.1/cpref/html/frlrfsystemnetsocketssocketclassReceiveTopic5.htm" ismsdn="true" />
      <HelpTopic name="Receive(System.Collections.Generic.IList`1[System.ArraySegment`1[System.Byte]])" link="ms-help://MS.NETFrameworkSDKv1.1/cpref/html/frlrfsystemnetsocketssocketclassReceiveTopic6.htm" ismsdn="true" />
      <HelpTopic name="Receive(System.Collections.Generic.IList`1[System.ArraySegment`1[System.Byte]], System.Net.Sockets.SocketFlags)" link="ms-help://MS.NETFrameworkSDKv1.1/cpref/html/frlrfsystemnetsocketssocketclassReceiveTopic7.htm" ismsdn="true" />
      <HelpTopic name="Receive(System.Collections.Generic.IList`1[System.ArraySegment`1[System.Byte]], System.Net.Sockets.SocketFlags, System.Net.Sockets.SocketError&amp;)" link="ms-help://MS.NETFrameworkSDKv1.1/cpref/html/frlrfsystemnetsocketssocketclassReceiveTopic8.htm" ismsdn="true" />
      <HelpTopic name="ReceiveMessageFrom(System.Byte[], System.Int32, System.Int32, System.Net.Sockets.SocketFlags&amp;, System.Net.EndPoint&amp;, System.Net.Sockets.IPPacketInformation&amp;)" link="ms-help://MS.NETFrameworkSDKv1.1/cpref/html/frlrfsystemnetsocketssocketclassReceiveMessageFromTopic.htm" ismsdn="true" />
      <HelpTopic name="ReceiveFrom(System.Byte[], System.Int32, System.Int32, System.Net.Sockets.SocketFlags, System.Net.EndPoint&amp;)" link="ms-help://MS.NETFrameworkSDKv1.1/cpref/html/frlrfsystemnetsocketssocketclassReceiveFromTopic1.htm" ismsdn="true" />
      <HelpTopic name="ReceiveFrom(System.Byte[], System.Int32, System.Net.Sockets.SocketFlags, System.Net.EndPoint&amp;)" link="ms-help://MS.NETFrameworkSDKv1.1/cpref/html/frlrfsystemnetsocketssocketclassReceiveFromTopic2.htm" ismsdn="true" />
      <HelpTopic name="ReceiveFrom(System.Byte[], System.Net.Sockets.SocketFlags, System.Net.EndPoint&amp;)" link="ms-help://MS.NETFrameworkSDKv1.1/cpref/html/frlrfsystemnetsocketssocketclassReceiveFromTopic3.htm" ismsdn="true" />
      <HelpTopic name="ReceiveFrom(System.Byte[], System.Net.EndPoint&amp;)" link="ms-help://MS.NETFrameworkSDKv1.1/cpref/html/frlrfsystemnetsocketssocketclassReceiveFromTopic4.htm" ismsdn="true" />
      <HelpTopic name="IOControl(System.Int32, System.Byte[], System.Byte[])" link="ms-help://MS.NETFrameworkSDKv1.1/cpref/html/frlrfsystemnetsocketssocketclassIOControlTopic1.htm" ismsdn="true" />
      <HelpTopic name="IOControl(System.Net.Sockets.IOControlCode, System.Byte[], System.Byte[])" link="ms-help://MS.NETFrameworkSDKv1.1/cpref/html/frlrfsystemnetsocketssocketclassIOControlTopic2.htm" ismsdn="true" />
      <HelpTopic name="SetSocketOption(System.Net.Sockets.SocketOptionLevel, System.Net.Sockets.SocketOptionName, System.Int32)" link="ms-help://MS.NETFrameworkSDKv1.1/cpref/html/frlrfsystemnetsocketssocketclassSetSocketOptionTopic1.htm" ismsdn="true" />
      <HelpTopic name="SetSocketOption(System.Net.Sockets.SocketOptionLevel, System.Net.Sockets.SocketOptionName, System.Byte[])" link="ms-help://MS.NETFrameworkSDKv1.1/cpref/html/frlrfsystemnetsocketssocketclassSetSocketOptionTopic2.htm" ismsdn="true" />
      <HelpTopic name="SetSocketOption(System.Net.Sockets.SocketOptionLevel, System.Net.Sockets.SocketOptionName, System.Boolean)" link="ms-help://MS.NETFrameworkSDKv1.1/cpref/html/frlrfsystemnetsocketssocketclassSetSocketOptionTopic3.htm" ismsdn="true" />
      <HelpTopic name="SetSocketOption(System.Net.Sockets.SocketOptionLevel, System.Net.Sockets.SocketOptionName, System.Object)" link="ms-help://MS.NETFrameworkSDKv1.1/cpref/html/frlrfsystemnetsocketssocketclassSetSocketOptionTopic4.htm" ismsdn="true" />
      <HelpTopic name="GetSocketOption(System.Net.Sockets.SocketOptionLevel, System.Net.Sockets.SocketOptionName)" link="ms-help://MS.NETFrameworkSDKv1.1/cpref/html/frlrfsystemnetsocketssocketclassGetSocketOptionTopic1.htm" ismsdn="true" />
      <HelpTopic name="GetSocketOption(System.Net.Sockets.SocketOptionLevel, System.Net.Sockets.SocketOptionName, System.Byte[])" link="ms-help://MS.NETFrameworkSDKv1.1/cpref/html/frlrfsystemnetsocketssocketclassGetSocketOptionTopic2.htm" ismsdn="true" />
      <HelpTopic name="GetSocketOption(System.Net.Sockets.SocketOptionLevel, System.Net.Sockets.SocketOptionName, System.Int32)" link="ms-help://MS.NETFrameworkSDKv1.1/cpref/html/frlrfsystemnetsocketssocketclassGetSocketOptionTopic3.htm" ismsdn="true" />
      <HelpTopic name="Poll(System.Int32, System.Net.Sockets.SelectMode)" link="ms-help://MS.NETFrameworkSDKv1.1/cpref/html/frlrfsystemnetsocketssocketclassPollTopic.htm" ismsdn="true" />
      <HelpTopic name="Select(System.Collections.IList, System.Collections.IList, System.Collections.IList, System.Int32)" link="ms-help://MS.NETFrameworkSDKv1.1/cpref/html/frlrfsystemnetsocketssocketclassSelectTopic.htm" ismsdn="true" />
      <HelpTopic name="BeginSendFile(System.String, System.AsyncCallback, System.Object)" link="ms-help://MS.NETFrameworkSDKv1.1/cpref/html/frlrfsystemnetsocketssocketclassBeginSendFileTopic.htm" ismsdn="true" />
      <HelpTopic name="BeginConnect(System.Net.EndPoint, System.AsyncCallback, System.Object)" link="ms-help://MS.NETFrameworkSDKv1.1/cpref/html/frlrfsystemnetsocketssocketclassBeginConnectTopic.htm" ismsdn="true" />
      <HelpTopic name="DuplicateAndClose(System.Int32)" link="ms-help://MS.NETFrameworkSDKv1.1/cpref/html/frlrfsystemnetsocketssocketclassDuplicateAndCloseTopic.htm" ismsdn="true" />
      <HelpTopic name="BeginConnect(System.String, System.Int32, System.AsyncCallback, System.Object)" link="ms-help://MS.NETFrameworkSDKv1.1/cpref/html/frlrfsystemnetsocketssocketclassBeginConnectTopic1.htm" ismsdn="true" />
      <HelpTopic name="BeginConnect(System.Net.IPAddress, System.Int32, System.AsyncCallback, System.Object)" link="ms-help://MS.NETFrameworkSDKv1.1/cpref/html/frlrfsystemnetsocketssocketclassBeginConnectTopic2.htm" ismsdn="true" />
      <HelpTopic name="BeginConnect(System.Net.IPAddress[], System.Int32, System.AsyncCallback, System.Object)" link="ms-help://MS.NETFrameworkSDKv1.1/cpref/html/frlrfsystemnetsocketssocketclassBeginConnectTopic3.htm" ismsdn="true" />
      <HelpTopic name="BeginDisconnect(System.Boolean, System.AsyncCallback, System.Object)" link="ms-help://MS.NETFrameworkSDKv1.1/cpref/html/frlrfsystemnetsocketssocketclassBeginDisconnectTopic.htm" ismsdn="true" />
      <HelpTopic name="Disconnect(System.Boolean)" link="ms-help://MS.NETFrameworkSDKv1.1/cpref/html/frlrfsystemnetsocketssocketclassDisconnectTopic.htm" ismsdn="true" />
      <HelpTopic name="EndConnect(System.IAsyncResult)" link="ms-help://MS.NETFrameworkSDKv1.1/cpref/html/frlrfsystemnetsocketssocketclassEndConnectTopic.htm" ismsdn="true" />
      <HelpTopic name="EndDisconnect(System.IAsyncResult)" link="ms-help://MS.NETFrameworkSDKv1.1/cpref/html/frlrfsystemnetsocketssocketclassEndDisconnectTopic.htm" ismsdn="true" />
      <HelpTopic name="BeginSend(System.Byte[], System.Int32, System.Int32, System.Net.Sockets.SocketFlags, System.AsyncCallback, System.Object)" link="ms-help://MS.NETFrameworkSDKv1.1/cpref/html/frlrfsystemnetsocketssocketclassBeginSendTopic1.htm" ismsdn="true" />
      <HelpTopic name="BeginSend(System.Byte[], System.Int32, System.Int32, System.Net.Sockets.SocketFlags, System.Net.Sockets.SocketError&amp;, System.AsyncCallback, System.Object)" link="ms-help://MS.NETFrameworkSDKv1.1/cpref/html/frlrfsystemnetsocketssocketclassBeginSendTopic2.htm" ismsdn="true" />
      <HelpTopic name="BeginSendFile(System.String, System.Byte[], System.Byte[], System.Net.Sockets.TransmitFileOptions, System.AsyncCallback, System.Object)" link="ms-help://MS.NETFrameworkSDKv1.1/cpref/html/frlrfsystemnetsocketssocketclassBeginSendFileTopic.htm" ismsdn="true" />
      <HelpTopic name="BeginSend(System.Collections.Generic.IList`1[System.ArraySegment`1[System.Byte]], System.Net.Sockets.SocketFlags, System.AsyncCallback, System.Object)" link="ms-help://MS.NETFrameworkSDKv1.1/cpref/html/frlrfsystemnetsocketssocketclassBeginSendTopic1.htm" ismsdn="true" />
      <HelpTopic name="BeginSend(System.Collections.Generic.IList`1[System.ArraySegment`1[System.Byte]], System.Net.Sockets.SocketFlags, System.Net.Sockets.SocketError&amp;, System.AsyncCallback, System.Object)" link="ms-help://MS.NETFrameworkSDKv1.1/cpref/html/frlrfsystemnetsocketssocketclassBeginSendTopic2.htm" ismsdn="true" />
      <HelpTopic name="EndSend(System.IAsyncResult)" link="ms-help://MS.NETFrameworkSDKv1.1/cpref/html/frlrfsystemnetsocketssocketclassEndSendTopic1.htm" ismsdn="true" />
      <HelpTopic name="EndSend(System.IAsyncResult, System.Net.Sockets.SocketError&amp;)" link="ms-help://MS.NETFrameworkSDKv1.1/cpref/html/frlrfsystemnetsocketssocketclassEndSendTopic2.htm" ismsdn="true" />
      <HelpTopic name="EndSendFile(System.IAsyncResult)" link="ms-help://MS.NETFrameworkSDKv1.1/cpref/html/frlrfsystemnetsocketssocketclassEndSendFileTopic.htm" ismsdn="true" />
      <HelpTopic name="BeginSendTo(System.Byte[], System.Int32, System.Int32, System.Net.Sockets.SocketFlags, System.Net.EndPoint, System.AsyncCallback, System.Object)" link="ms-help://MS.NETFrameworkSDKv1.1/cpref/html/frlrfsystemnetsocketssocketclassBeginSendToTopic.htm" ismsdn="true" />
      <HelpTopic name="EndSendTo(System.IAsyncResult)" link="ms-help://MS.NETFrameworkSDKv1.1/cpref/html/frlrfsystemnetsocketssocketclassEndSendToTopic.htm" ismsdn="true" />
      <HelpTopic name="BeginReceive(System.Byte[], System.Int32, System.Int32, System.Net.Sockets.SocketFlags, System.AsyncCallback, System.Object)" link="ms-help://MS.NETFrameworkSDKv1.1/cpref/html/frlrfsystemnetsocketssocketclassBeginReceiveTopic1.htm" ismsdn="true" />
      <HelpTopic name="BeginReceive(System.Byte[], System.Int32, System.Int32, System.Net.Sockets.SocketFlags, System.Net.Sockets.SocketError&amp;, System.AsyncCallback, System.Object)" link="ms-help://MS.NETFrameworkSDKv1.1/cpref/html/frlrfsystemnetsocketssocketclassBeginReceiveTopic2.htm" ismsdn="true" />
      <HelpTopic name="BeginReceive(System.Collections.Generic.IList`1[System.ArraySegment`1[System.Byte]], System.Net.Sockets.SocketFlags, System.AsyncCallback, System.Object)" link="ms-help://MS.NETFrameworkSDKv1.1/cpref/html/frlrfsystemnetsocketssocketclassBeginReceiveTopic3.htm" ismsdn="true" />
      <HelpTopic name="BeginReceive(System.Collections.Generic.IList`1[System.ArraySegment`1[System.Byte]], System.Net.Sockets.SocketFlags, System.Net.Sockets.SocketError&amp;, System.AsyncCallback, System.Object)" link="ms-help://MS.NETFrameworkSDKv1.1/cpref/html/frlrfsystemnetsocketssocketclassBeginReceiveTopic4.htm" ismsdn="true" />
      <HelpTopic name="EndReceive(System.IAsyncResult)" link="ms-help://MS.NETFrameworkSDKv1.1/cpref/html/frlrfsystemnetsocketssocketclassEndReceiveTopic1.htm" ismsdn="true" />
      <HelpTopic name="EndReceive(System.IAsyncResult, System.Net.Sockets.SocketError&amp;)" link="ms-help://MS.NETFrameworkSDKv1.1/cpref/html/frlrfsystemnetsocketssocketclassEndReceiveTopic2.htm" ismsdn="true" />
      <HelpTopic name="BeginReceiveMessageFrom(System.Byte[], System.Int32, System.Int32, System.Net.Sockets.SocketFlags, System.Net.EndPoint&amp;, System.AsyncCallback, System.Object)" link="ms-help://MS.NETFrameworkSDKv1.1/cpref/html/frlrfsystemnetsocketssocketclassBeginReceiveMessageFromTopic.htm" ismsdn="true" />
      <HelpTopic name="EndReceiveMessageFrom(System.IAsyncResult, System.Net.Sockets.SocketFlags&amp;, System.Net.EndPoint&amp;, System.Net.Sockets.IPPacketInformation&amp;)" link="ms-help://MS.NETFrameworkSDKv1.1/cpref/html/frlrfsystemnetsocketssocketclassEndReceiveMessageFromTopic.htm" ismsdn="true" />
      <HelpTopic name="BeginReceiveFrom(System.Byte[], System.Int32, System.Int32, System.Net.Sockets.SocketFlags, System.Net.EndPoint&amp;, System.AsyncCallback, System.Object)" link="ms-help://MS.NETFrameworkSDKv1.1/cpref/html/frlrfsystemnetsocketssocketclassBeginReceiveFromTopic.htm" ismsdn="true" />
      <HelpTopic name="EndReceiveFrom(System.IAsyncResult, System.Net.EndPoint&amp;)" link="ms-help://MS.NETFrameworkSDKv1.1/cpref/html/frlrfsystemnetsocketssocketclassEndReceiveFromTopic.htm" ismsdn="true" />
      <HelpTopic name="BeginAccept(System.AsyncCallback, System.Object)" link="ms-help://MS.NETFrameworkSDKv1.1/cpref/html/frlrfsystemnetsocketssocketclassBeginAcceptTopic1.htm" ismsdn="true" />
      <HelpTopic name="BeginAccept(System.Int32, System.AsyncCallback, System.Object)" link="ms-help://MS.NETFrameworkSDKv1.1/cpref/html/frlrfsystemnetsocketssocketclassBeginAcceptTopic2.htm" ismsdn="true" />
      <HelpTopic name="BeginAccept(System.Net.Sockets.Socket, System.Int32, System.AsyncCallback, System.Object)" link="ms-help://MS.NETFrameworkSDKv1.1/cpref/html/frlrfsystemnetsocketssocketclassBeginAcceptTopic3.htm" ismsdn="true" />
      <HelpTopic name="EndAccept(System.IAsyncResult)" link="ms-help://MS.NETFrameworkSDKv1.1/cpref/html/frlrfsystemnetsocketssocketclassEndAcceptTopic1.htm" ismsdn="true" />
      <HelpTopic name="EndAccept(System.Byte[]&amp;, System.IAsyncResult)" link="ms-help://MS.NETFrameworkSDKv1.1/cpref/html/frlrfsystemnetsocketssocketclassEndAcceptTopic2.htm" ismsdn="true" />
      <HelpTopic name="EndAccept(System.Byte[]&amp;, System.Int32&amp;, System.IAsyncResult)" link="ms-help://MS.NETFrameworkSDKv1.1/cpref/html/frlrfsystemnetsocketssocketclassEndAcceptTopic3.htm" ismsdn="true" />
      <HelpTopic name="Shutdown(System.Net.Sockets.SocketShutdown)" link="ms-help://MS.NETFrameworkSDKv1.1/cpref/html/frlrfsystemnetsocketssocketclassShutdownTopic.htm" ismsdn="true" />
    </HelpFolder>
    <HelpFolder name="Properties" link="ms-help://MS.NETFrameworkSDKv1.1/cpref/html/frlrfsystemnetsocketssocketPropertiesTopic.htm" ismsdn="true">
      <HelpTopic name="SupportsIPv4" link="ms-help://MS.NETFrameworkSDKv1.1/cpref/html/frlrfsystemnetsocketssocketclassSupportsIPv4Topic.htm" ismsdn="true" />
      <HelpTopic name="SupportsIPv6" link="ms-help://MS.NETFrameworkSDKv1.1/cpref/html/frlrfsystemnetsocketssocketclassSupportsIPv6Topic.htm" ismsdn="true" />
      <HelpTopic name="OSSupportsIPv6" link="ms-help://MS.NETFrameworkSDKv1.1/cpref/html/frlrfsystemnetsocketssocketclassOSSupportsIPv6Topic.htm" ismsdn="true" />
      <HelpTopic name="Available" link="ms-help://MS.NETFrameworkSDKv1.1/cpref/html/frlrfsystemnetsocketssocketclassAvailableTopic.htm" ismsdn="true" />
      <HelpTopic name="LocalEndPoint" link="ms-help://MS.NETFrameworkSDKv1.1/cpref/html/frlrfsystemnetsocketssocketclassLocalEndPointTopic.htm" ismsdn="true" />
      <HelpTopic name="RemoteEndPoint" link="ms-help://MS.NETFrameworkSDKv1.1/cpref/html/frlrfsystemnetsocketssocketclassRemoteEndPointTopic.htm" ismsdn="true" />
      <HelpTopic name="Handle" link="ms-help://MS.NETFrameworkSDKv1.1/cpref/html/frlrfsystemnetsocketssocketclassHandleTopic.htm" ismsdn="true" />
      <HelpTopic name="Blocking" link="ms-help://MS.NETFrameworkSDKv1.1/cpref/html/frlrfsystemnetsocketssocketclassBlockingTopic.htm" ismsdn="true" />
      <HelpTopic name="UseOnlyOverlappedIO" link="ms-help://MS.NETFrameworkSDKv1.1/cpref/html/frlrfsystemnetsocketssocketclassUseOnlyOverlappedIOTopic.htm" ismsdn="true" />
      <HelpTopic name="Connected" link="ms-help://MS.NETFrameworkSDKv1.1/cpref/html/frlrfsystemnetsocketssocketclassConnectedTopic.htm" ismsdn="true" />
      <HelpTopic name="AddressFamily" link="ms-help://MS.NETFrameworkSDKv1.1/cpref/html/frlrfsystemnetsocketssocketclassAddressFamilyTopic.htm" ismsdn="true" />
      <HelpTopic name="SocketType" link="ms-help://MS.NETFrameworkSDKv1.1/cpref/html/frlrfsystemnetsocketssocketclassSocketTypeTopic.htm" ismsdn="true" />
      <HelpTopic name="ProtocolType" link="ms-help://MS.NETFrameworkSDKv1.1/cpref/html/frlrfsystemnetsocketssocketclassProtocolTypeTopic.htm" ismsdn="true" />
      <HelpTopic name="IsBound" link="ms-help://MS.NETFrameworkSDKv1.1/cpref/html/frlrfsystemnetsocketssocketclassIsBoundTopic.htm" ismsdn="true" />
      <HelpTopic name="ExclusiveAddressUse" link="ms-help://MS.NETFrameworkSDKv1.1/cpref/html/frlrfsystemnetsocketssocketclassExclusiveAddressUseTopic.htm" ismsdn="true" />
      <HelpTopic name="ReceiveBufferSize" link="ms-help://MS.NETFrameworkSDKv1.1/cpref/html/frlrfsystemnetsocketssocketclassReceiveBufferSizeTopic.htm" ismsdn="true" />
      <HelpTopic name="SendBufferSize" link="ms-help://MS.NETFrameworkSDKv1.1/cpref/html/frlrfsystemnetsocketssocketclassSendBufferSizeTopic.htm" ismsdn="true" />
      <HelpTopic name="ReceiveTimeout" link="ms-help://MS.NETFrameworkSDKv1.1/cpref/html/frlrfsystemnetsocketssocketclassReceiveTimeoutTopic.htm" ismsdn="true" />
      <HelpTopic name="SendTimeout" link="ms-help://MS.NETFrameworkSDKv1.1/cpref/html/frlrfsystemnetsocketssocketclassSendTimeoutTopic.htm" ismsdn="true" />
      <HelpTopic name="LingerState" link="ms-help://MS.NETFrameworkSDKv1.1/cpref/html/frlrfsystemnetsocketssocketclassLingerStateTopic.htm" ismsdn="true" />
      <HelpTopic name="NoDelay" link="ms-help://MS.NETFrameworkSDKv1.1/cpref/html/frlrfsystemnetsocketssocketclassNoDelayTopic.htm" ismsdn="true" />
      <HelpTopic name="Ttl" link="ms-help://MS.NETFrameworkSDKv1.1/cpref/html/frlrfsystemnetsocketssocketclassTtlTopic.htm" ismsdn="true" />
      <HelpTopic name="DontFragment" link="ms-help://MS.NETFrameworkSDKv1.1/cpref/html/frlrfsystemnetsocketssocketclassDontFragmentTopic.htm" ismsdn="true" />
      <HelpTopic name="MulticastLoopback" link="ms-help://MS.NETFrameworkSDKv1.1/cpref/html/frlrfsystemnetsocketssocketclassMulticastLoopbackTopic.htm" ismsdn="true" />
      <HelpTopic name="EnableBroadcast" link="ms-help://MS.NETFrameworkSDKv1.1/cpref/html/frlrfsystemnetsocketssocketclassEnableBroadcastTopic.htm" ismsdn="true" />
    </HelpFolder>
  </HelpFolder>
  <HelpTopic name="SocketError enumeration" link="ms-help://MS.NETFrameworkSDKv1.1/cpref/html/frlrfsystemnetsocketssocketerrorClassTopic.htm" ismsdn="true" />
  <HelpFolder name="SocketException class" link="ms-help://MS.NETFrameworkSDKv1.1/cpref/html/frlrfsystemnetsocketssocketexceptionClassTopic.htm" ismsdn="true">
    <HelpTopic name="SocketException members" link="ms-help://MS.NETFrameworkSDKv1.1/cpref/html/frlrfsystemnetsocketssocketexceptionMembersTopic.htm" ismsdn="true" />
    <HelpFolder name="Constructors" link="ms-help://MS.NETFrameworkSDKv1.1/cpref/html/frlrfsystemnetsocketssocketexceptionclassctorTopic.htm" ismsdn="true">
      <HelpTopic name=".ctor()" link="ms-help://MS.NETFrameworkSDKv1.1/cpref/html/frlrfsystemnetsocketssocketexceptionclassctorTopic1.htm" ismsdn="true" />
      <HelpTopic name=".ctor(System.Int32)" link="ms-help://MS.NETFrameworkSDKv1.1/cpref/html/frlrfsystemnetsocketssocketexceptionclassctorTopic1.htm" ismsdn="true" />
    </HelpFolder>
    <HelpFolder name="Properties" link="ms-help://MS.NETFrameworkSDKv1.1/cpref/html/frlrfsystemnetsocketssocketexceptionPropertiesTopic.htm" ismsdn="true">
      <HelpTopic name="ErrorCode" link="ms-help://MS.NETFrameworkSDKv1.1/cpref/html/frlrfsystemnetsocketssocketexceptionclassErrorCodeTopic.htm" ismsdn="true" />
      <HelpTopic name="SocketErrorCode" link="ms-help://MS.NETFrameworkSDKv1.1/cpref/html/frlrfsystemnetsocketssocketexceptionclassSocketErrorCodeTopic.htm" ismsdn="true" />
    </HelpFolder>
  </HelpFolder>
  <HelpTopic name="SocketFlags enumeration" link="ms-help://MS.NETFrameworkSDKv1.1/cpref/html/frlrfsystemnetsocketssocketflagsClassTopic.htm" ismsdn="true" />
  <HelpFolder name="SocketInformation structure" link="ms-help://MS.NETFrameworkSDKv1.1/cpref/html/frlrfsystemnetsocketssocketinformationClassTopic.htm" ismsdn="true">
    <HelpTopic name="SocketInformation members" link="ms-help://MS.NETFrameworkSDKv1.1/cpref/html/frlrfsystemnetsocketssocketinformationMembersTopic.htm" ismsdn="true" />
    <HelpFolder name="Properties" link="ms-help://MS.NETFrameworkSDKv1.1/cpref/html/frlrfsystemnetsocketssocketinformationPropertiesTopic.htm" ismsdn="true">
      <HelpTopic name="ProtocolInformation" link="ms-help://MS.NETFrameworkSDKv1.1/cpref/html/frlrfsystemnetsocketssocketinformationclassProtocolInformationTopic.htm" ismsdn="true" />
      <HelpTopic name="Options" link="ms-help://MS.NETFrameworkSDKv1.1/cpref/html/frlrfsystemnetsocketssocketinformationclassOptionsTopic.htm" ismsdn="true" />
    </HelpFolder>
  </HelpFolder>
  <HelpTopic name="SocketInformationOptions enumeration" link="ms-help://MS.NETFrameworkSDKv1.1/cpref/html/frlrfsystemnetsocketssocketinformationoptionsClassTopic.htm" ismsdn="true" />
  <HelpTopic name="SocketOptionLevel enumeration" link="ms-help://MS.NETFrameworkSDKv1.1/cpref/html/frlrfsystemnetsocketssocketoptionlevelClassTopic.htm" ismsdn="true" />
  <HelpTopic name="SocketOptionName enumeration" link="ms-help://MS.NETFrameworkSDKv1.1/cpref/html/frlrfsystemnetsocketssocketoptionnameClassTopic.htm" ismsdn="true" />
  <HelpTopic name="SocketShutdown enumeration" link="ms-help://MS.NETFrameworkSDKv1.1/cpref/html/frlrfsystemnetsocketssocketshutdownClassTopic.htm" ismsdn="true" />
  <HelpTopic name="SocketType enumeration" link="ms-help://MS.NETFrameworkSDKv1.1/cpref/html/frlrfsystemnetsocketssockettypeClassTopic.htm" ismsdn="true" />
  <HelpFolder name="TcpClient class" link="ms-help://MS.NETFrameworkSDKv1.1/cpref/html/frlrfsystemnetsocketstcpclientClassTopic.htm" ismsdn="true">
    <HelpTopic name="TcpClient members" link="ms-help://MS.NETFrameworkSDKv1.1/cpref/html/frlrfsystemnetsocketstcpclientMembersTopic.htm" ismsdn="true" />
    <HelpFolder name="Constructors" link="ms-help://MS.NETFrameworkSDKv1.1/cpref/html/frlrfsystemnetsocketstcpclientclassctorTopic.htm" ismsdn="true">
      <HelpTopic name=".ctor(System.Net.IPEndPoint)" link="ms-help://MS.NETFrameworkSDKv1.1/cpref/html/frlrfsystemnetsocketstcpclientclassctorTopic1.htm" ismsdn="true" />
      <HelpTopic name=".ctor()" link="ms-help://MS.NETFrameworkSDKv1.1/cpref/html/frlrfsystemnetsocketstcpclientclassctorTopic1.htm" ismsdn="true" />
      <HelpTopic name=".ctor(System.Net.Sockets.AddressFamily)" link="ms-help://MS.NETFrameworkSDKv1.1/cpref/html/frlrfsystemnetsocketstcpclientclassctorTopic2.htm" ismsdn="true" />
      <HelpTopic name=".ctor(System.String, System.Int32)" link="ms-help://MS.NETFrameworkSDKv1.1/cpref/html/frlrfsystemnetsocketstcpclientclassctorTopic3.htm" ismsdn="true" />
    </HelpFolder>
    <HelpFolder name="Methods" link="ms-help://MS.NETFrameworkSDKv1.1/cpref/html/frlrfsystemnetsocketstcpclientMethodsTopic.htm" ismsdn="true">
      <HelpTopic name="Connect(System.String, System.Int32)" link="ms-help://MS.NETFrameworkSDKv1.1/cpref/html/frlrfsystemnetsocketstcpclientclassConnectTopic1.htm" ismsdn="true" />
      <HelpTopic name="Connect(System.Net.IPAddress, System.Int32)" link="ms-help://MS.NETFrameworkSDKv1.1/cpref/html/frlrfsystemnetsocketstcpclientclassConnectTopic2.htm" ismsdn="true" />
      <HelpTopic name="Connect(System.Net.IPEndPoint)" link="ms-help://MS.NETFrameworkSDKv1.1/cpref/html/frlrfsystemnetsocketstcpclientclassConnectTopic3.htm" ismsdn="true" />
      <HelpTopic name="Connect(System.Net.IPAddress[], System.Int32)" link="ms-help://MS.NETFrameworkSDKv1.1/cpref/html/frlrfsystemnetsocketstcpclientclassConnectTopic4.htm" ismsdn="true" />
      <HelpTopic name="BeginConnect(System.String, System.Int32, System.AsyncCallback, System.Object)" link="ms-help://MS.NETFrameworkSDKv1.1/cpref/html/frlrfsystemnetsocketstcpclientclassBeginConnectTopic1.htm" ismsdn="true" />
      <HelpTopic name="BeginConnect(System.Net.IPAddress, System.Int32, System.AsyncCallback, System.Object)" link="ms-help://MS.NETFrameworkSDKv1.1/cpref/html/frlrfsystemnetsocketstcpclientclassBeginConnectTopic2.htm" ismsdn="true" />
      <HelpTopic name="BeginConnect(System.Net.IPAddress[], System.Int32, System.AsyncCallback, System.Object)" link="ms-help://MS.NETFrameworkSDKv1.1/cpref/html/frlrfsystemnetsocketstcpclientclassBeginConnectTopic3.htm" ismsdn="true" />
      <HelpTopic name="EndConnect(System.IAsyncResult)" link="ms-help://MS.NETFrameworkSDKv1.1/cpref/html/frlrfsystemnetsocketstcpclientclassEndConnectTopic.htm" ismsdn="true" />
      <HelpTopic name="GetStream()" link="ms-help://MS.NETFrameworkSDKv1.1/cpref/html/frlrfsystemnetsocketstcpclientclassGetStreamTopic.htm" ismsdn="true" />
      <HelpTopic name="Close()" link="ms-help://MS.NETFrameworkSDKv1.1/cpref/html/frlrfsystemnetsocketstcpclientclassCloseTopic.htm" ismsdn="true" />
    </HelpFolder>
    <HelpFolder name="Properties" link="ms-help://MS.NETFrameworkSDKv1.1/cpref/html/frlrfsystemnetsocketstcpclientPropertiesTopic.htm" ismsdn="true">
      <HelpTopic name="Client" link="ms-help://MS.NETFrameworkSDKv1.1/cpref/html/frlrfsystemnetsocketstcpclientclassClientTopic.htm" ismsdn="true" />
      <HelpTopic name="Available" link="ms-help://MS.NETFrameworkSDKv1.1/cpref/html/frlrfsystemnetsocketstcpclientclassAvailableTopic.htm" ismsdn="true" />
      <HelpTopic name="Connected" link="ms-help://MS.NETFrameworkSDKv1.1/cpref/html/frlrfsystemnetsocketstcpclientclassConnectedTopic.htm" ismsdn="true" />
      <HelpTopic name="ExclusiveAddressUse" link="ms-help://MS.NETFrameworkSDKv1.1/cpref/html/frlrfsystemnetsocketstcpclientclassExclusiveAddressUseTopic.htm" ismsdn="true" />
      <HelpTopic name="ReceiveBufferSize" link="ms-help://MS.NETFrameworkSDKv1.1/cpref/html/frlrfsystemnetsocketstcpclientclassReceiveBufferSizeTopic.htm" ismsdn="true" />
      <HelpTopic name="SendBufferSize" link="ms-help://MS.NETFrameworkSDKv1.1/cpref/html/frlrfsystemnetsocketstcpclientclassSendBufferSizeTopic.htm" ismsdn="true" />
      <HelpTopic name="ReceiveTimeout" link="ms-help://MS.NETFrameworkSDKv1.1/cpref/html/frlrfsystemnetsocketstcpclientclassReceiveTimeoutTopic.htm" ismsdn="true" />
      <HelpTopic name="SendTimeout" link="ms-help://MS.NETFrameworkSDKv1.1/cpref/html/frlrfsystemnetsocketstcpclientclassSendTimeoutTopic.htm" ismsdn="true" />
      <HelpTopic name="LingerState" link="ms-help://MS.NETFrameworkSDKv1.1/cpref/html/frlrfsystemnetsocketstcpclientclassLingerStateTopic.htm" ismsdn="true" />
      <HelpTopic name="NoDelay" link="ms-help://MS.NETFrameworkSDKv1.1/cpref/html/frlrfsystemnetsocketstcpclientclassNoDelayTopic.htm" ismsdn="true" />
    </HelpFolder>
  </HelpFolder>
  <HelpFolder name="TcpListener class" link="ms-help://MS.NETFrameworkSDKv1.1/cpref/html/frlrfsystemnetsocketstcplistenerClassTopic.htm" ismsdn="true">
    <HelpTopic name="TcpListener members" link="ms-help://MS.NETFrameworkSDKv1.1/cpref/html/frlrfsystemnetsocketstcplistenerMembersTopic.htm" ismsdn="true" />
    <HelpFolder name="Constructors" link="ms-help://MS.NETFrameworkSDKv1.1/cpref/html/frlrfsystemnetsocketstcplistenerclassctorTopic.htm" ismsdn="true">
      <HelpTopic name=".ctor(System.Net.IPEndPoint)" link="ms-help://MS.NETFrameworkSDKv1.1/cpref/html/frlrfsystemnetsocketstcplistenerclassctorTopic1.htm" ismsdn="true" />
      <HelpTopic name=".ctor(System.Net.IPAddress, System.Int32)" link="ms-help://MS.NETFrameworkSDKv1.1/cpref/html/frlrfsystemnetsocketstcplistenerclassctorTopic1.htm" ismsdn="true" />
      <HelpTopic name=".ctor(System.Int32)" link="ms-help://MS.NETFrameworkSDKv1.1/cpref/html/frlrfsystemnetsocketstcplistenerclassctorTopic2.htm" ismsdn="true" />
    </HelpFolder>
    <HelpFolder name="Methods" link="ms-help://MS.NETFrameworkSDKv1.1/cpref/html/frlrfsystemnetsocketstcplistenerMethodsTopic.htm" ismsdn="true">
      <HelpTopic name="Start()" link="ms-help://MS.NETFrameworkSDKv1.1/cpref/html/frlrfsystemnetsocketstcplistenerclassStartTopic1.htm" ismsdn="true" />
      <HelpTopic name="Start(System.Int32)" link="ms-help://MS.NETFrameworkSDKv1.1/cpref/html/frlrfsystemnetsocketstcplistenerclassStartTopic2.htm" ismsdn="true" />
      <HelpTopic name="Stop()" link="ms-help://MS.NETFrameworkSDKv1.1/cpref/html/frlrfsystemnetsocketstcplistenerclassStopTopic.htm" ismsdn="true" />
      <HelpTopic name="Pending()" link="ms-help://MS.NETFrameworkSDKv1.1/cpref/html/frlrfsystemnetsocketstcplistenerclassPendingTopic.htm" ismsdn="true" />
      <HelpTopic name="AcceptSocket()" link="ms-help://MS.NETFrameworkSDKv1.1/cpref/html/frlrfsystemnetsocketstcplistenerclassAcceptSocketTopic.htm" ismsdn="true" />
      <HelpTopic name="AcceptTcpClient()" link="ms-help://MS.NETFrameworkSDKv1.1/cpref/html/frlrfsystemnetsocketstcplistenerclassAcceptTcpClientTopic.htm" ismsdn="true" />
      <HelpTopic name="BeginAcceptSocket(System.AsyncCallback, System.Object)" link="ms-help://MS.NETFrameworkSDKv1.1/cpref/html/frlrfsystemnetsocketstcplistenerclassBeginAcceptSocketTopic.htm" ismsdn="true" />
      <HelpTopic name="EndAcceptSocket(System.IAsyncResult)" link="ms-help://MS.NETFrameworkSDKv1.1/cpref/html/frlrfsystemnetsocketstcplistenerclassEndAcceptSocketTopic.htm" ismsdn="true" />
      <HelpTopic name="BeginAcceptTcpClient(System.AsyncCallback, System.Object)" link="ms-help://MS.NETFrameworkSDKv1.1/cpref/html/frlrfsystemnetsocketstcplistenerclassBeginAcceptTcpClientTopic.htm" ismsdn="true" />
      <HelpTopic name="EndAcceptTcpClient(System.IAsyncResult)" link="ms-help://MS.NETFrameworkSDKv1.1/cpref/html/frlrfsystemnetsocketstcplistenerclassEndAcceptTcpClientTopic.htm" ismsdn="true" />
    </HelpFolder>
    <HelpFolder name="Properties" link="ms-help://MS.NETFrameworkSDKv1.1/cpref/html/frlrfsystemnetsocketstcplistenerPropertiesTopic.htm" ismsdn="true">
      <HelpTopic name="Server" link="ms-help://MS.NETFrameworkSDKv1.1/cpref/html/frlrfsystemnetsocketstcplistenerclassServerTopic.htm" ismsdn="true" />
      <HelpTopic name="LocalEndpoint" link="ms-help://MS.NETFrameworkSDKv1.1/cpref/html/frlrfsystemnetsocketstcplistenerclassLocalEndpointTopic.htm" ismsdn="true" />
      <HelpTopic name="ExclusiveAddressUse" link="ms-help://MS.NETFrameworkSDKv1.1/cpref/html/frlrfsystemnetsocketstcplistenerclassExclusiveAddressUseTopic.htm" ismsdn="true" />
    </HelpFolder>
  </HelpFolder>
  <HelpTopic name="TransmitFileOptions enumeration" link="ms-help://MS.NETFrameworkSDKv1.1/cpref/html/frlrfsystemnetsocketstransmitfileoptionsClassTopic.htm" ismsdn="true" />
  <HelpFolder name="UdpClient class" link="ms-help://MS.NETFrameworkSDKv1.1/cpref/html/frlrfsystemnetsocketsudpclientClassTopic.htm" ismsdn="true">
    <HelpTopic name="UdpClient members" link="ms-help://MS.NETFrameworkSDKv1.1/cpref/html/frlrfsystemnetsocketsudpclientMembersTopic.htm" ismsdn="true" />
    <HelpFolder name="Constructors" link="ms-help://MS.NETFrameworkSDKv1.1/cpref/html/frlrfsystemnetsocketsudpclientclassctorTopic.htm" ismsdn="true">
      <HelpTopic name=".ctor()" link="ms-help://MS.NETFrameworkSDKv1.1/cpref/html/frlrfsystemnetsocketsudpclientclassctorTopic1.htm" ismsdn="true" />
      <HelpTopic name=".ctor(System.Net.Sockets.AddressFamily)" link="ms-help://MS.NETFrameworkSDKv1.1/cpref/html/frlrfsystemnetsocketsudpclientclassctorTopic1.htm" ismsdn="true" />
      <HelpTopic name=".ctor(System.Int32)" link="ms-help://MS.NETFrameworkSDKv1.1/cpref/html/frlrfsystemnetsocketsudpclientclassctorTopic2.htm" ismsdn="true" />
      <HelpTopic name=".ctor(System.Int32, System.Net.Sockets.AddressFamily)" link="ms-help://MS.NETFrameworkSDKv1.1/cpref/html/frlrfsystemnetsocketsudpclientclassctorTopic3.htm" ismsdn="true" />
      <HelpTopic name=".ctor(System.Net.IPEndPoint)" link="ms-help://MS.NETFrameworkSDKv1.1/cpref/html/frlrfsystemnetsocketsudpclientclassctorTopic4.htm" ismsdn="true" />
      <HelpTopic name=".ctor(System.String, System.Int32)" link="ms-help://MS.NETFrameworkSDKv1.1/cpref/html/frlrfsystemnetsocketsudpclientclassctorTopic5.htm" ismsdn="true" />
    </HelpFolder>
    <HelpFolder name="Methods" link="ms-help://MS.NETFrameworkSDKv1.1/cpref/html/frlrfsystemnetsocketsudpclientMethodsTopic.htm" ismsdn="true">
      <HelpTopic name="Close()" link="ms-help://MS.NETFrameworkSDKv1.1/cpref/html/frlrfsystemnetsocketsudpclientclassCloseTopic.htm" ismsdn="true" />
      <HelpTopic name="Connect(System.String, System.Int32)" link="ms-help://MS.NETFrameworkSDKv1.1/cpref/html/frlrfsystemnetsocketsudpclientclassConnectTopic1.htm" ismsdn="true" />
      <HelpTopic name="Connect(System.Net.IPAddress, System.Int32)" link="ms-help://MS.NETFrameworkSDKv1.1/cpref/html/frlrfsystemnetsocketsudpclientclassConnectTopic2.htm" ismsdn="true" />
      <HelpTopic name="Connect(System.Net.IPEndPoint)" link="ms-help://MS.NETFrameworkSDKv1.1/cpref/html/frlrfsystemnetsocketsudpclientclassConnectTopic3.htm" ismsdn="true" />
      <HelpTopic name="Send(System.Byte[], System.Int32, System.Net.IPEndPoint)" link="ms-help://MS.NETFrameworkSDKv1.1/cpref/html/frlrfsystemnetsocketsudpclientclassSendTopic1.htm" ismsdn="true" />
      <HelpTopic name="Send(System.Byte[], System.Int32, System.String, System.Int32)" link="ms-help://MS.NETFrameworkSDKv1.1/cpref/html/frlrfsystemnetsocketsudpclientclassSendTopic2.htm" ismsdn="true" />
      <HelpTopic name="Send(System.Byte[], System.Int32)" link="ms-help://MS.NETFrameworkSDKv1.1/cpref/html/frlrfsystemnetsocketsudpclientclassSendTopic3.htm" ismsdn="true" />
      <HelpTopic name="BeginSend(System.Byte[], System.Int32, System.Net.IPEndPoint, System.AsyncCallback, System.Object)" link="ms-help://MS.NETFrameworkSDKv1.1/cpref/html/frlrfsystemnetsocketsudpclientclassBeginSendTopic1.htm" ismsdn="true" />
      <HelpTopic name="BeginSend(System.Byte[], System.Int32, System.String, System.Int32, System.AsyncCallback, System.Object)" link="ms-help://MS.NETFrameworkSDKv1.1/cpref/html/frlrfsystemnetsocketsudpclientclassBeginSendTopic2.htm" ismsdn="true" />
      <HelpTopic name="BeginSend(System.Byte[], System.Int32, System.AsyncCallback, System.Object)" link="ms-help://MS.NETFrameworkSDKv1.1/cpref/html/frlrfsystemnetsocketsudpclientclassBeginSendTopic3.htm" ismsdn="true" />
      <HelpTopic name="EndSend(System.IAsyncResult)" link="ms-help://MS.NETFrameworkSDKv1.1/cpref/html/frlrfsystemnetsocketsudpclientclassEndSendTopic.htm" ismsdn="true" />
      <HelpTopic name="Receive(System.Net.IPEndPoint&amp;)" link="ms-help://MS.NETFrameworkSDKv1.1/cpref/html/frlrfsystemnetsocketsudpclientclassReceiveTopic.htm" ismsdn="true" />
      <HelpTopic name="BeginReceive(System.AsyncCallback, System.Object)" link="ms-help://MS.NETFrameworkSDKv1.1/cpref/html/frlrfsystemnetsocketsudpclientclassBeginReceiveTopic.htm" ismsdn="true" />
      <HelpTopic name="EndReceive(System.IAsyncResult, System.Net.IPEndPoint&amp;)" link="ms-help://MS.NETFrameworkSDKv1.1/cpref/html/frlrfsystemnetsocketsudpclientclassEndReceiveTopic.htm" ismsdn="true" />
      <HelpTopic name="JoinMulticastGroup(System.Net.IPAddress)" link="ms-help://MS.NETFrameworkSDKv1.1/cpref/html/frlrfsystemnetsocketsudpclientclassJoinMulticastGroupTopic1.htm" ismsdn="true" />
      <HelpTopic name="JoinMulticastGroup(System.Net.IPAddress, System.Net.IPAddress)" link="ms-help://MS.NETFrameworkSDKv1.1/cpref/html/frlrfsystemnetsocketsudpclientclassJoinMulticastGroupTopic2.htm" ismsdn="true" />
      <HelpTopic name="JoinMulticastGroup(System.Int32, System.Net.IPAddress)" link="ms-help://MS.NETFrameworkSDKv1.1/cpref/html/frlrfsystemnetsocketsudpclientclassJoinMulticastGroupTopic3.htm" ismsdn="true" />
      <HelpTopic name="JoinMulticastGroup(System.Net.IPAddress, System.Int32)" link="ms-help://MS.NETFrameworkSDKv1.1/cpref/html/frlrfsystemnetsocketsudpclientclassJoinMulticastGroupTopic4.htm" ismsdn="true" />
      <HelpTopic name="DropMulticastGroup(System.Net.IPAddress)" link="ms-help://MS.NETFrameworkSDKv1.1/cpref/html/frlrfsystemnetsocketsudpclientclassDropMulticastGroupTopic1.htm" ismsdn="true" />
      <HelpTopic name="DropMulticastGroup(System.Net.IPAddress, System.Int32)" link="ms-help://MS.NETFrameworkSDKv1.1/cpref/html/frlrfsystemnetsocketsudpclientclassDropMulticastGroupTopic2.htm" ismsdn="true" />
    </HelpFolder>
    <HelpFolder name="Properties" link="ms-help://MS.NETFrameworkSDKv1.1/cpref/html/frlrfsystemnetsocketsudpclientPropertiesTopic.htm" ismsdn="true">
      <HelpTopic name="Client" link="ms-help://MS.NETFrameworkSDKv1.1/cpref/html/frlrfsystemnetsocketsudpclientclassClientTopic.htm" ismsdn="true" />
      <HelpTopic name="Available" link="ms-help://MS.NETFrameworkSDKv1.1/cpref/html/frlrfsystemnetsocketsudpclientclassAvailableTopic.htm" ismsdn="true" />
      <HelpTopic name="Ttl" link="ms-help://MS.NETFrameworkSDKv1.1/cpref/html/frlrfsystemnetsocketsudpclientclassTtlTopic.htm" ismsdn="true" />
      <HelpTopic name="DontFragment" link="ms-help://MS.NETFrameworkSDKv1.1/cpref/html/frlrfsystemnetsocketsudpclientclassDontFragmentTopic.htm" ismsdn="true" />
      <HelpTopic name="MulticastLoopback" link="ms-help://MS.NETFrameworkSDKv1.1/cpref/html/frlrfsystemnetsocketsudpclientclassMulticastLoopbackTopic.htm" ismsdn="true" />
      <HelpTopic name="EnableBroadcast" link="ms-help://MS.NETFrameworkSDKv1.1/cpref/html/frlrfsystemnetsocketsudpclientclassEnableBroadcastTopic.htm" ismsdn="true" />
      <HelpTopic name="ExclusiveAddressUse" link="ms-help://MS.NETFrameworkSDKv1.1/cpref/html/frlrfsystemnetsocketsudpclientclassExclusiveAddressUseTopic.htm" ismsdn="true" />
    </HelpFolder>
  </HelpFolder>
</HelpCollection>