<HelpCollection>
  <HelpFolder name="SqlClientPermission class" link="ms-help://MS.NETFrameworkSDKv1.1/cpref/html/frlrfsystemdatasqlclientsqlclientpermissionClassTopic.htm" ismsdn="true">
    <HelpTopic name="SqlClientPermission members" link="ms-help://MS.NETFrameworkSDKv1.1/cpref/html/frlrfsystemdatasqlclientsqlclientpermissionMembersTopic.htm" ismsdn="true" />
    <HelpFolder name="Constructors" link="ms-help://MS.NETFrameworkSDKv1.1/cpref/html/frlrfsystemdatasqlclientsqlclientpermissionclassctorTopic.htm" ismsdn="true">
      <HelpTopic name=".ctor()" link="ms-help://MS.NETFrameworkSDKv1.1/cpref/html/frlrfsystemdatasqlclientsqlclientpermissionclassctorTopic1.htm" ismsdn="true" />
      <HelpTopic name=".ctor(System.Security.Permissions.PermissionState)" link="ms-help://MS.NETFrameworkSDKv1.1/cpref/html/frlrfsystemdatasqlclientsqlclientpermissionclassctorTopic1.htm" ismsdn="true" />
      <HelpTopic name=".ctor(System.Security.Permissions.PermissionState, System.Boolean)" link="ms-help://MS.NETFrameworkSDKv1.1/cpref/html/frlrfsystemdatasqlclientsqlclientpermissionclassctorTopic2.htm" ismsdn="true" />
    </HelpFolder>
    <HelpFolder name="Methods" link="ms-help://MS.NETFrameworkSDKv1.1/cpref/html/frlrfsystemdatasqlclientsqlclientpermissionMethodsTopic.htm" ismsdn="true">
      <HelpTopic name="Add(System.String, System.String, System.Data.KeyRestrictionBehavior)" link="ms-help://MS.NETFrameworkSDKv1.1/cpref/html/frlrfsystemdatasqlclientsqlclientpermissionclassAddTopic.htm" ismsdn="true" />
      <HelpTopic name="Copy()" link="ms-help://MS.NETFrameworkSDKv1.1/cpref/html/frlrfsystemdatasqlclientsqlclientpermissionclassCopyTopic.htm" ismsdn="true" />
    </HelpFolder>
  </HelpFolder>
  <HelpFolder name="SqlClientPermissionAttribute class" link="ms-help://MS.NETFrameworkSDKv1.1/cpref/html/frlrfsystemdatasqlclientsqlclientpermissionattributeClassTopic.htm" ismsdn="true">
    <HelpTopic name="SqlClientPermissionAttribute members" link="ms-help://MS.NETFrameworkSDKv1.1/cpref/html/frlrfsystemdatasqlclientsqlclientpermissionattributeMembersTopic.htm" ismsdn="true" />
    <HelpFolder name="Constructors" link="ms-help://MS.NETFrameworkSDKv1.1/cpref/html/frlrfsystemdatasqlclientsqlclientpermissionattributeclassctorTopic.htm" ismsdn="true">
      <HelpTopic name=".ctor(System.Security.Permissions.SecurityAction)" link="ms-help://MS.NETFrameworkSDKv1.1/cpref/html/frlrfsystemdatasqlclientsqlclientpermissionattributeclassctorTopic.htm" ismsdn="true" />
    </HelpFolder>
    <HelpFolder name="Methods" link="ms-help://MS.NETFrameworkSDKv1.1/cpref/html/frlrfsystemdatasqlclientsqlclientpermissionattributeMethodsTopic.htm" ismsdn="true">
      <HelpTopic name="CreatePermission()" link="ms-help://MS.NETFrameworkSDKv1.1/cpref/html/frlrfsystemdatasqlclientsqlclientpermissionattributeclassCreatePermissionTopic.htm" ismsdn="true" />
    </HelpFolder>
  </HelpFolder>
  <HelpFolder name="SqlCommand class" link="ms-help://MS.NETFrameworkSDKv1.1/cpref/html/frlrfsystemdatasqlclientsqlcommandClassTopic.htm" ismsdn="true">
    <HelpTopic name="SqlCommand members" link="ms-help://MS.NETFrameworkSDKv1.1/cpref/html/frlrfsystemdatasqlclientsqlcommandMembersTopic.htm" ismsdn="true" />
    <HelpFolder name="Constructors" link="ms-help://MS.NETFrameworkSDKv1.1/cpref/html/frlrfsystemdatasqlclientsqlcommandclassctorTopic.htm" ismsdn="true">
      <HelpTopic name=".ctor()" link="ms-help://MS.NETFrameworkSDKv1.1/cpref/html/frlrfsystemdatasqlclientsqlcommandclassctorTopic1.htm" ismsdn="true" />
      <HelpTopic name=".ctor(System.String)" link="ms-help://MS.NETFrameworkSDKv1.1/cpref/html/frlrfsystemdatasqlclientsqlcommandclassctorTopic1.htm" ismsdn="true" />
      <HelpTopic name=".ctor(System.String, System.Data.SqlClient.SqlConnection)" link="ms-help://MS.NETFrameworkSDKv1.1/cpref/html/frlrfsystemdatasqlclientsqlcommandclassctorTopic2.htm" ismsdn="true" />
      <HelpTopic name=".ctor(System.String, System.Data.SqlClient.SqlConnection, System.Data.SqlClient.SqlTransaction)" link="ms-help://MS.NETFrameworkSDKv1.1/cpref/html/frlrfsystemdatasqlclientsqlcommandclassctorTopic3.htm" ismsdn="true" />
    </HelpFolder>
    <HelpFolder name="Methods" link="ms-help://MS.NETFrameworkSDKv1.1/cpref/html/frlrfsystemdatasqlclientsqlcommandMethodsTopic.htm" ismsdn="true">
      <HelpTopic name="ExecuteScalar()" link="ms-help://MS.NETFrameworkSDKv1.1/cpref/html/frlrfsystemdatasqlclientsqlcommandclassExecuteScalarTopic.htm" ismsdn="true" />
      <HelpTopic name="ExecuteNonQuery()" link="ms-help://MS.NETFrameworkSDKv1.1/cpref/html/frlrfsystemdatasqlclientsqlcommandclassExecuteNonQueryTopic.htm" ismsdn="true" />
      <HelpTopic name="Cancel()" link="ms-help://MS.NETFrameworkSDKv1.1/cpref/html/frlrfsystemdatasqlclientsqlcommandclassCancelTopic.htm" ismsdn="true" />
      <HelpTopic name="Prepare()" link="ms-help://MS.NETFrameworkSDKv1.1/cpref/html/frlrfsystemdatasqlclientsqlcommandclassPrepareTopic.htm" ismsdn="true" />
      <HelpTopic name="ResetCommandTimeout()" link="ms-help://MS.NETFrameworkSDKv1.1/cpref/html/frlrfsystemdatasqlclientsqlcommandclassResetCommandTimeoutTopic.htm" ismsdn="true" />
      <HelpTopic name="CreateParameter()" link="ms-help://MS.NETFrameworkSDKv1.1/cpref/html/frlrfsystemdatasqlclientsqlcommandclassCreateParameterTopic.htm" ismsdn="true" />
      <HelpTopic name="ExecuteXmlReader()" link="ms-help://MS.NETFrameworkSDKv1.1/cpref/html/frlrfsystemdatasqlclientsqlcommandclassExecuteXmlReaderTopic.htm" ismsdn="true" />
      <HelpTopic name="ExecuteReader()" link="ms-help://MS.NETFrameworkSDKv1.1/cpref/html/frlrfsystemdatasqlclientsqlcommandclassExecuteReaderTopic1.htm" ismsdn="true" />
      <HelpTopic name="ExecuteReader(System.Data.CommandBehavior)" link="ms-help://MS.NETFrameworkSDKv1.1/cpref/html/frlrfsystemdatasqlclientsqlcommandclassExecuteReaderTopic2.htm" ismsdn="true" />
    </HelpFolder>
    <HelpFolder name="Properties" link="ms-help://MS.NETFrameworkSDKv1.1/cpref/html/frlrfsystemdatasqlclientsqlcommandPropertiesTopic.htm" ismsdn="true">
      <HelpTopic name="Connection" link="ms-help://MS.NETFrameworkSDKv1.1/cpref/html/frlrfsystemdatasqlclientsqlcommandclassConnectionTopic.htm" ismsdn="true" />
      <HelpTopic name="Transaction" link="ms-help://MS.NETFrameworkSDKv1.1/cpref/html/frlrfsystemdatasqlclientsqlcommandclassTransactionTopic.htm" ismsdn="true" />
      <HelpTopic name="CommandText" link="ms-help://MS.NETFrameworkSDKv1.1/cpref/html/frlrfsystemdatasqlclientsqlcommandclassCommandTextTopic.htm" ismsdn="true" />
      <HelpTopic name="CommandType" link="ms-help://MS.NETFrameworkSDKv1.1/cpref/html/frlrfsystemdatasqlclientsqlcommandclassCommandTypeTopic.htm" ismsdn="true" />
      <HelpTopic name="CommandTimeout" link="ms-help://MS.NETFrameworkSDKv1.1/cpref/html/frlrfsystemdatasqlclientsqlcommandclassCommandTimeoutTopic.htm" ismsdn="true" />
      <HelpTopic name="DesignTimeVisible" link="ms-help://MS.NETFrameworkSDKv1.1/cpref/html/frlrfsystemdatasqlclientsqlcommandclassDesignTimeVisibleTopic.htm" ismsdn="true" />
      <HelpTopic name="Parameters" link="ms-help://MS.NETFrameworkSDKv1.1/cpref/html/frlrfsystemdatasqlclientsqlcommandclassParametersTopic.htm" ismsdn="true" />
      <HelpTopic name="UpdatedRowSource" link="ms-help://MS.NETFrameworkSDKv1.1/cpref/html/frlrfsystemdatasqlclientsqlcommandclassUpdatedRowSourceTopic.htm" ismsdn="true" />
    </HelpFolder>
  </HelpFolder>
  <HelpFolder name="SqlCommandBuilder class" link="ms-help://MS.NETFrameworkSDKv1.1/cpref/html/frlrfsystemdatasqlclientsqlcommandbuilderClassTopic.htm" ismsdn="true">
    <HelpTopic name="SqlCommandBuilder members" link="ms-help://MS.NETFrameworkSDKv1.1/cpref/html/frlrfsystemdatasqlclientsqlcommandbuilderMembersTopic.htm" ismsdn="true" />
    <HelpFolder name="Constructors" link="ms-help://MS.NETFrameworkSDKv1.1/cpref/html/frlrfsystemdatasqlclientsqlcommandbuilderclassctorTopic.htm" ismsdn="true">
      <HelpTopic name=".ctor()" link="ms-help://MS.NETFrameworkSDKv1.1/cpref/html/frlrfsystemdatasqlclientsqlcommandbuilderclassctorTopic1.htm" ismsdn="true" />
      <HelpTopic name=".ctor(System.Data.SqlClient.SqlDataAdapter)" link="ms-help://MS.NETFrameworkSDKv1.1/cpref/html/frlrfsystemdatasqlclientsqlcommandbuilderclassctorTopic1.htm" ismsdn="true" />
    </HelpFolder>
    <HelpFolder name="Methods" link="ms-help://MS.NETFrameworkSDKv1.1/cpref/html/frlrfsystemdatasqlclientsqlcommandbuilderMethodsTopic.htm" ismsdn="true">
      <HelpTopic name="DeriveParameters(System.Data.SqlClient.SqlCommand)" link="ms-help://MS.NETFrameworkSDKv1.1/cpref/html/frlrfsystemdatasqlclientsqlcommandbuilderclassDeriveParametersTopic.htm" ismsdn="true" />
      <HelpTopic name="GetInsertCommand()" link="ms-help://MS.NETFrameworkSDKv1.1/cpref/html/frlrfsystemdatasqlclientsqlcommandbuilderclassGetInsertCommandTopic.htm" ismsdn="true" />
      <HelpTopic name="GetUpdateCommand()" link="ms-help://MS.NETFrameworkSDKv1.1/cpref/html/frlrfsystemdatasqlclientsqlcommandbuilderclassGetUpdateCommandTopic.htm" ismsdn="true" />
      <HelpTopic name="GetDeleteCommand()" link="ms-help://MS.NETFrameworkSDKv1.1/cpref/html/frlrfsystemdatasqlclientsqlcommandbuilderclassGetDeleteCommandTopic.htm" ismsdn="true" />
      <HelpTopic name="RefreshSchema()" link="ms-help://MS.NETFrameworkSDKv1.1/cpref/html/frlrfsystemdatasqlclientsqlcommandbuilderclassRefreshSchemaTopic.htm" ismsdn="true" />
    </HelpFolder>
    <HelpFolder name="Properties" link="ms-help://MS.NETFrameworkSDKv1.1/cpref/html/frlrfsystemdatasqlclientsqlcommandbuilderPropertiesTopic.htm" ismsdn="true">
      <HelpTopic name="DataAdapter" link="ms-help://MS.NETFrameworkSDKv1.1/cpref/html/frlrfsystemdatasqlclientsqlcommandbuilderclassDataAdapterTopic.htm" ismsdn="true" />
      <HelpTopic name="QuotePrefix" link="ms-help://MS.NETFrameworkSDKv1.1/cpref/html/frlrfsystemdatasqlclientsqlcommandbuilderclassQuotePrefixTopic.htm" ismsdn="true" />
      <HelpTopic name="QuoteSuffix" link="ms-help://MS.NETFrameworkSDKv1.1/cpref/html/frlrfsystemdatasqlclientsqlcommandbuilderclassQuoteSuffixTopic.htm" ismsdn="true" />
    </HelpFolder>
  </HelpFolder>
  <HelpFolder name="SqlConnection class" link="ms-help://MS.NETFrameworkSDKv1.1/cpref/html/frlrfsystemdatasqlclientsqlconnectionClassTopic.htm" ismsdn="true">
    <HelpTopic name="SqlConnection members" link="ms-help://MS.NETFrameworkSDKv1.1/cpref/html/frlrfsystemdatasqlclientsqlconnectionMembersTopic.htm" ismsdn="true" />
    <HelpFolder name="Constructors" link="ms-help://MS.NETFrameworkSDKv1.1/cpref/html/frlrfsystemdatasqlclientsqlconnectionclassctorTopic.htm" ismsdn="true">
      <HelpTopic name=".ctor()" link="ms-help://MS.NETFrameworkSDKv1.1/cpref/html/frlrfsystemdatasqlclientsqlconnectionclassctorTopic1.htm" ismsdn="true" />
      <HelpTopic name=".ctor(System.String)" link="ms-help://MS.NETFrameworkSDKv1.1/cpref/html/frlrfsystemdatasqlclientsqlconnectionclassctorTopic1.htm" ismsdn="true" />
    </HelpFolder>
    <HelpFolder name="Methods" link="ms-help://MS.NETFrameworkSDKv1.1/cpref/html/frlrfsystemdatasqlclientsqlconnectionMethodsTopic.htm" ismsdn="true">
      <HelpTopic name="Open()" link="ms-help://MS.NETFrameworkSDKv1.1/cpref/html/frlrfsystemdatasqlclientsqlconnectionclassOpenTopic.htm" ismsdn="true" />
      <HelpTopic name="ChangeDatabase(System.String)" link="ms-help://MS.NETFrameworkSDKv1.1/cpref/html/frlrfsystemdatasqlclientsqlconnectionclassChangeDatabaseTopic.htm" ismsdn="true" />
      <HelpTopic name="Close()" link="ms-help://MS.NETFrameworkSDKv1.1/cpref/html/frlrfsystemdatasqlclientsqlconnectionclassCloseTopic.htm" ismsdn="true" />
      <HelpTopic name="BeginTransaction()" link="ms-help://MS.NETFrameworkSDKv1.1/cpref/html/frlrfsystemdatasqlclientsqlconnectionclassBeginTransactionTopic1.htm" ismsdn="true" />
      <HelpTopic name="BeginTransaction(System.Data.IsolationLevel)" link="ms-help://MS.NETFrameworkSDKv1.1/cpref/html/frlrfsystemdatasqlclientsqlconnectionclassBeginTransactionTopic2.htm" ismsdn="true" />
      <HelpTopic name="BeginTransaction(System.String)" link="ms-help://MS.NETFrameworkSDKv1.1/cpref/html/frlrfsystemdatasqlclientsqlconnectionclassBeginTransactionTopic3.htm" ismsdn="true" />
      <HelpTopic name="BeginTransaction(System.Data.IsolationLevel, System.String)" link="ms-help://MS.NETFrameworkSDKv1.1/cpref/html/frlrfsystemdatasqlclientsqlconnectionclassBeginTransactionTopic4.htm" ismsdn="true" />
      <HelpTopic name="CreateCommand()" link="ms-help://MS.NETFrameworkSDKv1.1/cpref/html/frlrfsystemdatasqlclientsqlconnectionclassCreateCommandTopic.htm" ismsdn="true" />
      <HelpTopic name="EnlistDistributedTransaction(System.EnterpriseServices.ITransaction)" link="ms-help://MS.NETFrameworkSDKv1.1/cpref/html/frlrfsystemdatasqlclientsqlconnectionclassEnlistDistributedTransactionTopic.htm" ismsdn="true" />
    </HelpFolder>
    <HelpFolder name="Properties" link="ms-help://MS.NETFrameworkSDKv1.1/cpref/html/frlrfsystemdatasqlclientsqlconnectionPropertiesTopic.htm" ismsdn="true">
      <HelpTopic name="ConnectionString" link="ms-help://MS.NETFrameworkSDKv1.1/cpref/html/frlrfsystemdatasqlclientsqlconnectionclassConnectionStringTopic.htm" ismsdn="true" />
      <HelpTopic name="ConnectionTimeout" link="ms-help://MS.NETFrameworkSDKv1.1/cpref/html/frlrfsystemdatasqlclientsqlconnectionclassConnectionTimeoutTopic.htm" ismsdn="true" />
      <HelpTopic name="Database" link="ms-help://MS.NETFrameworkSDKv1.1/cpref/html/frlrfsystemdatasqlclientsqlconnectionclassDatabaseTopic.htm" ismsdn="true" />
      <HelpTopic name="DataSource" link="ms-help://MS.NETFrameworkSDKv1.1/cpref/html/frlrfsystemdatasqlclientsqlconnectionclassDataSourceTopic.htm" ismsdn="true" />
      <HelpTopic name="PacketSize" link="ms-help://MS.NETFrameworkSDKv1.1/cpref/html/frlrfsystemdatasqlclientsqlconnectionclassPacketSizeTopic.htm" ismsdn="true" />
      <HelpTopic name="WorkstationId" link="ms-help://MS.NETFrameworkSDKv1.1/cpref/html/frlrfsystemdatasqlclientsqlconnectionclassWorkstationIdTopic.htm" ismsdn="true" />
      <HelpTopic name="ServerVersion" link="ms-help://MS.NETFrameworkSDKv1.1/cpref/html/frlrfsystemdatasqlclientsqlconnectionclassServerVersionTopic.htm" ismsdn="true" />
      <HelpTopic name="State" link="ms-help://MS.NETFrameworkSDKv1.1/cpref/html/frlrfsystemdatasqlclientsqlconnectionclassStateTopic.htm" ismsdn="true" />
    </HelpFolder>
    <HelpFolder name="Events" link="ms-help://MS.NETFrameworkSDKv1.1/cpref/html/frlrfsystemdatasqlclientsqlconnectionEventsTopic.htm" ismsdn="true">
      <HelpTopic name="InfoMessage" link="ms-help://MS.NETFrameworkSDKv1.1/cpref/html/frlrfsystemdatasqlclientsqlconnectionclassInfoMessageTopic.htm" ismsdn="true" />
      <HelpTopic name="StateChange" link="ms-help://MS.NETFrameworkSDKv1.1/cpref/html/frlrfsystemdatasqlclientsqlconnectionclassStateChangeTopic.htm" ismsdn="true" />
    </HelpFolder>
  </HelpFolder>
  <HelpFolder name="SqlDataAdapter class" link="ms-help://MS.NETFrameworkSDKv1.1/cpref/html/frlrfsystemdatasqlclientsqldataadapterClassTopic.htm" ismsdn="true">
    <HelpTopic name="SqlDataAdapter members" link="ms-help://MS.NETFrameworkSDKv1.1/cpref/html/frlrfsystemdatasqlclientsqldataadapterMembersTopic.htm" ismsdn="true" />
    <HelpFolder name="Constructors" link="ms-help://MS.NETFrameworkSDKv1.1/cpref/html/frlrfsystemdatasqlclientsqldataadapterclassctorTopic.htm" ismsdn="true">
      <HelpTopic name=".ctor()" link="ms-help://MS.NETFrameworkSDKv1.1/cpref/html/frlrfsystemdatasqlclientsqldataadapterclassctorTopic1.htm" ismsdn="true" />
      <HelpTopic name=".ctor(System.Data.SqlClient.SqlCommand)" link="ms-help://MS.NETFrameworkSDKv1.1/cpref/html/frlrfsystemdatasqlclientsqldataadapterclassctorTopic1.htm" ismsdn="true" />
      <HelpTopic name=".ctor(System.String, System.String)" link="ms-help://MS.NETFrameworkSDKv1.1/cpref/html/frlrfsystemdatasqlclientsqldataadapterclassctorTopic2.htm" ismsdn="true" />
      <HelpTopic name=".ctor(System.String, System.Data.SqlClient.SqlConnection)" link="ms-help://MS.NETFrameworkSDKv1.1/cpref/html/frlrfsystemdatasqlclientsqldataadapterclassctorTopic3.htm" ismsdn="true" />
    </HelpFolder>
    <HelpFolder name="Properties" link="ms-help://MS.NETFrameworkSDKv1.1/cpref/html/frlrfsystemdatasqlclientsqldataadapterPropertiesTopic.htm" ismsdn="true">
      <HelpTopic name="DeleteCommand" link="ms-help://MS.NETFrameworkSDKv1.1/cpref/html/frlrfsystemdatasqlclientsqldataadapterclassDeleteCommandTopic.htm" ismsdn="true" />
      <HelpTopic name="InsertCommand" link="ms-help://MS.NETFrameworkSDKv1.1/cpref/html/frlrfsystemdatasqlclientsqldataadapterclassInsertCommandTopic.htm" ismsdn="true" />
      <HelpTopic name="SelectCommand" link="ms-help://MS.NETFrameworkSDKv1.1/cpref/html/frlrfsystemdatasqlclientsqldataadapterclassSelectCommandTopic.htm" ismsdn="true" />
      <HelpTopic name="UpdateCommand" link="ms-help://MS.NETFrameworkSDKv1.1/cpref/html/frlrfsystemdatasqlclientsqldataadapterclassUpdateCommandTopic.htm" ismsdn="true" />
    </HelpFolder>
    <HelpFolder name="Events" link="ms-help://MS.NETFrameworkSDKv1.1/cpref/html/frlrfsystemdatasqlclientsqldataadapterEventsTopic.htm" ismsdn="true">
      <HelpTopic name="RowUpdated" link="ms-help://MS.NETFrameworkSDKv1.1/cpref/html/frlrfsystemdatasqlclientsqldataadapterclassRowUpdatedTopic.htm" ismsdn="true" />
      <HelpTopic name="RowUpdating" link="ms-help://MS.NETFrameworkSDKv1.1/cpref/html/frlrfsystemdatasqlclientsqldataadapterclassRowUpdatingTopic.htm" ismsdn="true" />
    </HelpFolder>
  </HelpFolder>
  <HelpFolder name="SqlDataReader class" link="ms-help://MS.NETFrameworkSDKv1.1/cpref/html/frlrfsystemdatasqlclientsqldatareaderClassTopic.htm" ismsdn="true">
    <HelpTopic name="SqlDataReader members" link="ms-help://MS.NETFrameworkSDKv1.1/cpref/html/frlrfsystemdatasqlclientsqldatareaderMembersTopic.htm" ismsdn="true" />
    <HelpFolder name="Methods" link="ms-help://MS.NETFrameworkSDKv1.1/cpref/html/frlrfsystemdatasqlclientsqldatareaderMethodsTopic.htm" ismsdn="true">
      <HelpTopic name="IsDBNull(System.Int32)" link="ms-help://MS.NETFrameworkSDKv1.1/cpref/html/frlrfsystemdatasqlclientsqldatareaderclassIsDBNullTopic.htm" ismsdn="true" />
      <HelpTopic name="GetData(System.Int32)" link="ms-help://MS.NETFrameworkSDKv1.1/cpref/html/frlrfsystemdatasqlclientsqldatareaderclassGetDataTopic.htm" ismsdn="true" />
      <HelpTopic name="GetDateTime(System.Int32)" link="ms-help://MS.NETFrameworkSDKv1.1/cpref/html/frlrfsystemdatasqlclientsqldatareaderclassGetDateTimeTopic.htm" ismsdn="true" />
      <HelpTopic name="GetDecimal(System.Int32)" link="ms-help://MS.NETFrameworkSDKv1.1/cpref/html/frlrfsystemdatasqlclientsqldatareaderclassGetDecimalTopic.htm" ismsdn="true" />
      <HelpTopic name="GetString(System.Int32)" link="ms-help://MS.NETFrameworkSDKv1.1/cpref/html/frlrfsystemdatasqlclientsqldatareaderclassGetStringTopic.htm" ismsdn="true" />
      <HelpTopic name="GetDouble(System.Int32)" link="ms-help://MS.NETFrameworkSDKv1.1/cpref/html/frlrfsystemdatasqlclientsqldatareaderclassGetDoubleTopic.htm" ismsdn="true" />
      <HelpTopic name="GetFloat(System.Int32)" link="ms-help://MS.NETFrameworkSDKv1.1/cpref/html/frlrfsystemdatasqlclientsqldatareaderclassGetFloatTopic.htm" ismsdn="true" />
      <HelpTopic name="GetInt64(System.Int32)" link="ms-help://MS.NETFrameworkSDKv1.1/cpref/html/frlrfsystemdatasqlclientsqldatareaderclassGetInt64Topic.htm" ismsdn="true" />
      <HelpTopic name="GetInt32(System.Int32)" link="ms-help://MS.NETFrameworkSDKv1.1/cpref/html/frlrfsystemdatasqlclientsqldatareaderclassGetInt32Topic.htm" ismsdn="true" />
      <HelpTopic name="GetInt16(System.Int32)" link="ms-help://MS.NETFrameworkSDKv1.1/cpref/html/frlrfsystemdatasqlclientsqldatareaderclassGetInt16Topic.htm" ismsdn="true" />
      <HelpTopic name="GetGuid(System.Int32)" link="ms-help://MS.NETFrameworkSDKv1.1/cpref/html/frlrfsystemdatasqlclientsqldatareaderclassGetGuidTopic.htm" ismsdn="true" />
      <HelpTopic name="GetChars(System.Int32, System.Int64, System.Char[], System.Int32, System.Int32)" link="ms-help://MS.NETFrameworkSDKv1.1/cpref/html/frlrfsystemdatasqlclientsqldatareaderclassGetCharsTopic.htm" ismsdn="true" />
      <HelpTopic name="GetChar(System.Int32)" link="ms-help://MS.NETFrameworkSDKv1.1/cpref/html/frlrfsystemdatasqlclientsqldatareaderclassGetCharTopic.htm" ismsdn="true" />
      <HelpTopic name="GetBytes(System.Int32, System.Int64, System.Byte[], System.Int32, System.Int32)" link="ms-help://MS.NETFrameworkSDKv1.1/cpref/html/frlrfsystemdatasqlclientsqldatareaderclassGetBytesTopic.htm" ismsdn="true" />
      <HelpTopic name="GetByte(System.Int32)" link="ms-help://MS.NETFrameworkSDKv1.1/cpref/html/frlrfsystemdatasqlclientsqldatareaderclassGetByteTopic.htm" ismsdn="true" />
      <HelpTopic name="GetBoolean(System.Int32)" link="ms-help://MS.NETFrameworkSDKv1.1/cpref/html/frlrfsystemdatasqlclientsqldatareaderclassGetBooleanTopic.htm" ismsdn="true" />
      <HelpTopic name="GetOrdinal(System.String)" link="ms-help://MS.NETFrameworkSDKv1.1/cpref/html/frlrfsystemdatasqlclientsqldatareaderclassGetOrdinalTopic.htm" ismsdn="true" />
      <HelpTopic name="GetValues(System.Object[])" link="ms-help://MS.NETFrameworkSDKv1.1/cpref/html/frlrfsystemdatasqlclientsqldatareaderclassGetValuesTopic.htm" ismsdn="true" />
      <HelpTopic name="GetValue(System.Int32)" link="ms-help://MS.NETFrameworkSDKv1.1/cpref/html/frlrfsystemdatasqlclientsqldatareaderclassGetValueTopic.htm" ismsdn="true" />
      <HelpTopic name="GetFieldType(System.Int32)" link="ms-help://MS.NETFrameworkSDKv1.1/cpref/html/frlrfsystemdatasqlclientsqldatareaderclassGetFieldTypeTopic.htm" ismsdn="true" />
      <HelpTopic name="GetDataTypeName(System.Int32)" link="ms-help://MS.NETFrameworkSDKv1.1/cpref/html/frlrfsystemdatasqlclientsqldatareaderclassGetDataTypeNameTopic.htm" ismsdn="true" />
      <HelpTopic name="GetName(System.Int32)" link="ms-help://MS.NETFrameworkSDKv1.1/cpref/html/frlrfsystemdatasqlclientsqldatareaderclassGetNameTopic.htm" ismsdn="true" />
      <HelpTopic name="GetSchemaTable()" link="ms-help://MS.NETFrameworkSDKv1.1/cpref/html/frlrfsystemdatasqlclientsqldatareaderclassGetSchemaTableTopic.htm" ismsdn="true" />
      <HelpTopic name="Read()" link="ms-help://MS.NETFrameworkSDKv1.1/cpref/html/frlrfsystemdatasqlclientsqldatareaderclassReadTopic.htm" ismsdn="true" />
      <HelpTopic name="NextResult()" link="ms-help://MS.NETFrameworkSDKv1.1/cpref/html/frlrfsystemdatasqlclientsqldatareaderclassNextResultTopic.htm" ismsdn="true" />
      <HelpTopic name="Close()" link="ms-help://MS.NETFrameworkSDKv1.1/cpref/html/frlrfsystemdatasqlclientsqldatareaderclassCloseTopic.htm" ismsdn="true" />
      <HelpTopic name="GetSqlBoolean(System.Int32)" link="ms-help://MS.NETFrameworkSDKv1.1/cpref/html/frlrfsystemdatasqlclientsqldatareaderclassGetSqlBooleanTopic.htm" ismsdn="true" />
      <HelpTopic name="GetSqlBinary(System.Int32)" link="ms-help://MS.NETFrameworkSDKv1.1/cpref/html/frlrfsystemdatasqlclientsqldatareaderclassGetSqlBinaryTopic.htm" ismsdn="true" />
      <HelpTopic name="GetSqlByte(System.Int32)" link="ms-help://MS.NETFrameworkSDKv1.1/cpref/html/frlrfsystemdatasqlclientsqldatareaderclassGetSqlByteTopic.htm" ismsdn="true" />
      <HelpTopic name="GetSqlInt16(System.Int32)" link="ms-help://MS.NETFrameworkSDKv1.1/cpref/html/frlrfsystemdatasqlclientsqldatareaderclassGetSqlInt16Topic.htm" ismsdn="true" />
      <HelpTopic name="GetSqlInt32(System.Int32)" link="ms-help://MS.NETFrameworkSDKv1.1/cpref/html/frlrfsystemdatasqlclientsqldatareaderclassGetSqlInt32Topic.htm" ismsdn="true" />
      <HelpTopic name="GetSqlInt64(System.Int32)" link="ms-help://MS.NETFrameworkSDKv1.1/cpref/html/frlrfsystemdatasqlclientsqldatareaderclassGetSqlInt64Topic.htm" ismsdn="true" />
      <HelpTopic name="GetSqlSingle(System.Int32)" link="ms-help://MS.NETFrameworkSDKv1.1/cpref/html/frlrfsystemdatasqlclientsqldatareaderclassGetSqlSingleTopic.htm" ismsdn="true" />
      <HelpTopic name="GetSqlDouble(System.Int32)" link="ms-help://MS.NETFrameworkSDKv1.1/cpref/html/frlrfsystemdatasqlclientsqldatareaderclassGetSqlDoubleTopic.htm" ismsdn="true" />
      <HelpTopic name="GetSqlString(System.Int32)" link="ms-help://MS.NETFrameworkSDKv1.1/cpref/html/frlrfsystemdatasqlclientsqldatareaderclassGetSqlStringTopic.htm" ismsdn="true" />
      <HelpTopic name="GetSqlMoney(System.Int32)" link="ms-help://MS.NETFrameworkSDKv1.1/cpref/html/frlrfsystemdatasqlclientsqldatareaderclassGetSqlMoneyTopic.htm" ismsdn="true" />
      <HelpTopic name="GetSqlDecimal(System.Int32)" link="ms-help://MS.NETFrameworkSDKv1.1/cpref/html/frlrfsystemdatasqlclientsqldatareaderclassGetSqlDecimalTopic.htm" ismsdn="true" />
      <HelpTopic name="GetSqlDateTime(System.Int32)" link="ms-help://MS.NETFrameworkSDKv1.1/cpref/html/frlrfsystemdatasqlclientsqldatareaderclassGetSqlDateTimeTopic.htm" ismsdn="true" />
      <HelpTopic name="GetSqlGuid(System.Int32)" link="ms-help://MS.NETFrameworkSDKv1.1/cpref/html/frlrfsystemdatasqlclientsqldatareaderclassGetSqlGuidTopic.htm" ismsdn="true" />
      <HelpTopic name="GetSqlValue(System.Int32)" link="ms-help://MS.NETFrameworkSDKv1.1/cpref/html/frlrfsystemdatasqlclientsqldatareaderclassGetSqlValueTopic.htm" ismsdn="true" />
      <HelpTopic name="GetSqlValues(System.Object[])" link="ms-help://MS.NETFrameworkSDKv1.1/cpref/html/frlrfsystemdatasqlclientsqldatareaderclassGetSqlValuesTopic.htm" ismsdn="true" />
    </HelpFolder>
    <HelpFolder name="Properties" link="ms-help://MS.NETFrameworkSDKv1.1/cpref/html/frlrfsystemdatasqlclientsqldatareaderPropertiesTopic.htm" ismsdn="true">
      <HelpTopic name="Depth" link="ms-help://MS.NETFrameworkSDKv1.1/cpref/html/frlrfsystemdatasqlclientsqldatareaderclassDepthTopic.htm" ismsdn="true" />
      <HelpTopic name="FieldCount" link="ms-help://MS.NETFrameworkSDKv1.1/cpref/html/frlrfsystemdatasqlclientsqldatareaderclassFieldCountTopic.htm" ismsdn="true" />
      <HelpTopic name="Item" link="ms-help://MS.NETFrameworkSDKv1.1/cpref/html/frlrfsystemdatasqlclientsqldatareaderclassItemTopic.htm" ismsdn="true" />
      <HelpTopic name="Item" link="ms-help://MS.NETFrameworkSDKv1.1/cpref/html/frlrfsystemdatasqlclientsqldatareaderclassItemTopic.htm" ismsdn="true" />
      <HelpTopic name="HasRows" link="ms-help://MS.NETFrameworkSDKv1.1/cpref/html/frlrfsystemdatasqlclientsqldatareaderclassHasRowsTopic.htm" ismsdn="true" />
      <HelpTopic name="IsClosed" link="ms-help://MS.NETFrameworkSDKv1.1/cpref/html/frlrfsystemdatasqlclientsqldatareaderclassIsClosedTopic.htm" ismsdn="true" />
      <HelpTopic name="RecordsAffected" link="ms-help://MS.NETFrameworkSDKv1.1/cpref/html/frlrfsystemdatasqlclientsqldatareaderclassRecordsAffectedTopic.htm" ismsdn="true" />
    </HelpFolder>
  </HelpFolder>
  <HelpFolder name="SQLDebugging class" link="ms-help://MS.NETFrameworkSDKv1.1/cpref/html/frlrfsystemdatasqlclientsqldebuggingClassTopic.htm" ismsdn="true">
    <HelpTopic name="SQLDebugging members" link="ms-help://MS.NETFrameworkSDKv1.1/cpref/html/frlrfsystemdatasqlclientsqldebuggingMembersTopic.htm" ismsdn="true" />
    <HelpFolder name="Constructors" link="ms-help://MS.NETFrameworkSDKv1.1/cpref/html/frlrfsystemdatasqlclientsqldebuggingclassctorTopic.htm" ismsdn="true">
      <HelpTopic name=".ctor()" link="ms-help://MS.NETFrameworkSDKv1.1/cpref/html/frlrfsystemdatasqlclientsqldebuggingclassctorTopic.htm" ismsdn="true" />
    </HelpFolder>
  </HelpFolder>
  <HelpFolder name="SqlError class" link="ms-help://MS.NETFrameworkSDKv1.1/cpref/html/frlrfsystemdatasqlclientsqlerrorClassTopic.htm" ismsdn="true">
    <HelpTopic name="SqlError members" link="ms-help://MS.NETFrameworkSDKv1.1/cpref/html/frlrfsystemdatasqlclientsqlerrorMembersTopic.htm" ismsdn="true" />
    <HelpFolder name="Methods" link="ms-help://MS.NETFrameworkSDKv1.1/cpref/html/frlrfsystemdatasqlclientsqlerrorMethodsTopic.htm" ismsdn="true">
      <HelpTopic name="ToString()" link="ms-help://MS.NETFrameworkSDKv1.1/cpref/html/frlrfsystemdatasqlclientsqlerrorclassToStringTopic.htm" ismsdn="true" />
    </HelpFolder>
    <HelpFolder name="Properties" link="ms-help://MS.NETFrameworkSDKv1.1/cpref/html/frlrfsystemdatasqlclientsqlerrorPropertiesTopic.htm" ismsdn="true">
      <HelpTopic name="Source" link="ms-help://MS.NETFrameworkSDKv1.1/cpref/html/frlrfsystemdatasqlclientsqlerrorclassSourceTopic.htm" ismsdn="true" />
      <HelpTopic name="Number" link="ms-help://MS.NETFrameworkSDKv1.1/cpref/html/frlrfsystemdatasqlclientsqlerrorclassNumberTopic.htm" ismsdn="true" />
      <HelpTopic name="State" link="ms-help://MS.NETFrameworkSDKv1.1/cpref/html/frlrfsystemdatasqlclientsqlerrorclassStateTopic.htm" ismsdn="true" />
      <HelpTopic name="Class" link="ms-help://MS.NETFrameworkSDKv1.1/cpref/html/frlrfsystemdatasqlclientsqlerrorclassClassTopic.htm" ismsdn="true" />
      <HelpTopic name="Server" link="ms-help://MS.NETFrameworkSDKv1.1/cpref/html/frlrfsystemdatasqlclientsqlerrorclassServerTopic.htm" ismsdn="true" />
      <HelpTopic name="Message" link="ms-help://MS.NETFrameworkSDKv1.1/cpref/html/frlrfsystemdatasqlclientsqlerrorclassMessageTopic.htm" ismsdn="true" />
      <HelpTopic name="Procedure" link="ms-help://MS.NETFrameworkSDKv1.1/cpref/html/frlrfsystemdatasqlclientsqlerrorclassProcedureTopic.htm" ismsdn="true" />
      <HelpTopic name="LineNumber" link="ms-help://MS.NETFrameworkSDKv1.1/cpref/html/frlrfsystemdatasqlclientsqlerrorclassLineNumberTopic.htm" ismsdn="true" />
    </HelpFolder>
  </HelpFolder>
  <HelpFolder name="SqlErrorCollection class" link="ms-help://MS.NETFrameworkSDKv1.1/cpref/html/frlrfsystemdatasqlclientsqlerrorcollectionClassTopic.htm" ismsdn="true">
    <HelpTopic name="SqlErrorCollection members" link="ms-help://MS.NETFrameworkSDKv1.1/cpref/html/frlrfsystemdatasqlclientsqlerrorcollectionMembersTopic.htm" ismsdn="true" />
    <HelpFolder name="Methods" link="ms-help://MS.NETFrameworkSDKv1.1/cpref/html/frlrfsystemdatasqlclientsqlerrorcollectionMethodsTopic.htm" ismsdn="true">
      <HelpTopic name="GetEnumerator()" link="ms-help://MS.NETFrameworkSDKv1.1/cpref/html/frlrfsystemdatasqlclientsqlerrorcollectionclassGetEnumeratorTopic.htm" ismsdn="true" />
      <HelpTopic name="CopyTo(System.Array, System.Int32)" link="ms-help://MS.NETFrameworkSDKv1.1/cpref/html/frlrfsystemdatasqlclientsqlerrorcollectionclassCopyToTopic.htm" ismsdn="true" />
    </HelpFolder>
    <HelpFolder name="Properties" link="ms-help://MS.NETFrameworkSDKv1.1/cpref/html/frlrfsystemdatasqlclientsqlerrorcollectionPropertiesTopic.htm" ismsdn="true">
      <HelpTopic name="Count" link="ms-help://MS.NETFrameworkSDKv1.1/cpref/html/frlrfsystemdatasqlclientsqlerrorcollectionclassCountTopic.htm" ismsdn="true" />
      <HelpTopic name="Item" link="ms-help://MS.NETFrameworkSDKv1.1/cpref/html/frlrfsystemdatasqlclientsqlerrorcollectionclassItemTopic.htm" ismsdn="true" />
    </HelpFolder>
  </HelpFolder>
  <HelpFolder name="SqlException class" link="ms-help://MS.NETFrameworkSDKv1.1/cpref/html/frlrfsystemdatasqlclientsqlexceptionClassTopic.htm" ismsdn="true">
    <HelpTopic name="SqlException members" link="ms-help://MS.NETFrameworkSDKv1.1/cpref/html/frlrfsystemdatasqlclientsqlexceptionMembersTopic.htm" ismsdn="true" />
    <HelpFolder name="Methods" link="ms-help://MS.NETFrameworkSDKv1.1/cpref/html/frlrfsystemdatasqlclientsqlexceptionMethodsTopic.htm" ismsdn="true">
      <HelpTopic name="GetObjectData(System.Runtime.Serialization.SerializationInfo, System.Runtime.Serialization.StreamingContext)" link="ms-help://MS.NETFrameworkSDKv1.1/cpref/html/frlrfsystemdatasqlclientsqlexceptionclassGetObjectDataTopic.htm" ismsdn="true" />
    </HelpFolder>
    <HelpFolder name="Properties" link="ms-help://MS.NETFrameworkSDKv1.1/cpref/html/frlrfsystemdatasqlclientsqlexceptionPropertiesTopic.htm" ismsdn="true">
      <HelpTopic name="Errors" link="ms-help://MS.NETFrameworkSDKv1.1/cpref/html/frlrfsystemdatasqlclientsqlexceptionclassErrorsTopic.htm" ismsdn="true" />
      <HelpTopic name="Class" link="ms-help://MS.NETFrameworkSDKv1.1/cpref/html/frlrfsystemdatasqlclientsqlexceptionclassClassTopic.htm" ismsdn="true" />
      <HelpTopic name="LineNumber" link="ms-help://MS.NETFrameworkSDKv1.1/cpref/html/frlrfsystemdatasqlclientsqlexceptionclassLineNumberTopic.htm" ismsdn="true" />
      <HelpTopic name="Message" link="ms-help://MS.NETFrameworkSDKv1.1/cpref/html/frlrfsystemdatasqlclientsqlexceptionclassMessageTopic.htm" ismsdn="true" />
      <HelpTopic name="Number" link="ms-help://MS.NETFrameworkSDKv1.1/cpref/html/frlrfsystemdatasqlclientsqlexceptionclassNumberTopic.htm" ismsdn="true" />
      <HelpTopic name="Procedure" link="ms-help://MS.NETFrameworkSDKv1.1/cpref/html/frlrfsystemdatasqlclientsqlexceptionclassProcedureTopic.htm" ismsdn="true" />
      <HelpTopic name="Server" link="ms-help://MS.NETFrameworkSDKv1.1/cpref/html/frlrfsystemdatasqlclientsqlexceptionclassServerTopic.htm" ismsdn="true" />
      <HelpTopic name="State" link="ms-help://MS.NETFrameworkSDKv1.1/cpref/html/frlrfsystemdatasqlclientsqlexceptionclassStateTopic.htm" ismsdn="true" />
      <HelpTopic name="Source" link="ms-help://MS.NETFrameworkSDKv1.1/cpref/html/frlrfsystemdatasqlclientsqlexceptionclassSourceTopic.htm" ismsdn="true" />
    </HelpFolder>
  </HelpFolder>
  <HelpFolder name="SqlInfoMessageEventArgs class" link="ms-help://MS.NETFrameworkSDKv1.1/cpref/html/frlrfsystemdatasqlclientsqlinfomessageeventargsClassTopic.htm" ismsdn="true">
    <HelpTopic name="SqlInfoMessageEventArgs members" link="ms-help://MS.NETFrameworkSDKv1.1/cpref/html/frlrfsystemdatasqlclientsqlinfomessageeventargsMembersTopic.htm" ismsdn="true" />
    <HelpFolder name="Methods" link="ms-help://MS.NETFrameworkSDKv1.1/cpref/html/frlrfsystemdatasqlclientsqlinfomessageeventargsMethodsTopic.htm" ismsdn="true">
      <HelpTopic name="ToString()" link="ms-help://MS.NETFrameworkSDKv1.1/cpref/html/frlrfsystemdatasqlclientsqlinfomessageeventargsclassToStringTopic.htm" ismsdn="true" />
    </HelpFolder>
    <HelpFolder name="Properties" link="ms-help://MS.NETFrameworkSDKv1.1/cpref/html/frlrfsystemdatasqlclientsqlinfomessageeventargsPropertiesTopic.htm" ismsdn="true">
      <HelpTopic name="Errors" link="ms-help://MS.NETFrameworkSDKv1.1/cpref/html/frlrfsystemdatasqlclientsqlinfomessageeventargsclassErrorsTopic.htm" ismsdn="true" />
      <HelpTopic name="Message" link="ms-help://MS.NETFrameworkSDKv1.1/cpref/html/frlrfsystemdatasqlclientsqlinfomessageeventargsclassMessageTopic.htm" ismsdn="true" />
      <HelpTopic name="Source" link="ms-help://MS.NETFrameworkSDKv1.1/cpref/html/frlrfsystemdatasqlclientsqlinfomessageeventargsclassSourceTopic.htm" ismsdn="true" />
    </HelpFolder>
  </HelpFolder>
  <HelpTopic name="SqlInfoMessageEventHandler delegate" link="ms-help://MS.NETFrameworkSDKv1.1/cpref/html/frlrfsystemdatasqlclientsqlinfomessageeventhandlerClassTopic.htm" ismsdn="true" />
  <HelpFolder name="SqlParameter class" link="ms-help://MS.NETFrameworkSDKv1.1/cpref/html/frlrfsystemdatasqlclientsqlparameterClassTopic.htm" ismsdn="true">
    <HelpTopic name="SqlParameter members" link="ms-help://MS.NETFrameworkSDKv1.1/cpref/html/frlrfsystemdatasqlclientsqlparameterMembersTopic.htm" ismsdn="true" />
    <HelpFolder name="Constructors" link="ms-help://MS.NETFrameworkSDKv1.1/cpref/html/frlrfsystemdatasqlclientsqlparameterclassctorTopic.htm" ismsdn="true">
      <HelpTopic name=".ctor()" link="ms-help://MS.NETFrameworkSDKv1.1/cpref/html/frlrfsystemdatasqlclientsqlparameterclassctorTopic1.htm" ismsdn="true" />
      <HelpTopic name=".ctor(System.String, System.Object)" link="ms-help://MS.NETFrameworkSDKv1.1/cpref/html/frlrfsystemdatasqlclientsqlparameterclassctorTopic1.htm" ismsdn="true" />
      <HelpTopic name=".ctor(System.String, System.Data.SqlDbType)" link="ms-help://MS.NETFrameworkSDKv1.1/cpref/html/frlrfsystemdatasqlclientsqlparameterclassctorTopic2.htm" ismsdn="true" />
      <HelpTopic name=".ctor(System.String, System.Data.SqlDbType, System.Int32)" link="ms-help://MS.NETFrameworkSDKv1.1/cpref/html/frlrfsystemdatasqlclientsqlparameterclassctorTopic3.htm" ismsdn="true" />
      <HelpTopic name=".ctor(System.String, System.Data.SqlDbType, System.Int32, System.String)" link="ms-help://MS.NETFrameworkSDKv1.1/cpref/html/frlrfsystemdatasqlclientsqlparameterclassctorTopic4.htm" ismsdn="true" />
      <HelpTopic name=".ctor(System.String, System.Data.SqlDbType, System.Int32, System.Data.ParameterDirection, System.Boolean, System.Byte, System.Byte, System.String, System.Data.DataRowVersion, System.Object)" link="ms-help://MS.NETFrameworkSDKv1.1/cpref/html/frlrfsystemdatasqlclientsqlparameterclassctorTopic5.htm" ismsdn="true" />
    </HelpFolder>
    <HelpFolder name="Methods" link="ms-help://MS.NETFrameworkSDKv1.1/cpref/html/frlrfsystemdatasqlclientsqlparameterMethodsTopic.htm" ismsdn="true">
      <HelpTopic name="ToString()" link="ms-help://MS.NETFrameworkSDKv1.1/cpref/html/frlrfsystemdatasqlclientsqlparameterclassToStringTopic.htm" ismsdn="true" />
    </HelpFolder>
    <HelpFolder name="Properties" link="ms-help://MS.NETFrameworkSDKv1.1/cpref/html/frlrfsystemdatasqlclientsqlparameterPropertiesTopic.htm" ismsdn="true">
      <HelpTopic name="DbType" link="ms-help://MS.NETFrameworkSDKv1.1/cpref/html/frlrfsystemdatasqlclientsqlparameterclassDbTypeTopic.htm" ismsdn="true" />
      <HelpTopic name="SqlDbType" link="ms-help://MS.NETFrameworkSDKv1.1/cpref/html/frlrfsystemdatasqlclientsqlparameterclassSqlDbTypeTopic.htm" ismsdn="true" />
      <HelpTopic name="Direction" link="ms-help://MS.NETFrameworkSDKv1.1/cpref/html/frlrfsystemdatasqlclientsqlparameterclassDirectionTopic.htm" ismsdn="true" />
      <HelpTopic name="IsNullable" link="ms-help://MS.NETFrameworkSDKv1.1/cpref/html/frlrfsystemdatasqlclientsqlparameterclassIsNullableTopic.htm" ismsdn="true" />
      <HelpTopic name="Offset" link="ms-help://MS.NETFrameworkSDKv1.1/cpref/html/frlrfsystemdatasqlclientsqlparameterclassOffsetTopic.htm" ismsdn="true" />
      <HelpTopic name="ParameterName" link="ms-help://MS.NETFrameworkSDKv1.1/cpref/html/frlrfsystemdatasqlclientsqlparameterclassParameterNameTopic.htm" ismsdn="true" />
      <HelpTopic name="Precision" link="ms-help://MS.NETFrameworkSDKv1.1/cpref/html/frlrfsystemdatasqlclientsqlparameterclassPrecisionTopic.htm" ismsdn="true" />
      <HelpTopic name="Scale" link="ms-help://MS.NETFrameworkSDKv1.1/cpref/html/frlrfsystemdatasqlclientsqlparameterclassScaleTopic.htm" ismsdn="true" />
      <HelpTopic name="Size" link="ms-help://MS.NETFrameworkSDKv1.1/cpref/html/frlrfsystemdatasqlclientsqlparameterclassSizeTopic.htm" ismsdn="true" />
      <HelpTopic name="SourceColumn" link="ms-help://MS.NETFrameworkSDKv1.1/cpref/html/frlrfsystemdatasqlclientsqlparameterclassSourceColumnTopic.htm" ismsdn="true" />
      <HelpTopic name="SourceVersion" link="ms-help://MS.NETFrameworkSDKv1.1/cpref/html/frlrfsystemdatasqlclientsqlparameterclassSourceVersionTopic.htm" ismsdn="true" />
      <HelpTopic name="Value" link="ms-help://MS.NETFrameworkSDKv1.1/cpref/html/frlrfsystemdatasqlclientsqlparameterclassValueTopic.htm" ismsdn="true" />
    </HelpFolder>
  </HelpFolder>
  <HelpFolder name="SqlParameterCollection class" link="ms-help://MS.NETFrameworkSDKv1.1/cpref/html/frlrfsystemdatasqlclientsqlparametercollectionClassTopic.htm" ismsdn="true">
    <HelpTopic name="SqlParameterCollection members" link="ms-help://MS.NETFrameworkSDKv1.1/cpref/html/frlrfsystemdatasqlclientsqlparametercollectionMembersTopic.htm" ismsdn="true" />
    <HelpFolder name="Methods" link="ms-help://MS.NETFrameworkSDKv1.1/cpref/html/frlrfsystemdatasqlclientsqlparametercollectionMethodsTopic.htm" ismsdn="true">
      <HelpTopic name="GetEnumerator()" link="ms-help://MS.NETFrameworkSDKv1.1/cpref/html/frlrfsystemdatasqlclientsqlparametercollectionclassGetEnumeratorTopic.htm" ismsdn="true" />
      <HelpTopic name="CopyTo(System.Array, System.Int32)" link="ms-help://MS.NETFrameworkSDKv1.1/cpref/html/frlrfsystemdatasqlclientsqlparametercollectionclassCopyToTopic.htm" ismsdn="true" />
      <HelpTopic name="RemoveAt(System.Int32)" link="ms-help://MS.NETFrameworkSDKv1.1/cpref/html/frlrfsystemdatasqlclientsqlparametercollectionclassRemoveAtTopic.htm" ismsdn="true" />
      <HelpTopic name="Remove(System.Object)" link="ms-help://MS.NETFrameworkSDKv1.1/cpref/html/frlrfsystemdatasqlclientsqlparametercollectionclassRemoveTopic.htm" ismsdn="true" />
      <HelpTopic name="Insert(System.Int32, System.Object)" link="ms-help://MS.NETFrameworkSDKv1.1/cpref/html/frlrfsystemdatasqlclientsqlparametercollectionclassInsertTopic.htm" ismsdn="true" />
      <HelpTopic name="IndexOf(System.Object)" link="ms-help://MS.NETFrameworkSDKv1.1/cpref/html/frlrfsystemdatasqlclientsqlparametercollectionclassIndexOfTopic.htm" ismsdn="true" />
      <HelpTopic name="Clear()" link="ms-help://MS.NETFrameworkSDKv1.1/cpref/html/frlrfsystemdatasqlclientsqlparametercollectionclassClearTopic.htm" ismsdn="true" />
      <HelpTopic name="Contains(System.Object)" link="ms-help://MS.NETFrameworkSDKv1.1/cpref/html/frlrfsystemdatasqlclientsqlparametercollectionclassContainsTopic.htm" ismsdn="true" />
      <HelpTopic name="Add(System.Object)" link="ms-help://MS.NETFrameworkSDKv1.1/cpref/html/frlrfsystemdatasqlclientsqlparametercollectionclassAddTopic.htm" ismsdn="true" />
      <HelpTopic name="RemoveAt(System.String)" link="ms-help://MS.NETFrameworkSDKv1.1/cpref/html/frlrfsystemdatasqlclientsqlparametercollectionclassRemoveAtTopic.htm" ismsdn="true" />
      <HelpTopic name="IndexOf(System.String)" link="ms-help://MS.NETFrameworkSDKv1.1/cpref/html/frlrfsystemdatasqlclientsqlparametercollectionclassIndexOfTopic.htm" ismsdn="true" />
      <HelpTopic name="Contains(System.String)" link="ms-help://MS.NETFrameworkSDKv1.1/cpref/html/frlrfsystemdatasqlclientsqlparametercollectionclassContainsTopic.htm" ismsdn="true" />
      <HelpTopic name="Add(System.Data.SqlClient.SqlParameter)" link="ms-help://MS.NETFrameworkSDKv1.1/cpref/html/frlrfsystemdatasqlclientsqlparametercollectionclassAddTopic1.htm" ismsdn="true" />
      <HelpTopic name="Add(System.String, System.Object)" link="ms-help://MS.NETFrameworkSDKv1.1/cpref/html/frlrfsystemdatasqlclientsqlparametercollectionclassAddTopic2.htm" ismsdn="true" />
      <HelpTopic name="Add(System.String, System.Data.SqlDbType)" link="ms-help://MS.NETFrameworkSDKv1.1/cpref/html/frlrfsystemdatasqlclientsqlparametercollectionclassAddTopic3.htm" ismsdn="true" />
      <HelpTopic name="Add(System.String, System.Data.SqlDbType, System.Int32)" link="ms-help://MS.NETFrameworkSDKv1.1/cpref/html/frlrfsystemdatasqlclientsqlparametercollectionclassAddTopic4.htm" ismsdn="true" />
      <HelpTopic name="Add(System.String, System.Data.SqlDbType, System.Int32, System.String)" link="ms-help://MS.NETFrameworkSDKv1.1/cpref/html/frlrfsystemdatasqlclientsqlparametercollectionclassAddTopic5.htm" ismsdn="true" />
    </HelpFolder>
    <HelpFolder name="Properties" link="ms-help://MS.NETFrameworkSDKv1.1/cpref/html/frlrfsystemdatasqlclientsqlparametercollectionPropertiesTopic.htm" ismsdn="true">
      <HelpTopic name="Count" link="ms-help://MS.NETFrameworkSDKv1.1/cpref/html/frlrfsystemdatasqlclientsqlparametercollectionclassCountTopic.htm" ismsdn="true" />
      <HelpTopic name="Item" link="ms-help://MS.NETFrameworkSDKv1.1/cpref/html/frlrfsystemdatasqlclientsqlparametercollectionclassItemTopic.htm" ismsdn="true" />
      <HelpTopic name="Item" link="ms-help://MS.NETFrameworkSDKv1.1/cpref/html/frlrfsystemdatasqlclientsqlparametercollectionclassItemTopic.htm" ismsdn="true" />
    </HelpFolder>
  </HelpFolder>
  <HelpFolder name="SqlRowUpdatedEventArgs class" link="ms-help://MS.NETFrameworkSDKv1.1/cpref/html/frlrfsystemdatasqlclientsqlrowupdatedeventargsClassTopic.htm" ismsdn="true">
    <HelpTopic name="SqlRowUpdatedEventArgs members" link="ms-help://MS.NETFrameworkSDKv1.1/cpref/html/frlrfsystemdatasqlclientsqlrowupdatedeventargsMembersTopic.htm" ismsdn="true" />
    <HelpFolder name="Constructors" link="ms-help://MS.NETFrameworkSDKv1.1/cpref/html/frlrfsystemdatasqlclientsqlrowupdatedeventargsclassctorTopic.htm" ismsdn="true">
      <HelpTopic name=".ctor(System.Data.DataRow, System.Data.IDbCommand, System.Data.StatementType, System.Data.Common.DataTableMapping)" link="ms-help://MS.NETFrameworkSDKv1.1/cpref/html/frlrfsystemdatasqlclientsqlrowupdatedeventargsclassctorTopic.htm" ismsdn="true" />
    </HelpFolder>
    <HelpFolder name="Properties" link="ms-help://MS.NETFrameworkSDKv1.1/cpref/html/frlrfsystemdatasqlclientsqlrowupdatedeventargsPropertiesTopic.htm" ismsdn="true">
      <HelpTopic name="Command" link="ms-help://MS.NETFrameworkSDKv1.1/cpref/html/frlrfsystemdatasqlclientsqlrowupdatedeventargsclassCommandTopic.htm" ismsdn="true" />
    </HelpFolder>
  </HelpFolder>
  <HelpTopic name="SqlRowUpdatedEventHandler delegate" link="ms-help://MS.NETFrameworkSDKv1.1/cpref/html/frlrfsystemdatasqlclientsqlrowupdatedeventhandlerClassTopic.htm" ismsdn="true" />
  <HelpFolder name="SqlRowUpdatingEventArgs class" link="ms-help://MS.NETFrameworkSDKv1.1/cpref/html/frlrfsystemdatasqlclientsqlrowupdatingeventargsClassTopic.htm" ismsdn="true">
    <HelpTopic name="SqlRowUpdatingEventArgs members" link="ms-help://MS.NETFrameworkSDKv1.1/cpref/html/frlrfsystemdatasqlclientsqlrowupdatingeventargsMembersTopic.htm" ismsdn="true" />
    <HelpFolder name="Constructors" link="ms-help://MS.NETFrameworkSDKv1.1/cpref/html/frlrfsystemdatasqlclientsqlrowupdatingeventargsclassctorTopic.htm" ismsdn="true">
      <HelpTopic name=".ctor(System.Data.DataRow, System.Data.IDbCommand, System.Data.StatementType, System.Data.Common.DataTableMapping)" link="ms-help://MS.NETFrameworkSDKv1.1/cpref/html/frlrfsystemdatasqlclientsqlrowupdatingeventargsclassctorTopic.htm" ismsdn="true" />
    </HelpFolder>
    <HelpFolder name="Properties" link="ms-help://MS.NETFrameworkSDKv1.1/cpref/html/frlrfsystemdatasqlclientsqlrowupdatingeventargsPropertiesTopic.htm" ismsdn="true">
      <HelpTopic name="Command" link="ms-help://MS.NETFrameworkSDKv1.1/cpref/html/frlrfsystemdatasqlclientsqlrowupdatingeventargsclassCommandTopic.htm" ismsdn="true" />
    </HelpFolder>
  </HelpFolder>
  <HelpTopic name="SqlRowUpdatingEventHandler delegate" link="ms-help://MS.NETFrameworkSDKv1.1/cpref/html/frlrfsystemdatasqlclientsqlrowupdatingeventhandlerClassTopic.htm" ismsdn="true" />
  <HelpFolder name="SqlTransaction class" link="ms-help://MS.NETFrameworkSDKv1.1/cpref/html/frlrfsystemdatasqlclientsqltransactionClassTopic.htm" ismsdn="true">
    <HelpTopic name="SqlTransaction members" link="ms-help://MS.NETFrameworkSDKv1.1/cpref/html/frlrfsystemdatasqlclientsqltransactionMembersTopic.htm" ismsdn="true" />
    <HelpFolder name="Methods" link="ms-help://MS.NETFrameworkSDKv1.1/cpref/html/frlrfsystemdatasqlclientsqltransactionMethodsTopic.htm" ismsdn="true">
      <HelpTopic name="Dispose()" link="ms-help://MS.NETFrameworkSDKv1.1/cpref/html/frlrfsystemdatasqlclientsqltransactionclassDisposeTopic.htm" ismsdn="true" />
      <HelpTopic name="Rollback()" link="ms-help://MS.NETFrameworkSDKv1.1/cpref/html/frlrfsystemdatasqlclientsqltransactionclassRollbackTopic.htm" ismsdn="true" />
      <HelpTopic name="Commit()" link="ms-help://MS.NETFrameworkSDKv1.1/cpref/html/frlrfsystemdatasqlclientsqltransactionclassCommitTopic.htm" ismsdn="true" />
      <HelpTopic name="Rollback(System.String)" link="ms-help://MS.NETFrameworkSDKv1.1/cpref/html/frlrfsystemdatasqlclientsqltransactionclassRollbackTopic.htm" ismsdn="true" />
      <HelpTopic name="Save(System.String)" link="ms-help://MS.NETFrameworkSDKv1.1/cpref/html/frlrfsystemdatasqlclientsqltransactionclassSaveTopic.htm" ismsdn="true" />
    </HelpFolder>
    <HelpFolder name="Properties" link="ms-help://MS.NETFrameworkSDKv1.1/cpref/html/frlrfsystemdatasqlclientsqltransactionPropertiesTopic.htm" ismsdn="true">
      <HelpTopic name="Connection" link="ms-help://MS.NETFrameworkSDKv1.1/cpref/html/frlrfsystemdatasqlclientsqltransactionclassConnectionTopic.htm" ismsdn="true" />
      <HelpTopic name="IsolationLevel" link="ms-help://MS.NETFrameworkSDKv1.1/cpref/html/frlrfsystemdatasqlclientsqltransactionclassIsolationLevelTopic.htm" ismsdn="true" />
    </HelpFolder>
  </HelpFolder>
</HelpCollection>