<HelpCollection>
  <HelpFolder name="WebMethodAttribute class" link="ms-help://MS.NETFrameworkSDKv1.1/cpref/html/frlrfsystemwebserviceswebmethodattributeClassTopic.htm" ismsdn="true">
    <HelpTopic name="WebMethodAttribute members" link="ms-help://MS.NETFrameworkSDKv1.1/cpref/html/frlrfsystemwebserviceswebmethodattributeMembersTopic.htm" ismsdn="true" />
    <HelpFolder name="Constructors" link="ms-help://MS.NETFrameworkSDKv1.1/cpref/html/frlrfsystemwebserviceswebmethodattributeclassctorTopic.htm" ismsdn="true">
      <HelpTopic name=".ctor()" link="ms-help://MS.NETFrameworkSDKv1.1/cpref/html/frlrfsystemwebserviceswebmethodattributeclassctorTopic1.htm" ismsdn="true" />
      <HelpTopic name=".ctor(System.Boolean)" link="ms-help://MS.NETFrameworkSDKv1.1/cpref/html/frlrfsystemwebserviceswebmethodattributeclassctorTopic1.htm" ismsdn="true" />
      <HelpTopic name=".ctor(System.Boolean, System.EnterpriseServices.TransactionOption)" link="ms-help://MS.NETFrameworkSDKv1.1/cpref/html/frlrfsystemwebserviceswebmethodattributeclassctorTopic2.htm" ismsdn="true" />
      <HelpTopic name=".ctor(System.Boolean, System.EnterpriseServices.TransactionOption, System.Int32)" link="ms-help://MS.NETFrameworkSDKv1.1/cpref/html/frlrfsystemwebserviceswebmethodattributeclassctorTopic3.htm" ismsdn="true" />
      <HelpTopic name=".ctor(System.Boolean, System.EnterpriseServices.TransactionOption, System.Int32, System.Boolean)" link="ms-help://MS.NETFrameworkSDKv1.1/cpref/html/frlrfsystemwebserviceswebmethodattributeclassctorTopic4.htm" ismsdn="true" />
    </HelpFolder>
    <HelpFolder name="Properties" link="ms-help://MS.NETFrameworkSDKv1.1/cpref/html/frlrfsystemwebserviceswebmethodattributePropertiesTopic.htm" ismsdn="true">
      <HelpTopic name="Description" link="ms-help://MS.NETFrameworkSDKv1.1/cpref/html/frlrfsystemwebserviceswebmethodattributeclassDescriptionTopic.htm" ismsdn="true" />
      <HelpTopic name="EnableSession" link="ms-help://MS.NETFrameworkSDKv1.1/cpref/html/frlrfsystemwebserviceswebmethodattributeclassEnableSessionTopic.htm" ismsdn="true" />
      <HelpTopic name="CacheDuration" link="ms-help://MS.NETFrameworkSDKv1.1/cpref/html/frlrfsystemwebserviceswebmethodattributeclassCacheDurationTopic.htm" ismsdn="true" />
      <HelpTopic name="BufferResponse" link="ms-help://MS.NETFrameworkSDKv1.1/cpref/html/frlrfsystemwebserviceswebmethodattributeclassBufferResponseTopic.htm" ismsdn="true" />
      <HelpTopic name="TransactionOption" link="ms-help://MS.NETFrameworkSDKv1.1/cpref/html/frlrfsystemwebserviceswebmethodattributeclassTransactionOptionTopic.htm" ismsdn="true" />
      <HelpTopic name="MessageName" link="ms-help://MS.NETFrameworkSDKv1.1/cpref/html/frlrfsystemwebserviceswebmethodattributeclassMessageNameTopic.htm" ismsdn="true" />
    </HelpFolder>
  </HelpFolder>
  <HelpFolder name="WebService class" link="ms-help://MS.NETFrameworkSDKv1.1/cpref/html/frlrfsystemwebserviceswebserviceClassTopic.htm" ismsdn="true">
    <HelpTopic name="WebService members" link="ms-help://MS.NETFrameworkSDKv1.1/cpref/html/frlrfsystemwebserviceswebserviceMembersTopic.htm" ismsdn="true" />
    <HelpFolder name="Constructors" link="ms-help://MS.NETFrameworkSDKv1.1/cpref/html/frlrfsystemwebserviceswebserviceclassctorTopic.htm" ismsdn="true">
      <HelpTopic name=".ctor()" link="ms-help://MS.NETFrameworkSDKv1.1/cpref/html/frlrfsystemwebserviceswebserviceclassctorTopic.htm" ismsdn="true" />
    </HelpFolder>
    <HelpFolder name="Properties" link="ms-help://MS.NETFrameworkSDKv1.1/cpref/html/frlrfsystemwebserviceswebservicePropertiesTopic.htm" ismsdn="true">
      <HelpTopic name="Application" link="ms-help://MS.NETFrameworkSDKv1.1/cpref/html/frlrfsystemwebserviceswebserviceclassApplicationTopic.htm" ismsdn="true" />
      <HelpTopic name="Context" link="ms-help://MS.NETFrameworkSDKv1.1/cpref/html/frlrfsystemwebserviceswebserviceclassContextTopic.htm" ismsdn="true" />
      <HelpTopic name="Session" link="ms-help://MS.NETFrameworkSDKv1.1/cpref/html/frlrfsystemwebserviceswebserviceclassSessionTopic.htm" ismsdn="true" />
      <HelpTopic name="Server" link="ms-help://MS.NETFrameworkSDKv1.1/cpref/html/frlrfsystemwebserviceswebserviceclassServerTopic.htm" ismsdn="true" />
      <HelpTopic name="User" link="ms-help://MS.NETFrameworkSDKv1.1/cpref/html/frlrfsystemwebserviceswebserviceclassUserTopic.htm" ismsdn="true" />
    </HelpFolder>
  </HelpFolder>
  <HelpFolder name="WebServiceAttribute class" link="ms-help://MS.NETFrameworkSDKv1.1/cpref/html/frlrfsystemwebserviceswebserviceattributeClassTopic.htm" ismsdn="true">
    <HelpTopic name="WebServiceAttribute members" link="ms-help://MS.NETFrameworkSDKv1.1/cpref/html/frlrfsystemwebserviceswebserviceattributeMembersTopic.htm" ismsdn="true" />
    <HelpFolder name="Constructors" link="ms-help://MS.NETFrameworkSDKv1.1/cpref/html/frlrfsystemwebserviceswebserviceattributeclassctorTopic.htm" ismsdn="true">
      <HelpTopic name=".ctor()" link="ms-help://MS.NETFrameworkSDKv1.1/cpref/html/frlrfsystemwebserviceswebserviceattributeclassctorTopic.htm" ismsdn="true" />
    </HelpFolder>
    <HelpFolder name="Fields" link="ms-help://MS.NETFrameworkSDKv1.1/cpref/html/frlrfsystemwebserviceswebserviceattributeFieldsTopic.htm" ismsdn="true">
      <HelpTopic name="DefaultNamespace" link="ms-help://MS.NETFrameworkSDKv1.1/cpref/html/frlrfsystemwebserviceswebserviceattributeclassDefaultNamespaceTopic.htm" ismsdn="true" />
    </HelpFolder>
    <HelpFolder name="Properties" link="ms-help://MS.NETFrameworkSDKv1.1/cpref/html/frlrfsystemwebserviceswebserviceattributePropertiesTopic.htm" ismsdn="true">
      <HelpTopic name="Description" link="ms-help://MS.NETFrameworkSDKv1.1/cpref/html/frlrfsystemwebserviceswebserviceattributeclassDescriptionTopic.htm" ismsdn="true" />
      <HelpTopic name="Namespace" link="ms-help://MS.NETFrameworkSDKv1.1/cpref/html/frlrfsystemwebserviceswebserviceattributeclassNamespaceTopic.htm" ismsdn="true" />
      <HelpTopic name="Name" link="ms-help://MS.NETFrameworkSDKv1.1/cpref/html/frlrfsystemwebserviceswebserviceattributeclassNameTopic.htm" ismsdn="true" />
    </HelpFolder>
  </HelpFolder>
  <HelpFolder name="WebServiceBindingAttribute class" link="ms-help://MS.NETFrameworkSDKv1.1/cpref/html/frlrfsystemwebserviceswebservicebindingattributeClassTopic.htm" ismsdn="true">
    <HelpTopic name="WebServiceBindingAttribute members" link="ms-help://MS.NETFrameworkSDKv1.1/cpref/html/frlrfsystemwebserviceswebservicebindingattributeMembersTopic.htm" ismsdn="true" />
    <HelpFolder name="Constructors" link="ms-help://MS.NETFrameworkSDKv1.1/cpref/html/frlrfsystemwebserviceswebservicebindingattributeclassctorTopic.htm" ismsdn="true">
      <HelpTopic name=".ctor()" link="ms-help://MS.NETFrameworkSDKv1.1/cpref/html/frlrfsystemwebserviceswebservicebindingattributeclassctorTopic1.htm" ismsdn="true" />
      <HelpTopic name=".ctor(System.String)" link="ms-help://MS.NETFrameworkSDKv1.1/cpref/html/frlrfsystemwebserviceswebservicebindingattributeclassctorTopic1.htm" ismsdn="true" />
      <HelpTopic name=".ctor(System.String, System.String)" link="ms-help://MS.NETFrameworkSDKv1.1/cpref/html/frlrfsystemwebserviceswebservicebindingattributeclassctorTopic2.htm" ismsdn="true" />
      <HelpTopic name=".ctor(System.String, System.String, System.String)" link="ms-help://MS.NETFrameworkSDKv1.1/cpref/html/frlrfsystemwebserviceswebservicebindingattributeclassctorTopic3.htm" ismsdn="true" />
    </HelpFolder>
    <HelpFolder name="Properties" link="ms-help://MS.NETFrameworkSDKv1.1/cpref/html/frlrfsystemwebserviceswebservicebindingattributePropertiesTopic.htm" ismsdn="true">
      <HelpTopic name="Location" link="ms-help://MS.NETFrameworkSDKv1.1/cpref/html/frlrfsystemwebserviceswebservicebindingattributeclassLocationTopic.htm" ismsdn="true" />
      <HelpTopic name="Name" link="ms-help://MS.NETFrameworkSDKv1.1/cpref/html/frlrfsystemwebserviceswebservicebindingattributeclassNameTopic.htm" ismsdn="true" />
      <HelpTopic name="Namespace" link="ms-help://MS.NETFrameworkSDKv1.1/cpref/html/frlrfsystemwebserviceswebservicebindingattributeclassNamespaceTopic.htm" ismsdn="true" />
    </HelpFolder>
  </HelpFolder>
</HelpCollection>