<HelpCollection>
  <HelpFolder name="CalendarDataBindingHandler class" link="ms-help://MS.NETFrameworkSDKv1.1/cpref/html/frlrfsystemwebuidesigncalendardatabindinghandlerClassTopic.htm" ismsdn="true">
    <HelpTopic name="CalendarDataBindingHandler members" link="ms-help://MS.NETFrameworkSDKv1.1/cpref/html/frlrfsystemwebuidesigncalendardatabindinghandlerMembersTopic.htm" ismsdn="true" />
    <HelpFolder name="Constructors" link="ms-help://MS.NETFrameworkSDKv1.1/cpref/html/frlrfsystemwebuidesigncalendardatabindinghandlerclassctorTopic.htm" ismsdn="true">
      <HelpTopic name=".ctor()" link="ms-help://MS.NETFrameworkSDKv1.1/cpref/html/frlrfsystemwebuidesigncalendardatabindinghandlerclassctorTopic.htm" ismsdn="true" />
    </HelpFolder>
    <HelpFolder name="Methods" link="ms-help://MS.NETFrameworkSDKv1.1/cpref/html/frlrfsystemwebuidesigncalendardatabindinghandlerMethodsTopic.htm" ismsdn="true">
      <HelpTopic name="DataBindControl(System.ComponentModel.Design.IDesignerHost, System.Web.UI.Control)" link="ms-help://MS.NETFrameworkSDKv1.1/cpref/html/frlrfsystemwebuidesigncalendardatabindinghandlerclassDataBindControlTopic.htm" ismsdn="true" />
    </HelpFolder>
  </HelpFolder>
  <HelpFolder name="ColorBuilder class" link="ms-help://MS.NETFrameworkSDKv1.1/cpref/html/frlrfsystemwebuidesigncolorbuilderClassTopic.htm" ismsdn="true">
    <HelpTopic name="ColorBuilder members" link="ms-help://MS.NETFrameworkSDKv1.1/cpref/html/frlrfsystemwebuidesigncolorbuilderMembersTopic.htm" ismsdn="true" />
    <HelpFolder name="Methods" link="ms-help://MS.NETFrameworkSDKv1.1/cpref/html/frlrfsystemwebuidesigncolorbuilderMethodsTopic.htm" ismsdn="true">
      <HelpTopic name="BuildColor(System.ComponentModel.IComponent, System.Windows.Forms.Control, System.String)" link="ms-help://MS.NETFrameworkSDKv1.1/cpref/html/frlrfsystemwebuidesigncolorbuilderclassBuildColorTopic.htm" ismsdn="true" />
    </HelpFolder>
  </HelpFolder>
  <HelpFolder name="ControlDesigner class" link="ms-help://MS.NETFrameworkSDKv1.1/cpref/html/frlrfsystemwebuidesigncontroldesignerClassTopic.htm" ismsdn="true">
    <HelpTopic name="ControlDesigner members" link="ms-help://MS.NETFrameworkSDKv1.1/cpref/html/frlrfsystemwebuidesigncontroldesignerMembersTopic.htm" ismsdn="true" />
    <HelpFolder name="Constructors" link="ms-help://MS.NETFrameworkSDKv1.1/cpref/html/frlrfsystemwebuidesigncontroldesignerclassctorTopic.htm" ismsdn="true">
      <HelpTopic name=".ctor()" link="ms-help://MS.NETFrameworkSDKv1.1/cpref/html/frlrfsystemwebuidesigncontroldesignerclassctorTopic.htm" ismsdn="true" />
    </HelpFolder>
    <HelpFolder name="Methods" link="ms-help://MS.NETFrameworkSDKv1.1/cpref/html/frlrfsystemwebuidesigncontroldesignerMethodsTopic.htm" ismsdn="true">
      <HelpTopic name="UpdateDesignTimeHtml()" link="ms-help://MS.NETFrameworkSDKv1.1/cpref/html/frlrfsystemwebuidesigncontroldesignerclassUpdateDesignTimeHtmlTopic.htm" ismsdn="true" />
      <HelpTopic name="OnComponentChanged(System.Object, System.ComponentModel.Design.ComponentChangedEventArgs)" link="ms-help://MS.NETFrameworkSDKv1.1/cpref/html/frlrfsystemwebuidesigncontroldesignerclassOnComponentChangedTopic.htm" ismsdn="true" />
      <HelpTopic name="GetPersistInnerHtml()" link="ms-help://MS.NETFrameworkSDKv1.1/cpref/html/frlrfsystemwebuidesigncontroldesignerclassGetPersistInnerHtmlTopic.htm" ismsdn="true" />
      <HelpTopic name="GetDesignTimeHtml()" link="ms-help://MS.NETFrameworkSDKv1.1/cpref/html/frlrfsystemwebuidesigncontroldesignerclassGetDesignTimeHtmlTopic.htm" ismsdn="true" />
      <HelpTopic name="Initialize(System.ComponentModel.IComponent)" link="ms-help://MS.NETFrameworkSDKv1.1/cpref/html/frlrfsystemwebuidesigncontroldesignerclassInitializeTopic.htm" ismsdn="true" />
      <HelpTopic name="IsPropertyBound(System.String)" link="ms-help://MS.NETFrameworkSDKv1.1/cpref/html/frlrfsystemwebuidesigncontroldesignerclassIsPropertyBoundTopic.htm" ismsdn="true" />
      <HelpTopic name="RaiseResizeEvent()" link="ms-help://MS.NETFrameworkSDKv1.1/cpref/html/frlrfsystemwebuidesigncontroldesignerclassRaiseResizeEventTopic.htm" ismsdn="true" />
    </HelpFolder>
    <HelpFolder name="Properties" link="ms-help://MS.NETFrameworkSDKv1.1/cpref/html/frlrfsystemwebuidesigncontroldesignerPropertiesTopic.htm" ismsdn="true">
      <HelpTopic name="AllowResize" link="ms-help://MS.NETFrameworkSDKv1.1/cpref/html/frlrfsystemwebuidesigncontroldesignerclassAllowResizeTopic.htm" ismsdn="true" />
      <HelpTopic name="DesignTimeHtmlRequiresLoadComplete" link="ms-help://MS.NETFrameworkSDKv1.1/cpref/html/frlrfsystemwebuidesigncontroldesignerclassDesignTimeHtmlRequiresLoadCompleteTopic.htm" ismsdn="true" />
      <HelpTopic name="ID" link="ms-help://MS.NETFrameworkSDKv1.1/cpref/html/frlrfsystemwebuidesigncontroldesignerclassIDTopic.htm" ismsdn="true" />
      <HelpTopic name="IsDirty" link="ms-help://MS.NETFrameworkSDKv1.1/cpref/html/frlrfsystemwebuidesigncontroldesignerclassIsDirtyTopic.htm" ismsdn="true" />
      <HelpTopic name="ReadOnly" link="ms-help://MS.NETFrameworkSDKv1.1/cpref/html/frlrfsystemwebuidesigncontroldesignerclassReadOnlyTopic.htm" ismsdn="true" />
    </HelpFolder>
  </HelpFolder>
  <HelpFolder name="ControlParser class" link="ms-help://MS.NETFrameworkSDKv1.1/cpref/html/frlrfsystemwebuidesigncontrolparserClassTopic.htm" ismsdn="true">
    <HelpTopic name="ControlParser members" link="ms-help://MS.NETFrameworkSDKv1.1/cpref/html/frlrfsystemwebuidesigncontrolparserMembersTopic.htm" ismsdn="true" />
    <HelpFolder name="Methods" link="ms-help://MS.NETFrameworkSDKv1.1/cpref/html/frlrfsystemwebuidesigncontrolparserMethodsTopic.htm" ismsdn="true">
      <HelpTopic name="ParseControl(System.ComponentModel.Design.IDesignerHost, System.String)" link="ms-help://MS.NETFrameworkSDKv1.1/cpref/html/frlrfsystemwebuidesigncontrolparserclassParseControlTopic0.htm" ismsdn="true" />
      <HelpTopic name="ParseControl(System.ComponentModel.Design.IDesignerHost, System.String, System.String)" link="ms-help://MS.NETFrameworkSDKv1.1/cpref/html/frlrfsystemwebuidesigncontrolparserclassParseControlTopic1.htm" ismsdn="true" />
      <HelpTopic name="ParseTemplate(System.ComponentModel.Design.IDesignerHost, System.String)" link="ms-help://MS.NETFrameworkSDKv1.1/cpref/html/frlrfsystemwebuidesigncontrolparserclassParseTemplateTopic1.htm" ismsdn="true" />
      <HelpTopic name="ParseTemplate(System.ComponentModel.Design.IDesignerHost, System.String, System.String)" link="ms-help://MS.NETFrameworkSDKv1.1/cpref/html/frlrfsystemwebuidesigncontrolparserclassParseTemplateTopic2.htm" ismsdn="true" />
    </HelpFolder>
  </HelpFolder>
  <HelpFolder name="ControlPersister class" link="ms-help://MS.NETFrameworkSDKv1.1/cpref/html/frlrfsystemwebuidesigncontrolpersisterClassTopic.htm" ismsdn="true">
    <HelpTopic name="ControlPersister members" link="ms-help://MS.NETFrameworkSDKv1.1/cpref/html/frlrfsystemwebuidesigncontrolpersisterMembersTopic.htm" ismsdn="true" />
    <HelpFolder name="Methods" link="ms-help://MS.NETFrameworkSDKv1.1/cpref/html/frlrfsystemwebuidesigncontrolpersisterMethodsTopic.htm" ismsdn="true">
      <HelpTopic name="PersistInnerProperties(System.Object, System.ComponentModel.Design.IDesignerHost)" link="ms-help://MS.NETFrameworkSDKv1.1/cpref/html/frlrfsystemwebuidesigncontrolpersisterclassPersistInnerPropertiesTopic0.htm" ismsdn="true" />
      <HelpTopic name="PersistInnerProperties(System.IO.TextWriter, System.Object, System.ComponentModel.Design.IDesignerHost)" link="ms-help://MS.NETFrameworkSDKv1.1/cpref/html/frlrfsystemwebuidesigncontrolpersisterclassPersistInnerPropertiesTopic1.htm" ismsdn="true" />
      <HelpTopic name="PersistControl(System.Web.UI.Control)" link="ms-help://MS.NETFrameworkSDKv1.1/cpref/html/frlrfsystemwebuidesigncontrolpersisterclassPersistControlTopic1.htm" ismsdn="true" />
      <HelpTopic name="PersistControl(System.Web.UI.Control, System.ComponentModel.Design.IDesignerHost)" link="ms-help://MS.NETFrameworkSDKv1.1/cpref/html/frlrfsystemwebuidesigncontrolpersisterclassPersistControlTopic2.htm" ismsdn="true" />
      <HelpTopic name="PersistControl(System.IO.TextWriter, System.Web.UI.Control)" link="ms-help://MS.NETFrameworkSDKv1.1/cpref/html/frlrfsystemwebuidesigncontrolpersisterclassPersistControlTopic3.htm" ismsdn="true" />
      <HelpTopic name="PersistControl(System.IO.TextWriter, System.Web.UI.Control, System.ComponentModel.Design.IDesignerHost)" link="ms-help://MS.NETFrameworkSDKv1.1/cpref/html/frlrfsystemwebuidesigncontrolpersisterclassPersistControlTopic4.htm" ismsdn="true" />
    </HelpFolder>
  </HelpFolder>
  <HelpFolder name="DataBindingCollectionConverter class" link="ms-help://MS.NETFrameworkSDKv1.1/cpref/html/frlrfsystemwebuidesigndatabindingcollectionconverterClassTopic.htm" ismsdn="true">
    <HelpTopic name="DataBindingCollectionConverter members" link="ms-help://MS.NETFrameworkSDKv1.1/cpref/html/frlrfsystemwebuidesigndatabindingcollectionconverterMembersTopic.htm" ismsdn="true" />
    <HelpFolder name="Constructors" link="ms-help://MS.NETFrameworkSDKv1.1/cpref/html/frlrfsystemwebuidesigndatabindingcollectionconverterclassctorTopic.htm" ismsdn="true">
      <HelpTopic name=".ctor()" link="ms-help://MS.NETFrameworkSDKv1.1/cpref/html/frlrfsystemwebuidesigndatabindingcollectionconverterclassctorTopic.htm" ismsdn="true" />
    </HelpFolder>
    <HelpFolder name="Methods" link="ms-help://MS.NETFrameworkSDKv1.1/cpref/html/frlrfsystemwebuidesigndatabindingcollectionconverterMethodsTopic.htm" ismsdn="true">
      <HelpTopic name="ConvertTo(System.ComponentModel.ITypeDescriptorContext, System.Globalization.CultureInfo, System.Object, System.Type)" link="ms-help://MS.NETFrameworkSDKv1.1/cpref/html/frlrfsystemwebuidesigndatabindingcollectionconverterclassConvertToTopic.htm" ismsdn="true" />
    </HelpFolder>
  </HelpFolder>
  <HelpFolder name="DataBindingCollectionEditor class" link="ms-help://MS.NETFrameworkSDKv1.1/cpref/html/frlrfsystemwebuidesigndatabindingcollectioneditorClassTopic.htm" ismsdn="true">
    <HelpTopic name="DataBindingCollectionEditor members" link="ms-help://MS.NETFrameworkSDKv1.1/cpref/html/frlrfsystemwebuidesigndatabindingcollectioneditorMembersTopic.htm" ismsdn="true" />
    <HelpFolder name="Constructors" link="ms-help://MS.NETFrameworkSDKv1.1/cpref/html/frlrfsystemwebuidesigndatabindingcollectioneditorclassctorTopic.htm" ismsdn="true">
      <HelpTopic name=".ctor()" link="ms-help://MS.NETFrameworkSDKv1.1/cpref/html/frlrfsystemwebuidesigndatabindingcollectioneditorclassctorTopic.htm" ismsdn="true" />
    </HelpFolder>
    <HelpFolder name="Methods" link="ms-help://MS.NETFrameworkSDKv1.1/cpref/html/frlrfsystemwebuidesigndatabindingcollectioneditorMethodsTopic.htm" ismsdn="true">
      <HelpTopic name="GetEditStyle(System.ComponentModel.ITypeDescriptorContext)" link="ms-help://MS.NETFrameworkSDKv1.1/cpref/html/frlrfsystemwebuidesigndatabindingcollectioneditorclassGetEditStyleTopic.htm" ismsdn="true" />
      <HelpTopic name="EditValue(System.ComponentModel.ITypeDescriptorContext, System.IServiceProvider, System.Object)" link="ms-help://MS.NETFrameworkSDKv1.1/cpref/html/frlrfsystemwebuidesigndatabindingcollectioneditorclassEditValueTopic.htm" ismsdn="true" />
    </HelpFolder>
  </HelpFolder>
  <HelpFolder name="DataBindingHandler class" link="ms-help://MS.NETFrameworkSDKv1.1/cpref/html/frlrfsystemwebuidesigndatabindinghandlerClassTopic.htm" ismsdn="true">
    <HelpTopic name="DataBindingHandler members" link="ms-help://MS.NETFrameworkSDKv1.1/cpref/html/frlrfsystemwebuidesigndatabindinghandlerMembersTopic.htm" ismsdn="true" />
    <HelpFolder name="Methods" link="ms-help://MS.NETFrameworkSDKv1.1/cpref/html/frlrfsystemwebuidesigndatabindinghandlerMethodsTopic.htm" ismsdn="true">
      <HelpTopic name="DataBindControl(System.ComponentModel.Design.IDesignerHost, System.Web.UI.Control)" link="ms-help://MS.NETFrameworkSDKv1.1/cpref/html/frlrfsystemwebuidesigndatabindinghandlerclassDataBindControlTopic.htm" ismsdn="true" />
    </HelpFolder>
  </HelpFolder>
  <HelpFolder name="DataBindingValueUIHandler class" link="ms-help://MS.NETFrameworkSDKv1.1/cpref/html/frlrfsystemwebuidesigndatabindingvalueuihandlerClassTopic.htm" ismsdn="true">
    <HelpTopic name="DataBindingValueUIHandler members" link="ms-help://MS.NETFrameworkSDKv1.1/cpref/html/frlrfsystemwebuidesigndatabindingvalueuihandlerMembersTopic.htm" ismsdn="true" />
    <HelpFolder name="Constructors" link="ms-help://MS.NETFrameworkSDKv1.1/cpref/html/frlrfsystemwebuidesigndatabindingvalueuihandlerclassctorTopic.htm" ismsdn="true">
      <HelpTopic name=".ctor()" link="ms-help://MS.NETFrameworkSDKv1.1/cpref/html/frlrfsystemwebuidesigndatabindingvalueuihandlerclassctorTopic.htm" ismsdn="true" />
    </HelpFolder>
    <HelpFolder name="Methods" link="ms-help://MS.NETFrameworkSDKv1.1/cpref/html/frlrfsystemwebuidesigndatabindingvalueuihandlerMethodsTopic.htm" ismsdn="true">
      <HelpTopic name="OnGetUIValueItem(System.ComponentModel.ITypeDescriptorContext, System.ComponentModel.PropertyDescriptor, System.Collections.ArrayList)" link="ms-help://MS.NETFrameworkSDKv1.1/cpref/html/frlrfsystemwebuidesigndatabindingvalueuihandlerclassOnGetUIValueItemTopic.htm" ismsdn="true" />
    </HelpFolder>
  </HelpFolder>
  <HelpFolder name="DataFieldConverter class" link="ms-help://MS.NETFrameworkSDKv1.1/cpref/html/frlrfsystemwebuidesigndatafieldconverterClassTopic.htm" ismsdn="true">
    <HelpTopic name="DataFieldConverter members" link="ms-help://MS.NETFrameworkSDKv1.1/cpref/html/frlrfsystemwebuidesigndatafieldconverterMembersTopic.htm" ismsdn="true" />
    <HelpFolder name="Constructors" link="ms-help://MS.NETFrameworkSDKv1.1/cpref/html/frlrfsystemwebuidesigndatafieldconverterclassctorTopic.htm" ismsdn="true">
      <HelpTopic name=".ctor()" link="ms-help://MS.NETFrameworkSDKv1.1/cpref/html/frlrfsystemwebuidesigndatafieldconverterclassctorTopic.htm" ismsdn="true" />
    </HelpFolder>
    <HelpFolder name="Methods" link="ms-help://MS.NETFrameworkSDKv1.1/cpref/html/frlrfsystemwebuidesigndatafieldconverterMethodsTopic.htm" ismsdn="true">
      <HelpTopic name="GetStandardValuesSupported(System.ComponentModel.ITypeDescriptorContext)" link="ms-help://MS.NETFrameworkSDKv1.1/cpref/html/frlrfsystemwebuidesigndatafieldconverterclassGetStandardValuesSupportedTopic.htm" ismsdn="true" />
      <HelpTopic name="GetStandardValuesExclusive(System.ComponentModel.ITypeDescriptorContext)" link="ms-help://MS.NETFrameworkSDKv1.1/cpref/html/frlrfsystemwebuidesigndatafieldconverterclassGetStandardValuesExclusiveTopic.htm" ismsdn="true" />
      <HelpTopic name="GetStandardValues(System.ComponentModel.ITypeDescriptorContext)" link="ms-help://MS.NETFrameworkSDKv1.1/cpref/html/frlrfsystemwebuidesigndatafieldconverterclassGetStandardValuesTopic.htm" ismsdn="true" />
      <HelpTopic name="ConvertFrom(System.ComponentModel.ITypeDescriptorContext, System.Globalization.CultureInfo, System.Object)" link="ms-help://MS.NETFrameworkSDKv1.1/cpref/html/frlrfsystemwebuidesigndatafieldconverterclassConvertFromTopic.htm" ismsdn="true" />
      <HelpTopic name="CanConvertFrom(System.ComponentModel.ITypeDescriptorContext, System.Type)" link="ms-help://MS.NETFrameworkSDKv1.1/cpref/html/frlrfsystemwebuidesigndatafieldconverterclassCanConvertFromTopic.htm" ismsdn="true" />
    </HelpFolder>
  </HelpFolder>
  <HelpFolder name="DataMemberConverter class" link="ms-help://MS.NETFrameworkSDKv1.1/cpref/html/frlrfsystemwebuidesigndatamemberconverterClassTopic.htm" ismsdn="true">
    <HelpTopic name="DataMemberConverter members" link="ms-help://MS.NETFrameworkSDKv1.1/cpref/html/frlrfsystemwebuidesigndatamemberconverterMembersTopic.htm" ismsdn="true" />
    <HelpFolder name="Constructors" link="ms-help://MS.NETFrameworkSDKv1.1/cpref/html/frlrfsystemwebuidesigndatamemberconverterclassctorTopic.htm" ismsdn="true">
      <HelpTopic name=".ctor()" link="ms-help://MS.NETFrameworkSDKv1.1/cpref/html/frlrfsystemwebuidesigndatamemberconverterclassctorTopic.htm" ismsdn="true" />
    </HelpFolder>
    <HelpFolder name="Methods" link="ms-help://MS.NETFrameworkSDKv1.1/cpref/html/frlrfsystemwebuidesigndatamemberconverterMethodsTopic.htm" ismsdn="true">
      <HelpTopic name="GetStandardValuesSupported(System.ComponentModel.ITypeDescriptorContext)" link="ms-help://MS.NETFrameworkSDKv1.1/cpref/html/frlrfsystemwebuidesigndatamemberconverterclassGetStandardValuesSupportedTopic.htm" ismsdn="true" />
      <HelpTopic name="GetStandardValuesExclusive(System.ComponentModel.ITypeDescriptorContext)" link="ms-help://MS.NETFrameworkSDKv1.1/cpref/html/frlrfsystemwebuidesigndatamemberconverterclassGetStandardValuesExclusiveTopic.htm" ismsdn="true" />
      <HelpTopic name="GetStandardValues(System.ComponentModel.ITypeDescriptorContext)" link="ms-help://MS.NETFrameworkSDKv1.1/cpref/html/frlrfsystemwebuidesigndatamemberconverterclassGetStandardValuesTopic.htm" ismsdn="true" />
      <HelpTopic name="ConvertFrom(System.ComponentModel.ITypeDescriptorContext, System.Globalization.CultureInfo, System.Object)" link="ms-help://MS.NETFrameworkSDKv1.1/cpref/html/frlrfsystemwebuidesigndatamemberconverterclassConvertFromTopic.htm" ismsdn="true" />
      <HelpTopic name="CanConvertFrom(System.ComponentModel.ITypeDescriptorContext, System.Type)" link="ms-help://MS.NETFrameworkSDKv1.1/cpref/html/frlrfsystemwebuidesigndatamemberconverterclassCanConvertFromTopic.htm" ismsdn="true" />
    </HelpFolder>
  </HelpFolder>
  <HelpFolder name="DataSourceConverter class" link="ms-help://MS.NETFrameworkSDKv1.1/cpref/html/frlrfsystemwebuidesigndatasourceconverterClassTopic.htm" ismsdn="true">
    <HelpTopic name="DataSourceConverter members" link="ms-help://MS.NETFrameworkSDKv1.1/cpref/html/frlrfsystemwebuidesigndatasourceconverterMembersTopic.htm" ismsdn="true" />
    <HelpFolder name="Constructors" link="ms-help://MS.NETFrameworkSDKv1.1/cpref/html/frlrfsystemwebuidesigndatasourceconverterclassctorTopic.htm" ismsdn="true">
      <HelpTopic name=".ctor()" link="ms-help://MS.NETFrameworkSDKv1.1/cpref/html/frlrfsystemwebuidesigndatasourceconverterclassctorTopic.htm" ismsdn="true" />
    </HelpFolder>
    <HelpFolder name="Methods" link="ms-help://MS.NETFrameworkSDKv1.1/cpref/html/frlrfsystemwebuidesigndatasourceconverterMethodsTopic.htm" ismsdn="true">
      <HelpTopic name="GetStandardValuesSupported(System.ComponentModel.ITypeDescriptorContext)" link="ms-help://MS.NETFrameworkSDKv1.1/cpref/html/frlrfsystemwebuidesigndatasourceconverterclassGetStandardValuesSupportedTopic.htm" ismsdn="true" />
      <HelpTopic name="GetStandardValuesExclusive(System.ComponentModel.ITypeDescriptorContext)" link="ms-help://MS.NETFrameworkSDKv1.1/cpref/html/frlrfsystemwebuidesigndatasourceconverterclassGetStandardValuesExclusiveTopic.htm" ismsdn="true" />
      <HelpTopic name="GetStandardValues(System.ComponentModel.ITypeDescriptorContext)" link="ms-help://MS.NETFrameworkSDKv1.1/cpref/html/frlrfsystemwebuidesigndatasourceconverterclassGetStandardValuesTopic.htm" ismsdn="true" />
      <HelpTopic name="ConvertFrom(System.ComponentModel.ITypeDescriptorContext, System.Globalization.CultureInfo, System.Object)" link="ms-help://MS.NETFrameworkSDKv1.1/cpref/html/frlrfsystemwebuidesigndatasourceconverterclassConvertFromTopic.htm" ismsdn="true" />
      <HelpTopic name="CanConvertFrom(System.ComponentModel.ITypeDescriptorContext, System.Type)" link="ms-help://MS.NETFrameworkSDKv1.1/cpref/html/frlrfsystemwebuidesigndatasourceconverterclassCanConvertFromTopic.htm" ismsdn="true" />
    </HelpFolder>
  </HelpFolder>
  <HelpFolder name="DesignTimeData class" link="ms-help://MS.NETFrameworkSDKv1.1/cpref/html/frlrfsystemwebuidesigndesigntimedataClassTopic.htm" ismsdn="true">
    <HelpTopic name="DesignTimeData members" link="ms-help://MS.NETFrameworkSDKv1.1/cpref/html/frlrfsystemwebuidesigndesigntimedataMembersTopic.htm" ismsdn="true" />
    <HelpFolder name="Fields" link="ms-help://MS.NETFrameworkSDKv1.1/cpref/html/frlrfsystemwebuidesigndesigntimedataFieldsTopic.htm" ismsdn="true">
      <HelpTopic name="DataBindingHandler" link="ms-help://MS.NETFrameworkSDKv1.1/cpref/html/frlrfsystemwebuidesigndesigntimedataclassDataBindingHandlerTopic.htm" ismsdn="true" />
    </HelpFolder>
    <HelpFolder name="Methods" link="ms-help://MS.NETFrameworkSDKv1.1/cpref/html/frlrfsystemwebuidesigndesigntimedataMethodsTopic.htm" ismsdn="true">
      <HelpTopic name="CreateDummyDataTable()" link="ms-help://MS.NETFrameworkSDKv1.1/cpref/html/frlrfsystemwebuidesigndesigntimedataclassCreateDummyDataTableTopic.htm" ismsdn="true" />
      <HelpTopic name="CreateSampleDataTable(System.Collections.IEnumerable)" link="ms-help://MS.NETFrameworkSDKv1.1/cpref/html/frlrfsystemwebuidesigndesigntimedataclassCreateSampleDataTableTopic.htm" ismsdn="true" />
      <HelpTopic name="GetDataFields(System.Collections.IEnumerable)" link="ms-help://MS.NETFrameworkSDKv1.1/cpref/html/frlrfsystemwebuidesigndesigntimedataclassGetDataFieldsTopic.htm" ismsdn="true" />
      <HelpTopic name="GetDataMembers(System.Object)" link="ms-help://MS.NETFrameworkSDKv1.1/cpref/html/frlrfsystemwebuidesigndesigntimedataclassGetDataMembersTopic.htm" ismsdn="true" />
      <HelpTopic name="GetDataMember(System.ComponentModel.IListSource, System.String)" link="ms-help://MS.NETFrameworkSDKv1.1/cpref/html/frlrfsystemwebuidesigndesigntimedataclassGetDataMemberTopic.htm" ismsdn="true" />
      <HelpTopic name="GetDesignTimeDataSource(System.Data.DataTable, System.Int32)" link="ms-help://MS.NETFrameworkSDKv1.1/cpref/html/frlrfsystemwebuidesigndesigntimedataclassGetDesignTimeDataSourceTopic.htm" ismsdn="true" />
      <HelpTopic name="GetSelectedDataSource(System.ComponentModel.IComponent, System.String)" link="ms-help://MS.NETFrameworkSDKv1.1/cpref/html/frlrfsystemwebuidesigndesigntimedataclassGetSelectedDataSourceTopic1.htm" ismsdn="true" />
      <HelpTopic name="GetSelectedDataSource(System.ComponentModel.IComponent, System.String, System.String)" link="ms-help://MS.NETFrameworkSDKv1.1/cpref/html/frlrfsystemwebuidesigndesigntimedataclassGetSelectedDataSourceTopic2.htm" ismsdn="true" />
    </HelpFolder>
  </HelpFolder>
  <HelpFolder name="HtmlControlDesigner class" link="ms-help://MS.NETFrameworkSDKv1.1/cpref/html/frlrfsystemwebuidesignhtmlcontroldesignerClassTopic.htm" ismsdn="true">
    <HelpTopic name="HtmlControlDesigner members" link="ms-help://MS.NETFrameworkSDKv1.1/cpref/html/frlrfsystemwebuidesignhtmlcontroldesignerMembersTopic.htm" ismsdn="true" />
    <HelpFolder name="Constructors" link="ms-help://MS.NETFrameworkSDKv1.1/cpref/html/frlrfsystemwebuidesignhtmlcontroldesignerclassctorTopic.htm" ismsdn="true">
      <HelpTopic name=".ctor()" link="ms-help://MS.NETFrameworkSDKv1.1/cpref/html/frlrfsystemwebuidesignhtmlcontroldesignerclassctorTopic.htm" ismsdn="true" />
    </HelpFolder>
    <HelpFolder name="Methods" link="ms-help://MS.NETFrameworkSDKv1.1/cpref/html/frlrfsystemwebuidesignhtmlcontroldesignerMethodsTopic.htm" ismsdn="true">
      <HelpTopic name="OnSetParent()" link="ms-help://MS.NETFrameworkSDKv1.1/cpref/html/frlrfsystemwebuidesignhtmlcontroldesignerclassOnSetParentTopic.htm" ismsdn="true" />
    </HelpFolder>
    <HelpFolder name="Properties" link="ms-help://MS.NETFrameworkSDKv1.1/cpref/html/frlrfsystemwebuidesignhtmlcontroldesignerPropertiesTopic.htm" ismsdn="true">
      <HelpTopic name="Behavior" link="ms-help://MS.NETFrameworkSDKv1.1/cpref/html/frlrfsystemwebuidesignhtmlcontroldesignerclassBehaviorTopic.htm" ismsdn="true" />
      <HelpTopic name="DataBindings" link="ms-help://MS.NETFrameworkSDKv1.1/cpref/html/frlrfsystemwebuidesignhtmlcontroldesignerclassDataBindingsTopic.htm" ismsdn="true" />
      <HelpTopic name="ShouldCodeSerialize" link="ms-help://MS.NETFrameworkSDKv1.1/cpref/html/frlrfsystemwebuidesignhtmlcontroldesignerclassShouldCodeSerializeTopic.htm" ismsdn="true" />
    </HelpFolder>
  </HelpFolder>
  <HelpFolder name="HtmlIntrinsicControlDesigner class" link="ms-help://MS.NETFrameworkSDKv1.1/cpref/html/frlrfsystemwebuidesignhtmlintrinsiccontroldesignerClassTopic.htm" ismsdn="true">
    <HelpTopic name="HtmlIntrinsicControlDesigner members" link="ms-help://MS.NETFrameworkSDKv1.1/cpref/html/frlrfsystemwebuidesignhtmlintrinsiccontroldesignerMembersTopic.htm" ismsdn="true" />
    <HelpFolder name="Constructors" link="ms-help://MS.NETFrameworkSDKv1.1/cpref/html/frlrfsystemwebuidesignhtmlintrinsiccontroldesignerclassctorTopic.htm" ismsdn="true">
      <HelpTopic name=".ctor()" link="ms-help://MS.NETFrameworkSDKv1.1/cpref/html/frlrfsystemwebuidesignhtmlintrinsiccontroldesignerclassctorTopic.htm" ismsdn="true" />
    </HelpFolder>
  </HelpFolder>
  <HelpFolder name="HyperLinkDataBindingHandler class" link="ms-help://MS.NETFrameworkSDKv1.1/cpref/html/frlrfsystemwebuidesignhyperlinkdatabindinghandlerClassTopic.htm" ismsdn="true">
    <HelpTopic name="HyperLinkDataBindingHandler members" link="ms-help://MS.NETFrameworkSDKv1.1/cpref/html/frlrfsystemwebuidesignhyperlinkdatabindinghandlerMembersTopic.htm" ismsdn="true" />
    <HelpFolder name="Constructors" link="ms-help://MS.NETFrameworkSDKv1.1/cpref/html/frlrfsystemwebuidesignhyperlinkdatabindinghandlerclassctorTopic.htm" ismsdn="true">
      <HelpTopic name=".ctor()" link="ms-help://MS.NETFrameworkSDKv1.1/cpref/html/frlrfsystemwebuidesignhyperlinkdatabindinghandlerclassctorTopic.htm" ismsdn="true" />
    </HelpFolder>
    <HelpFolder name="Methods" link="ms-help://MS.NETFrameworkSDKv1.1/cpref/html/frlrfsystemwebuidesignhyperlinkdatabindinghandlerMethodsTopic.htm" ismsdn="true">
      <HelpTopic name="DataBindControl(System.ComponentModel.Design.IDesignerHost, System.Web.UI.Control)" link="ms-help://MS.NETFrameworkSDKv1.1/cpref/html/frlrfsystemwebuidesignhyperlinkdatabindinghandlerclassDataBindControlTopic.htm" ismsdn="true" />
    </HelpFolder>
  </HelpFolder>
  <HelpFolder name="IControlDesignerBehavior interface" link="ms-help://MS.NETFrameworkSDKv1.1/cpref/html/frlrfsystemwebuidesignicontroldesignerbehaviorClassTopic.htm" ismsdn="true">
    <HelpTopic name="IControlDesignerBehavior members" link="ms-help://MS.NETFrameworkSDKv1.1/cpref/html/frlrfsystemwebuidesignicontroldesignerbehaviorMembersTopic.htm" ismsdn="true" />
    <HelpFolder name="Methods" link="ms-help://MS.NETFrameworkSDKv1.1/cpref/html/frlrfsystemwebuidesignicontroldesignerbehaviorMethodsTopic.htm" ismsdn="true">
      <HelpTopic name="OnTemplateModeChanged()" link="ms-help://MS.NETFrameworkSDKv1.1/cpref/html/frlrfsystemwebuidesignicontroldesignerbehaviorclassOnTemplateModeChangedTopic.htm" ismsdn="true" />
    </HelpFolder>
    <HelpFolder name="Properties" link="ms-help://MS.NETFrameworkSDKv1.1/cpref/html/frlrfsystemwebuidesignicontroldesignerbehaviorPropertiesTopic.htm" ismsdn="true">
      <HelpTopic name="DesignTimeElementView" link="ms-help://MS.NETFrameworkSDKv1.1/cpref/html/frlrfsystemwebuidesignicontroldesignerbehaviorclassDesignTimeElementViewTopic.htm" ismsdn="true" />
      <HelpTopic name="DesignTimeHtml" link="ms-help://MS.NETFrameworkSDKv1.1/cpref/html/frlrfsystemwebuidesignicontroldesignerbehaviorclassDesignTimeHtmlTopic.htm" ismsdn="true" />
    </HelpFolder>
  </HelpFolder>
  <HelpFolder name="IDataSourceProvider interface" link="ms-help://MS.NETFrameworkSDKv1.1/cpref/html/frlrfsystemwebuidesignidatasourceproviderClassTopic.htm" ismsdn="true">
    <HelpTopic name="IDataSourceProvider members" link="ms-help://MS.NETFrameworkSDKv1.1/cpref/html/frlrfsystemwebuidesignidatasourceproviderMembersTopic.htm" ismsdn="true" />
    <HelpFolder name="Methods" link="ms-help://MS.NETFrameworkSDKv1.1/cpref/html/frlrfsystemwebuidesignidatasourceproviderMethodsTopic.htm" ismsdn="true">
      <HelpTopic name="GetResolvedSelectedDataSource()" link="ms-help://MS.NETFrameworkSDKv1.1/cpref/html/frlrfsystemwebuidesignidatasourceproviderclassGetResolvedSelectedDataSourceTopic.htm" ismsdn="true" />
      <HelpTopic name="GetSelectedDataSource()" link="ms-help://MS.NETFrameworkSDKv1.1/cpref/html/frlrfsystemwebuidesignidatasourceproviderclassGetSelectedDataSourceTopic.htm" ismsdn="true" />
    </HelpFolder>
  </HelpFolder>
  <HelpFolder name="IHtmlControlDesignerBehavior interface" link="ms-help://MS.NETFrameworkSDKv1.1/cpref/html/frlrfsystemwebuidesignihtmlcontroldesignerbehaviorClassTopic.htm" ismsdn="true">
    <HelpTopic name="IHtmlControlDesignerBehavior members" link="ms-help://MS.NETFrameworkSDKv1.1/cpref/html/frlrfsystemwebuidesignihtmlcontroldesignerbehaviorMembersTopic.htm" ismsdn="true" />
    <HelpFolder name="Methods" link="ms-help://MS.NETFrameworkSDKv1.1/cpref/html/frlrfsystemwebuidesignihtmlcontroldesignerbehaviorMethodsTopic.htm" ismsdn="true">
      <HelpTopic name="SetStyleAttribute(System.String, System.Boolean, System.Object, System.Boolean)" link="ms-help://MS.NETFrameworkSDKv1.1/cpref/html/frlrfsystemwebuidesignihtmlcontroldesignerbehaviorclassSetStyleAttributeTopic.htm" ismsdn="true" />
      <HelpTopic name="RemoveStyleAttribute(System.String, System.Boolean, System.Boolean)" link="ms-help://MS.NETFrameworkSDKv1.1/cpref/html/frlrfsystemwebuidesignihtmlcontroldesignerbehaviorclassRemoveStyleAttributeTopic.htm" ismsdn="true" />
      <HelpTopic name="GetStyleAttribute(System.String, System.Boolean, System.Boolean)" link="ms-help://MS.NETFrameworkSDKv1.1/cpref/html/frlrfsystemwebuidesignihtmlcontroldesignerbehaviorclassGetStyleAttributeTopic.htm" ismsdn="true" />
      <HelpTopic name="SetAttribute(System.String, System.Object, System.Boolean)" link="ms-help://MS.NETFrameworkSDKv1.1/cpref/html/frlrfsystemwebuidesignihtmlcontroldesignerbehaviorclassSetAttributeTopic.htm" ismsdn="true" />
      <HelpTopic name="RemoveAttribute(System.String, System.Boolean)" link="ms-help://MS.NETFrameworkSDKv1.1/cpref/html/frlrfsystemwebuidesignihtmlcontroldesignerbehaviorclassRemoveAttributeTopic.htm" ismsdn="true" />
      <HelpTopic name="GetAttribute(System.String, System.Boolean)" link="ms-help://MS.NETFrameworkSDKv1.1/cpref/html/frlrfsystemwebuidesignihtmlcontroldesignerbehaviorclassGetAttributeTopic.htm" ismsdn="true" />
    </HelpFolder>
    <HelpFolder name="Properties" link="ms-help://MS.NETFrameworkSDKv1.1/cpref/html/frlrfsystemwebuidesignihtmlcontroldesignerbehaviorPropertiesTopic.htm" ismsdn="true">
      <HelpTopic name="Designer" link="ms-help://MS.NETFrameworkSDKv1.1/cpref/html/frlrfsystemwebuidesignihtmlcontroldesignerbehaviorclassDesignerTopic.htm" ismsdn="true" />
      <HelpTopic name="DesignTimeElement" link="ms-help://MS.NETFrameworkSDKv1.1/cpref/html/frlrfsystemwebuidesignihtmlcontroldesignerbehaviorclassDesignTimeElementTopic.htm" ismsdn="true" />
    </HelpFolder>
  </HelpFolder>
  <HelpFolder name="ImageUrlEditor class" link="ms-help://MS.NETFrameworkSDKv1.1/cpref/html/frlrfsystemwebuidesignimageurleditorClassTopic.htm" ismsdn="true">
    <HelpTopic name="ImageUrlEditor members" link="ms-help://MS.NETFrameworkSDKv1.1/cpref/html/frlrfsystemwebuidesignimageurleditorMembersTopic.htm" ismsdn="true" />
    <HelpFolder name="Constructors" link="ms-help://MS.NETFrameworkSDKv1.1/cpref/html/frlrfsystemwebuidesignimageurleditorclassctorTopic.htm" ismsdn="true">
      <HelpTopic name=".ctor()" link="ms-help://MS.NETFrameworkSDKv1.1/cpref/html/frlrfsystemwebuidesignimageurleditorclassctorTopic.htm" ismsdn="true" />
    </HelpFolder>
  </HelpFolder>
  <HelpFolder name="ITemplateEditingFrame interface" link="ms-help://MS.NETFrameworkSDKv1.1/cpref/html/frlrfsystemwebuidesignitemplateeditingframeClassTopic.htm" ismsdn="true">
    <HelpTopic name="ITemplateEditingFrame members" link="ms-help://MS.NETFrameworkSDKv1.1/cpref/html/frlrfsystemwebuidesignitemplateeditingframeMembersTopic.htm" ismsdn="true" />
    <HelpFolder name="Methods" link="ms-help://MS.NETFrameworkSDKv1.1/cpref/html/frlrfsystemwebuidesignitemplateeditingframeMethodsTopic.htm" ismsdn="true">
      <HelpTopic name="UpdateControlName(System.String)" link="ms-help://MS.NETFrameworkSDKv1.1/cpref/html/frlrfsystemwebuidesignitemplateeditingframeclassUpdateControlNameTopic.htm" ismsdn="true" />
      <HelpTopic name="Save()" link="ms-help://MS.NETFrameworkSDKv1.1/cpref/html/frlrfsystemwebuidesignitemplateeditingframeclassSaveTopic.htm" ismsdn="true" />
      <HelpTopic name="Resize(System.Int32, System.Int32)" link="ms-help://MS.NETFrameworkSDKv1.1/cpref/html/frlrfsystemwebuidesignitemplateeditingframeclassResizeTopic.htm" ismsdn="true" />
      <HelpTopic name="Open()" link="ms-help://MS.NETFrameworkSDKv1.1/cpref/html/frlrfsystemwebuidesignitemplateeditingframeclassOpenTopic.htm" ismsdn="true" />
      <HelpTopic name="Close(System.Boolean)" link="ms-help://MS.NETFrameworkSDKv1.1/cpref/html/frlrfsystemwebuidesignitemplateeditingframeclassCloseTopic.htm" ismsdn="true" />
    </HelpFolder>
    <HelpFolder name="Properties" link="ms-help://MS.NETFrameworkSDKv1.1/cpref/html/frlrfsystemwebuidesignitemplateeditingframePropertiesTopic.htm" ismsdn="true">
      <HelpTopic name="ControlStyle" link="ms-help://MS.NETFrameworkSDKv1.1/cpref/html/frlrfsystemwebuidesignitemplateeditingframeclassControlStyleTopic.htm" ismsdn="true" />
      <HelpTopic name="Name" link="ms-help://MS.NETFrameworkSDKv1.1/cpref/html/frlrfsystemwebuidesignitemplateeditingframeclassNameTopic.htm" ismsdn="true" />
      <HelpTopic name="InitialHeight" link="ms-help://MS.NETFrameworkSDKv1.1/cpref/html/frlrfsystemwebuidesignitemplateeditingframeclassInitialHeightTopic.htm" ismsdn="true" />
      <HelpTopic name="InitialWidth" link="ms-help://MS.NETFrameworkSDKv1.1/cpref/html/frlrfsystemwebuidesignitemplateeditingframeclassInitialWidthTopic.htm" ismsdn="true" />
      <HelpTopic name="TemplateNames" link="ms-help://MS.NETFrameworkSDKv1.1/cpref/html/frlrfsystemwebuidesignitemplateeditingframeclassTemplateNamesTopic.htm" ismsdn="true" />
      <HelpTopic name="TemplateStyles" link="ms-help://MS.NETFrameworkSDKv1.1/cpref/html/frlrfsystemwebuidesignitemplateeditingframeclassTemplateStylesTopic.htm" ismsdn="true" />
      <HelpTopic name="Verb" link="ms-help://MS.NETFrameworkSDKv1.1/cpref/html/frlrfsystemwebuidesignitemplateeditingframeclassVerbTopic.htm" ismsdn="true" />
    </HelpFolder>
  </HelpFolder>
  <HelpFolder name="ITemplateEditingService interface" link="ms-help://MS.NETFrameworkSDKv1.1/cpref/html/frlrfsystemwebuidesignitemplateeditingserviceClassTopic.htm" ismsdn="true">
    <HelpTopic name="ITemplateEditingService members" link="ms-help://MS.NETFrameworkSDKv1.1/cpref/html/frlrfsystemwebuidesignitemplateeditingserviceMembersTopic.htm" ismsdn="true" />
    <HelpFolder name="Methods" link="ms-help://MS.NETFrameworkSDKv1.1/cpref/html/frlrfsystemwebuidesignitemplateeditingserviceMethodsTopic.htm" ismsdn="true">
      <HelpTopic name="GetContainingTemplateName(System.Web.UI.Control)" link="ms-help://MS.NETFrameworkSDKv1.1/cpref/html/frlrfsystemwebuidesignitemplateeditingserviceclassGetContainingTemplateNameTopic.htm" ismsdn="true" />
      <HelpTopic name="CreateFrame(System.Web.UI.Design.TemplatedControlDesigner, System.String, System.String[], System.Web.UI.WebControls.Style, System.Web.UI.WebControls.Style[])" link="ms-help://MS.NETFrameworkSDKv1.1/cpref/html/frlrfsystemwebuidesignitemplateeditingserviceclassCreateFrameTopic1.htm" ismsdn="true" />
      <HelpTopic name="CreateFrame(System.Web.UI.Design.TemplatedControlDesigner, System.String, System.String[])" link="ms-help://MS.NETFrameworkSDKv1.1/cpref/html/frlrfsystemwebuidesignitemplateeditingserviceclassCreateFrameTopic2.htm" ismsdn="true" />
    </HelpFolder>
    <HelpFolder name="Properties" link="ms-help://MS.NETFrameworkSDKv1.1/cpref/html/frlrfsystemwebuidesignitemplateeditingservicePropertiesTopic.htm" ismsdn="true">
      <HelpTopic name="SupportsNestedTemplateEditing" link="ms-help://MS.NETFrameworkSDKv1.1/cpref/html/frlrfsystemwebuidesignitemplateeditingserviceclassSupportsNestedTemplateEditingTopic.htm" ismsdn="true" />
    </HelpFolder>
  </HelpFolder>
  <HelpFolder name="IWebFormReferenceManager interface" link="ms-help://MS.NETFrameworkSDKv1.1/cpref/html/frlrfsystemwebuidesigniwebformreferencemanagerClassTopic.htm" ismsdn="true">
    <HelpTopic name="IWebFormReferenceManager members" link="ms-help://MS.NETFrameworkSDKv1.1/cpref/html/frlrfsystemwebuidesigniwebformreferencemanagerMembersTopic.htm" ismsdn="true" />
    <HelpFolder name="Methods" link="ms-help://MS.NETFrameworkSDKv1.1/cpref/html/frlrfsystemwebuidesigniwebformreferencemanagerMethodsTopic.htm" ismsdn="true">
      <HelpTopic name="GetRegisterDirectives()" link="ms-help://MS.NETFrameworkSDKv1.1/cpref/html/frlrfsystemwebuidesigniwebformreferencemanagerclassGetRegisterDirectivesTopic.htm" ismsdn="true" />
      <HelpTopic name="GetTagPrefix(System.Type)" link="ms-help://MS.NETFrameworkSDKv1.1/cpref/html/frlrfsystemwebuidesigniwebformreferencemanagerclassGetTagPrefixTopic.htm" ismsdn="true" />
      <HelpTopic name="GetObjectType(System.String, System.String)" link="ms-help://MS.NETFrameworkSDKv1.1/cpref/html/frlrfsystemwebuidesigniwebformreferencemanagerclassGetObjectTypeTopic.htm" ismsdn="true" />
    </HelpFolder>
  </HelpFolder>
  <HelpFolder name="IWebFormsBuilderUIService interface" link="ms-help://MS.NETFrameworkSDKv1.1/cpref/html/frlrfsystemwebuidesigniwebformsbuilderuiserviceClassTopic.htm" ismsdn="true">
    <HelpTopic name="IWebFormsBuilderUIService members" link="ms-help://MS.NETFrameworkSDKv1.1/cpref/html/frlrfsystemwebuidesigniwebformsbuilderuiserviceMembersTopic.htm" ismsdn="true" />
    <HelpFolder name="Methods" link="ms-help://MS.NETFrameworkSDKv1.1/cpref/html/frlrfsystemwebuidesigniwebformsbuilderuiserviceMethodsTopic.htm" ismsdn="true">
      <HelpTopic name="BuildUrl(System.Windows.Forms.Control, System.String, System.String, System.String, System.String, System.Web.UI.Design.UrlBuilderOptions)" link="ms-help://MS.NETFrameworkSDKv1.1/cpref/html/frlrfsystemwebuidesigniwebformsbuilderuiserviceclassBuildUrlTopic.htm" ismsdn="true" />
      <HelpTopic name="BuildColor(System.Windows.Forms.Control, System.String)" link="ms-help://MS.NETFrameworkSDKv1.1/cpref/html/frlrfsystemwebuidesigniwebformsbuilderuiserviceclassBuildColorTopic.htm" ismsdn="true" />
    </HelpFolder>
  </HelpFolder>
  <HelpFolder name="IWebFormsDocumentService interface" link="ms-help://MS.NETFrameworkSDKv1.1/cpref/html/frlrfsystemwebuidesigniwebformsdocumentserviceClassTopic.htm" ismsdn="true">
    <HelpTopic name="IWebFormsDocumentService members" link="ms-help://MS.NETFrameworkSDKv1.1/cpref/html/frlrfsystemwebuidesigniwebformsdocumentserviceMembersTopic.htm" ismsdn="true" />
    <HelpFolder name="Methods" link="ms-help://MS.NETFrameworkSDKv1.1/cpref/html/frlrfsystemwebuidesigniwebformsdocumentserviceMethodsTopic.htm" ismsdn="true">
      <HelpTopic name="UpdateSelection()" link="ms-help://MS.NETFrameworkSDKv1.1/cpref/html/frlrfsystemwebuidesigniwebformsdocumentserviceclassUpdateSelectionTopic.htm" ismsdn="true" />
      <HelpTopic name="EnableUndo(System.Boolean)" link="ms-help://MS.NETFrameworkSDKv1.1/cpref/html/frlrfsystemwebuidesigniwebformsdocumentserviceclassEnableUndoTopic.htm" ismsdn="true" />
      <HelpTopic name="DiscardUndoUnit(System.Object)" link="ms-help://MS.NETFrameworkSDKv1.1/cpref/html/frlrfsystemwebuidesigniwebformsdocumentserviceclassDiscardUndoUnitTopic.htm" ismsdn="true" />
      <HelpTopic name="CreateDiscardableUndoUnit()" link="ms-help://MS.NETFrameworkSDKv1.1/cpref/html/frlrfsystemwebuidesigniwebformsdocumentserviceclassCreateDiscardableUndoUnitTopic.htm" ismsdn="true" />
    </HelpFolder>
    <HelpFolder name="Properties" link="ms-help://MS.NETFrameworkSDKv1.1/cpref/html/frlrfsystemwebuidesigniwebformsdocumentservicePropertiesTopic.htm" ismsdn="true">
      <HelpTopic name="DocumentUrl" link="ms-help://MS.NETFrameworkSDKv1.1/cpref/html/frlrfsystemwebuidesigniwebformsdocumentserviceclassDocumentUrlTopic.htm" ismsdn="true" />
      <HelpTopic name="IsLoading" link="ms-help://MS.NETFrameworkSDKv1.1/cpref/html/frlrfsystemwebuidesigniwebformsdocumentserviceclassIsLoadingTopic.htm" ismsdn="true" />
    </HelpFolder>
    <HelpFolder name="Events" link="ms-help://MS.NETFrameworkSDKv1.1/cpref/html/frlrfsystemwebuidesigniwebformsdocumentserviceEventsTopic.htm" ismsdn="true">
      <HelpTopic name="LoadComplete" link="ms-help://MS.NETFrameworkSDKv1.1/cpref/html/frlrfsystemwebuidesigniwebformsdocumentserviceclassLoadCompleteTopic.htm" ismsdn="true" />
    </HelpFolder>
  </HelpFolder>
  <HelpFolder name="ReadWriteControlDesigner class" link="ms-help://MS.NETFrameworkSDKv1.1/cpref/html/frlrfsystemwebuidesignreadwritecontroldesignerClassTopic.htm" ismsdn="true">
    <HelpTopic name="ReadWriteControlDesigner members" link="ms-help://MS.NETFrameworkSDKv1.1/cpref/html/frlrfsystemwebuidesignreadwritecontroldesignerMembersTopic.htm" ismsdn="true" />
    <HelpFolder name="Constructors" link="ms-help://MS.NETFrameworkSDKv1.1/cpref/html/frlrfsystemwebuidesignreadwritecontroldesignerclassctorTopic.htm" ismsdn="true">
      <HelpTopic name=".ctor()" link="ms-help://MS.NETFrameworkSDKv1.1/cpref/html/frlrfsystemwebuidesignreadwritecontroldesignerclassctorTopic.htm" ismsdn="true" />
    </HelpFolder>
    <HelpFolder name="Methods" link="ms-help://MS.NETFrameworkSDKv1.1/cpref/html/frlrfsystemwebuidesignreadwritecontroldesignerMethodsTopic.htm" ismsdn="true">
      <HelpTopic name="OnComponentChanged(System.Object, System.ComponentModel.Design.ComponentChangedEventArgs)" link="ms-help://MS.NETFrameworkSDKv1.1/cpref/html/frlrfsystemwebuidesignreadwritecontroldesignerclassOnComponentChangedTopic.htm" ismsdn="true" />
    </HelpFolder>
  </HelpFolder>
  <HelpFolder name="TemplatedControlDesigner class" link="ms-help://MS.NETFrameworkSDKv1.1/cpref/html/frlrfsystemwebuidesigntemplatedcontroldesignerClassTopic.htm" ismsdn="true">
    <HelpTopic name="TemplatedControlDesigner members" link="ms-help://MS.NETFrameworkSDKv1.1/cpref/html/frlrfsystemwebuidesigntemplatedcontroldesignerMembersTopic.htm" ismsdn="true" />
    <HelpFolder name="Constructors" link="ms-help://MS.NETFrameworkSDKv1.1/cpref/html/frlrfsystemwebuidesigntemplatedcontroldesignerclassctorTopic.htm" ismsdn="true">
      <HelpTopic name=".ctor()" link="ms-help://MS.NETFrameworkSDKv1.1/cpref/html/frlrfsystemwebuidesigntemplatedcontroldesignerclassctorTopic.htm" ismsdn="true" />
    </HelpFolder>
    <HelpFolder name="Methods" link="ms-help://MS.NETFrameworkSDKv1.1/cpref/html/frlrfsystemwebuidesigntemplatedcontroldesignerMethodsTopic.htm" ismsdn="true">
      <HelpTopic name="SetTemplateContent(System.Web.UI.Design.ITemplateEditingFrame, System.String, System.String)" link="ms-help://MS.NETFrameworkSDKv1.1/cpref/html/frlrfsystemwebuidesigntemplatedcontroldesignerclassSetTemplateContentTopic.htm" ismsdn="true" />
      <HelpTopic name="GetTemplatePropertyParentType(System.String)" link="ms-help://MS.NETFrameworkSDKv1.1/cpref/html/frlrfsystemwebuidesigntemplatedcontroldesignerclassGetTemplatePropertyParentTypeTopic.htm" ismsdn="true" />
      <HelpTopic name="GetTemplateContent(System.Web.UI.Design.ITemplateEditingFrame, System.String, System.Boolean&amp;)" link="ms-help://MS.NETFrameworkSDKv1.1/cpref/html/frlrfsystemwebuidesigntemplatedcontroldesignerclassGetTemplateContentTopic.htm" ismsdn="true" />
      <HelpTopic name="GetTemplateContainerDataSource(System.String)" link="ms-help://MS.NETFrameworkSDKv1.1/cpref/html/frlrfsystemwebuidesigntemplatedcontroldesignerclassGetTemplateContainerDataSourceTopic.htm" ismsdn="true" />
      <HelpTopic name="GetTemplateContainerDataItemProperty(System.String)" link="ms-help://MS.NETFrameworkSDKv1.1/cpref/html/frlrfsystemwebuidesigntemplatedcontroldesignerclassGetTemplateContainerDataItemPropertyTopic.htm" ismsdn="true" />
      <HelpTopic name="UpdateDesignTimeHtml()" link="ms-help://MS.NETFrameworkSDKv1.1/cpref/html/frlrfsystemwebuidesigntemplatedcontroldesignerclassUpdateDesignTimeHtmlTopic.htm" ismsdn="true" />
      <HelpTopic name="OnComponentChanged(System.Object, System.ComponentModel.Design.ComponentChangedEventArgs)" link="ms-help://MS.NETFrameworkSDKv1.1/cpref/html/frlrfsystemwebuidesigntemplatedcontroldesignerclassOnComponentChangedTopic.htm" ismsdn="true" />
      <HelpTopic name="GetPersistInnerHtml()" link="ms-help://MS.NETFrameworkSDKv1.1/cpref/html/frlrfsystemwebuidesigntemplatedcontroldesignerclassGetPersistInnerHtmlTopic.htm" ismsdn="true" />
      <HelpTopic name="OnSetParent()" link="ms-help://MS.NETFrameworkSDKv1.1/cpref/html/frlrfsystemwebuidesigntemplatedcontroldesignerclassOnSetParentTopic.htm" ismsdn="true" />
      <HelpTopic name="EnterTemplateMode(System.Web.UI.Design.ITemplateEditingFrame)" link="ms-help://MS.NETFrameworkSDKv1.1/cpref/html/frlrfsystemwebuidesigntemplatedcontroldesignerclassEnterTemplateModeTopic.htm" ismsdn="true" />
      <HelpTopic name="ExitTemplateMode(System.Boolean, System.Boolean, System.Boolean)" link="ms-help://MS.NETFrameworkSDKv1.1/cpref/html/frlrfsystemwebuidesigntemplatedcontroldesignerclassExitTemplateModeTopic.htm" ismsdn="true" />
      <HelpTopic name="GetTemplateEditingVerbs()" link="ms-help://MS.NETFrameworkSDKv1.1/cpref/html/frlrfsystemwebuidesigntemplatedcontroldesignerclassGetTemplateEditingVerbsTopic.htm" ismsdn="true" />
    </HelpFolder>
    <HelpFolder name="Properties" link="ms-help://MS.NETFrameworkSDKv1.1/cpref/html/frlrfsystemwebuidesigntemplatedcontroldesignerPropertiesTopic.htm" ismsdn="true">
      <HelpTopic name="ActiveTemplateEditingFrame" link="ms-help://MS.NETFrameworkSDKv1.1/cpref/html/frlrfsystemwebuidesigntemplatedcontroldesignerclassActiveTemplateEditingFrameTopic.htm" ismsdn="true" />
      <HelpTopic name="CanEnterTemplateMode" link="ms-help://MS.NETFrameworkSDKv1.1/cpref/html/frlrfsystemwebuidesigntemplatedcontroldesignerclassCanEnterTemplateModeTopic.htm" ismsdn="true" />
      <HelpTopic name="InTemplateMode" link="ms-help://MS.NETFrameworkSDKv1.1/cpref/html/frlrfsystemwebuidesigntemplatedcontroldesignerclassInTemplateModeTopic.htm" ismsdn="true" />
    </HelpFolder>
  </HelpFolder>
  <HelpFolder name="TemplateEditingService class" link="ms-help://MS.NETFrameworkSDKv1.1/cpref/html/frlrfsystemwebuidesigntemplateeditingserviceClassTopic.htm" ismsdn="true">
    <HelpTopic name="TemplateEditingService members" link="ms-help://MS.NETFrameworkSDKv1.1/cpref/html/frlrfsystemwebuidesigntemplateeditingserviceMembersTopic.htm" ismsdn="true" />
    <HelpFolder name="Constructors" link="ms-help://MS.NETFrameworkSDKv1.1/cpref/html/frlrfsystemwebuidesigntemplateeditingserviceclassctorTopic.htm" ismsdn="true">
      <HelpTopic name=".ctor(System.ComponentModel.Design.IDesignerHost)" link="ms-help://MS.NETFrameworkSDKv1.1/cpref/html/frlrfsystemwebuidesigntemplateeditingserviceclassctorTopic.htm" ismsdn="true" />
    </HelpFolder>
    <HelpFolder name="Methods" link="ms-help://MS.NETFrameworkSDKv1.1/cpref/html/frlrfsystemwebuidesigntemplateeditingserviceMethodsTopic.htm" ismsdn="true">
      <HelpTopic name="Dispose()" link="ms-help://MS.NETFrameworkSDKv1.1/cpref/html/frlrfsystemwebuidesigntemplateeditingserviceclassDisposeTopic.htm" ismsdn="true" />
      <HelpTopic name="GetContainingTemplateName(System.Web.UI.Control)" link="ms-help://MS.NETFrameworkSDKv1.1/cpref/html/frlrfsystemwebuidesigntemplateeditingserviceclassGetContainingTemplateNameTopic.htm" ismsdn="true" />
      <HelpTopic name="CreateFrame(System.Web.UI.Design.TemplatedControlDesigner, System.String, System.String[], System.Web.UI.WebControls.Style, System.Web.UI.WebControls.Style[])" link="ms-help://MS.NETFrameworkSDKv1.1/cpref/html/frlrfsystemwebuidesigntemplateeditingserviceclassCreateFrameTopic1.htm" ismsdn="true" />
      <HelpTopic name="CreateFrame(System.Web.UI.Design.TemplatedControlDesigner, System.String, System.String[])" link="ms-help://MS.NETFrameworkSDKv1.1/cpref/html/frlrfsystemwebuidesigntemplateeditingserviceclassCreateFrameTopic2.htm" ismsdn="true" />
    </HelpFolder>
    <HelpFolder name="Properties" link="ms-help://MS.NETFrameworkSDKv1.1/cpref/html/frlrfsystemwebuidesigntemplateeditingservicePropertiesTopic.htm" ismsdn="true">
      <HelpTopic name="SupportsNestedTemplateEditing" link="ms-help://MS.NETFrameworkSDKv1.1/cpref/html/frlrfsystemwebuidesigntemplateeditingserviceclassSupportsNestedTemplateEditingTopic.htm" ismsdn="true" />
    </HelpFolder>
  </HelpFolder>
  <HelpFolder name="TemplateEditingVerb class" link="ms-help://MS.NETFrameworkSDKv1.1/cpref/html/frlrfsystemwebuidesigntemplateeditingverbClassTopic.htm" ismsdn="true">
    <HelpTopic name="TemplateEditingVerb members" link="ms-help://MS.NETFrameworkSDKv1.1/cpref/html/frlrfsystemwebuidesigntemplateeditingverbMembersTopic.htm" ismsdn="true" />
    <HelpFolder name="Constructors" link="ms-help://MS.NETFrameworkSDKv1.1/cpref/html/frlrfsystemwebuidesigntemplateeditingverbclassctorTopic.htm" ismsdn="true">
      <HelpTopic name=".ctor(System.String, System.Int32, System.Web.UI.Design.TemplatedControlDesigner)" link="ms-help://MS.NETFrameworkSDKv1.1/cpref/html/frlrfsystemwebuidesigntemplateeditingverbclassctorTopic.htm" ismsdn="true" />
    </HelpFolder>
    <HelpFolder name="Methods" link="ms-help://MS.NETFrameworkSDKv1.1/cpref/html/frlrfsystemwebuidesigntemplateeditingverbMethodsTopic.htm" ismsdn="true">
      <HelpTopic name="Dispose()" link="ms-help://MS.NETFrameworkSDKv1.1/cpref/html/frlrfsystemwebuidesigntemplateeditingverbclassDisposeTopic.htm" ismsdn="true" />
    </HelpFolder>
    <HelpFolder name="Properties" link="ms-help://MS.NETFrameworkSDKv1.1/cpref/html/frlrfsystemwebuidesigntemplateeditingverbPropertiesTopic.htm" ismsdn="true">
      <HelpTopic name="Index" link="ms-help://MS.NETFrameworkSDKv1.1/cpref/html/frlrfsystemwebuidesigntemplateeditingverbclassIndexTopic.htm" ismsdn="true" />
    </HelpFolder>
  </HelpFolder>
  <HelpFolder name="TextControlDesigner class" link="ms-help://MS.NETFrameworkSDKv1.1/cpref/html/frlrfsystemwebuidesigntextcontroldesignerClassTopic.htm" ismsdn="true">
    <HelpTopic name="TextControlDesigner members" link="ms-help://MS.NETFrameworkSDKv1.1/cpref/html/frlrfsystemwebuidesigntextcontroldesignerMembersTopic.htm" ismsdn="true" />
    <HelpFolder name="Constructors" link="ms-help://MS.NETFrameworkSDKv1.1/cpref/html/frlrfsystemwebuidesigntextcontroldesignerclassctorTopic.htm" ismsdn="true">
      <HelpTopic name=".ctor()" link="ms-help://MS.NETFrameworkSDKv1.1/cpref/html/frlrfsystemwebuidesigntextcontroldesignerclassctorTopic.htm" ismsdn="true" />
    </HelpFolder>
    <HelpFolder name="Methods" link="ms-help://MS.NETFrameworkSDKv1.1/cpref/html/frlrfsystemwebuidesigntextcontroldesignerMethodsTopic.htm" ismsdn="true">
      <HelpTopic name="GetPersistInnerHtml()" link="ms-help://MS.NETFrameworkSDKv1.1/cpref/html/frlrfsystemwebuidesigntextcontroldesignerclassGetPersistInnerHtmlTopic.htm" ismsdn="true" />
      <HelpTopic name="GetDesignTimeHtml()" link="ms-help://MS.NETFrameworkSDKv1.1/cpref/html/frlrfsystemwebuidesigntextcontroldesignerclassGetDesignTimeHtmlTopic.htm" ismsdn="true" />
      <HelpTopic name="Initialize(System.ComponentModel.IComponent)" link="ms-help://MS.NETFrameworkSDKv1.1/cpref/html/frlrfsystemwebuidesigntextcontroldesignerclassInitializeTopic.htm" ismsdn="true" />
    </HelpFolder>
  </HelpFolder>
  <HelpFolder name="TextDataBindingHandler class" link="ms-help://MS.NETFrameworkSDKv1.1/cpref/html/frlrfsystemwebuidesigntextdatabindinghandlerClassTopic.htm" ismsdn="true">
    <HelpTopic name="TextDataBindingHandler members" link="ms-help://MS.NETFrameworkSDKv1.1/cpref/html/frlrfsystemwebuidesigntextdatabindinghandlerMembersTopic.htm" ismsdn="true" />
    <HelpFolder name="Constructors" link="ms-help://MS.NETFrameworkSDKv1.1/cpref/html/frlrfsystemwebuidesigntextdatabindinghandlerclassctorTopic.htm" ismsdn="true">
      <HelpTopic name=".ctor()" link="ms-help://MS.NETFrameworkSDKv1.1/cpref/html/frlrfsystemwebuidesigntextdatabindinghandlerclassctorTopic.htm" ismsdn="true" />
    </HelpFolder>
    <HelpFolder name="Methods" link="ms-help://MS.NETFrameworkSDKv1.1/cpref/html/frlrfsystemwebuidesigntextdatabindinghandlerMethodsTopic.htm" ismsdn="true">
      <HelpTopic name="DataBindControl(System.ComponentModel.Design.IDesignerHost, System.Web.UI.Control)" link="ms-help://MS.NETFrameworkSDKv1.1/cpref/html/frlrfsystemwebuidesigntextdatabindinghandlerclassDataBindControlTopic.htm" ismsdn="true" />
    </HelpFolder>
  </HelpFolder>
  <HelpFolder name="UrlBuilder class" link="ms-help://MS.NETFrameworkSDKv1.1/cpref/html/frlrfsystemwebuidesignurlbuilderClassTopic.htm" ismsdn="true">
    <HelpTopic name="UrlBuilder members" link="ms-help://MS.NETFrameworkSDKv1.1/cpref/html/frlrfsystemwebuidesignurlbuilderMembersTopic.htm" ismsdn="true" />
    <HelpFolder name="Methods" link="ms-help://MS.NETFrameworkSDKv1.1/cpref/html/frlrfsystemwebuidesignurlbuilderMethodsTopic.htm" ismsdn="true">
      <HelpTopic name="BuildUrl(System.ComponentModel.IComponent, System.Windows.Forms.Control, System.String, System.String, System.String)" link="ms-help://MS.NETFrameworkSDKv1.1/cpref/html/frlrfsystemwebuidesignurlbuilderclassBuildUrlTopic0.htm" ismsdn="true" />
      <HelpTopic name="BuildUrl(System.ComponentModel.IComponent, System.Windows.Forms.Control, System.String, System.String, System.String, System.Web.UI.Design.UrlBuilderOptions)" link="ms-help://MS.NETFrameworkSDKv1.1/cpref/html/frlrfsystemwebuidesignurlbuilderclassBuildUrlTopic1.htm" ismsdn="true" />
    </HelpFolder>
  </HelpFolder>
  <HelpTopic name="UrlBuilderOptions enumeration" link="ms-help://MS.NETFrameworkSDKv1.1/cpref/html/frlrfsystemwebuidesignurlbuilderoptionsClassTopic.htm" ismsdn="true" />
  <HelpFolder name="UrlEditor class" link="ms-help://MS.NETFrameworkSDKv1.1/cpref/html/frlrfsystemwebuidesignurleditorClassTopic.htm" ismsdn="true">
    <HelpTopic name="UrlEditor members" link="ms-help://MS.NETFrameworkSDKv1.1/cpref/html/frlrfsystemwebuidesignurleditorMembersTopic.htm" ismsdn="true" />
    <HelpFolder name="Constructors" link="ms-help://MS.NETFrameworkSDKv1.1/cpref/html/frlrfsystemwebuidesignurleditorclassctorTopic.htm" ismsdn="true">
      <HelpTopic name=".ctor()" link="ms-help://MS.NETFrameworkSDKv1.1/cpref/html/frlrfsystemwebuidesignurleditorclassctorTopic.htm" ismsdn="true" />
    </HelpFolder>
    <HelpFolder name="Methods" link="ms-help://MS.NETFrameworkSDKv1.1/cpref/html/frlrfsystemwebuidesignurleditorMethodsTopic.htm" ismsdn="true">
      <HelpTopic name="GetEditStyle(System.ComponentModel.ITypeDescriptorContext)" link="ms-help://MS.NETFrameworkSDKv1.1/cpref/html/frlrfsystemwebuidesignurleditorclassGetEditStyleTopic.htm" ismsdn="true" />
      <HelpTopic name="EditValue(System.ComponentModel.ITypeDescriptorContext, System.IServiceProvider, System.Object)" link="ms-help://MS.NETFrameworkSDKv1.1/cpref/html/frlrfsystemwebuidesignurleditorclassEditValueTopic.htm" ismsdn="true" />
    </HelpFolder>
  </HelpFolder>
  <HelpFolder name="UserControlDesigner class" link="ms-help://MS.NETFrameworkSDKv1.1/cpref/html/frlrfsystemwebuidesignusercontroldesignerClassTopic.htm" ismsdn="true">
    <HelpTopic name="UserControlDesigner members" link="ms-help://MS.NETFrameworkSDKv1.1/cpref/html/frlrfsystemwebuidesignusercontroldesignerMembersTopic.htm" ismsdn="true" />
    <HelpFolder name="Constructors" link="ms-help://MS.NETFrameworkSDKv1.1/cpref/html/frlrfsystemwebuidesignusercontroldesignerclassctorTopic.htm" ismsdn="true">
      <HelpTopic name=".ctor()" link="ms-help://MS.NETFrameworkSDKv1.1/cpref/html/frlrfsystemwebuidesignusercontroldesignerclassctorTopic.htm" ismsdn="true" />
    </HelpFolder>
    <HelpFolder name="Methods" link="ms-help://MS.NETFrameworkSDKv1.1/cpref/html/frlrfsystemwebuidesignusercontroldesignerMethodsTopic.htm" ismsdn="true">
      <HelpTopic name="GetPersistInnerHtml()" link="ms-help://MS.NETFrameworkSDKv1.1/cpref/html/frlrfsystemwebuidesignusercontroldesignerclassGetPersistInnerHtmlTopic.htm" ismsdn="true" />
      <HelpTopic name="GetDesignTimeHtml()" link="ms-help://MS.NETFrameworkSDKv1.1/cpref/html/frlrfsystemwebuidesignusercontroldesignerclassGetDesignTimeHtmlTopic.htm" ismsdn="true" />
    </HelpFolder>
    <HelpFolder name="Properties" link="ms-help://MS.NETFrameworkSDKv1.1/cpref/html/frlrfsystemwebuidesignusercontroldesignerPropertiesTopic.htm" ismsdn="true">
      <HelpTopic name="AllowResize" link="ms-help://MS.NETFrameworkSDKv1.1/cpref/html/frlrfsystemwebuidesignusercontroldesignerclassAllowResizeTopic.htm" ismsdn="true" />
      <HelpTopic name="ShouldCodeSerialize" link="ms-help://MS.NETFrameworkSDKv1.1/cpref/html/frlrfsystemwebuidesignusercontroldesignerclassShouldCodeSerializeTopic.htm" ismsdn="true" />
    </HelpFolder>
  </HelpFolder>
  <HelpFolder name="WebControlToolboxItem class" link="ms-help://MS.NETFrameworkSDKv1.1/cpref/html/frlrfsystemwebuidesignwebcontroltoolboxitemClassTopic.htm" ismsdn="true">
    <HelpTopic name="WebControlToolboxItem members" link="ms-help://MS.NETFrameworkSDKv1.1/cpref/html/frlrfsystemwebuidesignwebcontroltoolboxitemMembersTopic.htm" ismsdn="true" />
    <HelpFolder name="Constructors" link="ms-help://MS.NETFrameworkSDKv1.1/cpref/html/frlrfsystemwebuidesignwebcontroltoolboxitemclassctorTopic.htm" ismsdn="true">
      <HelpTopic name=".ctor()" link="ms-help://MS.NETFrameworkSDKv1.1/cpref/html/frlrfsystemwebuidesignwebcontroltoolboxitemclassctorTopic1.htm" ismsdn="true" />
      <HelpTopic name=".ctor(System.Type)" link="ms-help://MS.NETFrameworkSDKv1.1/cpref/html/frlrfsystemwebuidesignwebcontroltoolboxitemclassctorTopic1.htm" ismsdn="true" />
    </HelpFolder>
    <HelpFolder name="Methods" link="ms-help://MS.NETFrameworkSDKv1.1/cpref/html/frlrfsystemwebuidesignwebcontroltoolboxitemMethodsTopic.htm" ismsdn="true">
      <HelpTopic name="Initialize(System.Type)" link="ms-help://MS.NETFrameworkSDKv1.1/cpref/html/frlrfsystemwebuidesignwebcontroltoolboxitemclassInitializeTopic.htm" ismsdn="true" />
      <HelpTopic name="GetToolAttributeValue(System.ComponentModel.Design.IDesignerHost, System.Type)" link="ms-help://MS.NETFrameworkSDKv1.1/cpref/html/frlrfsystemwebuidesignwebcontroltoolboxitemclassGetToolAttributeValueTopic.htm" ismsdn="true" />
      <HelpTopic name="GetToolHtml(System.ComponentModel.Design.IDesignerHost)" link="ms-help://MS.NETFrameworkSDKv1.1/cpref/html/frlrfsystemwebuidesignwebcontroltoolboxitemclassGetToolHtmlTopic.htm" ismsdn="true" />
      <HelpTopic name="GetToolType(System.ComponentModel.Design.IDesignerHost)" link="ms-help://MS.NETFrameworkSDKv1.1/cpref/html/frlrfsystemwebuidesignwebcontroltoolboxitemclassGetToolTypeTopic.htm" ismsdn="true" />
    </HelpFolder>
  </HelpFolder>
  <HelpFolder name="XmlFileEditor class" link="ms-help://MS.NETFrameworkSDKv1.1/cpref/html/frlrfsystemwebuidesignxmlfileeditorClassTopic.htm" ismsdn="true">
    <HelpTopic name="XmlFileEditor members" link="ms-help://MS.NETFrameworkSDKv1.1/cpref/html/frlrfsystemwebuidesignxmlfileeditorMembersTopic.htm" ismsdn="true" />
    <HelpFolder name="Constructors" link="ms-help://MS.NETFrameworkSDKv1.1/cpref/html/frlrfsystemwebuidesignxmlfileeditorclassctorTopic.htm" ismsdn="true">
      <HelpTopic name=".ctor()" link="ms-help://MS.NETFrameworkSDKv1.1/cpref/html/frlrfsystemwebuidesignxmlfileeditorclassctorTopic.htm" ismsdn="true" />
    </HelpFolder>
    <HelpFolder name="Methods" link="ms-help://MS.NETFrameworkSDKv1.1/cpref/html/frlrfsystemwebuidesignxmlfileeditorMethodsTopic.htm" ismsdn="true">
      <HelpTopic name="GetEditStyle(System.ComponentModel.ITypeDescriptorContext)" link="ms-help://MS.NETFrameworkSDKv1.1/cpref/html/frlrfsystemwebuidesignxmlfileeditorclassGetEditStyleTopic.htm" ismsdn="true" />
      <HelpTopic name="EditValue(System.ComponentModel.ITypeDescriptorContext, System.IServiceProvider, System.Object)" link="ms-help://MS.NETFrameworkSDKv1.1/cpref/html/frlrfsystemwebuidesignxmlfileeditorclassEditValueTopic.htm" ismsdn="true" />
    </HelpFolder>
  </HelpFolder>
  <HelpFolder name="XmlUrlEditor class" link="ms-help://MS.NETFrameworkSDKv1.1/cpref/html/frlrfsystemwebuidesignxmlurleditorClassTopic.htm" ismsdn="true">
    <HelpTopic name="XmlUrlEditor members" link="ms-help://MS.NETFrameworkSDKv1.1/cpref/html/frlrfsystemwebuidesignxmlurleditorMembersTopic.htm" ismsdn="true" />
    <HelpFolder name="Constructors" link="ms-help://MS.NETFrameworkSDKv1.1/cpref/html/frlrfsystemwebuidesignxmlurleditorclassctorTopic.htm" ismsdn="true">
      <HelpTopic name=".ctor()" link="ms-help://MS.NETFrameworkSDKv1.1/cpref/html/frlrfsystemwebuidesignxmlurleditorclassctorTopic.htm" ismsdn="true" />
    </HelpFolder>
  </HelpFolder>
  <HelpFolder name="XslUrlEditor class" link="ms-help://MS.NETFrameworkSDKv1.1/cpref/html/frlrfsystemwebuidesignxslurleditorClassTopic.htm" ismsdn="true">
    <HelpTopic name="XslUrlEditor members" link="ms-help://MS.NETFrameworkSDKv1.1/cpref/html/frlrfsystemwebuidesignxslurleditorMembersTopic.htm" ismsdn="true" />
    <HelpFolder name="Constructors" link="ms-help://MS.NETFrameworkSDKv1.1/cpref/html/frlrfsystemwebuidesignxslurleditorclassctorTopic.htm" ismsdn="true">
      <HelpTopic name=".ctor()" link="ms-help://MS.NETFrameworkSDKv1.1/cpref/html/frlrfsystemwebuidesignxslurleditorclassctorTopic.htm" ismsdn="true" />
    </HelpFolder>
  </HelpFolder>
</HelpCollection>