<HelpCollection>
  <HelpFolder name="CatalogPartDesigner class" link="ms-help://MS.NETFrameworkSDKv1.1/cpref/html/frlrfsystemwebuidesignwebcontrolswebpartscatalogpartdesignerClassTopic.htm" ismsdn="true">
    <HelpTopic name="CatalogPartDesigner members" link="ms-help://MS.NETFrameworkSDKv1.1/cpref/html/frlrfsystemwebuidesignwebcontrolswebpartscatalogpartdesignerMembersTopic.htm" ismsdn="true" />
    <HelpFolder name="Constructors" link="ms-help://MS.NETFrameworkSDKv1.1/cpref/html/frlrfsystemwebuidesignwebcontrolswebpartscatalogpartdesignerclassctorTopic.htm" ismsdn="true">
      <HelpTopic name=".ctor()" link="ms-help://MS.NETFrameworkSDKv1.1/cpref/html/frlrfsystemwebuidesignwebcontrolswebpartscatalogpartdesignerclassctorTopic.htm" ismsdn="true" />
    </HelpFolder>
    <HelpFolder name="Methods" link="ms-help://MS.NETFrameworkSDKv1.1/cpref/html/frlrfsystemwebuidesignwebcontrolswebpartscatalogpartdesignerMethodsTopic.htm" ismsdn="true">
      <HelpTopic name="Initialize(System.ComponentModel.IComponent)" link="ms-help://MS.NETFrameworkSDKv1.1/cpref/html/frlrfsystemwebuidesignwebcontrolswebpartscatalogpartdesignerclassInitializeTopic.htm" ismsdn="true" />
      <HelpTopic name="GetDesignTimeHtml()" link="ms-help://MS.NETFrameworkSDKv1.1/cpref/html/frlrfsystemwebuidesignwebcontrolswebpartscatalogpartdesignerclassGetDesignTimeHtmlTopic.htm" ismsdn="true" />
    </HelpFolder>
  </HelpFolder>
  <HelpFolder name="CatalogZoneDesigner class" link="ms-help://MS.NETFrameworkSDKv1.1/cpref/html/frlrfsystemwebuidesignwebcontrolswebpartscatalogzonedesignerClassTopic.htm" ismsdn="true">
    <HelpTopic name="CatalogZoneDesigner members" link="ms-help://MS.NETFrameworkSDKv1.1/cpref/html/frlrfsystemwebuidesignwebcontrolswebpartscatalogzonedesignerMembersTopic.htm" ismsdn="true" />
    <HelpFolder name="Constructors" link="ms-help://MS.NETFrameworkSDKv1.1/cpref/html/frlrfsystemwebuidesignwebcontrolswebpartscatalogzonedesignerclassctorTopic.htm" ismsdn="true">
      <HelpTopic name=".ctor()" link="ms-help://MS.NETFrameworkSDKv1.1/cpref/html/frlrfsystemwebuidesignwebcontrolswebpartscatalogzonedesignerclassctorTopic.htm" ismsdn="true" />
    </HelpFolder>
    <HelpFolder name="Methods" link="ms-help://MS.NETFrameworkSDKv1.1/cpref/html/frlrfsystemwebuidesignwebcontrolswebpartscatalogzonedesignerMethodsTopic.htm" ismsdn="true">
      <HelpTopic name="GetDesignTimeHtml()" link="ms-help://MS.NETFrameworkSDKv1.1/cpref/html/frlrfsystemwebuidesignwebcontrolswebpartscatalogzonedesignerclassGetDesignTimeHtmlTopic1.htm" ismsdn="true" />
      <HelpTopic name="GetDesignTimeHtml(System.Web.UI.Design.DesignerRegionCollection)" link="ms-help://MS.NETFrameworkSDKv1.1/cpref/html/frlrfsystemwebuidesignwebcontrolswebpartscatalogzonedesignerclassGetDesignTimeHtmlTopic2.htm" ismsdn="true" />
      <HelpTopic name="GetEditableDesignerRegionContent(System.Web.UI.Design.EditableDesignerRegion)" link="ms-help://MS.NETFrameworkSDKv1.1/cpref/html/frlrfsystemwebuidesignwebcontrolswebpartscatalogzonedesignerclassGetEditableDesignerRegionContentTopic.htm" ismsdn="true" />
      <HelpTopic name="Initialize(System.ComponentModel.IComponent)" link="ms-help://MS.NETFrameworkSDKv1.1/cpref/html/frlrfsystemwebuidesignwebcontrolswebpartscatalogzonedesignerclassInitializeTopic.htm" ismsdn="true" />
      <HelpTopic name="SetEditableDesignerRegionContent(System.Web.UI.Design.EditableDesignerRegion, System.String)" link="ms-help://MS.NETFrameworkSDKv1.1/cpref/html/frlrfsystemwebuidesignwebcontrolswebpartscatalogzonedesignerclassSetEditableDesignerRegionContentTopic.htm" ismsdn="true" />
    </HelpFolder>
    <HelpFolder name="Properties" link="ms-help://MS.NETFrameworkSDKv1.1/cpref/html/frlrfsystemwebuidesignwebcontrolswebpartscatalogzonedesignerPropertiesTopic.htm" ismsdn="true">
      <HelpTopic name="AutoFormats" link="ms-help://MS.NETFrameworkSDKv1.1/cpref/html/frlrfsystemwebuidesignwebcontrolswebpartscatalogzonedesignerclassAutoFormatsTopic.htm" ismsdn="true" />
      <HelpTopic name="TemplateGroups" link="ms-help://MS.NETFrameworkSDKv1.1/cpref/html/frlrfsystemwebuidesignwebcontrolswebpartscatalogzonedesignerclassTemplateGroupsTopic.htm" ismsdn="true" />
    </HelpFolder>
  </HelpFolder>
  <HelpFolder name="ConnectionsZoneDesigner class" link="ms-help://MS.NETFrameworkSDKv1.1/cpref/html/frlrfsystemwebuidesignwebcontrolswebpartsconnectionszonedesignerClassTopic.htm" ismsdn="true">
    <HelpTopic name="ConnectionsZoneDesigner members" link="ms-help://MS.NETFrameworkSDKv1.1/cpref/html/frlrfsystemwebuidesignwebcontrolswebpartsconnectionszonedesignerMembersTopic.htm" ismsdn="true" />
    <HelpFolder name="Constructors" link="ms-help://MS.NETFrameworkSDKv1.1/cpref/html/frlrfsystemwebuidesignwebcontrolswebpartsconnectionszonedesignerclassctorTopic.htm" ismsdn="true">
      <HelpTopic name=".ctor()" link="ms-help://MS.NETFrameworkSDKv1.1/cpref/html/frlrfsystemwebuidesignwebcontrolswebpartsconnectionszonedesignerclassctorTopic.htm" ismsdn="true" />
    </HelpFolder>
    <HelpFolder name="Methods" link="ms-help://MS.NETFrameworkSDKv1.1/cpref/html/frlrfsystemwebuidesignwebcontrolswebpartsconnectionszonedesignerMethodsTopic.htm" ismsdn="true">
      <HelpTopic name="GetDesignTimeHtml()" link="ms-help://MS.NETFrameworkSDKv1.1/cpref/html/frlrfsystemwebuidesignwebcontrolswebpartsconnectionszonedesignerclassGetDesignTimeHtmlTopic.htm" ismsdn="true" />
      <HelpTopic name="Initialize(System.ComponentModel.IComponent)" link="ms-help://MS.NETFrameworkSDKv1.1/cpref/html/frlrfsystemwebuidesignwebcontrolswebpartsconnectionszonedesignerclassInitializeTopic.htm" ismsdn="true" />
    </HelpFolder>
    <HelpFolder name="Properties" link="ms-help://MS.NETFrameworkSDKv1.1/cpref/html/frlrfsystemwebuidesignwebcontrolswebpartsconnectionszonedesignerPropertiesTopic.htm" ismsdn="true">
      <HelpTopic name="AutoFormats" link="ms-help://MS.NETFrameworkSDKv1.1/cpref/html/frlrfsystemwebuidesignwebcontrolswebpartsconnectionszonedesignerclassAutoFormatsTopic.htm" ismsdn="true" />
    </HelpFolder>
  </HelpFolder>
  <HelpFolder name="DeclarativeCatalogPartDesigner class" link="ms-help://MS.NETFrameworkSDKv1.1/cpref/html/frlrfsystemwebuidesignwebcontrolswebpartsdeclarativecatalogpartdesignerClassTopic.htm" ismsdn="true">
    <HelpTopic name="DeclarativeCatalogPartDesigner members" link="ms-help://MS.NETFrameworkSDKv1.1/cpref/html/frlrfsystemwebuidesignwebcontrolswebpartsdeclarativecatalogpartdesignerMembersTopic.htm" ismsdn="true" />
    <HelpFolder name="Constructors" link="ms-help://MS.NETFrameworkSDKv1.1/cpref/html/frlrfsystemwebuidesignwebcontrolswebpartsdeclarativecatalogpartdesignerclassctorTopic.htm" ismsdn="true">
      <HelpTopic name=".ctor()" link="ms-help://MS.NETFrameworkSDKv1.1/cpref/html/frlrfsystemwebuidesignwebcontrolswebpartsdeclarativecatalogpartdesignerclassctorTopic.htm" ismsdn="true" />
    </HelpFolder>
    <HelpFolder name="Methods" link="ms-help://MS.NETFrameworkSDKv1.1/cpref/html/frlrfsystemwebuidesignwebcontrolswebpartsdeclarativecatalogpartdesignerMethodsTopic.htm" ismsdn="true">
      <HelpTopic name="GetDesignTimeHtml()" link="ms-help://MS.NETFrameworkSDKv1.1/cpref/html/frlrfsystemwebuidesignwebcontrolswebpartsdeclarativecatalogpartdesignerclassGetDesignTimeHtmlTopic.htm" ismsdn="true" />
      <HelpTopic name="Initialize(System.ComponentModel.IComponent)" link="ms-help://MS.NETFrameworkSDKv1.1/cpref/html/frlrfsystemwebuidesignwebcontrolswebpartsdeclarativecatalogpartdesignerclassInitializeTopic.htm" ismsdn="true" />
    </HelpFolder>
    <HelpFolder name="Properties" link="ms-help://MS.NETFrameworkSDKv1.1/cpref/html/frlrfsystemwebuidesignwebcontrolswebpartsdeclarativecatalogpartdesignerPropertiesTopic.htm" ismsdn="true">
      <HelpTopic name="TemplateGroups" link="ms-help://MS.NETFrameworkSDKv1.1/cpref/html/frlrfsystemwebuidesignwebcontrolswebpartsdeclarativecatalogpartdesignerclassTemplateGroupsTopic.htm" ismsdn="true" />
    </HelpFolder>
  </HelpFolder>
  <HelpFolder name="EditorPartDesigner class" link="ms-help://MS.NETFrameworkSDKv1.1/cpref/html/frlrfsystemwebuidesignwebcontrolswebpartseditorpartdesignerClassTopic.htm" ismsdn="true">
    <HelpTopic name="EditorPartDesigner members" link="ms-help://MS.NETFrameworkSDKv1.1/cpref/html/frlrfsystemwebuidesignwebcontrolswebpartseditorpartdesignerMembersTopic.htm" ismsdn="true" />
    <HelpFolder name="Constructors" link="ms-help://MS.NETFrameworkSDKv1.1/cpref/html/frlrfsystemwebuidesignwebcontrolswebpartseditorpartdesignerclassctorTopic.htm" ismsdn="true">
      <HelpTopic name=".ctor()" link="ms-help://MS.NETFrameworkSDKv1.1/cpref/html/frlrfsystemwebuidesignwebcontrolswebpartseditorpartdesignerclassctorTopic.htm" ismsdn="true" />
    </HelpFolder>
    <HelpFolder name="Methods" link="ms-help://MS.NETFrameworkSDKv1.1/cpref/html/frlrfsystemwebuidesignwebcontrolswebpartseditorpartdesignerMethodsTopic.htm" ismsdn="true">
      <HelpTopic name="Initialize(System.ComponentModel.IComponent)" link="ms-help://MS.NETFrameworkSDKv1.1/cpref/html/frlrfsystemwebuidesignwebcontrolswebpartseditorpartdesignerclassInitializeTopic.htm" ismsdn="true" />
      <HelpTopic name="GetDesignTimeHtml()" link="ms-help://MS.NETFrameworkSDKv1.1/cpref/html/frlrfsystemwebuidesignwebcontrolswebpartseditorpartdesignerclassGetDesignTimeHtmlTopic.htm" ismsdn="true" />
    </HelpFolder>
  </HelpFolder>
  <HelpFolder name="EditorZoneDesigner class" link="ms-help://MS.NETFrameworkSDKv1.1/cpref/html/frlrfsystemwebuidesignwebcontrolswebpartseditorzonedesignerClassTopic.htm" ismsdn="true">
    <HelpTopic name="EditorZoneDesigner members" link="ms-help://MS.NETFrameworkSDKv1.1/cpref/html/frlrfsystemwebuidesignwebcontrolswebpartseditorzonedesignerMembersTopic.htm" ismsdn="true" />
    <HelpFolder name="Constructors" link="ms-help://MS.NETFrameworkSDKv1.1/cpref/html/frlrfsystemwebuidesignwebcontrolswebpartseditorzonedesignerclassctorTopic.htm" ismsdn="true">
      <HelpTopic name=".ctor()" link="ms-help://MS.NETFrameworkSDKv1.1/cpref/html/frlrfsystemwebuidesignwebcontrolswebpartseditorzonedesignerclassctorTopic.htm" ismsdn="true" />
    </HelpFolder>
    <HelpFolder name="Methods" link="ms-help://MS.NETFrameworkSDKv1.1/cpref/html/frlrfsystemwebuidesignwebcontrolswebpartseditorzonedesignerMethodsTopic.htm" ismsdn="true">
      <HelpTopic name="GetDesignTimeHtml()" link="ms-help://MS.NETFrameworkSDKv1.1/cpref/html/frlrfsystemwebuidesignwebcontrolswebpartseditorzonedesignerclassGetDesignTimeHtmlTopic1.htm" ismsdn="true" />
      <HelpTopic name="GetDesignTimeHtml(System.Web.UI.Design.DesignerRegionCollection)" link="ms-help://MS.NETFrameworkSDKv1.1/cpref/html/frlrfsystemwebuidesignwebcontrolswebpartseditorzonedesignerclassGetDesignTimeHtmlTopic2.htm" ismsdn="true" />
      <HelpTopic name="GetEditableDesignerRegionContent(System.Web.UI.Design.EditableDesignerRegion)" link="ms-help://MS.NETFrameworkSDKv1.1/cpref/html/frlrfsystemwebuidesignwebcontrolswebpartseditorzonedesignerclassGetEditableDesignerRegionContentTopic.htm" ismsdn="true" />
      <HelpTopic name="Initialize(System.ComponentModel.IComponent)" link="ms-help://MS.NETFrameworkSDKv1.1/cpref/html/frlrfsystemwebuidesignwebcontrolswebpartseditorzonedesignerclassInitializeTopic.htm" ismsdn="true" />
      <HelpTopic name="SetEditableDesignerRegionContent(System.Web.UI.Design.EditableDesignerRegion, System.String)" link="ms-help://MS.NETFrameworkSDKv1.1/cpref/html/frlrfsystemwebuidesignwebcontrolswebpartseditorzonedesignerclassSetEditableDesignerRegionContentTopic.htm" ismsdn="true" />
    </HelpFolder>
    <HelpFolder name="Properties" link="ms-help://MS.NETFrameworkSDKv1.1/cpref/html/frlrfsystemwebuidesignwebcontrolswebpartseditorzonedesignerPropertiesTopic.htm" ismsdn="true">
      <HelpTopic name="AutoFormats" link="ms-help://MS.NETFrameworkSDKv1.1/cpref/html/frlrfsystemwebuidesignwebcontrolswebpartseditorzonedesignerclassAutoFormatsTopic.htm" ismsdn="true" />
      <HelpTopic name="TemplateGroups" link="ms-help://MS.NETFrameworkSDKv1.1/cpref/html/frlrfsystemwebuidesignwebcontrolswebpartseditorzonedesignerclassTemplateGroupsTopic.htm" ismsdn="true" />
    </HelpFolder>
  </HelpFolder>
  <HelpFolder name="PageCatalogPartDesigner class" link="ms-help://MS.NETFrameworkSDKv1.1/cpref/html/frlrfsystemwebuidesignwebcontrolswebpartspagecatalogpartdesignerClassTopic.htm" ismsdn="true">
    <HelpTopic name="PageCatalogPartDesigner members" link="ms-help://MS.NETFrameworkSDKv1.1/cpref/html/frlrfsystemwebuidesignwebcontrolswebpartspagecatalogpartdesignerMembersTopic.htm" ismsdn="true" />
    <HelpFolder name="Constructors" link="ms-help://MS.NETFrameworkSDKv1.1/cpref/html/frlrfsystemwebuidesignwebcontrolswebpartspagecatalogpartdesignerclassctorTopic.htm" ismsdn="true">
      <HelpTopic name=".ctor()" link="ms-help://MS.NETFrameworkSDKv1.1/cpref/html/frlrfsystemwebuidesignwebcontrolswebpartspagecatalogpartdesignerclassctorTopic.htm" ismsdn="true" />
    </HelpFolder>
    <HelpFolder name="Methods" link="ms-help://MS.NETFrameworkSDKv1.1/cpref/html/frlrfsystemwebuidesignwebcontrolswebpartspagecatalogpartdesignerMethodsTopic.htm" ismsdn="true">
      <HelpTopic name="GetDesignTimeHtml()" link="ms-help://MS.NETFrameworkSDKv1.1/cpref/html/frlrfsystemwebuidesignwebcontrolswebpartspagecatalogpartdesignerclassGetDesignTimeHtmlTopic.htm" ismsdn="true" />
      <HelpTopic name="Initialize(System.ComponentModel.IComponent)" link="ms-help://MS.NETFrameworkSDKv1.1/cpref/html/frlrfsystemwebuidesignwebcontrolswebpartspagecatalogpartdesignerclassInitializeTopic.htm" ismsdn="true" />
    </HelpFolder>
  </HelpFolder>
  <HelpFolder name="PartDesigner class" link="ms-help://MS.NETFrameworkSDKv1.1/cpref/html/frlrfsystemwebuidesignwebcontrolswebpartspartdesignerClassTopic.htm" ismsdn="true">
    <HelpTopic name="PartDesigner members" link="ms-help://MS.NETFrameworkSDKv1.1/cpref/html/frlrfsystemwebuidesignwebcontrolswebpartspartdesignerMembersTopic.htm" ismsdn="true" />
    <HelpFolder name="Methods" link="ms-help://MS.NETFrameworkSDKv1.1/cpref/html/frlrfsystemwebuidesignwebcontrolswebpartspartdesignerMethodsTopic.htm" ismsdn="true">
      <HelpTopic name="Initialize(System.ComponentModel.IComponent)" link="ms-help://MS.NETFrameworkSDKv1.1/cpref/html/frlrfsystemwebuidesignwebcontrolswebpartspartdesignerclassInitializeTopic.htm" ismsdn="true" />
    </HelpFolder>
  </HelpFolder>
  <HelpFolder name="ProxyWebPartManagerDesigner class" link="ms-help://MS.NETFrameworkSDKv1.1/cpref/html/frlrfsystemwebuidesignwebcontrolswebpartsproxywebpartmanagerdesignerClassTopic.htm" ismsdn="true">
    <HelpTopic name="ProxyWebPartManagerDesigner members" link="ms-help://MS.NETFrameworkSDKv1.1/cpref/html/frlrfsystemwebuidesignwebcontrolswebpartsproxywebpartmanagerdesignerMembersTopic.htm" ismsdn="true" />
    <HelpFolder name="Constructors" link="ms-help://MS.NETFrameworkSDKv1.1/cpref/html/frlrfsystemwebuidesignwebcontrolswebpartsproxywebpartmanagerdesignerclassctorTopic.htm" ismsdn="true">
      <HelpTopic name=".ctor()" link="ms-help://MS.NETFrameworkSDKv1.1/cpref/html/frlrfsystemwebuidesignwebcontrolswebpartsproxywebpartmanagerdesignerclassctorTopic.htm" ismsdn="true" />
    </HelpFolder>
    <HelpFolder name="Methods" link="ms-help://MS.NETFrameworkSDKv1.1/cpref/html/frlrfsystemwebuidesignwebcontrolswebpartsproxywebpartmanagerdesignerMethodsTopic.htm" ismsdn="true">
      <HelpTopic name="GetDesignTimeHtml()" link="ms-help://MS.NETFrameworkSDKv1.1/cpref/html/frlrfsystemwebuidesignwebcontrolswebpartsproxywebpartmanagerdesignerclassGetDesignTimeHtmlTopic.htm" ismsdn="true" />
      <HelpTopic name="Initialize(System.ComponentModel.IComponent)" link="ms-help://MS.NETFrameworkSDKv1.1/cpref/html/frlrfsystemwebuidesignwebcontrolswebpartsproxywebpartmanagerdesignerclassInitializeTopic.htm" ismsdn="true" />
    </HelpFolder>
  </HelpFolder>
  <HelpFolder name="ToolZoneDesigner class" link="ms-help://MS.NETFrameworkSDKv1.1/cpref/html/frlrfsystemwebuidesignwebcontrolswebpartstoolzonedesignerClassTopic.htm" ismsdn="true">
    <HelpTopic name="ToolZoneDesigner members" link="ms-help://MS.NETFrameworkSDKv1.1/cpref/html/frlrfsystemwebuidesignwebcontrolswebpartstoolzonedesignerMembersTopic.htm" ismsdn="true" />
    <HelpFolder name="Constructors" link="ms-help://MS.NETFrameworkSDKv1.1/cpref/html/frlrfsystemwebuidesignwebcontrolswebpartstoolzonedesignerclassctorTopic.htm" ismsdn="true">
      <HelpTopic name=".ctor()" link="ms-help://MS.NETFrameworkSDKv1.1/cpref/html/frlrfsystemwebuidesignwebcontrolswebpartstoolzonedesignerclassctorTopic.htm" ismsdn="true" />
    </HelpFolder>
    <HelpFolder name="Methods" link="ms-help://MS.NETFrameworkSDKv1.1/cpref/html/frlrfsystemwebuidesignwebcontrolswebpartstoolzonedesignerMethodsTopic.htm" ismsdn="true">
      <HelpTopic name="Initialize(System.ComponentModel.IComponent)" link="ms-help://MS.NETFrameworkSDKv1.1/cpref/html/frlrfsystemwebuidesignwebcontrolswebpartstoolzonedesignerclassInitializeTopic.htm" ismsdn="true" />
    </HelpFolder>
    <HelpFolder name="Properties" link="ms-help://MS.NETFrameworkSDKv1.1/cpref/html/frlrfsystemwebuidesignwebcontrolswebpartstoolzonedesignerPropertiesTopic.htm" ismsdn="true">
      <HelpTopic name="ActionLists" link="ms-help://MS.NETFrameworkSDKv1.1/cpref/html/frlrfsystemwebuidesignwebcontrolswebpartstoolzonedesignerclassActionListsTopic.htm" ismsdn="true" />
    </HelpFolder>
  </HelpFolder>
  <HelpFolder name="WebPartDesigner class" link="ms-help://MS.NETFrameworkSDKv1.1/cpref/html/frlrfsystemwebuidesignwebcontrolswebpartswebpartdesignerClassTopic.htm" ismsdn="true">
    <HelpTopic name="WebPartDesigner members" link="ms-help://MS.NETFrameworkSDKv1.1/cpref/html/frlrfsystemwebuidesignwebcontrolswebpartswebpartdesignerMembersTopic.htm" ismsdn="true" />
    <HelpFolder name="Constructors" link="ms-help://MS.NETFrameworkSDKv1.1/cpref/html/frlrfsystemwebuidesignwebcontrolswebpartswebpartdesignerclassctorTopic.htm" ismsdn="true">
      <HelpTopic name=".ctor()" link="ms-help://MS.NETFrameworkSDKv1.1/cpref/html/frlrfsystemwebuidesignwebcontrolswebpartswebpartdesignerclassctorTopic.htm" ismsdn="true" />
    </HelpFolder>
    <HelpFolder name="Methods" link="ms-help://MS.NETFrameworkSDKv1.1/cpref/html/frlrfsystemwebuidesignwebcontrolswebpartswebpartdesignerMethodsTopic.htm" ismsdn="true">
      <HelpTopic name="Initialize(System.ComponentModel.IComponent)" link="ms-help://MS.NETFrameworkSDKv1.1/cpref/html/frlrfsystemwebuidesignwebcontrolswebpartswebpartdesignerclassInitializeTopic.htm" ismsdn="true" />
    </HelpFolder>
  </HelpFolder>
  <HelpFolder name="WebPartManagerDesigner class" link="ms-help://MS.NETFrameworkSDKv1.1/cpref/html/frlrfsystemwebuidesignwebcontrolswebpartswebpartmanagerdesignerClassTopic.htm" ismsdn="true">
    <HelpTopic name="WebPartManagerDesigner members" link="ms-help://MS.NETFrameworkSDKv1.1/cpref/html/frlrfsystemwebuidesignwebcontrolswebpartswebpartmanagerdesignerMembersTopic.htm" ismsdn="true" />
    <HelpFolder name="Constructors" link="ms-help://MS.NETFrameworkSDKv1.1/cpref/html/frlrfsystemwebuidesignwebcontrolswebpartswebpartmanagerdesignerclassctorTopic.htm" ismsdn="true">
      <HelpTopic name=".ctor()" link="ms-help://MS.NETFrameworkSDKv1.1/cpref/html/frlrfsystemwebuidesignwebcontrolswebpartswebpartmanagerdesignerclassctorTopic.htm" ismsdn="true" />
    </HelpFolder>
    <HelpFolder name="Methods" link="ms-help://MS.NETFrameworkSDKv1.1/cpref/html/frlrfsystemwebuidesignwebcontrolswebpartswebpartmanagerdesignerMethodsTopic.htm" ismsdn="true">
      <HelpTopic name="GetDesignTimeHtml()" link="ms-help://MS.NETFrameworkSDKv1.1/cpref/html/frlrfsystemwebuidesignwebcontrolswebpartswebpartmanagerdesignerclassGetDesignTimeHtmlTopic.htm" ismsdn="true" />
      <HelpTopic name="Initialize(System.ComponentModel.IComponent)" link="ms-help://MS.NETFrameworkSDKv1.1/cpref/html/frlrfsystemwebuidesignwebcontrolswebpartswebpartmanagerdesignerclassInitializeTopic.htm" ismsdn="true" />
    </HelpFolder>
  </HelpFolder>
  <HelpFolder name="WebPartZoneBaseDesigner class" link="ms-help://MS.NETFrameworkSDKv1.1/cpref/html/frlrfsystemwebuidesignwebcontrolswebpartswebpartzonebasedesignerClassTopic.htm" ismsdn="true">
    <HelpTopic name="WebPartZoneBaseDesigner members" link="ms-help://MS.NETFrameworkSDKv1.1/cpref/html/frlrfsystemwebuidesignwebcontrolswebpartswebpartzonebasedesignerMembersTopic.htm" ismsdn="true" />
    <HelpFolder name="Constructors" link="ms-help://MS.NETFrameworkSDKv1.1/cpref/html/frlrfsystemwebuidesignwebcontrolswebpartswebpartzonebasedesignerclassctorTopic.htm" ismsdn="true">
      <HelpTopic name=".ctor()" link="ms-help://MS.NETFrameworkSDKv1.1/cpref/html/frlrfsystemwebuidesignwebcontrolswebpartswebpartzonebasedesignerclassctorTopic.htm" ismsdn="true" />
    </HelpFolder>
    <HelpFolder name="Methods" link="ms-help://MS.NETFrameworkSDKv1.1/cpref/html/frlrfsystemwebuidesignwebcontrolswebpartswebpartzonebasedesignerMethodsTopic.htm" ismsdn="true">
      <HelpTopic name="Initialize(System.ComponentModel.IComponent)" link="ms-help://MS.NETFrameworkSDKv1.1/cpref/html/frlrfsystemwebuidesignwebcontrolswebpartswebpartzonebasedesignerclassInitializeTopic.htm" ismsdn="true" />
    </HelpFolder>
  </HelpFolder>
  <HelpFolder name="WebPartZoneDesigner class" link="ms-help://MS.NETFrameworkSDKv1.1/cpref/html/frlrfsystemwebuidesignwebcontrolswebpartswebpartzonedesignerClassTopic.htm" ismsdn="true">
    <HelpTopic name="WebPartZoneDesigner members" link="ms-help://MS.NETFrameworkSDKv1.1/cpref/html/frlrfsystemwebuidesignwebcontrolswebpartswebpartzonedesignerMembersTopic.htm" ismsdn="true" />
    <HelpFolder name="Constructors" link="ms-help://MS.NETFrameworkSDKv1.1/cpref/html/frlrfsystemwebuidesignwebcontrolswebpartswebpartzonedesignerclassctorTopic.htm" ismsdn="true">
      <HelpTopic name=".ctor()" link="ms-help://MS.NETFrameworkSDKv1.1/cpref/html/frlrfsystemwebuidesignwebcontrolswebpartswebpartzonedesignerclassctorTopic.htm" ismsdn="true" />
    </HelpFolder>
    <HelpFolder name="Methods" link="ms-help://MS.NETFrameworkSDKv1.1/cpref/html/frlrfsystemwebuidesignwebcontrolswebpartswebpartzonedesignerMethodsTopic.htm" ismsdn="true">
      <HelpTopic name="GetDesignTimeHtml()" link="ms-help://MS.NETFrameworkSDKv1.1/cpref/html/frlrfsystemwebuidesignwebcontrolswebpartswebpartzonedesignerclassGetDesignTimeHtmlTopic1.htm" ismsdn="true" />
      <HelpTopic name="GetDesignTimeHtml(System.Web.UI.Design.DesignerRegionCollection)" link="ms-help://MS.NETFrameworkSDKv1.1/cpref/html/frlrfsystemwebuidesignwebcontrolswebpartswebpartzonedesignerclassGetDesignTimeHtmlTopic2.htm" ismsdn="true" />
      <HelpTopic name="GetEditableDesignerRegionContent(System.Web.UI.Design.EditableDesignerRegion)" link="ms-help://MS.NETFrameworkSDKv1.1/cpref/html/frlrfsystemwebuidesignwebcontrolswebpartswebpartzonedesignerclassGetEditableDesignerRegionContentTopic.htm" ismsdn="true" />
      <HelpTopic name="Initialize(System.ComponentModel.IComponent)" link="ms-help://MS.NETFrameworkSDKv1.1/cpref/html/frlrfsystemwebuidesignwebcontrolswebpartswebpartzonedesignerclassInitializeTopic.htm" ismsdn="true" />
      <HelpTopic name="SetEditableDesignerRegionContent(System.Web.UI.Design.EditableDesignerRegion, System.String)" link="ms-help://MS.NETFrameworkSDKv1.1/cpref/html/frlrfsystemwebuidesignwebcontrolswebpartswebpartzonedesignerclassSetEditableDesignerRegionContentTopic.htm" ismsdn="true" />
    </HelpFolder>
    <HelpFolder name="Properties" link="ms-help://MS.NETFrameworkSDKv1.1/cpref/html/frlrfsystemwebuidesignwebcontrolswebpartswebpartzonedesignerPropertiesTopic.htm" ismsdn="true">
      <HelpTopic name="AutoFormats" link="ms-help://MS.NETFrameworkSDKv1.1/cpref/html/frlrfsystemwebuidesignwebcontrolswebpartswebpartzonedesignerclassAutoFormatsTopic.htm" ismsdn="true" />
      <HelpTopic name="TemplateGroups" link="ms-help://MS.NETFrameworkSDKv1.1/cpref/html/frlrfsystemwebuidesignwebcontrolswebpartswebpartzonedesignerclassTemplateGroupsTopic.htm" ismsdn="true" />
    </HelpFolder>
  </HelpFolder>
  <HelpFolder name="WebZoneDesigner class" link="ms-help://MS.NETFrameworkSDKv1.1/cpref/html/frlrfsystemwebuidesignwebcontrolswebpartswebzonedesignerClassTopic.htm" ismsdn="true">
    <HelpTopic name="WebZoneDesigner members" link="ms-help://MS.NETFrameworkSDKv1.1/cpref/html/frlrfsystemwebuidesignwebcontrolswebpartswebzonedesignerMembersTopic.htm" ismsdn="true" />
    <HelpFolder name="Methods" link="ms-help://MS.NETFrameworkSDKv1.1/cpref/html/frlrfsystemwebuidesignwebcontrolswebpartswebzonedesignerMethodsTopic.htm" ismsdn="true">
      <HelpTopic name="Initialize(System.ComponentModel.IComponent)" link="ms-help://MS.NETFrameworkSDKv1.1/cpref/html/frlrfsystemwebuidesignwebcontrolswebpartswebzonedesignerclassInitializeTopic.htm" ismsdn="true" />
    </HelpFolder>
  </HelpFolder>
</HelpCollection>