<HelpCollection>
  <HelpFolder name="OdbcCommand class" link="ms-help://MS.NETFrameworkSDKv1.1/cpref/html/frlrfsystemdataodbcodbccommandClassTopic.htm" ismsdn="true">
    <HelpTopic name="OdbcCommand members" link="ms-help://MS.NETFrameworkSDKv1.1/cpref/html/frlrfsystemdataodbcodbccommandMembersTopic.htm" ismsdn="true" />
    <HelpFolder name="Constructors" link="ms-help://MS.NETFrameworkSDKv1.1/cpref/html/frlrfsystemdataodbcodbccommandclassctorTopic.htm" ismsdn="true">
      <HelpTopic name=".ctor()" link="ms-help://MS.NETFrameworkSDKv1.1/cpref/html/frlrfsystemdataodbcodbccommandclassctorTopic1.htm" ismsdn="true" />
      <HelpTopic name=".ctor(System.String)" link="ms-help://MS.NETFrameworkSDKv1.1/cpref/html/frlrfsystemdataodbcodbccommandclassctorTopic1.htm" ismsdn="true" />
      <HelpTopic name=".ctor(System.String, System.Data.Odbc.OdbcConnection)" link="ms-help://MS.NETFrameworkSDKv1.1/cpref/html/frlrfsystemdataodbcodbccommandclassctorTopic2.htm" ismsdn="true" />
      <HelpTopic name=".ctor(System.String, System.Data.Odbc.OdbcConnection, System.Data.Odbc.OdbcTransaction)" link="ms-help://MS.NETFrameworkSDKv1.1/cpref/html/frlrfsystemdataodbcodbccommandclassctorTopic3.htm" ismsdn="true" />
    </HelpFolder>
    <HelpFolder name="Methods" link="ms-help://MS.NETFrameworkSDKv1.1/cpref/html/frlrfsystemdataodbcodbccommandMethodsTopic.htm" ismsdn="true">
      <HelpTopic name="ResetCommandTimeout()" link="ms-help://MS.NETFrameworkSDKv1.1/cpref/html/frlrfsystemdataodbcodbccommandclassResetCommandTimeoutTopic.htm" ismsdn="true" />
      <HelpTopic name="Cancel()" link="ms-help://MS.NETFrameworkSDKv1.1/cpref/html/frlrfsystemdataodbcodbccommandclassCancelTopic.htm" ismsdn="true" />
      <HelpTopic name="CreateParameter()" link="ms-help://MS.NETFrameworkSDKv1.1/cpref/html/frlrfsystemdataodbcodbccommandclassCreateParameterTopic.htm" ismsdn="true" />
      <HelpTopic name="ExecuteNonQuery()" link="ms-help://MS.NETFrameworkSDKv1.1/cpref/html/frlrfsystemdataodbcodbccommandclassExecuteNonQueryTopic.htm" ismsdn="true" />
      <HelpTopic name="ExecuteReader()" link="ms-help://MS.NETFrameworkSDKv1.1/cpref/html/frlrfsystemdataodbcodbccommandclassExecuteReaderTopic1.htm" ismsdn="true" />
      <HelpTopic name="ExecuteReader(System.Data.CommandBehavior)" link="ms-help://MS.NETFrameworkSDKv1.1/cpref/html/frlrfsystemdataodbcodbccommandclassExecuteReaderTopic2.htm" ismsdn="true" />
      <HelpTopic name="ExecuteScalar()" link="ms-help://MS.NETFrameworkSDKv1.1/cpref/html/frlrfsystemdataodbcodbccommandclassExecuteScalarTopic.htm" ismsdn="true" />
      <HelpTopic name="Prepare()" link="ms-help://MS.NETFrameworkSDKv1.1/cpref/html/frlrfsystemdataodbcodbccommandclassPrepareTopic.htm" ismsdn="true" />
    </HelpFolder>
    <HelpFolder name="Properties" link="ms-help://MS.NETFrameworkSDKv1.1/cpref/html/frlrfsystemdataodbcodbccommandPropertiesTopic.htm" ismsdn="true">
      <HelpTopic name="CommandText" link="ms-help://MS.NETFrameworkSDKv1.1/cpref/html/frlrfsystemdataodbcodbccommandclassCommandTextTopic.htm" ismsdn="true" />
      <HelpTopic name="CommandTimeout" link="ms-help://MS.NETFrameworkSDKv1.1/cpref/html/frlrfsystemdataodbcodbccommandclassCommandTimeoutTopic.htm" ismsdn="true" />
      <HelpTopic name="CommandType" link="ms-help://MS.NETFrameworkSDKv1.1/cpref/html/frlrfsystemdataodbcodbccommandclassCommandTypeTopic.htm" ismsdn="true" />
      <HelpTopic name="Connection" link="ms-help://MS.NETFrameworkSDKv1.1/cpref/html/frlrfsystemdataodbcodbccommandclassConnectionTopic.htm" ismsdn="true" />
      <HelpTopic name="DesignTimeVisible" link="ms-help://MS.NETFrameworkSDKv1.1/cpref/html/frlrfsystemdataodbcodbccommandclassDesignTimeVisibleTopic.htm" ismsdn="true" />
      <HelpTopic name="Parameters" link="ms-help://MS.NETFrameworkSDKv1.1/cpref/html/frlrfsystemdataodbcodbccommandclassParametersTopic.htm" ismsdn="true" />
      <HelpTopic name="Transaction" link="ms-help://MS.NETFrameworkSDKv1.1/cpref/html/frlrfsystemdataodbcodbccommandclassTransactionTopic.htm" ismsdn="true" />
      <HelpTopic name="UpdatedRowSource" link="ms-help://MS.NETFrameworkSDKv1.1/cpref/html/frlrfsystemdataodbcodbccommandclassUpdatedRowSourceTopic.htm" ismsdn="true" />
    </HelpFolder>
  </HelpFolder>
  <HelpFolder name="OdbcCommandBuilder class" link="ms-help://MS.NETFrameworkSDKv1.1/cpref/html/frlrfsystemdataodbcodbccommandbuilderClassTopic.htm" ismsdn="true">
    <HelpTopic name="OdbcCommandBuilder members" link="ms-help://MS.NETFrameworkSDKv1.1/cpref/html/frlrfsystemdataodbcodbccommandbuilderMembersTopic.htm" ismsdn="true" />
    <HelpFolder name="Constructors" link="ms-help://MS.NETFrameworkSDKv1.1/cpref/html/frlrfsystemdataodbcodbccommandbuilderclassctorTopic.htm" ismsdn="true">
      <HelpTopic name=".ctor()" link="ms-help://MS.NETFrameworkSDKv1.1/cpref/html/frlrfsystemdataodbcodbccommandbuilderclassctorTopic1.htm" ismsdn="true" />
      <HelpTopic name=".ctor(System.Data.Odbc.OdbcDataAdapter)" link="ms-help://MS.NETFrameworkSDKv1.1/cpref/html/frlrfsystemdataodbcodbccommandbuilderclassctorTopic1.htm" ismsdn="true" />
    </HelpFolder>
    <HelpFolder name="Methods" link="ms-help://MS.NETFrameworkSDKv1.1/cpref/html/frlrfsystemdataodbcodbccommandbuilderMethodsTopic.htm" ismsdn="true">
      <HelpTopic name="GetInsertCommand()" link="ms-help://MS.NETFrameworkSDKv1.1/cpref/html/frlrfsystemdataodbcodbccommandbuilderclassGetInsertCommandTopic1.htm" ismsdn="true" />
      <HelpTopic name="GetInsertCommand(System.Boolean)" link="ms-help://MS.NETFrameworkSDKv1.1/cpref/html/frlrfsystemdataodbcodbccommandbuilderclassGetInsertCommandTopic2.htm" ismsdn="true" />
      <HelpTopic name="GetUpdateCommand()" link="ms-help://MS.NETFrameworkSDKv1.1/cpref/html/frlrfsystemdataodbcodbccommandbuilderclassGetUpdateCommandTopic1.htm" ismsdn="true" />
      <HelpTopic name="GetUpdateCommand(System.Boolean)" link="ms-help://MS.NETFrameworkSDKv1.1/cpref/html/frlrfsystemdataodbcodbccommandbuilderclassGetUpdateCommandTopic2.htm" ismsdn="true" />
      <HelpTopic name="GetDeleteCommand()" link="ms-help://MS.NETFrameworkSDKv1.1/cpref/html/frlrfsystemdataodbcodbccommandbuilderclassGetDeleteCommandTopic1.htm" ismsdn="true" />
      <HelpTopic name="GetDeleteCommand(System.Boolean)" link="ms-help://MS.NETFrameworkSDKv1.1/cpref/html/frlrfsystemdataodbcodbccommandbuilderclassGetDeleteCommandTopic2.htm" ismsdn="true" />
      <HelpTopic name="DeriveParameters(System.Data.Odbc.OdbcCommand)" link="ms-help://MS.NETFrameworkSDKv1.1/cpref/html/frlrfsystemdataodbcodbccommandbuilderclassDeriveParametersTopic.htm" ismsdn="true" />
      <HelpTopic name="QuoteIdentifier(System.String)" link="ms-help://MS.NETFrameworkSDKv1.1/cpref/html/frlrfsystemdataodbcodbccommandbuilderclassQuoteIdentifierTopic1.htm" ismsdn="true" />
      <HelpTopic name="QuoteIdentifier(System.String, System.Data.Odbc.OdbcConnection)" link="ms-help://MS.NETFrameworkSDKv1.1/cpref/html/frlrfsystemdataodbcodbccommandbuilderclassQuoteIdentifierTopic2.htm" ismsdn="true" />
      <HelpTopic name="UnquoteIdentifier(System.String)" link="ms-help://MS.NETFrameworkSDKv1.1/cpref/html/frlrfsystemdataodbcodbccommandbuilderclassUnquoteIdentifierTopic1.htm" ismsdn="true" />
      <HelpTopic name="UnquoteIdentifier(System.String, System.Data.Odbc.OdbcConnection)" link="ms-help://MS.NETFrameworkSDKv1.1/cpref/html/frlrfsystemdataodbcodbccommandbuilderclassUnquoteIdentifierTopic2.htm" ismsdn="true" />
    </HelpFolder>
    <HelpFolder name="Properties" link="ms-help://MS.NETFrameworkSDKv1.1/cpref/html/frlrfsystemdataodbcodbccommandbuilderPropertiesTopic.htm" ismsdn="true">
      <HelpTopic name="DataAdapter" link="ms-help://MS.NETFrameworkSDKv1.1/cpref/html/frlrfsystemdataodbcodbccommandbuilderclassDataAdapterTopic.htm" ismsdn="true" />
    </HelpFolder>
  </HelpFolder>
  <HelpFolder name="OdbcConnection class" link="ms-help://MS.NETFrameworkSDKv1.1/cpref/html/frlrfsystemdataodbcodbcconnectionClassTopic.htm" ismsdn="true">
    <HelpTopic name="OdbcConnection members" link="ms-help://MS.NETFrameworkSDKv1.1/cpref/html/frlrfsystemdataodbcodbcconnectionMembersTopic.htm" ismsdn="true" />
    <HelpFolder name="Constructors" link="ms-help://MS.NETFrameworkSDKv1.1/cpref/html/frlrfsystemdataodbcodbcconnectionclassctorTopic.htm" ismsdn="true">
      <HelpTopic name=".ctor(System.String)" link="ms-help://MS.NETFrameworkSDKv1.1/cpref/html/frlrfsystemdataodbcodbcconnectionclassctorTopic1.htm" ismsdn="true" />
      <HelpTopic name=".ctor()" link="ms-help://MS.NETFrameworkSDKv1.1/cpref/html/frlrfsystemdataodbcodbcconnectionclassctorTopic1.htm" ismsdn="true" />
    </HelpFolder>
    <HelpFolder name="Methods" link="ms-help://MS.NETFrameworkSDKv1.1/cpref/html/frlrfsystemdataodbcodbcconnectionMethodsTopic.htm" ismsdn="true">
      <HelpTopic name="BeginTransaction()" link="ms-help://MS.NETFrameworkSDKv1.1/cpref/html/frlrfsystemdataodbcodbcconnectionclassBeginTransactionTopic1.htm" ismsdn="true" />
      <HelpTopic name="BeginTransaction(System.Data.IsolationLevel)" link="ms-help://MS.NETFrameworkSDKv1.1/cpref/html/frlrfsystemdataodbcodbcconnectionclassBeginTransactionTopic2.htm" ismsdn="true" />
      <HelpTopic name="ChangeDatabase(System.String)" link="ms-help://MS.NETFrameworkSDKv1.1/cpref/html/frlrfsystemdataodbcodbcconnectionclassChangeDatabaseTopic.htm" ismsdn="true" />
      <HelpTopic name="CreateCommand()" link="ms-help://MS.NETFrameworkSDKv1.1/cpref/html/frlrfsystemdataodbcodbcconnectionclassCreateCommandTopic.htm" ismsdn="true" />
      <HelpTopic name="Close()" link="ms-help://MS.NETFrameworkSDKv1.1/cpref/html/frlrfsystemdataodbcodbcconnectionclassCloseTopic.htm" ismsdn="true" />
      <HelpTopic name="EnlistDistributedTransaction(System.EnterpriseServices.ITransaction)" link="ms-help://MS.NETFrameworkSDKv1.1/cpref/html/frlrfsystemdataodbcodbcconnectionclassEnlistDistributedTransactionTopic.htm" ismsdn="true" />
      <HelpTopic name="Open()" link="ms-help://MS.NETFrameworkSDKv1.1/cpref/html/frlrfsystemdataodbcodbcconnectionclassOpenTopic.htm" ismsdn="true" />
      <HelpTopic name="ReleaseObjectPool()" link="ms-help://MS.NETFrameworkSDKv1.1/cpref/html/frlrfsystemdataodbcodbcconnectionclassReleaseObjectPoolTopic.htm" ismsdn="true" />
      <HelpTopic name="EnlistTransaction(System.Transactions.Transaction)" link="ms-help://MS.NETFrameworkSDKv1.1/cpref/html/frlrfsystemdataodbcodbcconnectionclassEnlistTransactionTopic.htm" ismsdn="true" />
      <HelpTopic name="GetSchema()" link="ms-help://MS.NETFrameworkSDKv1.1/cpref/html/frlrfsystemdataodbcodbcconnectionclassGetSchemaTopic1.htm" ismsdn="true" />
      <HelpTopic name="GetSchema(System.String)" link="ms-help://MS.NETFrameworkSDKv1.1/cpref/html/frlrfsystemdataodbcodbcconnectionclassGetSchemaTopic2.htm" ismsdn="true" />
      <HelpTopic name="GetSchema(System.String, System.String[])" link="ms-help://MS.NETFrameworkSDKv1.1/cpref/html/frlrfsystemdataodbcodbcconnectionclassGetSchemaTopic3.htm" ismsdn="true" />
    </HelpFolder>
    <HelpFolder name="Properties" link="ms-help://MS.NETFrameworkSDKv1.1/cpref/html/frlrfsystemdataodbcodbcconnectionPropertiesTopic.htm" ismsdn="true">
      <HelpTopic name="ConnectionString" link="ms-help://MS.NETFrameworkSDKv1.1/cpref/html/frlrfsystemdataodbcodbcconnectionclassConnectionStringTopic.htm" ismsdn="true" />
      <HelpTopic name="ConnectionTimeout" link="ms-help://MS.NETFrameworkSDKv1.1/cpref/html/frlrfsystemdataodbcodbcconnectionclassConnectionTimeoutTopic.htm" ismsdn="true" />
      <HelpTopic name="Database" link="ms-help://MS.NETFrameworkSDKv1.1/cpref/html/frlrfsystemdataodbcodbcconnectionclassDatabaseTopic.htm" ismsdn="true" />
      <HelpTopic name="DataSource" link="ms-help://MS.NETFrameworkSDKv1.1/cpref/html/frlrfsystemdataodbcodbcconnectionclassDataSourceTopic.htm" ismsdn="true" />
      <HelpTopic name="ServerVersion" link="ms-help://MS.NETFrameworkSDKv1.1/cpref/html/frlrfsystemdataodbcodbcconnectionclassServerVersionTopic.htm" ismsdn="true" />
      <HelpTopic name="Driver" link="ms-help://MS.NETFrameworkSDKv1.1/cpref/html/frlrfsystemdataodbcodbcconnectionclassDriverTopic.htm" ismsdn="true" />
      <HelpTopic name="State" link="ms-help://MS.NETFrameworkSDKv1.1/cpref/html/frlrfsystemdataodbcodbcconnectionclassStateTopic.htm" ismsdn="true" />
    </HelpFolder>
    <HelpFolder name="Events" link="ms-help://MS.NETFrameworkSDKv1.1/cpref/html/frlrfsystemdataodbcodbcconnectionEventsTopic.htm" ismsdn="true">
      <HelpTopic name="InfoMessage" link="ms-help://MS.NETFrameworkSDKv1.1/cpref/html/frlrfsystemdataodbcodbcconnectionclassInfoMessageTopic.htm" ismsdn="true" />
    </HelpFolder>
  </HelpFolder>
  <HelpFolder name="OdbcConnectionStringBuilder class" link="ms-help://MS.NETFrameworkSDKv1.1/cpref/html/frlrfsystemdataodbcodbcconnectionstringbuilderClassTopic.htm" ismsdn="true">
    <HelpTopic name="OdbcConnectionStringBuilder members" link="ms-help://MS.NETFrameworkSDKv1.1/cpref/html/frlrfsystemdataodbcodbcconnectionstringbuilderMembersTopic.htm" ismsdn="true" />
    <HelpFolder name="Constructors" link="ms-help://MS.NETFrameworkSDKv1.1/cpref/html/frlrfsystemdataodbcodbcconnectionstringbuilderclassctorTopic.htm" ismsdn="true">
      <HelpTopic name=".ctor()" link="ms-help://MS.NETFrameworkSDKv1.1/cpref/html/frlrfsystemdataodbcodbcconnectionstringbuilderclassctorTopic1.htm" ismsdn="true" />
      <HelpTopic name=".ctor(System.String)" link="ms-help://MS.NETFrameworkSDKv1.1/cpref/html/frlrfsystemdataodbcodbcconnectionstringbuilderclassctorTopic1.htm" ismsdn="true" />
    </HelpFolder>
    <HelpFolder name="Methods" link="ms-help://MS.NETFrameworkSDKv1.1/cpref/html/frlrfsystemdataodbcodbcconnectionstringbuilderMethodsTopic.htm" ismsdn="true">
      <HelpTopic name="Clear()" link="ms-help://MS.NETFrameworkSDKv1.1/cpref/html/frlrfsystemdataodbcodbcconnectionstringbuilderclassClearTopic.htm" ismsdn="true" />
      <HelpTopic name="ContainsKey(System.String)" link="ms-help://MS.NETFrameworkSDKv1.1/cpref/html/frlrfsystemdataodbcodbcconnectionstringbuilderclassContainsKeyTopic.htm" ismsdn="true" />
      <HelpTopic name="Remove(System.String)" link="ms-help://MS.NETFrameworkSDKv1.1/cpref/html/frlrfsystemdataodbcodbcconnectionstringbuilderclassRemoveTopic.htm" ismsdn="true" />
      <HelpTopic name="TryGetValue(System.String, System.Object&amp;)" link="ms-help://MS.NETFrameworkSDKv1.1/cpref/html/frlrfsystemdataodbcodbcconnectionstringbuilderclassTryGetValueTopic.htm" ismsdn="true" />
    </HelpFolder>
    <HelpFolder name="Properties" link="ms-help://MS.NETFrameworkSDKv1.1/cpref/html/frlrfsystemdataodbcodbcconnectionstringbuilderPropertiesTopic.htm" ismsdn="true">
      <HelpTopic name="Item" link="ms-help://MS.NETFrameworkSDKv1.1/cpref/html/frlrfsystemdataodbcodbcconnectionstringbuilderclassItemTopic.htm" ismsdn="true" />
      <HelpTopic name="Driver" link="ms-help://MS.NETFrameworkSDKv1.1/cpref/html/frlrfsystemdataodbcodbcconnectionstringbuilderclassDriverTopic.htm" ismsdn="true" />
      <HelpTopic name="Dsn" link="ms-help://MS.NETFrameworkSDKv1.1/cpref/html/frlrfsystemdataodbcodbcconnectionstringbuilderclassDsnTopic.htm" ismsdn="true" />
      <HelpTopic name="Keys" link="ms-help://MS.NETFrameworkSDKv1.1/cpref/html/frlrfsystemdataodbcodbcconnectionstringbuilderclassKeysTopic.htm" ismsdn="true" />
    </HelpFolder>
  </HelpFolder>
  <HelpFolder name="OdbcDataAdapter class" link="ms-help://MS.NETFrameworkSDKv1.1/cpref/html/frlrfsystemdataodbcodbcdataadapterClassTopic.htm" ismsdn="true">
    <HelpTopic name="OdbcDataAdapter members" link="ms-help://MS.NETFrameworkSDKv1.1/cpref/html/frlrfsystemdataodbcodbcdataadapterMembersTopic.htm" ismsdn="true" />
    <HelpFolder name="Constructors" link="ms-help://MS.NETFrameworkSDKv1.1/cpref/html/frlrfsystemdataodbcodbcdataadapterclassctorTopic.htm" ismsdn="true">
      <HelpTopic name=".ctor()" link="ms-help://MS.NETFrameworkSDKv1.1/cpref/html/frlrfsystemdataodbcodbcdataadapterclassctorTopic1.htm" ismsdn="true" />
      <HelpTopic name=".ctor(System.Data.Odbc.OdbcCommand)" link="ms-help://MS.NETFrameworkSDKv1.1/cpref/html/frlrfsystemdataodbcodbcdataadapterclassctorTopic1.htm" ismsdn="true" />
      <HelpTopic name=".ctor(System.String, System.Data.Odbc.OdbcConnection)" link="ms-help://MS.NETFrameworkSDKv1.1/cpref/html/frlrfsystemdataodbcodbcdataadapterclassctorTopic2.htm" ismsdn="true" />
      <HelpTopic name=".ctor(System.String, System.String)" link="ms-help://MS.NETFrameworkSDKv1.1/cpref/html/frlrfsystemdataodbcodbcdataadapterclassctorTopic3.htm" ismsdn="true" />
    </HelpFolder>
    <HelpFolder name="Properties" link="ms-help://MS.NETFrameworkSDKv1.1/cpref/html/frlrfsystemdataodbcodbcdataadapterPropertiesTopic.htm" ismsdn="true">
      <HelpTopic name="DeleteCommand" link="ms-help://MS.NETFrameworkSDKv1.1/cpref/html/frlrfsystemdataodbcodbcdataadapterclassDeleteCommandTopic.htm" ismsdn="true" />
      <HelpTopic name="InsertCommand" link="ms-help://MS.NETFrameworkSDKv1.1/cpref/html/frlrfsystemdataodbcodbcdataadapterclassInsertCommandTopic.htm" ismsdn="true" />
      <HelpTopic name="SelectCommand" link="ms-help://MS.NETFrameworkSDKv1.1/cpref/html/frlrfsystemdataodbcodbcdataadapterclassSelectCommandTopic.htm" ismsdn="true" />
      <HelpTopic name="UpdateCommand" link="ms-help://MS.NETFrameworkSDKv1.1/cpref/html/frlrfsystemdataodbcodbcdataadapterclassUpdateCommandTopic.htm" ismsdn="true" />
    </HelpFolder>
    <HelpFolder name="Events" link="ms-help://MS.NETFrameworkSDKv1.1/cpref/html/frlrfsystemdataodbcodbcdataadapterEventsTopic.htm" ismsdn="true">
      <HelpTopic name="RowUpdated" link="ms-help://MS.NETFrameworkSDKv1.1/cpref/html/frlrfsystemdataodbcodbcdataadapterclassRowUpdatedTopic.htm" ismsdn="true" />
      <HelpTopic name="RowUpdating" link="ms-help://MS.NETFrameworkSDKv1.1/cpref/html/frlrfsystemdataodbcodbcdataadapterclassRowUpdatingTopic.htm" ismsdn="true" />
    </HelpFolder>
  </HelpFolder>
  <HelpFolder name="OdbcDataReader class" link="ms-help://MS.NETFrameworkSDKv1.1/cpref/html/frlrfsystemdataodbcodbcdatareaderClassTopic.htm" ismsdn="true">
    <HelpTopic name="OdbcDataReader members" link="ms-help://MS.NETFrameworkSDKv1.1/cpref/html/frlrfsystemdataodbcodbcdatareaderMembersTopic.htm" ismsdn="true" />
    <HelpFolder name="Methods" link="ms-help://MS.NETFrameworkSDKv1.1/cpref/html/frlrfsystemdataodbcodbcdatareaderMethodsTopic.htm" ismsdn="true">
      <HelpTopic name="Close()" link="ms-help://MS.NETFrameworkSDKv1.1/cpref/html/frlrfsystemdataodbcodbcdatareaderclassCloseTopic.htm" ismsdn="true" />
      <HelpTopic name="GetDataTypeName(System.Int32)" link="ms-help://MS.NETFrameworkSDKv1.1/cpref/html/frlrfsystemdataodbcodbcdatareaderclassGetDataTypeNameTopic.htm" ismsdn="true" />
      <HelpTopic name="GetEnumerator()" link="ms-help://MS.NETFrameworkSDKv1.1/cpref/html/frlrfsystemdataodbcodbcdatareaderclassGetEnumeratorTopic.htm" ismsdn="true" />
      <HelpTopic name="GetFieldType(System.Int32)" link="ms-help://MS.NETFrameworkSDKv1.1/cpref/html/frlrfsystemdataodbcodbcdatareaderclassGetFieldTypeTopic.htm" ismsdn="true" />
      <HelpTopic name="GetName(System.Int32)" link="ms-help://MS.NETFrameworkSDKv1.1/cpref/html/frlrfsystemdataodbcodbcdatareaderclassGetNameTopic.htm" ismsdn="true" />
      <HelpTopic name="GetOrdinal(System.String)" link="ms-help://MS.NETFrameworkSDKv1.1/cpref/html/frlrfsystemdataodbcodbcdatareaderclassGetOrdinalTopic.htm" ismsdn="true" />
      <HelpTopic name="GetValue(System.Int32)" link="ms-help://MS.NETFrameworkSDKv1.1/cpref/html/frlrfsystemdataodbcodbcdatareaderclassGetValueTopic.htm" ismsdn="true" />
      <HelpTopic name="GetValues(System.Object[])" link="ms-help://MS.NETFrameworkSDKv1.1/cpref/html/frlrfsystemdataodbcodbcdatareaderclassGetValuesTopic.htm" ismsdn="true" />
      <HelpTopic name="IsDBNull(System.Int32)" link="ms-help://MS.NETFrameworkSDKv1.1/cpref/html/frlrfsystemdataodbcodbcdatareaderclassIsDBNullTopic.htm" ismsdn="true" />
      <HelpTopic name="GetByte(System.Int32)" link="ms-help://MS.NETFrameworkSDKv1.1/cpref/html/frlrfsystemdataodbcodbcdatareaderclassGetByteTopic.htm" ismsdn="true" />
      <HelpTopic name="GetChar(System.Int32)" link="ms-help://MS.NETFrameworkSDKv1.1/cpref/html/frlrfsystemdataodbcodbcdatareaderclassGetCharTopic.htm" ismsdn="true" />
      <HelpTopic name="GetInt16(System.Int32)" link="ms-help://MS.NETFrameworkSDKv1.1/cpref/html/frlrfsystemdataodbcodbcdatareaderclassGetInt16Topic.htm" ismsdn="true" />
      <HelpTopic name="GetInt32(System.Int32)" link="ms-help://MS.NETFrameworkSDKv1.1/cpref/html/frlrfsystemdataodbcodbcdatareaderclassGetInt32Topic.htm" ismsdn="true" />
      <HelpTopic name="GetInt64(System.Int32)" link="ms-help://MS.NETFrameworkSDKv1.1/cpref/html/frlrfsystemdataodbcodbcdatareaderclassGetInt64Topic.htm" ismsdn="true" />
      <HelpTopic name="GetBoolean(System.Int32)" link="ms-help://MS.NETFrameworkSDKv1.1/cpref/html/frlrfsystemdataodbcodbcdatareaderclassGetBooleanTopic.htm" ismsdn="true" />
      <HelpTopic name="GetFloat(System.Int32)" link="ms-help://MS.NETFrameworkSDKv1.1/cpref/html/frlrfsystemdataodbcodbcdatareaderclassGetFloatTopic.htm" ismsdn="true" />
      <HelpTopic name="GetDate(System.Int32)" link="ms-help://MS.NETFrameworkSDKv1.1/cpref/html/frlrfsystemdataodbcodbcdatareaderclassGetDateTopic.htm" ismsdn="true" />
      <HelpTopic name="GetDateTime(System.Int32)" link="ms-help://MS.NETFrameworkSDKv1.1/cpref/html/frlrfsystemdataodbcodbcdatareaderclassGetDateTimeTopic.htm" ismsdn="true" />
      <HelpTopic name="GetDecimal(System.Int32)" link="ms-help://MS.NETFrameworkSDKv1.1/cpref/html/frlrfsystemdataodbcodbcdatareaderclassGetDecimalTopic.htm" ismsdn="true" />
      <HelpTopic name="GetDouble(System.Int32)" link="ms-help://MS.NETFrameworkSDKv1.1/cpref/html/frlrfsystemdataodbcodbcdatareaderclassGetDoubleTopic.htm" ismsdn="true" />
      <HelpTopic name="GetGuid(System.Int32)" link="ms-help://MS.NETFrameworkSDKv1.1/cpref/html/frlrfsystemdataodbcodbcdatareaderclassGetGuidTopic.htm" ismsdn="true" />
      <HelpTopic name="GetString(System.Int32)" link="ms-help://MS.NETFrameworkSDKv1.1/cpref/html/frlrfsystemdataodbcodbcdatareaderclassGetStringTopic.htm" ismsdn="true" />
      <HelpTopic name="GetTime(System.Int32)" link="ms-help://MS.NETFrameworkSDKv1.1/cpref/html/frlrfsystemdataodbcodbcdatareaderclassGetTimeTopic.htm" ismsdn="true" />
      <HelpTopic name="GetBytes(System.Int32, System.Int64, System.Byte[], System.Int32, System.Int32)" link="ms-help://MS.NETFrameworkSDKv1.1/cpref/html/frlrfsystemdataodbcodbcdatareaderclassGetBytesTopic.htm" ismsdn="true" />
      <HelpTopic name="GetChars(System.Int32, System.Int64, System.Char[], System.Int32, System.Int32)" link="ms-help://MS.NETFrameworkSDKv1.1/cpref/html/frlrfsystemdataodbcodbcdatareaderclassGetCharsTopic.htm" ismsdn="true" />
      <HelpTopic name="Read()" link="ms-help://MS.NETFrameworkSDKv1.1/cpref/html/frlrfsystemdataodbcodbcdatareaderclassReadTopic.htm" ismsdn="true" />
      <HelpTopic name="NextResult()" link="ms-help://MS.NETFrameworkSDKv1.1/cpref/html/frlrfsystemdataodbcodbcdatareaderclassNextResultTopic.htm" ismsdn="true" />
      <HelpTopic name="GetSchemaTable()" link="ms-help://MS.NETFrameworkSDKv1.1/cpref/html/frlrfsystemdataodbcodbcdatareaderclassGetSchemaTableTopic.htm" ismsdn="true" />
    </HelpFolder>
    <HelpFolder name="Properties" link="ms-help://MS.NETFrameworkSDKv1.1/cpref/html/frlrfsystemdataodbcodbcdatareaderPropertiesTopic.htm" ismsdn="true">
      <HelpTopic name="Depth" link="ms-help://MS.NETFrameworkSDKv1.1/cpref/html/frlrfsystemdataodbcodbcdatareaderclassDepthTopic.htm" ismsdn="true" />
      <HelpTopic name="FieldCount" link="ms-help://MS.NETFrameworkSDKv1.1/cpref/html/frlrfsystemdataodbcodbcdatareaderclassFieldCountTopic.htm" ismsdn="true" />
      <HelpTopic name="HasRows" link="ms-help://MS.NETFrameworkSDKv1.1/cpref/html/frlrfsystemdataodbcodbcdatareaderclassHasRowsTopic.htm" ismsdn="true" />
      <HelpTopic name="IsClosed" link="ms-help://MS.NETFrameworkSDKv1.1/cpref/html/frlrfsystemdataodbcodbcdatareaderclassIsClosedTopic.htm" ismsdn="true" />
      <HelpTopic name="RecordsAffected" link="ms-help://MS.NETFrameworkSDKv1.1/cpref/html/frlrfsystemdataodbcodbcdatareaderclassRecordsAffectedTopic.htm" ismsdn="true" />
      <HelpTopic name="Item" link="ms-help://MS.NETFrameworkSDKv1.1/cpref/html/frlrfsystemdataodbcodbcdatareaderclassItemTopic.htm" ismsdn="true" />
      <HelpTopic name="Item" link="ms-help://MS.NETFrameworkSDKv1.1/cpref/html/frlrfsystemdataodbcodbcdatareaderclassItemTopic.htm" ismsdn="true" />
    </HelpFolder>
  </HelpFolder>
  <HelpFolder name="OdbcError class" link="ms-help://MS.NETFrameworkSDKv1.1/cpref/html/frlrfsystemdataodbcodbcerrorClassTopic.htm" ismsdn="true">
    <HelpTopic name="OdbcError members" link="ms-help://MS.NETFrameworkSDKv1.1/cpref/html/frlrfsystemdataodbcodbcerrorMembersTopic.htm" ismsdn="true" />
    <HelpFolder name="Methods" link="ms-help://MS.NETFrameworkSDKv1.1/cpref/html/frlrfsystemdataodbcodbcerrorMethodsTopic.htm" ismsdn="true">
      <HelpTopic name="ToString()" link="ms-help://MS.NETFrameworkSDKv1.1/cpref/html/frlrfsystemdataodbcodbcerrorclassToStringTopic.htm" ismsdn="true" />
    </HelpFolder>
    <HelpFolder name="Properties" link="ms-help://MS.NETFrameworkSDKv1.1/cpref/html/frlrfsystemdataodbcodbcerrorPropertiesTopic.htm" ismsdn="true">
      <HelpTopic name="Message" link="ms-help://MS.NETFrameworkSDKv1.1/cpref/html/frlrfsystemdataodbcodbcerrorclassMessageTopic.htm" ismsdn="true" />
      <HelpTopic name="SQLState" link="ms-help://MS.NETFrameworkSDKv1.1/cpref/html/frlrfsystemdataodbcodbcerrorclassSQLStateTopic.htm" ismsdn="true" />
      <HelpTopic name="NativeError" link="ms-help://MS.NETFrameworkSDKv1.1/cpref/html/frlrfsystemdataodbcodbcerrorclassNativeErrorTopic.htm" ismsdn="true" />
      <HelpTopic name="Source" link="ms-help://MS.NETFrameworkSDKv1.1/cpref/html/frlrfsystemdataodbcodbcerrorclassSourceTopic.htm" ismsdn="true" />
    </HelpFolder>
  </HelpFolder>
  <HelpFolder name="OdbcErrorCollection class" link="ms-help://MS.NETFrameworkSDKv1.1/cpref/html/frlrfsystemdataodbcodbcerrorcollectionClassTopic.htm" ismsdn="true">
    <HelpTopic name="OdbcErrorCollection members" link="ms-help://MS.NETFrameworkSDKv1.1/cpref/html/frlrfsystemdataodbcodbcerrorcollectionMembersTopic.htm" ismsdn="true" />
    <HelpFolder name="Methods" link="ms-help://MS.NETFrameworkSDKv1.1/cpref/html/frlrfsystemdataodbcodbcerrorcollectionMethodsTopic.htm" ismsdn="true">
      <HelpTopic name="CopyTo(System.Array, System.Int32)" link="ms-help://MS.NETFrameworkSDKv1.1/cpref/html/frlrfsystemdataodbcodbcerrorcollectionclassCopyToTopic1.htm" ismsdn="true" />
      <HelpTopic name="CopyTo(System.Data.Odbc.OdbcError[], System.Int32)" link="ms-help://MS.NETFrameworkSDKv1.1/cpref/html/frlrfsystemdataodbcodbcerrorcollectionclassCopyToTopic2.htm" ismsdn="true" />
      <HelpTopic name="GetEnumerator()" link="ms-help://MS.NETFrameworkSDKv1.1/cpref/html/frlrfsystemdataodbcodbcerrorcollectionclassGetEnumeratorTopic.htm" ismsdn="true" />
    </HelpFolder>
    <HelpFolder name="Properties" link="ms-help://MS.NETFrameworkSDKv1.1/cpref/html/frlrfsystemdataodbcodbcerrorcollectionPropertiesTopic.htm" ismsdn="true">
      <HelpTopic name="Count" link="ms-help://MS.NETFrameworkSDKv1.1/cpref/html/frlrfsystemdataodbcodbcerrorcollectionclassCountTopic.htm" ismsdn="true" />
      <HelpTopic name="Item" link="ms-help://MS.NETFrameworkSDKv1.1/cpref/html/frlrfsystemdataodbcodbcerrorcollectionclassItemTopic.htm" ismsdn="true" />
    </HelpFolder>
  </HelpFolder>
  <HelpFolder name="OdbcException class" link="ms-help://MS.NETFrameworkSDKv1.1/cpref/html/frlrfsystemdataodbcodbcexceptionClassTopic.htm" ismsdn="true">
    <HelpTopic name="OdbcException members" link="ms-help://MS.NETFrameworkSDKv1.1/cpref/html/frlrfsystemdataodbcodbcexceptionMembersTopic.htm" ismsdn="true" />
    <HelpFolder name="Methods" link="ms-help://MS.NETFrameworkSDKv1.1/cpref/html/frlrfsystemdataodbcodbcexceptionMethodsTopic.htm" ismsdn="true">
      <HelpTopic name="GetObjectData(System.Runtime.Serialization.SerializationInfo, System.Runtime.Serialization.StreamingContext)" link="ms-help://MS.NETFrameworkSDKv1.1/cpref/html/frlrfsystemdataodbcodbcexceptionclassGetObjectDataTopic.htm" ismsdn="true" />
    </HelpFolder>
    <HelpFolder name="Properties" link="ms-help://MS.NETFrameworkSDKv1.1/cpref/html/frlrfsystemdataodbcodbcexceptionPropertiesTopic.htm" ismsdn="true">
      <HelpTopic name="Errors" link="ms-help://MS.NETFrameworkSDKv1.1/cpref/html/frlrfsystemdataodbcodbcexceptionclassErrorsTopic.htm" ismsdn="true" />
      <HelpTopic name="Source" link="ms-help://MS.NETFrameworkSDKv1.1/cpref/html/frlrfsystemdataodbcodbcexceptionclassSourceTopic.htm" ismsdn="true" />
    </HelpFolder>
  </HelpFolder>
  <HelpFolder name="OdbcFactory class" link="ms-help://MS.NETFrameworkSDKv1.1/cpref/html/frlrfsystemdataodbcodbcfactoryClassTopic.htm" ismsdn="true">
    <HelpTopic name="OdbcFactory members" link="ms-help://MS.NETFrameworkSDKv1.1/cpref/html/frlrfsystemdataodbcodbcfactoryMembersTopic.htm" ismsdn="true" />
    <HelpFolder name="Fields" link="ms-help://MS.NETFrameworkSDKv1.1/cpref/html/frlrfsystemdataodbcodbcfactoryFieldsTopic.htm" ismsdn="true">
      <HelpTopic name="Instance" link="ms-help://MS.NETFrameworkSDKv1.1/cpref/html/frlrfsystemdataodbcodbcfactoryclassInstanceTopic.htm" ismsdn="true" />
    </HelpFolder>
    <HelpFolder name="Methods" link="ms-help://MS.NETFrameworkSDKv1.1/cpref/html/frlrfsystemdataodbcodbcfactoryMethodsTopic.htm" ismsdn="true">
      <HelpTopic name="CreateCommand()" link="ms-help://MS.NETFrameworkSDKv1.1/cpref/html/frlrfsystemdataodbcodbcfactoryclassCreateCommandTopic.htm" ismsdn="true" />
      <HelpTopic name="CreateCommandBuilder()" link="ms-help://MS.NETFrameworkSDKv1.1/cpref/html/frlrfsystemdataodbcodbcfactoryclassCreateCommandBuilderTopic.htm" ismsdn="true" />
      <HelpTopic name="CreateConnection()" link="ms-help://MS.NETFrameworkSDKv1.1/cpref/html/frlrfsystemdataodbcodbcfactoryclassCreateConnectionTopic.htm" ismsdn="true" />
      <HelpTopic name="CreateConnectionStringBuilder()" link="ms-help://MS.NETFrameworkSDKv1.1/cpref/html/frlrfsystemdataodbcodbcfactoryclassCreateConnectionStringBuilderTopic.htm" ismsdn="true" />
      <HelpTopic name="CreateDataAdapter()" link="ms-help://MS.NETFrameworkSDKv1.1/cpref/html/frlrfsystemdataodbcodbcfactoryclassCreateDataAdapterTopic.htm" ismsdn="true" />
      <HelpTopic name="CreateParameter()" link="ms-help://MS.NETFrameworkSDKv1.1/cpref/html/frlrfsystemdataodbcodbcfactoryclassCreateParameterTopic.htm" ismsdn="true" />
      <HelpTopic name="CreatePermission(System.Security.Permissions.PermissionState)" link="ms-help://MS.NETFrameworkSDKv1.1/cpref/html/frlrfsystemdataodbcodbcfactoryclassCreatePermissionTopic.htm" ismsdn="true" />
    </HelpFolder>
  </HelpFolder>
  <HelpFolder name="OdbcInfoMessageEventArgs class" link="ms-help://MS.NETFrameworkSDKv1.1/cpref/html/frlrfsystemdataodbcodbcinfomessageeventargsClassTopic.htm" ismsdn="true">
    <HelpTopic name="OdbcInfoMessageEventArgs members" link="ms-help://MS.NETFrameworkSDKv1.1/cpref/html/frlrfsystemdataodbcodbcinfomessageeventargsMembersTopic.htm" ismsdn="true" />
    <HelpFolder name="Methods" link="ms-help://MS.NETFrameworkSDKv1.1/cpref/html/frlrfsystemdataodbcodbcinfomessageeventargsMethodsTopic.htm" ismsdn="true">
      <HelpTopic name="ToString()" link="ms-help://MS.NETFrameworkSDKv1.1/cpref/html/frlrfsystemdataodbcodbcinfomessageeventargsclassToStringTopic.htm" ismsdn="true" />
    </HelpFolder>
    <HelpFolder name="Properties" link="ms-help://MS.NETFrameworkSDKv1.1/cpref/html/frlrfsystemdataodbcodbcinfomessageeventargsPropertiesTopic.htm" ismsdn="true">
      <HelpTopic name="Errors" link="ms-help://MS.NETFrameworkSDKv1.1/cpref/html/frlrfsystemdataodbcodbcinfomessageeventargsclassErrorsTopic.htm" ismsdn="true" />
      <HelpTopic name="Message" link="ms-help://MS.NETFrameworkSDKv1.1/cpref/html/frlrfsystemdataodbcodbcinfomessageeventargsclassMessageTopic.htm" ismsdn="true" />
    </HelpFolder>
  </HelpFolder>
  <HelpTopic name="OdbcInfoMessageEventHandler delegate" link="ms-help://MS.NETFrameworkSDKv1.1/cpref/html/frlrfsystemdataodbcodbcinfomessageeventhandlerClassTopic.htm" ismsdn="true" />
  <HelpFolder name="OdbcMetaDataCollectionNames class" link="ms-help://MS.NETFrameworkSDKv1.1/cpref/html/frlrfsystemdataodbcodbcmetadatacollectionnamesClassTopic.htm" ismsdn="true">
    <HelpTopic name="OdbcMetaDataCollectionNames members" link="ms-help://MS.NETFrameworkSDKv1.1/cpref/html/frlrfsystemdataodbcodbcmetadatacollectionnamesMembersTopic.htm" ismsdn="true" />
    <HelpFolder name="Fields" link="ms-help://MS.NETFrameworkSDKv1.1/cpref/html/frlrfsystemdataodbcodbcmetadatacollectionnamesFieldsTopic.htm" ismsdn="true">
      <HelpTopic name="Columns" link="ms-help://MS.NETFrameworkSDKv1.1/cpref/html/frlrfsystemdataodbcodbcmetadatacollectionnamesclassColumnsTopic.htm" ismsdn="true" />
      <HelpTopic name="Indexes" link="ms-help://MS.NETFrameworkSDKv1.1/cpref/html/frlrfsystemdataodbcodbcmetadatacollectionnamesclassIndexesTopic.htm" ismsdn="true" />
      <HelpTopic name="Procedures" link="ms-help://MS.NETFrameworkSDKv1.1/cpref/html/frlrfsystemdataodbcodbcmetadatacollectionnamesclassProceduresTopic.htm" ismsdn="true" />
      <HelpTopic name="ProcedureColumns" link="ms-help://MS.NETFrameworkSDKv1.1/cpref/html/frlrfsystemdataodbcodbcmetadatacollectionnamesclassProcedureColumnsTopic.htm" ismsdn="true" />
      <HelpTopic name="ProcedureParameters" link="ms-help://MS.NETFrameworkSDKv1.1/cpref/html/frlrfsystemdataodbcodbcmetadatacollectionnamesclassProcedureParametersTopic.htm" ismsdn="true" />
      <HelpTopic name="Tables" link="ms-help://MS.NETFrameworkSDKv1.1/cpref/html/frlrfsystemdataodbcodbcmetadatacollectionnamesclassTablesTopic.htm" ismsdn="true" />
      <HelpTopic name="Views" link="ms-help://MS.NETFrameworkSDKv1.1/cpref/html/frlrfsystemdataodbcodbcmetadatacollectionnamesclassViewsTopic.htm" ismsdn="true" />
    </HelpFolder>
  </HelpFolder>
  <HelpFolder name="OdbcMetaDataColumnNames class" link="ms-help://MS.NETFrameworkSDKv1.1/cpref/html/frlrfsystemdataodbcodbcmetadatacolumnnamesClassTopic.htm" ismsdn="true">
    <HelpTopic name="OdbcMetaDataColumnNames members" link="ms-help://MS.NETFrameworkSDKv1.1/cpref/html/frlrfsystemdataodbcodbcmetadatacolumnnamesMembersTopic.htm" ismsdn="true" />
    <HelpFolder name="Fields" link="ms-help://MS.NETFrameworkSDKv1.1/cpref/html/frlrfsystemdataodbcodbcmetadatacolumnnamesFieldsTopic.htm" ismsdn="true">
      <HelpTopic name="BooleanFalseLiteral" link="ms-help://MS.NETFrameworkSDKv1.1/cpref/html/frlrfsystemdataodbcodbcmetadatacolumnnamesclassBooleanFalseLiteralTopic.htm" ismsdn="true" />
      <HelpTopic name="BooleanTrueLiteral" link="ms-help://MS.NETFrameworkSDKv1.1/cpref/html/frlrfsystemdataodbcodbcmetadatacolumnnamesclassBooleanTrueLiteralTopic.htm" ismsdn="true" />
      <HelpTopic name="SQLType" link="ms-help://MS.NETFrameworkSDKv1.1/cpref/html/frlrfsystemdataodbcodbcmetadatacolumnnamesclassSQLTypeTopic.htm" ismsdn="true" />
    </HelpFolder>
  </HelpFolder>
  <HelpFolder name="OdbcParameter class" link="ms-help://MS.NETFrameworkSDKv1.1/cpref/html/frlrfsystemdataodbcodbcparameterClassTopic.htm" ismsdn="true">
    <HelpTopic name="OdbcParameter members" link="ms-help://MS.NETFrameworkSDKv1.1/cpref/html/frlrfsystemdataodbcodbcparameterMembersTopic.htm" ismsdn="true" />
    <HelpFolder name="Constructors" link="ms-help://MS.NETFrameworkSDKv1.1/cpref/html/frlrfsystemdataodbcodbcparameterclassctorTopic.htm" ismsdn="true">
      <HelpTopic name=".ctor()" link="ms-help://MS.NETFrameworkSDKv1.1/cpref/html/frlrfsystemdataodbcodbcparameterclassctorTopic1.htm" ismsdn="true" />
      <HelpTopic name=".ctor(System.String, System.Object)" link="ms-help://MS.NETFrameworkSDKv1.1/cpref/html/frlrfsystemdataodbcodbcparameterclassctorTopic1.htm" ismsdn="true" />
      <HelpTopic name=".ctor(System.String, System.Data.Odbc.OdbcType)" link="ms-help://MS.NETFrameworkSDKv1.1/cpref/html/frlrfsystemdataodbcodbcparameterclassctorTopic2.htm" ismsdn="true" />
      <HelpTopic name=".ctor(System.String, System.Data.Odbc.OdbcType, System.Int32)" link="ms-help://MS.NETFrameworkSDKv1.1/cpref/html/frlrfsystemdataodbcodbcparameterclassctorTopic3.htm" ismsdn="true" />
      <HelpTopic name=".ctor(System.String, System.Data.Odbc.OdbcType, System.Int32, System.String)" link="ms-help://MS.NETFrameworkSDKv1.1/cpref/html/frlrfsystemdataodbcodbcparameterclassctorTopic4.htm" ismsdn="true" />
      <HelpTopic name=".ctor(System.String, System.Data.Odbc.OdbcType, System.Int32, System.Data.ParameterDirection, System.Boolean, System.Byte, System.Byte, System.String, System.Data.DataRowVersion, System.Object)" link="ms-help://MS.NETFrameworkSDKv1.1/cpref/html/frlrfsystemdataodbcodbcparameterclassctorTopic5.htm" ismsdn="true" />
      <HelpTopic name=".ctor(System.String, System.Data.Odbc.OdbcType, System.Int32, System.Data.ParameterDirection, System.Byte, System.Byte, System.String, System.Data.DataRowVersion, System.Boolean, System.Object)" link="ms-help://MS.NETFrameworkSDKv1.1/cpref/html/frlrfsystemdataodbcodbcparameterclassctorTopic6.htm" ismsdn="true" />
    </HelpFolder>
    <HelpFolder name="Methods" link="ms-help://MS.NETFrameworkSDKv1.1/cpref/html/frlrfsystemdataodbcodbcparameterMethodsTopic.htm" ismsdn="true">
      <HelpTopic name="ResetDbType()" link="ms-help://MS.NETFrameworkSDKv1.1/cpref/html/frlrfsystemdataodbcodbcparameterclassResetDbTypeTopic.htm" ismsdn="true" />
      <HelpTopic name="ResetOdbcType()" link="ms-help://MS.NETFrameworkSDKv1.1/cpref/html/frlrfsystemdataodbcodbcparameterclassResetOdbcTypeTopic.htm" ismsdn="true" />
      <HelpTopic name="ToString()" link="ms-help://MS.NETFrameworkSDKv1.1/cpref/html/frlrfsystemdataodbcodbcparameterclassToStringTopic.htm" ismsdn="true" />
    </HelpFolder>
    <HelpFolder name="Properties" link="ms-help://MS.NETFrameworkSDKv1.1/cpref/html/frlrfsystemdataodbcodbcparameterPropertiesTopic.htm" ismsdn="true">
      <HelpTopic name="DbType" link="ms-help://MS.NETFrameworkSDKv1.1/cpref/html/frlrfsystemdataodbcodbcparameterclassDbTypeTopic.htm" ismsdn="true" />
      <HelpTopic name="OdbcType" link="ms-help://MS.NETFrameworkSDKv1.1/cpref/html/frlrfsystemdataodbcodbcparameterclassOdbcTypeTopic.htm" ismsdn="true" />
      <HelpTopic name="ParameterName" link="ms-help://MS.NETFrameworkSDKv1.1/cpref/html/frlrfsystemdataodbcodbcparameterclassParameterNameTopic.htm" ismsdn="true" />
      <HelpTopic name="Precision" link="ms-help://MS.NETFrameworkSDKv1.1/cpref/html/frlrfsystemdataodbcodbcparameterclassPrecisionTopic.htm" ismsdn="true" />
      <HelpTopic name="Scale" link="ms-help://MS.NETFrameworkSDKv1.1/cpref/html/frlrfsystemdataodbcodbcparameterclassScaleTopic.htm" ismsdn="true" />
      <HelpTopic name="Value" link="ms-help://MS.NETFrameworkSDKv1.1/cpref/html/frlrfsystemdataodbcodbcparameterclassValueTopic.htm" ismsdn="true" />
      <HelpTopic name="Direction" link="ms-help://MS.NETFrameworkSDKv1.1/cpref/html/frlrfsystemdataodbcodbcparameterclassDirectionTopic.htm" ismsdn="true" />
      <HelpTopic name="IsNullable" link="ms-help://MS.NETFrameworkSDKv1.1/cpref/html/frlrfsystemdataodbcodbcparameterclassIsNullableTopic.htm" ismsdn="true" />
      <HelpTopic name="Size" link="ms-help://MS.NETFrameworkSDKv1.1/cpref/html/frlrfsystemdataodbcodbcparameterclassSizeTopic.htm" ismsdn="true" />
      <HelpTopic name="SourceColumn" link="ms-help://MS.NETFrameworkSDKv1.1/cpref/html/frlrfsystemdataodbcodbcparameterclassSourceColumnTopic.htm" ismsdn="true" />
      <HelpTopic name="SourceColumnNullMapping" link="ms-help://MS.NETFrameworkSDKv1.1/cpref/html/frlrfsystemdataodbcodbcparameterclassSourceColumnNullMappingTopic.htm" ismsdn="true" />
      <HelpTopic name="SourceVersion" link="ms-help://MS.NETFrameworkSDKv1.1/cpref/html/frlrfsystemdataodbcodbcparameterclassSourceVersionTopic.htm" ismsdn="true" />
    </HelpFolder>
  </HelpFolder>
  <HelpFolder name="OdbcParameterCollection class" link="ms-help://MS.NETFrameworkSDKv1.1/cpref/html/frlrfsystemdataodbcodbcparametercollectionClassTopic.htm" ismsdn="true">
    <HelpTopic name="OdbcParameterCollection members" link="ms-help://MS.NETFrameworkSDKv1.1/cpref/html/frlrfsystemdataodbcodbcparametercollectionMembersTopic.htm" ismsdn="true" />
    <HelpFolder name="Methods" link="ms-help://MS.NETFrameworkSDKv1.1/cpref/html/frlrfsystemdataodbcodbcparametercollectionMethodsTopic.htm" ismsdn="true">
      <HelpTopic name="Add(System.Data.Odbc.OdbcParameter)" link="ms-help://MS.NETFrameworkSDKv1.1/cpref/html/frlrfsystemdataodbcodbcparametercollectionclassAddTopic1.htm" ismsdn="true" />
      <HelpTopic name="Add(System.String, System.Object)" link="ms-help://MS.NETFrameworkSDKv1.1/cpref/html/frlrfsystemdataodbcodbcparametercollectionclassAddTopic2.htm" ismsdn="true" />
      <HelpTopic name="AddWithValue(System.String, System.Object)" link="ms-help://MS.NETFrameworkSDKv1.1/cpref/html/frlrfsystemdataodbcodbcparametercollectionclassAddWithValueTopic.htm" ismsdn="true" />
      <HelpTopic name="Add(System.String, System.Data.Odbc.OdbcType)" link="ms-help://MS.NETFrameworkSDKv1.1/cpref/html/frlrfsystemdataodbcodbcparametercollectionclassAddTopic1.htm" ismsdn="true" />
      <HelpTopic name="Add(System.String, System.Data.Odbc.OdbcType, System.Int32)" link="ms-help://MS.NETFrameworkSDKv1.1/cpref/html/frlrfsystemdataodbcodbcparametercollectionclassAddTopic2.htm" ismsdn="true" />
      <HelpTopic name="Add(System.String, System.Data.Odbc.OdbcType, System.Int32, System.String)" link="ms-help://MS.NETFrameworkSDKv1.1/cpref/html/frlrfsystemdataodbcodbcparametercollectionclassAddTopic3.htm" ismsdn="true" />
      <HelpTopic name="AddRange(System.Data.Odbc.OdbcParameter[])" link="ms-help://MS.NETFrameworkSDKv1.1/cpref/html/frlrfsystemdataodbcodbcparametercollectionclassAddRangeTopic.htm" ismsdn="true" />
      <HelpTopic name="Contains(System.String)" link="ms-help://MS.NETFrameworkSDKv1.1/cpref/html/frlrfsystemdataodbcodbcparametercollectionclassContainsTopic1.htm" ismsdn="true" />
      <HelpTopic name="Contains(System.Data.Odbc.OdbcParameter)" link="ms-help://MS.NETFrameworkSDKv1.1/cpref/html/frlrfsystemdataodbcodbcparametercollectionclassContainsTopic2.htm" ismsdn="true" />
      <HelpTopic name="CopyTo(System.Data.Odbc.OdbcParameter[], System.Int32)" link="ms-help://MS.NETFrameworkSDKv1.1/cpref/html/frlrfsystemdataodbcodbcparametercollectionclassCopyToTopic.htm" ismsdn="true" />
      <HelpTopic name="IndexOf(System.Data.Odbc.OdbcParameter)" link="ms-help://MS.NETFrameworkSDKv1.1/cpref/html/frlrfsystemdataodbcodbcparametercollectionclassIndexOfTopic.htm" ismsdn="true" />
      <HelpTopic name="Insert(System.Int32, System.Data.Odbc.OdbcParameter)" link="ms-help://MS.NETFrameworkSDKv1.1/cpref/html/frlrfsystemdataodbcodbcparametercollectionclassInsertTopic.htm" ismsdn="true" />
      <HelpTopic name="Remove(System.Data.Odbc.OdbcParameter)" link="ms-help://MS.NETFrameworkSDKv1.1/cpref/html/frlrfsystemdataodbcodbcparametercollectionclassRemoveTopic.htm" ismsdn="true" />
      <HelpTopic name="Add(System.Object)" link="ms-help://MS.NETFrameworkSDKv1.1/cpref/html/frlrfsystemdataodbcodbcparametercollectionclassAddTopic.htm" ismsdn="true" />
      <HelpTopic name="AddRange(System.Array)" link="ms-help://MS.NETFrameworkSDKv1.1/cpref/html/frlrfsystemdataodbcodbcparametercollectionclassAddRangeTopic.htm" ismsdn="true" />
      <HelpTopic name="Clear()" link="ms-help://MS.NETFrameworkSDKv1.1/cpref/html/frlrfsystemdataodbcodbcparametercollectionclassClearTopic.htm" ismsdn="true" />
      <HelpTopic name="Contains(System.Object)" link="ms-help://MS.NETFrameworkSDKv1.1/cpref/html/frlrfsystemdataodbcodbcparametercollectionclassContainsTopic.htm" ismsdn="true" />
      <HelpTopic name="CopyTo(System.Array, System.Int32)" link="ms-help://MS.NETFrameworkSDKv1.1/cpref/html/frlrfsystemdataodbcodbcparametercollectionclassCopyToTopic.htm" ismsdn="true" />
      <HelpTopic name="GetEnumerator()" link="ms-help://MS.NETFrameworkSDKv1.1/cpref/html/frlrfsystemdataodbcodbcparametercollectionclassGetEnumeratorTopic.htm" ismsdn="true" />
      <HelpTopic name="IndexOf(System.String)" link="ms-help://MS.NETFrameworkSDKv1.1/cpref/html/frlrfsystemdataodbcodbcparametercollectionclassIndexOfTopic1.htm" ismsdn="true" />
      <HelpTopic name="IndexOf(System.Object)" link="ms-help://MS.NETFrameworkSDKv1.1/cpref/html/frlrfsystemdataodbcodbcparametercollectionclassIndexOfTopic2.htm" ismsdn="true" />
      <HelpTopic name="Insert(System.Int32, System.Object)" link="ms-help://MS.NETFrameworkSDKv1.1/cpref/html/frlrfsystemdataodbcodbcparametercollectionclassInsertTopic.htm" ismsdn="true" />
      <HelpTopic name="Remove(System.Object)" link="ms-help://MS.NETFrameworkSDKv1.1/cpref/html/frlrfsystemdataodbcodbcparametercollectionclassRemoveTopic.htm" ismsdn="true" />
      <HelpTopic name="RemoveAt(System.Int32)" link="ms-help://MS.NETFrameworkSDKv1.1/cpref/html/frlrfsystemdataodbcodbcparametercollectionclassRemoveAtTopic1.htm" ismsdn="true" />
      <HelpTopic name="RemoveAt(System.String)" link="ms-help://MS.NETFrameworkSDKv1.1/cpref/html/frlrfsystemdataodbcodbcparametercollectionclassRemoveAtTopic2.htm" ismsdn="true" />
    </HelpFolder>
    <HelpFolder name="Properties" link="ms-help://MS.NETFrameworkSDKv1.1/cpref/html/frlrfsystemdataodbcodbcparametercollectionPropertiesTopic.htm" ismsdn="true">
      <HelpTopic name="Item" link="ms-help://MS.NETFrameworkSDKv1.1/cpref/html/frlrfsystemdataodbcodbcparametercollectionclassItemTopic.htm" ismsdn="true" />
      <HelpTopic name="Item" link="ms-help://MS.NETFrameworkSDKv1.1/cpref/html/frlrfsystemdataodbcodbcparametercollectionclassItemTopic.htm" ismsdn="true" />
      <HelpTopic name="Count" link="ms-help://MS.NETFrameworkSDKv1.1/cpref/html/frlrfsystemdataodbcodbcparametercollectionclassCountTopic.htm" ismsdn="true" />
      <HelpTopic name="IsFixedSize" link="ms-help://MS.NETFrameworkSDKv1.1/cpref/html/frlrfsystemdataodbcodbcparametercollectionclassIsFixedSizeTopic.htm" ismsdn="true" />
      <HelpTopic name="IsReadOnly" link="ms-help://MS.NETFrameworkSDKv1.1/cpref/html/frlrfsystemdataodbcodbcparametercollectionclassIsReadOnlyTopic.htm" ismsdn="true" />
      <HelpTopic name="IsSynchronized" link="ms-help://MS.NETFrameworkSDKv1.1/cpref/html/frlrfsystemdataodbcodbcparametercollectionclassIsSynchronizedTopic.htm" ismsdn="true" />
      <HelpTopic name="SyncRoot" link="ms-help://MS.NETFrameworkSDKv1.1/cpref/html/frlrfsystemdataodbcodbcparametercollectionclassSyncRootTopic.htm" ismsdn="true" />
    </HelpFolder>
  </HelpFolder>
  <HelpFolder name="OdbcPermission class" link="ms-help://MS.NETFrameworkSDKv1.1/cpref/html/frlrfsystemdataodbcodbcpermissionClassTopic.htm" ismsdn="true">
    <HelpTopic name="OdbcPermission members" link="ms-help://MS.NETFrameworkSDKv1.1/cpref/html/frlrfsystemdataodbcodbcpermissionMembersTopic.htm" ismsdn="true" />
    <HelpFolder name="Constructors" link="ms-help://MS.NETFrameworkSDKv1.1/cpref/html/frlrfsystemdataodbcodbcpermissionclassctorTopic.htm" ismsdn="true">
      <HelpTopic name=".ctor()" link="ms-help://MS.NETFrameworkSDKv1.1/cpref/html/frlrfsystemdataodbcodbcpermissionclassctorTopic1.htm" ismsdn="true" />
      <HelpTopic name=".ctor(System.Security.Permissions.PermissionState)" link="ms-help://MS.NETFrameworkSDKv1.1/cpref/html/frlrfsystemdataodbcodbcpermissionclassctorTopic1.htm" ismsdn="true" />
      <HelpTopic name=".ctor(System.Security.Permissions.PermissionState, System.Boolean)" link="ms-help://MS.NETFrameworkSDKv1.1/cpref/html/frlrfsystemdataodbcodbcpermissionclassctorTopic2.htm" ismsdn="true" />
    </HelpFolder>
    <HelpFolder name="Methods" link="ms-help://MS.NETFrameworkSDKv1.1/cpref/html/frlrfsystemdataodbcodbcpermissionMethodsTopic.htm" ismsdn="true">
      <HelpTopic name="Add(System.String, System.String, System.Data.KeyRestrictionBehavior)" link="ms-help://MS.NETFrameworkSDKv1.1/cpref/html/frlrfsystemdataodbcodbcpermissionclassAddTopic.htm" ismsdn="true" />
      <HelpTopic name="Copy()" link="ms-help://MS.NETFrameworkSDKv1.1/cpref/html/frlrfsystemdataodbcodbcpermissionclassCopyTopic.htm" ismsdn="true" />
    </HelpFolder>
  </HelpFolder>
  <HelpFolder name="OdbcPermissionAttribute class" link="ms-help://MS.NETFrameworkSDKv1.1/cpref/html/frlrfsystemdataodbcodbcpermissionattributeClassTopic.htm" ismsdn="true">
    <HelpTopic name="OdbcPermissionAttribute members" link="ms-help://MS.NETFrameworkSDKv1.1/cpref/html/frlrfsystemdataodbcodbcpermissionattributeMembersTopic.htm" ismsdn="true" />
    <HelpFolder name="Constructors" link="ms-help://MS.NETFrameworkSDKv1.1/cpref/html/frlrfsystemdataodbcodbcpermissionattributeclassctorTopic.htm" ismsdn="true">
      <HelpTopic name=".ctor(System.Security.Permissions.SecurityAction)" link="ms-help://MS.NETFrameworkSDKv1.1/cpref/html/frlrfsystemdataodbcodbcpermissionattributeclassctorTopic.htm" ismsdn="true" />
    </HelpFolder>
    <HelpFolder name="Methods" link="ms-help://MS.NETFrameworkSDKv1.1/cpref/html/frlrfsystemdataodbcodbcpermissionattributeMethodsTopic.htm" ismsdn="true">
      <HelpTopic name="CreatePermission()" link="ms-help://MS.NETFrameworkSDKv1.1/cpref/html/frlrfsystemdataodbcodbcpermissionattributeclassCreatePermissionTopic.htm" ismsdn="true" />
    </HelpFolder>
  </HelpFolder>
  <HelpFolder name="OdbcRowUpdatedEventArgs class" link="ms-help://MS.NETFrameworkSDKv1.1/cpref/html/frlrfsystemdataodbcodbcrowupdatedeventargsClassTopic.htm" ismsdn="true">
    <HelpTopic name="OdbcRowUpdatedEventArgs members" link="ms-help://MS.NETFrameworkSDKv1.1/cpref/html/frlrfsystemdataodbcodbcrowupdatedeventargsMembersTopic.htm" ismsdn="true" />
    <HelpFolder name="Constructors" link="ms-help://MS.NETFrameworkSDKv1.1/cpref/html/frlrfsystemdataodbcodbcrowupdatedeventargsclassctorTopic.htm" ismsdn="true">
      <HelpTopic name=".ctor(System.Data.DataRow, System.Data.IDbCommand, System.Data.StatementType, System.Data.Common.DataTableMapping)" link="ms-help://MS.NETFrameworkSDKv1.1/cpref/html/frlrfsystemdataodbcodbcrowupdatedeventargsclassctorTopic.htm" ismsdn="true" />
    </HelpFolder>
    <HelpFolder name="Properties" link="ms-help://MS.NETFrameworkSDKv1.1/cpref/html/frlrfsystemdataodbcodbcrowupdatedeventargsPropertiesTopic.htm" ismsdn="true">
      <HelpTopic name="Command" link="ms-help://MS.NETFrameworkSDKv1.1/cpref/html/frlrfsystemdataodbcodbcrowupdatedeventargsclassCommandTopic.htm" ismsdn="true" />
    </HelpFolder>
  </HelpFolder>
  <HelpTopic name="OdbcRowUpdatedEventHandler delegate" link="ms-help://MS.NETFrameworkSDKv1.1/cpref/html/frlrfsystemdataodbcodbcrowupdatedeventhandlerClassTopic.htm" ismsdn="true" />
  <HelpFolder name="OdbcRowUpdatingEventArgs class" link="ms-help://MS.NETFrameworkSDKv1.1/cpref/html/frlrfsystemdataodbcodbcrowupdatingeventargsClassTopic.htm" ismsdn="true">
    <HelpTopic name="OdbcRowUpdatingEventArgs members" link="ms-help://MS.NETFrameworkSDKv1.1/cpref/html/frlrfsystemdataodbcodbcrowupdatingeventargsMembersTopic.htm" ismsdn="true" />
    <HelpFolder name="Constructors" link="ms-help://MS.NETFrameworkSDKv1.1/cpref/html/frlrfsystemdataodbcodbcrowupdatingeventargsclassctorTopic.htm" ismsdn="true">
      <HelpTopic name=".ctor(System.Data.DataRow, System.Data.IDbCommand, System.Data.StatementType, System.Data.Common.DataTableMapping)" link="ms-help://MS.NETFrameworkSDKv1.1/cpref/html/frlrfsystemdataodbcodbcrowupdatingeventargsclassctorTopic.htm" ismsdn="true" />
    </HelpFolder>
    <HelpFolder name="Properties" link="ms-help://MS.NETFrameworkSDKv1.1/cpref/html/frlrfsystemdataodbcodbcrowupdatingeventargsPropertiesTopic.htm" ismsdn="true">
      <HelpTopic name="Command" link="ms-help://MS.NETFrameworkSDKv1.1/cpref/html/frlrfsystemdataodbcodbcrowupdatingeventargsclassCommandTopic.htm" ismsdn="true" />
    </HelpFolder>
  </HelpFolder>
  <HelpTopic name="OdbcRowUpdatingEventHandler delegate" link="ms-help://MS.NETFrameworkSDKv1.1/cpref/html/frlrfsystemdataodbcodbcrowupdatingeventhandlerClassTopic.htm" ismsdn="true" />
  <HelpFolder name="OdbcTransaction class" link="ms-help://MS.NETFrameworkSDKv1.1/cpref/html/frlrfsystemdataodbcodbctransactionClassTopic.htm" ismsdn="true">
    <HelpTopic name="OdbcTransaction members" link="ms-help://MS.NETFrameworkSDKv1.1/cpref/html/frlrfsystemdataodbcodbctransactionMembersTopic.htm" ismsdn="true" />
    <HelpFolder name="Methods" link="ms-help://MS.NETFrameworkSDKv1.1/cpref/html/frlrfsystemdataodbcodbctransactionMethodsTopic.htm" ismsdn="true">
      <HelpTopic name="Commit()" link="ms-help://MS.NETFrameworkSDKv1.1/cpref/html/frlrfsystemdataodbcodbctransactionclassCommitTopic.htm" ismsdn="true" />
      <HelpTopic name="Rollback()" link="ms-help://MS.NETFrameworkSDKv1.1/cpref/html/frlrfsystemdataodbcodbctransactionclassRollbackTopic.htm" ismsdn="true" />
    </HelpFolder>
    <HelpFolder name="Properties" link="ms-help://MS.NETFrameworkSDKv1.1/cpref/html/frlrfsystemdataodbcodbctransactionPropertiesTopic.htm" ismsdn="true">
      <HelpTopic name="Connection" link="ms-help://MS.NETFrameworkSDKv1.1/cpref/html/frlrfsystemdataodbcodbctransactionclassConnectionTopic.htm" ismsdn="true" />
      <HelpTopic name="IsolationLevel" link="ms-help://MS.NETFrameworkSDKv1.1/cpref/html/frlrfsystemdataodbcodbctransactionclassIsolationLevelTopic.htm" ismsdn="true" />
    </HelpFolder>
  </HelpFolder>
  <HelpTopic name="OdbcType enumeration" link="ms-help://MS.NETFrameworkSDKv1.1/cpref/html/frlrfsystemdataodbcodbctypeClassTopic.htm" ismsdn="true" />
</HelpCollection>