<HelpCollection>
  <HelpFolder name="Formatter class" link="ms-help://MS.NETFrameworkSDKv1.1/cpref/html/frlrfsystemruntimeserializationformatterClassTopic.htm" ismsdn="true">
    <HelpTopic name="Formatter members" link="ms-help://MS.NETFrameworkSDKv1.1/cpref/html/frlrfsystemruntimeserializationformatterMembersTopic.htm" ismsdn="true" />
    <HelpFolder name="Methods" link="ms-help://MS.NETFrameworkSDKv1.1/cpref/html/frlrfsystemruntimeserializationformatterMethodsTopic.htm" ismsdn="true">
      <HelpTopic name="Serialize(System.IO.Stream, System.Object)" link="ms-help://MS.NETFrameworkSDKv1.1/cpref/html/frlrfsystemruntimeserializationformatterclassSerializeTopic.htm" ismsdn="true" />
      <HelpTopic name="Deserialize(System.IO.Stream)" link="ms-help://MS.NETFrameworkSDKv1.1/cpref/html/frlrfsystemruntimeserializationformatterclassDeserializeTopic.htm" ismsdn="true" />
    </HelpFolder>
    <HelpFolder name="Properties" link="ms-help://MS.NETFrameworkSDKv1.1/cpref/html/frlrfsystemruntimeserializationformatterPropertiesTopic.htm" ismsdn="true">
      <HelpTopic name="SurrogateSelector" link="ms-help://MS.NETFrameworkSDKv1.1/cpref/html/frlrfsystemruntimeserializationformatterclassSurrogateSelectorTopic.htm" ismsdn="true" />
      <HelpTopic name="Binder" link="ms-help://MS.NETFrameworkSDKv1.1/cpref/html/frlrfsystemruntimeserializationformatterclassBinderTopic.htm" ismsdn="true" />
      <HelpTopic name="Context" link="ms-help://MS.NETFrameworkSDKv1.1/cpref/html/frlrfsystemruntimeserializationformatterclassContextTopic.htm" ismsdn="true" />
    </HelpFolder>
  </HelpFolder>
  <HelpFolder name="FormatterConverter class" link="ms-help://MS.NETFrameworkSDKv1.1/cpref/html/frlrfsystemruntimeserializationformatterconverterClassTopic.htm" ismsdn="true">
    <HelpTopic name="FormatterConverter members" link="ms-help://MS.NETFrameworkSDKv1.1/cpref/html/frlrfsystemruntimeserializationformatterconverterMembersTopic.htm" ismsdn="true" />
    <HelpFolder name="Constructors" link="ms-help://MS.NETFrameworkSDKv1.1/cpref/html/frlrfsystemruntimeserializationformatterconverterclassctorTopic.htm" ismsdn="true">
      <HelpTopic name=".ctor()" link="ms-help://MS.NETFrameworkSDKv1.1/cpref/html/frlrfsystemruntimeserializationformatterconverterclassctorTopic.htm" ismsdn="true" />
    </HelpFolder>
    <HelpFolder name="Methods" link="ms-help://MS.NETFrameworkSDKv1.1/cpref/html/frlrfsystemruntimeserializationformatterconverterMethodsTopic.htm" ismsdn="true">
      <HelpTopic name="ToString(System.Object)" link="ms-help://MS.NETFrameworkSDKv1.1/cpref/html/frlrfsystemruntimeserializationformatterconverterclassToStringTopic.htm" ismsdn="true" />
      <HelpTopic name="ToDateTime(System.Object)" link="ms-help://MS.NETFrameworkSDKv1.1/cpref/html/frlrfsystemruntimeserializationformatterconverterclassToDateTimeTopic.htm" ismsdn="true" />
      <HelpTopic name="ToDecimal(System.Object)" link="ms-help://MS.NETFrameworkSDKv1.1/cpref/html/frlrfsystemruntimeserializationformatterconverterclassToDecimalTopic.htm" ismsdn="true" />
      <HelpTopic name="ToDouble(System.Object)" link="ms-help://MS.NETFrameworkSDKv1.1/cpref/html/frlrfsystemruntimeserializationformatterconverterclassToDoubleTopic.htm" ismsdn="true" />
      <HelpTopic name="ToSingle(System.Object)" link="ms-help://MS.NETFrameworkSDKv1.1/cpref/html/frlrfsystemruntimeserializationformatterconverterclassToSingleTopic.htm" ismsdn="true" />
      <HelpTopic name="ToUInt64(System.Object)" link="ms-help://MS.NETFrameworkSDKv1.1/cpref/html/frlrfsystemruntimeserializationformatterconverterclassToUInt64Topic.htm" ismsdn="true" />
      <HelpTopic name="ToInt64(System.Object)" link="ms-help://MS.NETFrameworkSDKv1.1/cpref/html/frlrfsystemruntimeserializationformatterconverterclassToInt64Topic.htm" ismsdn="true" />
      <HelpTopic name="ToUInt32(System.Object)" link="ms-help://MS.NETFrameworkSDKv1.1/cpref/html/frlrfsystemruntimeserializationformatterconverterclassToUInt32Topic.htm" ismsdn="true" />
      <HelpTopic name="ToInt32(System.Object)" link="ms-help://MS.NETFrameworkSDKv1.1/cpref/html/frlrfsystemruntimeserializationformatterconverterclassToInt32Topic.htm" ismsdn="true" />
      <HelpTopic name="ToUInt16(System.Object)" link="ms-help://MS.NETFrameworkSDKv1.1/cpref/html/frlrfsystemruntimeserializationformatterconverterclassToUInt16Topic.htm" ismsdn="true" />
      <HelpTopic name="ToInt16(System.Object)" link="ms-help://MS.NETFrameworkSDKv1.1/cpref/html/frlrfsystemruntimeserializationformatterconverterclassToInt16Topic.htm" ismsdn="true" />
      <HelpTopic name="ToByte(System.Object)" link="ms-help://MS.NETFrameworkSDKv1.1/cpref/html/frlrfsystemruntimeserializationformatterconverterclassToByteTopic.htm" ismsdn="true" />
      <HelpTopic name="ToSByte(System.Object)" link="ms-help://MS.NETFrameworkSDKv1.1/cpref/html/frlrfsystemruntimeserializationformatterconverterclassToSByteTopic.htm" ismsdn="true" />
      <HelpTopic name="ToChar(System.Object)" link="ms-help://MS.NETFrameworkSDKv1.1/cpref/html/frlrfsystemruntimeserializationformatterconverterclassToCharTopic.htm" ismsdn="true" />
      <HelpTopic name="ToBoolean(System.Object)" link="ms-help://MS.NETFrameworkSDKv1.1/cpref/html/frlrfsystemruntimeserializationformatterconverterclassToBooleanTopic.htm" ismsdn="true" />
      <HelpTopic name="Convert(System.Object, System.TypeCode)" link="ms-help://MS.NETFrameworkSDKv1.1/cpref/html/frlrfsystemruntimeserializationformatterconverterclassConvertTopic1.htm" ismsdn="true" />
      <HelpTopic name="Convert(System.Object, System.Type)" link="ms-help://MS.NETFrameworkSDKv1.1/cpref/html/frlrfsystemruntimeserializationformatterconverterclassConvertTopic2.htm" ismsdn="true" />
    </HelpFolder>
  </HelpFolder>
  <HelpFolder name="FormatterServices class" link="ms-help://MS.NETFrameworkSDKv1.1/cpref/html/frlrfsystemruntimeserializationformatterservicesClassTopic.htm" ismsdn="true">
    <HelpTopic name="FormatterServices members" link="ms-help://MS.NETFrameworkSDKv1.1/cpref/html/frlrfsystemruntimeserializationformatterservicesMembersTopic.htm" ismsdn="true" />
    <HelpFolder name="Methods" link="ms-help://MS.NETFrameworkSDKv1.1/cpref/html/frlrfsystemruntimeserializationformatterservicesMethodsTopic.htm" ismsdn="true">
      <HelpTopic name="GetSerializableMembers(System.Type)" link="ms-help://MS.NETFrameworkSDKv1.1/cpref/html/frlrfsystemruntimeserializationformatterservicesclassGetSerializableMembersTopic0.htm" ismsdn="true" />
      <HelpTopic name="GetSerializableMembers(System.Type, System.Runtime.Serialization.StreamingContext)" link="ms-help://MS.NETFrameworkSDKv1.1/cpref/html/frlrfsystemruntimeserializationformatterservicesclassGetSerializableMembersTopic1.htm" ismsdn="true" />
      <HelpTopic name="CheckTypeSecurity(System.Type, System.Runtime.Serialization.Formatters.TypeFilterLevel)" link="ms-help://MS.NETFrameworkSDKv1.1/cpref/html/frlrfsystemruntimeserializationformatterservicesclassCheckTypeSecurityTopic.htm" ismsdn="true" />
      <HelpTopic name="GetUninitializedObject(System.Type)" link="ms-help://MS.NETFrameworkSDKv1.1/cpref/html/frlrfsystemruntimeserializationformatterservicesclassGetUninitializedObjectTopic.htm" ismsdn="true" />
      <HelpTopic name="GetSafeUninitializedObject(System.Type)" link="ms-help://MS.NETFrameworkSDKv1.1/cpref/html/frlrfsystemruntimeserializationformatterservicesclassGetSafeUninitializedObjectTopic.htm" ismsdn="true" />
      <HelpTopic name="PopulateObjectMembers(System.Object, System.Reflection.MemberInfo[], System.Object[])" link="ms-help://MS.NETFrameworkSDKv1.1/cpref/html/frlrfsystemruntimeserializationformatterservicesclassPopulateObjectMembersTopic.htm" ismsdn="true" />
      <HelpTopic name="GetObjectData(System.Object, System.Reflection.MemberInfo[])" link="ms-help://MS.NETFrameworkSDKv1.1/cpref/html/frlrfsystemruntimeserializationformatterservicesclassGetObjectDataTopic.htm" ismsdn="true" />
      <HelpTopic name="GetTypeFromAssembly(System.Reflection.Assembly, System.String)" link="ms-help://MS.NETFrameworkSDKv1.1/cpref/html/frlrfsystemruntimeserializationformatterservicesclassGetTypeFromAssemblyTopic.htm" ismsdn="true" />
    </HelpFolder>
  </HelpFolder>
  <HelpFolder name="IDeserializationCallback interface" link="ms-help://MS.NETFrameworkSDKv1.1/cpref/html/frlrfsystemruntimeserializationideserializationcallbackClassTopic.htm" ismsdn="true">
    <HelpTopic name="IDeserializationCallback members" link="ms-help://MS.NETFrameworkSDKv1.1/cpref/html/frlrfsystemruntimeserializationideserializationcallbackMembersTopic.htm" ismsdn="true" />
    <HelpFolder name="Methods" link="ms-help://MS.NETFrameworkSDKv1.1/cpref/html/frlrfsystemruntimeserializationideserializationcallbackMethodsTopic.htm" ismsdn="true">
      <HelpTopic name="OnDeserialization(System.Object)" link="ms-help://MS.NETFrameworkSDKv1.1/cpref/html/frlrfsystemruntimeserializationideserializationcallbackclassOnDeserializationTopic.htm" ismsdn="true" />
    </HelpFolder>
  </HelpFolder>
  <HelpFolder name="IFormatter interface" link="ms-help://MS.NETFrameworkSDKv1.1/cpref/html/frlrfsystemruntimeserializationiformatterClassTopic.htm" ismsdn="true">
    <HelpTopic name="IFormatter members" link="ms-help://MS.NETFrameworkSDKv1.1/cpref/html/frlrfsystemruntimeserializationiformatterMembersTopic.htm" ismsdn="true" />
    <HelpFolder name="Methods" link="ms-help://MS.NETFrameworkSDKv1.1/cpref/html/frlrfsystemruntimeserializationiformatterMethodsTopic.htm" ismsdn="true">
      <HelpTopic name="Serialize(System.IO.Stream, System.Object)" link="ms-help://MS.NETFrameworkSDKv1.1/cpref/html/frlrfsystemruntimeserializationiformatterclassSerializeTopic.htm" ismsdn="true" />
      <HelpTopic name="Deserialize(System.IO.Stream)" link="ms-help://MS.NETFrameworkSDKv1.1/cpref/html/frlrfsystemruntimeserializationiformatterclassDeserializeTopic.htm" ismsdn="true" />
    </HelpFolder>
    <HelpFolder name="Properties" link="ms-help://MS.NETFrameworkSDKv1.1/cpref/html/frlrfsystemruntimeserializationiformatterPropertiesTopic.htm" ismsdn="true">
      <HelpTopic name="SurrogateSelector" link="ms-help://MS.NETFrameworkSDKv1.1/cpref/html/frlrfsystemruntimeserializationiformatterclassSurrogateSelectorTopic.htm" ismsdn="true" />
      <HelpTopic name="Binder" link="ms-help://MS.NETFrameworkSDKv1.1/cpref/html/frlrfsystemruntimeserializationiformatterclassBinderTopic.htm" ismsdn="true" />
      <HelpTopic name="Context" link="ms-help://MS.NETFrameworkSDKv1.1/cpref/html/frlrfsystemruntimeserializationiformatterclassContextTopic.htm" ismsdn="true" />
    </HelpFolder>
  </HelpFolder>
  <HelpFolder name="IFormatterConverter interface" link="ms-help://MS.NETFrameworkSDKv1.1/cpref/html/frlrfsystemruntimeserializationiformatterconverterClassTopic.htm" ismsdn="true">
    <HelpTopic name="IFormatterConverter members" link="ms-help://MS.NETFrameworkSDKv1.1/cpref/html/frlrfsystemruntimeserializationiformatterconverterMembersTopic.htm" ismsdn="true" />
    <HelpFolder name="Methods" link="ms-help://MS.NETFrameworkSDKv1.1/cpref/html/frlrfsystemruntimeserializationiformatterconverterMethodsTopic.htm" ismsdn="true">
      <HelpTopic name="ToString(System.Object)" link="ms-help://MS.NETFrameworkSDKv1.1/cpref/html/frlrfsystemruntimeserializationiformatterconverterclassToStringTopic.htm" ismsdn="true" />
      <HelpTopic name="ToDateTime(System.Object)" link="ms-help://MS.NETFrameworkSDKv1.1/cpref/html/frlrfsystemruntimeserializationiformatterconverterclassToDateTimeTopic.htm" ismsdn="true" />
      <HelpTopic name="ToDecimal(System.Object)" link="ms-help://MS.NETFrameworkSDKv1.1/cpref/html/frlrfsystemruntimeserializationiformatterconverterclassToDecimalTopic.htm" ismsdn="true" />
      <HelpTopic name="ToDouble(System.Object)" link="ms-help://MS.NETFrameworkSDKv1.1/cpref/html/frlrfsystemruntimeserializationiformatterconverterclassToDoubleTopic.htm" ismsdn="true" />
      <HelpTopic name="ToSingle(System.Object)" link="ms-help://MS.NETFrameworkSDKv1.1/cpref/html/frlrfsystemruntimeserializationiformatterconverterclassToSingleTopic.htm" ismsdn="true" />
      <HelpTopic name="ToUInt64(System.Object)" link="ms-help://MS.NETFrameworkSDKv1.1/cpref/html/frlrfsystemruntimeserializationiformatterconverterclassToUInt64Topic.htm" ismsdn="true" />
      <HelpTopic name="ToInt64(System.Object)" link="ms-help://MS.NETFrameworkSDKv1.1/cpref/html/frlrfsystemruntimeserializationiformatterconverterclassToInt64Topic.htm" ismsdn="true" />
      <HelpTopic name="ToUInt32(System.Object)" link="ms-help://MS.NETFrameworkSDKv1.1/cpref/html/frlrfsystemruntimeserializationiformatterconverterclassToUInt32Topic.htm" ismsdn="true" />
      <HelpTopic name="ToInt32(System.Object)" link="ms-help://MS.NETFrameworkSDKv1.1/cpref/html/frlrfsystemruntimeserializationiformatterconverterclassToInt32Topic.htm" ismsdn="true" />
      <HelpTopic name="ToUInt16(System.Object)" link="ms-help://MS.NETFrameworkSDKv1.1/cpref/html/frlrfsystemruntimeserializationiformatterconverterclassToUInt16Topic.htm" ismsdn="true" />
      <HelpTopic name="ToInt16(System.Object)" link="ms-help://MS.NETFrameworkSDKv1.1/cpref/html/frlrfsystemruntimeserializationiformatterconverterclassToInt16Topic.htm" ismsdn="true" />
      <HelpTopic name="ToByte(System.Object)" link="ms-help://MS.NETFrameworkSDKv1.1/cpref/html/frlrfsystemruntimeserializationiformatterconverterclassToByteTopic.htm" ismsdn="true" />
      <HelpTopic name="ToSByte(System.Object)" link="ms-help://MS.NETFrameworkSDKv1.1/cpref/html/frlrfsystemruntimeserializationiformatterconverterclassToSByteTopic.htm" ismsdn="true" />
      <HelpTopic name="ToChar(System.Object)" link="ms-help://MS.NETFrameworkSDKv1.1/cpref/html/frlrfsystemruntimeserializationiformatterconverterclassToCharTopic.htm" ismsdn="true" />
      <HelpTopic name="ToBoolean(System.Object)" link="ms-help://MS.NETFrameworkSDKv1.1/cpref/html/frlrfsystemruntimeserializationiformatterconverterclassToBooleanTopic.htm" ismsdn="true" />
      <HelpTopic name="Convert(System.Object, System.TypeCode)" link="ms-help://MS.NETFrameworkSDKv1.1/cpref/html/frlrfsystemruntimeserializationiformatterconverterclassConvertTopic1.htm" ismsdn="true" />
      <HelpTopic name="Convert(System.Object, System.Type)" link="ms-help://MS.NETFrameworkSDKv1.1/cpref/html/frlrfsystemruntimeserializationiformatterconverterclassConvertTopic2.htm" ismsdn="true" />
    </HelpFolder>
  </HelpFolder>
  <HelpFolder name="IObjectReference interface" link="ms-help://MS.NETFrameworkSDKv1.1/cpref/html/frlrfsystemruntimeserializationiobjectreferenceClassTopic.htm" ismsdn="true">
    <HelpTopic name="IObjectReference members" link="ms-help://MS.NETFrameworkSDKv1.1/cpref/html/frlrfsystemruntimeserializationiobjectreferenceMembersTopic.htm" ismsdn="true" />
    <HelpFolder name="Methods" link="ms-help://MS.NETFrameworkSDKv1.1/cpref/html/frlrfsystemruntimeserializationiobjectreferenceMethodsTopic.htm" ismsdn="true">
      <HelpTopic name="GetRealObject(System.Runtime.Serialization.StreamingContext)" link="ms-help://MS.NETFrameworkSDKv1.1/cpref/html/frlrfsystemruntimeserializationiobjectreferenceclassGetRealObjectTopic.htm" ismsdn="true" />
    </HelpFolder>
  </HelpFolder>
  <HelpFolder name="ISerializable interface" link="ms-help://MS.NETFrameworkSDKv1.1/cpref/html/frlrfsystemruntimeserializationiserializableClassTopic.htm" ismsdn="true">
    <HelpTopic name="ISerializable members" link="ms-help://MS.NETFrameworkSDKv1.1/cpref/html/frlrfsystemruntimeserializationiserializableMembersTopic.htm" ismsdn="true" />
    <HelpFolder name="Methods" link="ms-help://MS.NETFrameworkSDKv1.1/cpref/html/frlrfsystemruntimeserializationiserializableMethodsTopic.htm" ismsdn="true">
      <HelpTopic name="GetObjectData(System.Runtime.Serialization.SerializationInfo, System.Runtime.Serialization.StreamingContext)" link="ms-help://MS.NETFrameworkSDKv1.1/cpref/html/frlrfsystemruntimeserializationiserializableclassGetObjectDataTopic.htm" ismsdn="true" />
    </HelpFolder>
  </HelpFolder>
  <HelpFolder name="ISerializationSurrogate interface" link="ms-help://MS.NETFrameworkSDKv1.1/cpref/html/frlrfsystemruntimeserializationiserializationsurrogateClassTopic.htm" ismsdn="true">
    <HelpTopic name="ISerializationSurrogate members" link="ms-help://MS.NETFrameworkSDKv1.1/cpref/html/frlrfsystemruntimeserializationiserializationsurrogateMembersTopic.htm" ismsdn="true" />
    <HelpFolder name="Methods" link="ms-help://MS.NETFrameworkSDKv1.1/cpref/html/frlrfsystemruntimeserializationiserializationsurrogateMethodsTopic.htm" ismsdn="true">
      <HelpTopic name="SetObjectData(System.Object, System.Runtime.Serialization.SerializationInfo, System.Runtime.Serialization.StreamingContext, System.Runtime.Serialization.ISurrogateSelector)" link="ms-help://MS.NETFrameworkSDKv1.1/cpref/html/frlrfsystemruntimeserializationiserializationsurrogateclassSetObjectDataTopic.htm" ismsdn="true" />
      <HelpTopic name="GetObjectData(System.Object, System.Runtime.Serialization.SerializationInfo, System.Runtime.Serialization.StreamingContext)" link="ms-help://MS.NETFrameworkSDKv1.1/cpref/html/frlrfsystemruntimeserializationiserializationsurrogateclassGetObjectDataTopic.htm" ismsdn="true" />
    </HelpFolder>
  </HelpFolder>
  <HelpFolder name="ISurrogateSelector interface" link="ms-help://MS.NETFrameworkSDKv1.1/cpref/html/frlrfsystemruntimeserializationisurrogateselectorClassTopic.htm" ismsdn="true">
    <HelpTopic name="ISurrogateSelector members" link="ms-help://MS.NETFrameworkSDKv1.1/cpref/html/frlrfsystemruntimeserializationisurrogateselectorMembersTopic.htm" ismsdn="true" />
    <HelpFolder name="Methods" link="ms-help://MS.NETFrameworkSDKv1.1/cpref/html/frlrfsystemruntimeserializationisurrogateselectorMethodsTopic.htm" ismsdn="true">
      <HelpTopic name="GetNextSelector()" link="ms-help://MS.NETFrameworkSDKv1.1/cpref/html/frlrfsystemruntimeserializationisurrogateselectorclassGetNextSelectorTopic.htm" ismsdn="true" />
      <HelpTopic name="GetSurrogate(System.Type, System.Runtime.Serialization.StreamingContext, System.Runtime.Serialization.ISurrogateSelector&amp;)" link="ms-help://MS.NETFrameworkSDKv1.1/cpref/html/frlrfsystemruntimeserializationisurrogateselectorclassGetSurrogateTopic.htm" ismsdn="true" />
      <HelpTopic name="ChainSelector(System.Runtime.Serialization.ISurrogateSelector)" link="ms-help://MS.NETFrameworkSDKv1.1/cpref/html/frlrfsystemruntimeserializationisurrogateselectorclassChainSelectorTopic.htm" ismsdn="true" />
    </HelpFolder>
  </HelpFolder>
  <HelpFolder name="ObjectIDGenerator class" link="ms-help://MS.NETFrameworkSDKv1.1/cpref/html/frlrfsystemruntimeserializationobjectidgeneratorClassTopic.htm" ismsdn="true">
    <HelpTopic name="ObjectIDGenerator members" link="ms-help://MS.NETFrameworkSDKv1.1/cpref/html/frlrfsystemruntimeserializationobjectidgeneratorMembersTopic.htm" ismsdn="true" />
    <HelpFolder name="Constructors" link="ms-help://MS.NETFrameworkSDKv1.1/cpref/html/frlrfsystemruntimeserializationobjectidgeneratorclassctorTopic.htm" ismsdn="true">
      <HelpTopic name=".ctor()" link="ms-help://MS.NETFrameworkSDKv1.1/cpref/html/frlrfsystemruntimeserializationobjectidgeneratorclassctorTopic.htm" ismsdn="true" />
    </HelpFolder>
    <HelpFolder name="Methods" link="ms-help://MS.NETFrameworkSDKv1.1/cpref/html/frlrfsystemruntimeserializationobjectidgeneratorMethodsTopic.htm" ismsdn="true">
      <HelpTopic name="HasId(System.Object, System.Boolean&amp;)" link="ms-help://MS.NETFrameworkSDKv1.1/cpref/html/frlrfsystemruntimeserializationobjectidgeneratorclassHasIdTopic.htm" ismsdn="true" />
      <HelpTopic name="GetId(System.Object, System.Boolean&amp;)" link="ms-help://MS.NETFrameworkSDKv1.1/cpref/html/frlrfsystemruntimeserializationobjectidgeneratorclassGetIdTopic.htm" ismsdn="true" />
    </HelpFolder>
  </HelpFolder>
  <HelpFolder name="ObjectManager class" link="ms-help://MS.NETFrameworkSDKv1.1/cpref/html/frlrfsystemruntimeserializationobjectmanagerClassTopic.htm" ismsdn="true">
    <HelpTopic name="ObjectManager members" link="ms-help://MS.NETFrameworkSDKv1.1/cpref/html/frlrfsystemruntimeserializationobjectmanagerMembersTopic.htm" ismsdn="true" />
    <HelpFolder name="Constructors" link="ms-help://MS.NETFrameworkSDKv1.1/cpref/html/frlrfsystemruntimeserializationobjectmanagerclassctorTopic.htm" ismsdn="true">
      <HelpTopic name=".ctor(System.Runtime.Serialization.ISurrogateSelector, System.Runtime.Serialization.StreamingContext)" link="ms-help://MS.NETFrameworkSDKv1.1/cpref/html/frlrfsystemruntimeserializationobjectmanagerclassctorTopic.htm" ismsdn="true" />
    </HelpFolder>
    <HelpFolder name="Methods" link="ms-help://MS.NETFrameworkSDKv1.1/cpref/html/frlrfsystemruntimeserializationobjectmanagerMethodsTopic.htm" ismsdn="true">
      <HelpTopic name="RaiseDeserializationEvent()" link="ms-help://MS.NETFrameworkSDKv1.1/cpref/html/frlrfsystemruntimeserializationobjectmanagerclassRaiseDeserializationEventTopic.htm" ismsdn="true" />
      <HelpTopic name="RecordArrayElementFixup(System.Int64, System.Int32[], System.Int64)" link="ms-help://MS.NETFrameworkSDKv1.1/cpref/html/frlrfsystemruntimeserializationobjectmanagerclassRecordArrayElementFixupTopic1.htm" ismsdn="true" />
      <HelpTopic name="RecordArrayElementFixup(System.Int64, System.Int32, System.Int64)" link="ms-help://MS.NETFrameworkSDKv1.1/cpref/html/frlrfsystemruntimeserializationobjectmanagerclassRecordArrayElementFixupTopic2.htm" ismsdn="true" />
      <HelpTopic name="RecordDelayedFixup(System.Int64, System.String, System.Int64)" link="ms-help://MS.NETFrameworkSDKv1.1/cpref/html/frlrfsystemruntimeserializationobjectmanagerclassRecordDelayedFixupTopic.htm" ismsdn="true" />
      <HelpTopic name="RecordFixup(System.Int64, System.Reflection.MemberInfo, System.Int64)" link="ms-help://MS.NETFrameworkSDKv1.1/cpref/html/frlrfsystemruntimeserializationobjectmanagerclassRecordFixupTopic.htm" ismsdn="true" />
      <HelpTopic name="DoFixups()" link="ms-help://MS.NETFrameworkSDKv1.1/cpref/html/frlrfsystemruntimeserializationobjectmanagerclassDoFixupsTopic.htm" ismsdn="true" />
      <HelpTopic name="RegisterObject(System.Object, System.Int64)" link="ms-help://MS.NETFrameworkSDKv1.1/cpref/html/frlrfsystemruntimeserializationobjectmanagerclassRegisterObjectTopic.htm" ismsdn="true" />
      <HelpTopic name="GetObject(System.Int64)" link="ms-help://MS.NETFrameworkSDKv1.1/cpref/html/frlrfsystemruntimeserializationobjectmanagerclassGetObjectTopic.htm" ismsdn="true" />
      <HelpTopic name="RegisterObject(System.Object, System.Int64, System.Runtime.Serialization.SerializationInfo)" link="ms-help://MS.NETFrameworkSDKv1.1/cpref/html/frlrfsystemruntimeserializationobjectmanagerclassRegisterObjectTopic1.htm" ismsdn="true" />
      <HelpTopic name="RegisterObject(System.Object, System.Int64, System.Runtime.Serialization.SerializationInfo, System.Int64, System.Reflection.MemberInfo)" link="ms-help://MS.NETFrameworkSDKv1.1/cpref/html/frlrfsystemruntimeserializationobjectmanagerclassRegisterObjectTopic2.htm" ismsdn="true" />
      <HelpTopic name="RegisterObject(System.Object, System.Int64, System.Runtime.Serialization.SerializationInfo, System.Int64, System.Reflection.MemberInfo, System.Int32[])" link="ms-help://MS.NETFrameworkSDKv1.1/cpref/html/frlrfsystemruntimeserializationobjectmanagerclassRegisterObjectTopic3.htm" ismsdn="true" />
    </HelpFolder>
  </HelpFolder>
  <HelpFolder name="SerializationBinder class" link="ms-help://MS.NETFrameworkSDKv1.1/cpref/html/frlrfsystemruntimeserializationserializationbinderClassTopic.htm" ismsdn="true">
    <HelpTopic name="SerializationBinder members" link="ms-help://MS.NETFrameworkSDKv1.1/cpref/html/frlrfsystemruntimeserializationserializationbinderMembersTopic.htm" ismsdn="true" />
    <HelpFolder name="Methods" link="ms-help://MS.NETFrameworkSDKv1.1/cpref/html/frlrfsystemruntimeserializationserializationbinderMethodsTopic.htm" ismsdn="true">
      <HelpTopic name="BindToType(System.String, System.String)" link="ms-help://MS.NETFrameworkSDKv1.1/cpref/html/frlrfsystemruntimeserializationserializationbinderclassBindToTypeTopic.htm" ismsdn="true" />
    </HelpFolder>
  </HelpFolder>
  <HelpFolder name="SerializationEntry structure" link="ms-help://MS.NETFrameworkSDKv1.1/cpref/html/frlrfsystemruntimeserializationserializationentryClassTopic.htm" ismsdn="true">
    <HelpTopic name="SerializationEntry members" link="ms-help://MS.NETFrameworkSDKv1.1/cpref/html/frlrfsystemruntimeserializationserializationentryMembersTopic.htm" ismsdn="true" />
    <HelpFolder name="Properties" link="ms-help://MS.NETFrameworkSDKv1.1/cpref/html/frlrfsystemruntimeserializationserializationentryPropertiesTopic.htm" ismsdn="true">
      <HelpTopic name="Value" link="ms-help://MS.NETFrameworkSDKv1.1/cpref/html/frlrfsystemruntimeserializationserializationentryclassValueTopic.htm" ismsdn="true" />
      <HelpTopic name="Name" link="ms-help://MS.NETFrameworkSDKv1.1/cpref/html/frlrfsystemruntimeserializationserializationentryclassNameTopic.htm" ismsdn="true" />
      <HelpTopic name="ObjectType" link="ms-help://MS.NETFrameworkSDKv1.1/cpref/html/frlrfsystemruntimeserializationserializationentryclassObjectTypeTopic.htm" ismsdn="true" />
    </HelpFolder>
  </HelpFolder>
  <HelpFolder name="SerializationException class" link="ms-help://MS.NETFrameworkSDKv1.1/cpref/html/frlrfsystemruntimeserializationserializationexceptionClassTopic.htm" ismsdn="true">
    <HelpTopic name="SerializationException members" link="ms-help://MS.NETFrameworkSDKv1.1/cpref/html/frlrfsystemruntimeserializationserializationexceptionMembersTopic.htm" ismsdn="true" />
    <HelpFolder name="Constructors" link="ms-help://MS.NETFrameworkSDKv1.1/cpref/html/frlrfsystemruntimeserializationserializationexceptionclassctorTopic.htm" ismsdn="true">
      <HelpTopic name=".ctor()" link="ms-help://MS.NETFrameworkSDKv1.1/cpref/html/frlrfsystemruntimeserializationserializationexceptionclassctorTopic1.htm" ismsdn="true" />
      <HelpTopic name=".ctor(System.String)" link="ms-help://MS.NETFrameworkSDKv1.1/cpref/html/frlrfsystemruntimeserializationserializationexceptionclassctorTopic1.htm" ismsdn="true" />
      <HelpTopic name=".ctor(System.String, System.Exception)" link="ms-help://MS.NETFrameworkSDKv1.1/cpref/html/frlrfsystemruntimeserializationserializationexceptionclassctorTopic2.htm" ismsdn="true" />
    </HelpFolder>
  </HelpFolder>
  <HelpFolder name="SerializationInfo class" link="ms-help://MS.NETFrameworkSDKv1.1/cpref/html/frlrfsystemruntimeserializationserializationinfoClassTopic.htm" ismsdn="true">
    <HelpTopic name="SerializationInfo members" link="ms-help://MS.NETFrameworkSDKv1.1/cpref/html/frlrfsystemruntimeserializationserializationinfoMembersTopic.htm" ismsdn="true" />
    <HelpFolder name="Constructors" link="ms-help://MS.NETFrameworkSDKv1.1/cpref/html/frlrfsystemruntimeserializationserializationinfoclassctorTopic.htm" ismsdn="true">
      <HelpTopic name=".ctor(System.Type, System.Runtime.Serialization.IFormatterConverter)" link="ms-help://MS.NETFrameworkSDKv1.1/cpref/html/frlrfsystemruntimeserializationserializationinfoclassctorTopic.htm" ismsdn="true" />
    </HelpFolder>
    <HelpFolder name="Methods" link="ms-help://MS.NETFrameworkSDKv1.1/cpref/html/frlrfsystemruntimeserializationserializationinfoMethodsTopic.htm" ismsdn="true">
      <HelpTopic name="SetType(System.Type)" link="ms-help://MS.NETFrameworkSDKv1.1/cpref/html/frlrfsystemruntimeserializationserializationinfoclassSetTypeTopic.htm" ismsdn="true" />
      <HelpTopic name="GetEnumerator()" link="ms-help://MS.NETFrameworkSDKv1.1/cpref/html/frlrfsystemruntimeserializationserializationinfoclassGetEnumeratorTopic.htm" ismsdn="true" />
      <HelpTopic name="AddValue(System.String, System.Object, System.Type)" link="ms-help://MS.NETFrameworkSDKv1.1/cpref/html/frlrfsystemruntimeserializationserializationinfoclassAddValueTopic1.htm" ismsdn="true" />
      <HelpTopic name="AddValue(System.String, System.Object)" link="ms-help://MS.NETFrameworkSDKv1.1/cpref/html/frlrfsystemruntimeserializationserializationinfoclassAddValueTopic2.htm" ismsdn="true" />
      <HelpTopic name="AddValue(System.String, System.Boolean)" link="ms-help://MS.NETFrameworkSDKv1.1/cpref/html/frlrfsystemruntimeserializationserializationinfoclassAddValueTopic3.htm" ismsdn="true" />
      <HelpTopic name="AddValue(System.String, System.Char)" link="ms-help://MS.NETFrameworkSDKv1.1/cpref/html/frlrfsystemruntimeserializationserializationinfoclassAddValueTopic4.htm" ismsdn="true" />
      <HelpTopic name="AddValue(System.String, System.SByte)" link="ms-help://MS.NETFrameworkSDKv1.1/cpref/html/frlrfsystemruntimeserializationserializationinfoclassAddValueTopic5.htm" ismsdn="true" />
      <HelpTopic name="AddValue(System.String, System.Byte)" link="ms-help://MS.NETFrameworkSDKv1.1/cpref/html/frlrfsystemruntimeserializationserializationinfoclassAddValueTopic6.htm" ismsdn="true" />
      <HelpTopic name="AddValue(System.String, System.Int16)" link="ms-help://MS.NETFrameworkSDKv1.1/cpref/html/frlrfsystemruntimeserializationserializationinfoclassAddValueTopic7.htm" ismsdn="true" />
      <HelpTopic name="AddValue(System.String, System.UInt16)" link="ms-help://MS.NETFrameworkSDKv1.1/cpref/html/frlrfsystemruntimeserializationserializationinfoclassAddValueTopic8.htm" ismsdn="true" />
      <HelpTopic name="AddValue(System.String, System.Int32)" link="ms-help://MS.NETFrameworkSDKv1.1/cpref/html/frlrfsystemruntimeserializationserializationinfoclassAddValueTopic9.htm" ismsdn="true" />
      <HelpTopic name="AddValue(System.String, System.UInt32)" link="ms-help://MS.NETFrameworkSDKv1.1/cpref/html/frlrfsystemruntimeserializationserializationinfoclassAddValueTopic10.htm" ismsdn="true" />
      <HelpTopic name="AddValue(System.String, System.Int64)" link="ms-help://MS.NETFrameworkSDKv1.1/cpref/html/frlrfsystemruntimeserializationserializationinfoclassAddValueTopic11.htm" ismsdn="true" />
      <HelpTopic name="AddValue(System.String, System.UInt64)" link="ms-help://MS.NETFrameworkSDKv1.1/cpref/html/frlrfsystemruntimeserializationserializationinfoclassAddValueTopic12.htm" ismsdn="true" />
      <HelpTopic name="AddValue(System.String, System.Single)" link="ms-help://MS.NETFrameworkSDKv1.1/cpref/html/frlrfsystemruntimeserializationserializationinfoclassAddValueTopic13.htm" ismsdn="true" />
      <HelpTopic name="AddValue(System.String, System.Double)" link="ms-help://MS.NETFrameworkSDKv1.1/cpref/html/frlrfsystemruntimeserializationserializationinfoclassAddValueTopic14.htm" ismsdn="true" />
      <HelpTopic name="AddValue(System.String, System.Decimal)" link="ms-help://MS.NETFrameworkSDKv1.1/cpref/html/frlrfsystemruntimeserializationserializationinfoclassAddValueTopic15.htm" ismsdn="true" />
      <HelpTopic name="AddValue(System.String, System.DateTime)" link="ms-help://MS.NETFrameworkSDKv1.1/cpref/html/frlrfsystemruntimeserializationserializationinfoclassAddValueTopic16.htm" ismsdn="true" />
      <HelpTopic name="GetValue(System.String, System.Type)" link="ms-help://MS.NETFrameworkSDKv1.1/cpref/html/frlrfsystemruntimeserializationserializationinfoclassGetValueTopic.htm" ismsdn="true" />
      <HelpTopic name="GetBoolean(System.String)" link="ms-help://MS.NETFrameworkSDKv1.1/cpref/html/frlrfsystemruntimeserializationserializationinfoclassGetBooleanTopic.htm" ismsdn="true" />
      <HelpTopic name="GetChar(System.String)" link="ms-help://MS.NETFrameworkSDKv1.1/cpref/html/frlrfsystemruntimeserializationserializationinfoclassGetCharTopic.htm" ismsdn="true" />
      <HelpTopic name="GetSByte(System.String)" link="ms-help://MS.NETFrameworkSDKv1.1/cpref/html/frlrfsystemruntimeserializationserializationinfoclassGetSByteTopic.htm" ismsdn="true" />
      <HelpTopic name="GetByte(System.String)" link="ms-help://MS.NETFrameworkSDKv1.1/cpref/html/frlrfsystemruntimeserializationserializationinfoclassGetByteTopic.htm" ismsdn="true" />
      <HelpTopic name="GetInt16(System.String)" link="ms-help://MS.NETFrameworkSDKv1.1/cpref/html/frlrfsystemruntimeserializationserializationinfoclassGetInt16Topic.htm" ismsdn="true" />
      <HelpTopic name="GetUInt16(System.String)" link="ms-help://MS.NETFrameworkSDKv1.1/cpref/html/frlrfsystemruntimeserializationserializationinfoclassGetUInt16Topic.htm" ismsdn="true" />
      <HelpTopic name="GetInt32(System.String)" link="ms-help://MS.NETFrameworkSDKv1.1/cpref/html/frlrfsystemruntimeserializationserializationinfoclassGetInt32Topic.htm" ismsdn="true" />
      <HelpTopic name="GetUInt32(System.String)" link="ms-help://MS.NETFrameworkSDKv1.1/cpref/html/frlrfsystemruntimeserializationserializationinfoclassGetUInt32Topic.htm" ismsdn="true" />
      <HelpTopic name="GetInt64(System.String)" link="ms-help://MS.NETFrameworkSDKv1.1/cpref/html/frlrfsystemruntimeserializationserializationinfoclassGetInt64Topic.htm" ismsdn="true" />
      <HelpTopic name="GetUInt64(System.String)" link="ms-help://MS.NETFrameworkSDKv1.1/cpref/html/frlrfsystemruntimeserializationserializationinfoclassGetUInt64Topic.htm" ismsdn="true" />
      <HelpTopic name="GetSingle(System.String)" link="ms-help://MS.NETFrameworkSDKv1.1/cpref/html/frlrfsystemruntimeserializationserializationinfoclassGetSingleTopic.htm" ismsdn="true" />
      <HelpTopic name="GetDouble(System.String)" link="ms-help://MS.NETFrameworkSDKv1.1/cpref/html/frlrfsystemruntimeserializationserializationinfoclassGetDoubleTopic.htm" ismsdn="true" />
      <HelpTopic name="GetDecimal(System.String)" link="ms-help://MS.NETFrameworkSDKv1.1/cpref/html/frlrfsystemruntimeserializationserializationinfoclassGetDecimalTopic.htm" ismsdn="true" />
      <HelpTopic name="GetDateTime(System.String)" link="ms-help://MS.NETFrameworkSDKv1.1/cpref/html/frlrfsystemruntimeserializationserializationinfoclassGetDateTimeTopic.htm" ismsdn="true" />
      <HelpTopic name="GetString(System.String)" link="ms-help://MS.NETFrameworkSDKv1.1/cpref/html/frlrfsystemruntimeserializationserializationinfoclassGetStringTopic.htm" ismsdn="true" />
    </HelpFolder>
    <HelpFolder name="Properties" link="ms-help://MS.NETFrameworkSDKv1.1/cpref/html/frlrfsystemruntimeserializationserializationinfoPropertiesTopic.htm" ismsdn="true">
      <HelpTopic name="FullTypeName" link="ms-help://MS.NETFrameworkSDKv1.1/cpref/html/frlrfsystemruntimeserializationserializationinfoclassFullTypeNameTopic.htm" ismsdn="true" />
      <HelpTopic name="AssemblyName" link="ms-help://MS.NETFrameworkSDKv1.1/cpref/html/frlrfsystemruntimeserializationserializationinfoclassAssemblyNameTopic.htm" ismsdn="true" />
      <HelpTopic name="MemberCount" link="ms-help://MS.NETFrameworkSDKv1.1/cpref/html/frlrfsystemruntimeserializationserializationinfoclassMemberCountTopic.htm" ismsdn="true" />
    </HelpFolder>
  </HelpFolder>
  <HelpFolder name="SerializationInfoEnumerator class" link="ms-help://MS.NETFrameworkSDKv1.1/cpref/html/frlrfsystemruntimeserializationserializationinfoenumeratorClassTopic.htm" ismsdn="true">
    <HelpTopic name="SerializationInfoEnumerator members" link="ms-help://MS.NETFrameworkSDKv1.1/cpref/html/frlrfsystemruntimeserializationserializationinfoenumeratorMembersTopic.htm" ismsdn="true" />
    <HelpFolder name="Methods" link="ms-help://MS.NETFrameworkSDKv1.1/cpref/html/frlrfsystemruntimeserializationserializationinfoenumeratorMethodsTopic.htm" ismsdn="true">
      <HelpTopic name="Reset()" link="ms-help://MS.NETFrameworkSDKv1.1/cpref/html/frlrfsystemruntimeserializationserializationinfoenumeratorclassResetTopic.htm" ismsdn="true" />
      <HelpTopic name="MoveNext()" link="ms-help://MS.NETFrameworkSDKv1.1/cpref/html/frlrfsystemruntimeserializationserializationinfoenumeratorclassMoveNextTopic.htm" ismsdn="true" />
    </HelpFolder>
    <HelpFolder name="Properties" link="ms-help://MS.NETFrameworkSDKv1.1/cpref/html/frlrfsystemruntimeserializationserializationinfoenumeratorPropertiesTopic.htm" ismsdn="true">
      <HelpTopic name="Current" link="ms-help://MS.NETFrameworkSDKv1.1/cpref/html/frlrfsystemruntimeserializationserializationinfoenumeratorclassCurrentTopic.htm" ismsdn="true" />
      <HelpTopic name="Name" link="ms-help://MS.NETFrameworkSDKv1.1/cpref/html/frlrfsystemruntimeserializationserializationinfoenumeratorclassNameTopic.htm" ismsdn="true" />
      <HelpTopic name="Value" link="ms-help://MS.NETFrameworkSDKv1.1/cpref/html/frlrfsystemruntimeserializationserializationinfoenumeratorclassValueTopic.htm" ismsdn="true" />
      <HelpTopic name="ObjectType" link="ms-help://MS.NETFrameworkSDKv1.1/cpref/html/frlrfsystemruntimeserializationserializationinfoenumeratorclassObjectTypeTopic.htm" ismsdn="true" />
    </HelpFolder>
  </HelpFolder>
  <HelpFolder name="StreamingContext structure" link="ms-help://MS.NETFrameworkSDKv1.1/cpref/html/frlrfsystemruntimeserializationstreamingcontextClassTopic.htm" ismsdn="true">
    <HelpTopic name="StreamingContext members" link="ms-help://MS.NETFrameworkSDKv1.1/cpref/html/frlrfsystemruntimeserializationstreamingcontextMembersTopic.htm" ismsdn="true" />
    <HelpFolder name="Constructors" link="ms-help://MS.NETFrameworkSDKv1.1/cpref/html/frlrfsystemruntimeserializationstreamingcontextclassctorTopic.htm" ismsdn="true">
      <HelpTopic name=".ctor(System.Runtime.Serialization.StreamingContextStates)" link="ms-help://MS.NETFrameworkSDKv1.1/cpref/html/frlrfsystemruntimeserializationstreamingcontextclassctorTopic1.htm" ismsdn="true" />
      <HelpTopic name=".ctor(System.Runtime.Serialization.StreamingContextStates, System.Object)" link="ms-help://MS.NETFrameworkSDKv1.1/cpref/html/frlrfsystemruntimeserializationstreamingcontextclassctorTopic1.htm" ismsdn="true" />
    </HelpFolder>
    <HelpFolder name="Methods" link="ms-help://MS.NETFrameworkSDKv1.1/cpref/html/frlrfsystemruntimeserializationstreamingcontextMethodsTopic.htm" ismsdn="true">
      <HelpTopic name="GetHashCode()" link="ms-help://MS.NETFrameworkSDKv1.1/cpref/html/frlrfsystemruntimeserializationstreamingcontextclassGetHashCodeTopic.htm" ismsdn="true" />
      <HelpTopic name="Equals(System.Object)" link="ms-help://MS.NETFrameworkSDKv1.1/cpref/html/frlrfsystemruntimeserializationstreamingcontextclassEqualsTopic.htm" ismsdn="true" />
    </HelpFolder>
    <HelpFolder name="Properties" link="ms-help://MS.NETFrameworkSDKv1.1/cpref/html/frlrfsystemruntimeserializationstreamingcontextPropertiesTopic.htm" ismsdn="true">
      <HelpTopic name="Context" link="ms-help://MS.NETFrameworkSDKv1.1/cpref/html/frlrfsystemruntimeserializationstreamingcontextclassContextTopic.htm" ismsdn="true" />
      <HelpTopic name="State" link="ms-help://MS.NETFrameworkSDKv1.1/cpref/html/frlrfsystemruntimeserializationstreamingcontextclassStateTopic.htm" ismsdn="true" />
    </HelpFolder>
  </HelpFolder>
  <HelpTopic name="StreamingContextStates enumeration" link="ms-help://MS.NETFrameworkSDKv1.1/cpref/html/frlrfsystemruntimeserializationstreamingcontextstatesClassTopic.htm" ismsdn="true" />
  <HelpFolder name="SurrogateSelector class" link="ms-help://MS.NETFrameworkSDKv1.1/cpref/html/frlrfsystemruntimeserializationsurrogateselectorClassTopic.htm" ismsdn="true">
    <HelpTopic name="SurrogateSelector members" link="ms-help://MS.NETFrameworkSDKv1.1/cpref/html/frlrfsystemruntimeserializationsurrogateselectorMembersTopic.htm" ismsdn="true" />
    <HelpFolder name="Constructors" link="ms-help://MS.NETFrameworkSDKv1.1/cpref/html/frlrfsystemruntimeserializationsurrogateselectorclassctorTopic.htm" ismsdn="true">
      <HelpTopic name=".ctor()" link="ms-help://MS.NETFrameworkSDKv1.1/cpref/html/frlrfsystemruntimeserializationsurrogateselectorclassctorTopic.htm" ismsdn="true" />
    </HelpFolder>
    <HelpFolder name="Methods" link="ms-help://MS.NETFrameworkSDKv1.1/cpref/html/frlrfsystemruntimeserializationsurrogateselectorMethodsTopic.htm" ismsdn="true">
      <HelpTopic name="GetNextSelector()" link="ms-help://MS.NETFrameworkSDKv1.1/cpref/html/frlrfsystemruntimeserializationsurrogateselectorclassGetNextSelectorTopic.htm" ismsdn="true" />
      <HelpTopic name="GetSurrogate(System.Type, System.Runtime.Serialization.StreamingContext, System.Runtime.Serialization.ISurrogateSelector&amp;)" link="ms-help://MS.NETFrameworkSDKv1.1/cpref/html/frlrfsystemruntimeserializationsurrogateselectorclassGetSurrogateTopic.htm" ismsdn="true" />
      <HelpTopic name="ChainSelector(System.Runtime.Serialization.ISurrogateSelector)" link="ms-help://MS.NETFrameworkSDKv1.1/cpref/html/frlrfsystemruntimeserializationsurrogateselectorclassChainSelectorTopic.htm" ismsdn="true" />
      <HelpTopic name="RemoveSurrogate(System.Type, System.Runtime.Serialization.StreamingContext)" link="ms-help://MS.NETFrameworkSDKv1.1/cpref/html/frlrfsystemruntimeserializationsurrogateselectorclassRemoveSurrogateTopic.htm" ismsdn="true" />
      <HelpTopic name="AddSurrogate(System.Type, System.Runtime.Serialization.StreamingContext, System.Runtime.Serialization.ISerializationSurrogate)" link="ms-help://MS.NETFrameworkSDKv1.1/cpref/html/frlrfsystemruntimeserializationsurrogateselectorclassAddSurrogateTopic.htm" ismsdn="true" />
    </HelpFolder>
  </HelpFolder>
</HelpCollection>