<HelpCollection>
  <HelpFolder name="HtmlAnchor class" link="ms-help://MS.NETFrameworkSDKv1.1/cpref/html/frlrfsystemwebuihtmlcontrolshtmlanchorClassTopic.htm" ismsdn="true">
    <HelpTopic name="HtmlAnchor members" link="ms-help://MS.NETFrameworkSDKv1.1/cpref/html/frlrfsystemwebuihtmlcontrolshtmlanchorMembersTopic.htm" ismsdn="true" />
    <HelpFolder name="Constructors" link="ms-help://MS.NETFrameworkSDKv1.1/cpref/html/frlrfsystemwebuihtmlcontrolshtmlanchorclassctorTopic.htm" ismsdn="true">
      <HelpTopic name=".ctor()" link="ms-help://MS.NETFrameworkSDKv1.1/cpref/html/frlrfsystemwebuihtmlcontrolshtmlanchorclassctorTopic.htm" ismsdn="true" />
    </HelpFolder>
    <HelpFolder name="Properties" link="ms-help://MS.NETFrameworkSDKv1.1/cpref/html/frlrfsystemwebuihtmlcontrolshtmlanchorPropertiesTopic.htm" ismsdn="true">
      <HelpTopic name="HRef" link="ms-help://MS.NETFrameworkSDKv1.1/cpref/html/frlrfsystemwebuihtmlcontrolshtmlanchorclassHRefTopic.htm" ismsdn="true" />
      <HelpTopic name="Name" link="ms-help://MS.NETFrameworkSDKv1.1/cpref/html/frlrfsystemwebuihtmlcontrolshtmlanchorclassNameTopic.htm" ismsdn="true" />
      <HelpTopic name="Target" link="ms-help://MS.NETFrameworkSDKv1.1/cpref/html/frlrfsystemwebuihtmlcontrolshtmlanchorclassTargetTopic.htm" ismsdn="true" />
      <HelpTopic name="Title" link="ms-help://MS.NETFrameworkSDKv1.1/cpref/html/frlrfsystemwebuihtmlcontrolshtmlanchorclassTitleTopic.htm" ismsdn="true" />
    </HelpFolder>
    <HelpFolder name="Events" link="ms-help://MS.NETFrameworkSDKv1.1/cpref/html/frlrfsystemwebuihtmlcontrolshtmlanchorEventsTopic.htm" ismsdn="true">
      <HelpTopic name="ServerClick" link="ms-help://MS.NETFrameworkSDKv1.1/cpref/html/frlrfsystemwebuihtmlcontrolshtmlanchorclassServerClickTopic.htm" ismsdn="true" />
    </HelpFolder>
  </HelpFolder>
  <HelpFolder name="HtmlButton class" link="ms-help://MS.NETFrameworkSDKv1.1/cpref/html/frlrfsystemwebuihtmlcontrolshtmlbuttonClassTopic.htm" ismsdn="true">
    <HelpTopic name="HtmlButton members" link="ms-help://MS.NETFrameworkSDKv1.1/cpref/html/frlrfsystemwebuihtmlcontrolshtmlbuttonMembersTopic.htm" ismsdn="true" />
    <HelpFolder name="Constructors" link="ms-help://MS.NETFrameworkSDKv1.1/cpref/html/frlrfsystemwebuihtmlcontrolshtmlbuttonclassctorTopic.htm" ismsdn="true">
      <HelpTopic name=".ctor()" link="ms-help://MS.NETFrameworkSDKv1.1/cpref/html/frlrfsystemwebuihtmlcontrolshtmlbuttonclassctorTopic.htm" ismsdn="true" />
    </HelpFolder>
    <HelpFolder name="Properties" link="ms-help://MS.NETFrameworkSDKv1.1/cpref/html/frlrfsystemwebuihtmlcontrolshtmlbuttonPropertiesTopic.htm" ismsdn="true">
      <HelpTopic name="CausesValidation" link="ms-help://MS.NETFrameworkSDKv1.1/cpref/html/frlrfsystemwebuihtmlcontrolshtmlbuttonclassCausesValidationTopic.htm" ismsdn="true" />
    </HelpFolder>
    <HelpFolder name="Events" link="ms-help://MS.NETFrameworkSDKv1.1/cpref/html/frlrfsystemwebuihtmlcontrolshtmlbuttonEventsTopic.htm" ismsdn="true">
      <HelpTopic name="ServerClick" link="ms-help://MS.NETFrameworkSDKv1.1/cpref/html/frlrfsystemwebuihtmlcontrolshtmlbuttonclassServerClickTopic.htm" ismsdn="true" />
    </HelpFolder>
  </HelpFolder>
  <HelpFolder name="HtmlContainerControl class" link="ms-help://MS.NETFrameworkSDKv1.1/cpref/html/frlrfsystemwebuihtmlcontrolshtmlcontainercontrolClassTopic.htm" ismsdn="true">
    <HelpTopic name="HtmlContainerControl members" link="ms-help://MS.NETFrameworkSDKv1.1/cpref/html/frlrfsystemwebuihtmlcontrolshtmlcontainercontrolMembersTopic.htm" ismsdn="true" />
    <HelpFolder name="Constructors" link="ms-help://MS.NETFrameworkSDKv1.1/cpref/html/frlrfsystemwebuihtmlcontrolshtmlcontainercontrolclassctorTopic.htm" ismsdn="true">
      <HelpTopic name=".ctor()" link="ms-help://MS.NETFrameworkSDKv1.1/cpref/html/frlrfsystemwebuihtmlcontrolshtmlcontainercontrolclassctorTopic1.htm" ismsdn="true" />
      <HelpTopic name=".ctor(System.String)" link="ms-help://MS.NETFrameworkSDKv1.1/cpref/html/frlrfsystemwebuihtmlcontrolshtmlcontainercontrolclassctorTopic1.htm" ismsdn="true" />
    </HelpFolder>
    <HelpFolder name="Properties" link="ms-help://MS.NETFrameworkSDKv1.1/cpref/html/frlrfsystemwebuihtmlcontrolshtmlcontainercontrolPropertiesTopic.htm" ismsdn="true">
      <HelpTopic name="InnerHtml" link="ms-help://MS.NETFrameworkSDKv1.1/cpref/html/frlrfsystemwebuihtmlcontrolshtmlcontainercontrolclassInnerHtmlTopic.htm" ismsdn="true" />
      <HelpTopic name="InnerText" link="ms-help://MS.NETFrameworkSDKv1.1/cpref/html/frlrfsystemwebuihtmlcontrolshtmlcontainercontrolclassInnerTextTopic.htm" ismsdn="true" />
    </HelpFolder>
  </HelpFolder>
  <HelpFolder name="HtmlControl class" link="ms-help://MS.NETFrameworkSDKv1.1/cpref/html/frlrfsystemwebuihtmlcontrolshtmlcontrolClassTopic.htm" ismsdn="true">
    <HelpTopic name="HtmlControl members" link="ms-help://MS.NETFrameworkSDKv1.1/cpref/html/frlrfsystemwebuihtmlcontrolshtmlcontrolMembersTopic.htm" ismsdn="true" />
    <HelpFolder name="Constructors" link="ms-help://MS.NETFrameworkSDKv1.1/cpref/html/frlrfsystemwebuihtmlcontrolshtmlcontrolclassctorTopic.htm" ismsdn="true">
      <HelpTopic name=".ctor()" link="ms-help://MS.NETFrameworkSDKv1.1/cpref/html/frlrfsystemwebuihtmlcontrolshtmlcontrolclassctorTopic1.htm" ismsdn="true" />
      <HelpTopic name=".ctor(System.String)" link="ms-help://MS.NETFrameworkSDKv1.1/cpref/html/frlrfsystemwebuihtmlcontrolshtmlcontrolclassctorTopic1.htm" ismsdn="true" />
    </HelpFolder>
    <HelpFolder name="Properties" link="ms-help://MS.NETFrameworkSDKv1.1/cpref/html/frlrfsystemwebuihtmlcontrolshtmlcontrolPropertiesTopic.htm" ismsdn="true">
      <HelpTopic name="Attributes" link="ms-help://MS.NETFrameworkSDKv1.1/cpref/html/frlrfsystemwebuihtmlcontrolshtmlcontrolclassAttributesTopic.htm" ismsdn="true" />
      <HelpTopic name="Style" link="ms-help://MS.NETFrameworkSDKv1.1/cpref/html/frlrfsystemwebuihtmlcontrolshtmlcontrolclassStyleTopic.htm" ismsdn="true" />
      <HelpTopic name="TagName" link="ms-help://MS.NETFrameworkSDKv1.1/cpref/html/frlrfsystemwebuihtmlcontrolshtmlcontrolclassTagNameTopic.htm" ismsdn="true" />
      <HelpTopic name="Disabled" link="ms-help://MS.NETFrameworkSDKv1.1/cpref/html/frlrfsystemwebuihtmlcontrolshtmlcontrolclassDisabledTopic.htm" ismsdn="true" />
    </HelpFolder>
  </HelpFolder>
  <HelpFolder name="HtmlForm class" link="ms-help://MS.NETFrameworkSDKv1.1/cpref/html/frlrfsystemwebuihtmlcontrolshtmlformClassTopic.htm" ismsdn="true">
    <HelpTopic name="HtmlForm members" link="ms-help://MS.NETFrameworkSDKv1.1/cpref/html/frlrfsystemwebuihtmlcontrolshtmlformMembersTopic.htm" ismsdn="true" />
    <HelpFolder name="Constructors" link="ms-help://MS.NETFrameworkSDKv1.1/cpref/html/frlrfsystemwebuihtmlcontrolshtmlformclassctorTopic.htm" ismsdn="true">
      <HelpTopic name=".ctor()" link="ms-help://MS.NETFrameworkSDKv1.1/cpref/html/frlrfsystemwebuihtmlcontrolshtmlformclassctorTopic.htm" ismsdn="true" />
    </HelpFolder>
    <HelpFolder name="Properties" link="ms-help://MS.NETFrameworkSDKv1.1/cpref/html/frlrfsystemwebuihtmlcontrolshtmlformPropertiesTopic.htm" ismsdn="true">
      <HelpTopic name="Enctype" link="ms-help://MS.NETFrameworkSDKv1.1/cpref/html/frlrfsystemwebuihtmlcontrolshtmlformclassEnctypeTopic.htm" ismsdn="true" />
      <HelpTopic name="Method" link="ms-help://MS.NETFrameworkSDKv1.1/cpref/html/frlrfsystemwebuihtmlcontrolshtmlformclassMethodTopic.htm" ismsdn="true" />
      <HelpTopic name="Name" link="ms-help://MS.NETFrameworkSDKv1.1/cpref/html/frlrfsystemwebuihtmlcontrolshtmlformclassNameTopic.htm" ismsdn="true" />
      <HelpTopic name="Target" link="ms-help://MS.NETFrameworkSDKv1.1/cpref/html/frlrfsystemwebuihtmlcontrolshtmlformclassTargetTopic.htm" ismsdn="true" />
      <HelpTopic name="UniqueID" link="ms-help://MS.NETFrameworkSDKv1.1/cpref/html/frlrfsystemwebuihtmlcontrolshtmlformclassUniqueIDTopic.htm" ismsdn="true" />
    </HelpFolder>
  </HelpFolder>
  <HelpFolder name="HtmlGenericControl class" link="ms-help://MS.NETFrameworkSDKv1.1/cpref/html/frlrfsystemwebuihtmlcontrolshtmlgenericcontrolClassTopic.htm" ismsdn="true">
    <HelpTopic name="HtmlGenericControl members" link="ms-help://MS.NETFrameworkSDKv1.1/cpref/html/frlrfsystemwebuihtmlcontrolshtmlgenericcontrolMembersTopic.htm" ismsdn="true" />
    <HelpFolder name="Constructors" link="ms-help://MS.NETFrameworkSDKv1.1/cpref/html/frlrfsystemwebuihtmlcontrolshtmlgenericcontrolclassctorTopic.htm" ismsdn="true">
      <HelpTopic name=".ctor()" link="ms-help://MS.NETFrameworkSDKv1.1/cpref/html/frlrfsystemwebuihtmlcontrolshtmlgenericcontrolclassctorTopic1.htm" ismsdn="true" />
      <HelpTopic name=".ctor(System.String)" link="ms-help://MS.NETFrameworkSDKv1.1/cpref/html/frlrfsystemwebuihtmlcontrolshtmlgenericcontrolclassctorTopic1.htm" ismsdn="true" />
    </HelpFolder>
    <HelpFolder name="Properties" link="ms-help://MS.NETFrameworkSDKv1.1/cpref/html/frlrfsystemwebuihtmlcontrolshtmlgenericcontrolPropertiesTopic.htm" ismsdn="true">
      <HelpTopic name="TagName" link="ms-help://MS.NETFrameworkSDKv1.1/cpref/html/frlrfsystemwebuihtmlcontrolshtmlgenericcontrolclassTagNameTopic.htm" ismsdn="true" />
    </HelpFolder>
  </HelpFolder>
  <HelpFolder name="HtmlImage class" link="ms-help://MS.NETFrameworkSDKv1.1/cpref/html/frlrfsystemwebuihtmlcontrolshtmlimageClassTopic.htm" ismsdn="true">
    <HelpTopic name="HtmlImage members" link="ms-help://MS.NETFrameworkSDKv1.1/cpref/html/frlrfsystemwebuihtmlcontrolshtmlimageMembersTopic.htm" ismsdn="true" />
    <HelpFolder name="Constructors" link="ms-help://MS.NETFrameworkSDKv1.1/cpref/html/frlrfsystemwebuihtmlcontrolshtmlimageclassctorTopic.htm" ismsdn="true">
      <HelpTopic name=".ctor()" link="ms-help://MS.NETFrameworkSDKv1.1/cpref/html/frlrfsystemwebuihtmlcontrolshtmlimageclassctorTopic.htm" ismsdn="true" />
    </HelpFolder>
    <HelpFolder name="Properties" link="ms-help://MS.NETFrameworkSDKv1.1/cpref/html/frlrfsystemwebuihtmlcontrolshtmlimagePropertiesTopic.htm" ismsdn="true">
      <HelpTopic name="Alt" link="ms-help://MS.NETFrameworkSDKv1.1/cpref/html/frlrfsystemwebuihtmlcontrolshtmlimageclassAltTopic.htm" ismsdn="true" />
      <HelpTopic name="Align" link="ms-help://MS.NETFrameworkSDKv1.1/cpref/html/frlrfsystemwebuihtmlcontrolshtmlimageclassAlignTopic.htm" ismsdn="true" />
      <HelpTopic name="Border" link="ms-help://MS.NETFrameworkSDKv1.1/cpref/html/frlrfsystemwebuihtmlcontrolshtmlimageclassBorderTopic.htm" ismsdn="true" />
      <HelpTopic name="Height" link="ms-help://MS.NETFrameworkSDKv1.1/cpref/html/frlrfsystemwebuihtmlcontrolshtmlimageclassHeightTopic.htm" ismsdn="true" />
      <HelpTopic name="Src" link="ms-help://MS.NETFrameworkSDKv1.1/cpref/html/frlrfsystemwebuihtmlcontrolshtmlimageclassSrcTopic.htm" ismsdn="true" />
      <HelpTopic name="Width" link="ms-help://MS.NETFrameworkSDKv1.1/cpref/html/frlrfsystemwebuihtmlcontrolshtmlimageclassWidthTopic.htm" ismsdn="true" />
    </HelpFolder>
  </HelpFolder>
  <HelpFolder name="HtmlInputButton class" link="ms-help://MS.NETFrameworkSDKv1.1/cpref/html/frlrfsystemwebuihtmlcontrolshtmlinputbuttonClassTopic.htm" ismsdn="true">
    <HelpTopic name="HtmlInputButton members" link="ms-help://MS.NETFrameworkSDKv1.1/cpref/html/frlrfsystemwebuihtmlcontrolshtmlinputbuttonMembersTopic.htm" ismsdn="true" />
    <HelpFolder name="Constructors" link="ms-help://MS.NETFrameworkSDKv1.1/cpref/html/frlrfsystemwebuihtmlcontrolshtmlinputbuttonclassctorTopic.htm" ismsdn="true">
      <HelpTopic name=".ctor()" link="ms-help://MS.NETFrameworkSDKv1.1/cpref/html/frlrfsystemwebuihtmlcontrolshtmlinputbuttonclassctorTopic1.htm" ismsdn="true" />
      <HelpTopic name=".ctor(System.String)" link="ms-help://MS.NETFrameworkSDKv1.1/cpref/html/frlrfsystemwebuihtmlcontrolshtmlinputbuttonclassctorTopic1.htm" ismsdn="true" />
    </HelpFolder>
    <HelpFolder name="Properties" link="ms-help://MS.NETFrameworkSDKv1.1/cpref/html/frlrfsystemwebuihtmlcontrolshtmlinputbuttonPropertiesTopic.htm" ismsdn="true">
      <HelpTopic name="CausesValidation" link="ms-help://MS.NETFrameworkSDKv1.1/cpref/html/frlrfsystemwebuihtmlcontrolshtmlinputbuttonclassCausesValidationTopic.htm" ismsdn="true" />
    </HelpFolder>
    <HelpFolder name="Events" link="ms-help://MS.NETFrameworkSDKv1.1/cpref/html/frlrfsystemwebuihtmlcontrolshtmlinputbuttonEventsTopic.htm" ismsdn="true">
      <HelpTopic name="ServerClick" link="ms-help://MS.NETFrameworkSDKv1.1/cpref/html/frlrfsystemwebuihtmlcontrolshtmlinputbuttonclassServerClickTopic.htm" ismsdn="true" />
    </HelpFolder>
  </HelpFolder>
  <HelpFolder name="HtmlInputCheckBox class" link="ms-help://MS.NETFrameworkSDKv1.1/cpref/html/frlrfsystemwebuihtmlcontrolshtmlinputcheckboxClassTopic.htm" ismsdn="true">
    <HelpTopic name="HtmlInputCheckBox members" link="ms-help://MS.NETFrameworkSDKv1.1/cpref/html/frlrfsystemwebuihtmlcontrolshtmlinputcheckboxMembersTopic.htm" ismsdn="true" />
    <HelpFolder name="Constructors" link="ms-help://MS.NETFrameworkSDKv1.1/cpref/html/frlrfsystemwebuihtmlcontrolshtmlinputcheckboxclassctorTopic.htm" ismsdn="true">
      <HelpTopic name=".ctor()" link="ms-help://MS.NETFrameworkSDKv1.1/cpref/html/frlrfsystemwebuihtmlcontrolshtmlinputcheckboxclassctorTopic.htm" ismsdn="true" />
    </HelpFolder>
    <HelpFolder name="Properties" link="ms-help://MS.NETFrameworkSDKv1.1/cpref/html/frlrfsystemwebuihtmlcontrolshtmlinputcheckboxPropertiesTopic.htm" ismsdn="true">
      <HelpTopic name="Checked" link="ms-help://MS.NETFrameworkSDKv1.1/cpref/html/frlrfsystemwebuihtmlcontrolshtmlinputcheckboxclassCheckedTopic.htm" ismsdn="true" />
    </HelpFolder>
    <HelpFolder name="Events" link="ms-help://MS.NETFrameworkSDKv1.1/cpref/html/frlrfsystemwebuihtmlcontrolshtmlinputcheckboxEventsTopic.htm" ismsdn="true">
      <HelpTopic name="ServerChange" link="ms-help://MS.NETFrameworkSDKv1.1/cpref/html/frlrfsystemwebuihtmlcontrolshtmlinputcheckboxclassServerChangeTopic.htm" ismsdn="true" />
    </HelpFolder>
  </HelpFolder>
  <HelpFolder name="HtmlInputControl class" link="ms-help://MS.NETFrameworkSDKv1.1/cpref/html/frlrfsystemwebuihtmlcontrolshtmlinputcontrolClassTopic.htm" ismsdn="true">
    <HelpTopic name="HtmlInputControl members" link="ms-help://MS.NETFrameworkSDKv1.1/cpref/html/frlrfsystemwebuihtmlcontrolshtmlinputcontrolMembersTopic.htm" ismsdn="true" />
    <HelpFolder name="Constructors" link="ms-help://MS.NETFrameworkSDKv1.1/cpref/html/frlrfsystemwebuihtmlcontrolshtmlinputcontrolclassctorTopic.htm" ismsdn="true">
      <HelpTopic name=".ctor(System.String)" link="ms-help://MS.NETFrameworkSDKv1.1/cpref/html/frlrfsystemwebuihtmlcontrolshtmlinputcontrolclassctorTopic.htm" ismsdn="true" />
    </HelpFolder>
    <HelpFolder name="Properties" link="ms-help://MS.NETFrameworkSDKv1.1/cpref/html/frlrfsystemwebuihtmlcontrolshtmlinputcontrolPropertiesTopic.htm" ismsdn="true">
      <HelpTopic name="Name" link="ms-help://MS.NETFrameworkSDKv1.1/cpref/html/frlrfsystemwebuihtmlcontrolshtmlinputcontrolclassNameTopic.htm" ismsdn="true" />
      <HelpTopic name="Value" link="ms-help://MS.NETFrameworkSDKv1.1/cpref/html/frlrfsystemwebuihtmlcontrolshtmlinputcontrolclassValueTopic.htm" ismsdn="true" />
      <HelpTopic name="Type" link="ms-help://MS.NETFrameworkSDKv1.1/cpref/html/frlrfsystemwebuihtmlcontrolshtmlinputcontrolclassTypeTopic.htm" ismsdn="true" />
    </HelpFolder>
  </HelpFolder>
  <HelpFolder name="HtmlInputFile class" link="ms-help://MS.NETFrameworkSDKv1.1/cpref/html/frlrfsystemwebuihtmlcontrolshtmlinputfileClassTopic.htm" ismsdn="true">
    <HelpTopic name="HtmlInputFile members" link="ms-help://MS.NETFrameworkSDKv1.1/cpref/html/frlrfsystemwebuihtmlcontrolshtmlinputfileMembersTopic.htm" ismsdn="true" />
    <HelpFolder name="Constructors" link="ms-help://MS.NETFrameworkSDKv1.1/cpref/html/frlrfsystemwebuihtmlcontrolshtmlinputfileclassctorTopic.htm" ismsdn="true">
      <HelpTopic name=".ctor()" link="ms-help://MS.NETFrameworkSDKv1.1/cpref/html/frlrfsystemwebuihtmlcontrolshtmlinputfileclassctorTopic.htm" ismsdn="true" />
    </HelpFolder>
    <HelpFolder name="Properties" link="ms-help://MS.NETFrameworkSDKv1.1/cpref/html/frlrfsystemwebuihtmlcontrolshtmlinputfilePropertiesTopic.htm" ismsdn="true">
      <HelpTopic name="Accept" link="ms-help://MS.NETFrameworkSDKv1.1/cpref/html/frlrfsystemwebuihtmlcontrolshtmlinputfileclassAcceptTopic.htm" ismsdn="true" />
      <HelpTopic name="MaxLength" link="ms-help://MS.NETFrameworkSDKv1.1/cpref/html/frlrfsystemwebuihtmlcontrolshtmlinputfileclassMaxLengthTopic.htm" ismsdn="true" />
      <HelpTopic name="PostedFile" link="ms-help://MS.NETFrameworkSDKv1.1/cpref/html/frlrfsystemwebuihtmlcontrolshtmlinputfileclassPostedFileTopic.htm" ismsdn="true" />
      <HelpTopic name="Size" link="ms-help://MS.NETFrameworkSDKv1.1/cpref/html/frlrfsystemwebuihtmlcontrolshtmlinputfileclassSizeTopic.htm" ismsdn="true" />
      <HelpTopic name="Value" link="ms-help://MS.NETFrameworkSDKv1.1/cpref/html/frlrfsystemwebuihtmlcontrolshtmlinputfileclassValueTopic.htm" ismsdn="true" />
    </HelpFolder>
  </HelpFolder>
  <HelpFolder name="HtmlInputHidden class" link="ms-help://MS.NETFrameworkSDKv1.1/cpref/html/frlrfsystemwebuihtmlcontrolshtmlinputhiddenClassTopic.htm" ismsdn="true">
    <HelpTopic name="HtmlInputHidden members" link="ms-help://MS.NETFrameworkSDKv1.1/cpref/html/frlrfsystemwebuihtmlcontrolshtmlinputhiddenMembersTopic.htm" ismsdn="true" />
    <HelpFolder name="Constructors" link="ms-help://MS.NETFrameworkSDKv1.1/cpref/html/frlrfsystemwebuihtmlcontrolshtmlinputhiddenclassctorTopic.htm" ismsdn="true">
      <HelpTopic name=".ctor()" link="ms-help://MS.NETFrameworkSDKv1.1/cpref/html/frlrfsystemwebuihtmlcontrolshtmlinputhiddenclassctorTopic.htm" ismsdn="true" />
    </HelpFolder>
    <HelpFolder name="Events" link="ms-help://MS.NETFrameworkSDKv1.1/cpref/html/frlrfsystemwebuihtmlcontrolshtmlinputhiddenEventsTopic.htm" ismsdn="true">
      <HelpTopic name="ServerChange" link="ms-help://MS.NETFrameworkSDKv1.1/cpref/html/frlrfsystemwebuihtmlcontrolshtmlinputhiddenclassServerChangeTopic.htm" ismsdn="true" />
    </HelpFolder>
  </HelpFolder>
  <HelpFolder name="HtmlInputImage class" link="ms-help://MS.NETFrameworkSDKv1.1/cpref/html/frlrfsystemwebuihtmlcontrolshtmlinputimageClassTopic.htm" ismsdn="true">
    <HelpTopic name="HtmlInputImage members" link="ms-help://MS.NETFrameworkSDKv1.1/cpref/html/frlrfsystemwebuihtmlcontrolshtmlinputimageMembersTopic.htm" ismsdn="true" />
    <HelpFolder name="Constructors" link="ms-help://MS.NETFrameworkSDKv1.1/cpref/html/frlrfsystemwebuihtmlcontrolshtmlinputimageclassctorTopic.htm" ismsdn="true">
      <HelpTopic name=".ctor()" link="ms-help://MS.NETFrameworkSDKv1.1/cpref/html/frlrfsystemwebuihtmlcontrolshtmlinputimageclassctorTopic.htm" ismsdn="true" />
    </HelpFolder>
    <HelpFolder name="Properties" link="ms-help://MS.NETFrameworkSDKv1.1/cpref/html/frlrfsystemwebuihtmlcontrolshtmlinputimagePropertiesTopic.htm" ismsdn="true">
      <HelpTopic name="Align" link="ms-help://MS.NETFrameworkSDKv1.1/cpref/html/frlrfsystemwebuihtmlcontrolshtmlinputimageclassAlignTopic.htm" ismsdn="true" />
      <HelpTopic name="Alt" link="ms-help://MS.NETFrameworkSDKv1.1/cpref/html/frlrfsystemwebuihtmlcontrolshtmlinputimageclassAltTopic.htm" ismsdn="true" />
      <HelpTopic name="Border" link="ms-help://MS.NETFrameworkSDKv1.1/cpref/html/frlrfsystemwebuihtmlcontrolshtmlinputimageclassBorderTopic.htm" ismsdn="true" />
      <HelpTopic name="Src" link="ms-help://MS.NETFrameworkSDKv1.1/cpref/html/frlrfsystemwebuihtmlcontrolshtmlinputimageclassSrcTopic.htm" ismsdn="true" />
      <HelpTopic name="CausesValidation" link="ms-help://MS.NETFrameworkSDKv1.1/cpref/html/frlrfsystemwebuihtmlcontrolshtmlinputimageclassCausesValidationTopic.htm" ismsdn="true" />
    </HelpFolder>
    <HelpFolder name="Events" link="ms-help://MS.NETFrameworkSDKv1.1/cpref/html/frlrfsystemwebuihtmlcontrolshtmlinputimageEventsTopic.htm" ismsdn="true">
      <HelpTopic name="ServerClick" link="ms-help://MS.NETFrameworkSDKv1.1/cpref/html/frlrfsystemwebuihtmlcontrolshtmlinputimageclassServerClickTopic.htm" ismsdn="true" />
    </HelpFolder>
  </HelpFolder>
  <HelpFolder name="HtmlInputRadioButton class" link="ms-help://MS.NETFrameworkSDKv1.1/cpref/html/frlrfsystemwebuihtmlcontrolshtmlinputradiobuttonClassTopic.htm" ismsdn="true">
    <HelpTopic name="HtmlInputRadioButton members" link="ms-help://MS.NETFrameworkSDKv1.1/cpref/html/frlrfsystemwebuihtmlcontrolshtmlinputradiobuttonMembersTopic.htm" ismsdn="true" />
    <HelpFolder name="Constructors" link="ms-help://MS.NETFrameworkSDKv1.1/cpref/html/frlrfsystemwebuihtmlcontrolshtmlinputradiobuttonclassctorTopic.htm" ismsdn="true">
      <HelpTopic name=".ctor()" link="ms-help://MS.NETFrameworkSDKv1.1/cpref/html/frlrfsystemwebuihtmlcontrolshtmlinputradiobuttonclassctorTopic.htm" ismsdn="true" />
    </HelpFolder>
    <HelpFolder name="Properties" link="ms-help://MS.NETFrameworkSDKv1.1/cpref/html/frlrfsystemwebuihtmlcontrolshtmlinputradiobuttonPropertiesTopic.htm" ismsdn="true">
      <HelpTopic name="Checked" link="ms-help://MS.NETFrameworkSDKv1.1/cpref/html/frlrfsystemwebuihtmlcontrolshtmlinputradiobuttonclassCheckedTopic.htm" ismsdn="true" />
      <HelpTopic name="Name" link="ms-help://MS.NETFrameworkSDKv1.1/cpref/html/frlrfsystemwebuihtmlcontrolshtmlinputradiobuttonclassNameTopic.htm" ismsdn="true" />
      <HelpTopic name="Value" link="ms-help://MS.NETFrameworkSDKv1.1/cpref/html/frlrfsystemwebuihtmlcontrolshtmlinputradiobuttonclassValueTopic.htm" ismsdn="true" />
    </HelpFolder>
    <HelpFolder name="Events" link="ms-help://MS.NETFrameworkSDKv1.1/cpref/html/frlrfsystemwebuihtmlcontrolshtmlinputradiobuttonEventsTopic.htm" ismsdn="true">
      <HelpTopic name="ServerChange" link="ms-help://MS.NETFrameworkSDKv1.1/cpref/html/frlrfsystemwebuihtmlcontrolshtmlinputradiobuttonclassServerChangeTopic.htm" ismsdn="true" />
    </HelpFolder>
  </HelpFolder>
  <HelpFolder name="HtmlInputText class" link="ms-help://MS.NETFrameworkSDKv1.1/cpref/html/frlrfsystemwebuihtmlcontrolshtmlinputtextClassTopic.htm" ismsdn="true">
    <HelpTopic name="HtmlInputText members" link="ms-help://MS.NETFrameworkSDKv1.1/cpref/html/frlrfsystemwebuihtmlcontrolshtmlinputtextMembersTopic.htm" ismsdn="true" />
    <HelpFolder name="Constructors" link="ms-help://MS.NETFrameworkSDKv1.1/cpref/html/frlrfsystemwebuihtmlcontrolshtmlinputtextclassctorTopic.htm" ismsdn="true">
      <HelpTopic name=".ctor()" link="ms-help://MS.NETFrameworkSDKv1.1/cpref/html/frlrfsystemwebuihtmlcontrolshtmlinputtextclassctorTopic1.htm" ismsdn="true" />
      <HelpTopic name=".ctor(System.String)" link="ms-help://MS.NETFrameworkSDKv1.1/cpref/html/frlrfsystemwebuihtmlcontrolshtmlinputtextclassctorTopic1.htm" ismsdn="true" />
    </HelpFolder>
    <HelpFolder name="Properties" link="ms-help://MS.NETFrameworkSDKv1.1/cpref/html/frlrfsystemwebuihtmlcontrolshtmlinputtextPropertiesTopic.htm" ismsdn="true">
      <HelpTopic name="MaxLength" link="ms-help://MS.NETFrameworkSDKv1.1/cpref/html/frlrfsystemwebuihtmlcontrolshtmlinputtextclassMaxLengthTopic.htm" ismsdn="true" />
      <HelpTopic name="Size" link="ms-help://MS.NETFrameworkSDKv1.1/cpref/html/frlrfsystemwebuihtmlcontrolshtmlinputtextclassSizeTopic.htm" ismsdn="true" />
      <HelpTopic name="Value" link="ms-help://MS.NETFrameworkSDKv1.1/cpref/html/frlrfsystemwebuihtmlcontrolshtmlinputtextclassValueTopic.htm" ismsdn="true" />
    </HelpFolder>
    <HelpFolder name="Events" link="ms-help://MS.NETFrameworkSDKv1.1/cpref/html/frlrfsystemwebuihtmlcontrolshtmlinputtextEventsTopic.htm" ismsdn="true">
      <HelpTopic name="ServerChange" link="ms-help://MS.NETFrameworkSDKv1.1/cpref/html/frlrfsystemwebuihtmlcontrolshtmlinputtextclassServerChangeTopic.htm" ismsdn="true" />
    </HelpFolder>
  </HelpFolder>
  <HelpFolder name="HtmlSelect class" link="ms-help://MS.NETFrameworkSDKv1.1/cpref/html/frlrfsystemwebuihtmlcontrolshtmlselectClassTopic.htm" ismsdn="true">
    <HelpTopic name="HtmlSelect members" link="ms-help://MS.NETFrameworkSDKv1.1/cpref/html/frlrfsystemwebuihtmlcontrolshtmlselectMembersTopic.htm" ismsdn="true" />
    <HelpFolder name="Constructors" link="ms-help://MS.NETFrameworkSDKv1.1/cpref/html/frlrfsystemwebuihtmlcontrolshtmlselectclassctorTopic.htm" ismsdn="true">
      <HelpTopic name=".ctor()" link="ms-help://MS.NETFrameworkSDKv1.1/cpref/html/frlrfsystemwebuihtmlcontrolshtmlselectclassctorTopic.htm" ismsdn="true" />
    </HelpFolder>
    <HelpFolder name="Properties" link="ms-help://MS.NETFrameworkSDKv1.1/cpref/html/frlrfsystemwebuihtmlcontrolshtmlselectPropertiesTopic.htm" ismsdn="true">
      <HelpTopic name="DataMember" link="ms-help://MS.NETFrameworkSDKv1.1/cpref/html/frlrfsystemwebuihtmlcontrolshtmlselectclassDataMemberTopic.htm" ismsdn="true" />
      <HelpTopic name="DataSource" link="ms-help://MS.NETFrameworkSDKv1.1/cpref/html/frlrfsystemwebuihtmlcontrolshtmlselectclassDataSourceTopic.htm" ismsdn="true" />
      <HelpTopic name="DataTextField" link="ms-help://MS.NETFrameworkSDKv1.1/cpref/html/frlrfsystemwebuihtmlcontrolshtmlselectclassDataTextFieldTopic.htm" ismsdn="true" />
      <HelpTopic name="DataValueField" link="ms-help://MS.NETFrameworkSDKv1.1/cpref/html/frlrfsystemwebuihtmlcontrolshtmlselectclassDataValueFieldTopic.htm" ismsdn="true" />
      <HelpTopic name="InnerHtml" link="ms-help://MS.NETFrameworkSDKv1.1/cpref/html/frlrfsystemwebuihtmlcontrolshtmlselectclassInnerHtmlTopic.htm" ismsdn="true" />
      <HelpTopic name="InnerText" link="ms-help://MS.NETFrameworkSDKv1.1/cpref/html/frlrfsystemwebuihtmlcontrolshtmlselectclassInnerTextTopic.htm" ismsdn="true" />
      <HelpTopic name="Items" link="ms-help://MS.NETFrameworkSDKv1.1/cpref/html/frlrfsystemwebuihtmlcontrolshtmlselectclassItemsTopic.htm" ismsdn="true" />
      <HelpTopic name="Multiple" link="ms-help://MS.NETFrameworkSDKv1.1/cpref/html/frlrfsystemwebuihtmlcontrolshtmlselectclassMultipleTopic.htm" ismsdn="true" />
      <HelpTopic name="Name" link="ms-help://MS.NETFrameworkSDKv1.1/cpref/html/frlrfsystemwebuihtmlcontrolshtmlselectclassNameTopic.htm" ismsdn="true" />
      <HelpTopic name="SelectedIndex" link="ms-help://MS.NETFrameworkSDKv1.1/cpref/html/frlrfsystemwebuihtmlcontrolshtmlselectclassSelectedIndexTopic.htm" ismsdn="true" />
      <HelpTopic name="Size" link="ms-help://MS.NETFrameworkSDKv1.1/cpref/html/frlrfsystemwebuihtmlcontrolshtmlselectclassSizeTopic.htm" ismsdn="true" />
      <HelpTopic name="Value" link="ms-help://MS.NETFrameworkSDKv1.1/cpref/html/frlrfsystemwebuihtmlcontrolshtmlselectclassValueTopic.htm" ismsdn="true" />
    </HelpFolder>
    <HelpFolder name="Events" link="ms-help://MS.NETFrameworkSDKv1.1/cpref/html/frlrfsystemwebuihtmlcontrolshtmlselectEventsTopic.htm" ismsdn="true">
      <HelpTopic name="ServerChange" link="ms-help://MS.NETFrameworkSDKv1.1/cpref/html/frlrfsystemwebuihtmlcontrolshtmlselectclassServerChangeTopic.htm" ismsdn="true" />
    </HelpFolder>
  </HelpFolder>
  <HelpFolder name="HtmlTable class" link="ms-help://MS.NETFrameworkSDKv1.1/cpref/html/frlrfsystemwebuihtmlcontrolshtmltableClassTopic.htm" ismsdn="true">
    <HelpTopic name="HtmlTable members" link="ms-help://MS.NETFrameworkSDKv1.1/cpref/html/frlrfsystemwebuihtmlcontrolshtmltableMembersTopic.htm" ismsdn="true" />
    <HelpFolder name="Constructors" link="ms-help://MS.NETFrameworkSDKv1.1/cpref/html/frlrfsystemwebuihtmlcontrolshtmltableclassctorTopic.htm" ismsdn="true">
      <HelpTopic name=".ctor()" link="ms-help://MS.NETFrameworkSDKv1.1/cpref/html/frlrfsystemwebuihtmlcontrolshtmltableclassctorTopic.htm" ismsdn="true" />
    </HelpFolder>
    <HelpFolder name="Properties" link="ms-help://MS.NETFrameworkSDKv1.1/cpref/html/frlrfsystemwebuihtmlcontrolshtmltablePropertiesTopic.htm" ismsdn="true">
      <HelpTopic name="Align" link="ms-help://MS.NETFrameworkSDKv1.1/cpref/html/frlrfsystemwebuihtmlcontrolshtmltableclassAlignTopic.htm" ismsdn="true" />
      <HelpTopic name="BgColor" link="ms-help://MS.NETFrameworkSDKv1.1/cpref/html/frlrfsystemwebuihtmlcontrolshtmltableclassBgColorTopic.htm" ismsdn="true" />
      <HelpTopic name="Border" link="ms-help://MS.NETFrameworkSDKv1.1/cpref/html/frlrfsystemwebuihtmlcontrolshtmltableclassBorderTopic.htm" ismsdn="true" />
      <HelpTopic name="BorderColor" link="ms-help://MS.NETFrameworkSDKv1.1/cpref/html/frlrfsystemwebuihtmlcontrolshtmltableclassBorderColorTopic.htm" ismsdn="true" />
      <HelpTopic name="CellPadding" link="ms-help://MS.NETFrameworkSDKv1.1/cpref/html/frlrfsystemwebuihtmlcontrolshtmltableclassCellPaddingTopic.htm" ismsdn="true" />
      <HelpTopic name="CellSpacing" link="ms-help://MS.NETFrameworkSDKv1.1/cpref/html/frlrfsystemwebuihtmlcontrolshtmltableclassCellSpacingTopic.htm" ismsdn="true" />
      <HelpTopic name="InnerHtml" link="ms-help://MS.NETFrameworkSDKv1.1/cpref/html/frlrfsystemwebuihtmlcontrolshtmltableclassInnerHtmlTopic.htm" ismsdn="true" />
      <HelpTopic name="InnerText" link="ms-help://MS.NETFrameworkSDKv1.1/cpref/html/frlrfsystemwebuihtmlcontrolshtmltableclassInnerTextTopic.htm" ismsdn="true" />
      <HelpTopic name="Height" link="ms-help://MS.NETFrameworkSDKv1.1/cpref/html/frlrfsystemwebuihtmlcontrolshtmltableclassHeightTopic.htm" ismsdn="true" />
      <HelpTopic name="Width" link="ms-help://MS.NETFrameworkSDKv1.1/cpref/html/frlrfsystemwebuihtmlcontrolshtmltableclassWidthTopic.htm" ismsdn="true" />
      <HelpTopic name="Rows" link="ms-help://MS.NETFrameworkSDKv1.1/cpref/html/frlrfsystemwebuihtmlcontrolshtmltableclassRowsTopic.htm" ismsdn="true" />
    </HelpFolder>
  </HelpFolder>
  <HelpFolder name="HtmlTableCell class" link="ms-help://MS.NETFrameworkSDKv1.1/cpref/html/frlrfsystemwebuihtmlcontrolshtmltablecellClassTopic.htm" ismsdn="true">
    <HelpTopic name="HtmlTableCell members" link="ms-help://MS.NETFrameworkSDKv1.1/cpref/html/frlrfsystemwebuihtmlcontrolshtmltablecellMembersTopic.htm" ismsdn="true" />
    <HelpFolder name="Constructors" link="ms-help://MS.NETFrameworkSDKv1.1/cpref/html/frlrfsystemwebuihtmlcontrolshtmltablecellclassctorTopic.htm" ismsdn="true">
      <HelpTopic name=".ctor()" link="ms-help://MS.NETFrameworkSDKv1.1/cpref/html/frlrfsystemwebuihtmlcontrolshtmltablecellclassctorTopic1.htm" ismsdn="true" />
      <HelpTopic name=".ctor(System.String)" link="ms-help://MS.NETFrameworkSDKv1.1/cpref/html/frlrfsystemwebuihtmlcontrolshtmltablecellclassctorTopic1.htm" ismsdn="true" />
    </HelpFolder>
    <HelpFolder name="Properties" link="ms-help://MS.NETFrameworkSDKv1.1/cpref/html/frlrfsystemwebuihtmlcontrolshtmltablecellPropertiesTopic.htm" ismsdn="true">
      <HelpTopic name="Align" link="ms-help://MS.NETFrameworkSDKv1.1/cpref/html/frlrfsystemwebuihtmlcontrolshtmltablecellclassAlignTopic.htm" ismsdn="true" />
      <HelpTopic name="BgColor" link="ms-help://MS.NETFrameworkSDKv1.1/cpref/html/frlrfsystemwebuihtmlcontrolshtmltablecellclassBgColorTopic.htm" ismsdn="true" />
      <HelpTopic name="BorderColor" link="ms-help://MS.NETFrameworkSDKv1.1/cpref/html/frlrfsystemwebuihtmlcontrolshtmltablecellclassBorderColorTopic.htm" ismsdn="true" />
      <HelpTopic name="ColSpan" link="ms-help://MS.NETFrameworkSDKv1.1/cpref/html/frlrfsystemwebuihtmlcontrolshtmltablecellclassColSpanTopic.htm" ismsdn="true" />
      <HelpTopic name="Height" link="ms-help://MS.NETFrameworkSDKv1.1/cpref/html/frlrfsystemwebuihtmlcontrolshtmltablecellclassHeightTopic.htm" ismsdn="true" />
      <HelpTopic name="NoWrap" link="ms-help://MS.NETFrameworkSDKv1.1/cpref/html/frlrfsystemwebuihtmlcontrolshtmltablecellclassNoWrapTopic.htm" ismsdn="true" />
      <HelpTopic name="RowSpan" link="ms-help://MS.NETFrameworkSDKv1.1/cpref/html/frlrfsystemwebuihtmlcontrolshtmltablecellclassRowSpanTopic.htm" ismsdn="true" />
      <HelpTopic name="VAlign" link="ms-help://MS.NETFrameworkSDKv1.1/cpref/html/frlrfsystemwebuihtmlcontrolshtmltablecellclassVAlignTopic.htm" ismsdn="true" />
      <HelpTopic name="Width" link="ms-help://MS.NETFrameworkSDKv1.1/cpref/html/frlrfsystemwebuihtmlcontrolshtmltablecellclassWidthTopic.htm" ismsdn="true" />
    </HelpFolder>
  </HelpFolder>
  <HelpFolder name="HtmlTableCellCollection class" link="ms-help://MS.NETFrameworkSDKv1.1/cpref/html/frlrfsystemwebuihtmlcontrolshtmltablecellcollectionClassTopic.htm" ismsdn="true">
    <HelpTopic name="HtmlTableCellCollection members" link="ms-help://MS.NETFrameworkSDKv1.1/cpref/html/frlrfsystemwebuihtmlcontrolshtmltablecellcollectionMembersTopic.htm" ismsdn="true" />
    <HelpFolder name="Methods" link="ms-help://MS.NETFrameworkSDKv1.1/cpref/html/frlrfsystemwebuihtmlcontrolshtmltablecellcollectionMethodsTopic.htm" ismsdn="true">
      <HelpTopic name="GetEnumerator()" link="ms-help://MS.NETFrameworkSDKv1.1/cpref/html/frlrfsystemwebuihtmlcontrolshtmltablecellcollectionclassGetEnumeratorTopic.htm" ismsdn="true" />
      <HelpTopic name="CopyTo(System.Array, System.Int32)" link="ms-help://MS.NETFrameworkSDKv1.1/cpref/html/frlrfsystemwebuihtmlcontrolshtmltablecellcollectionclassCopyToTopic.htm" ismsdn="true" />
      <HelpTopic name="Add(System.Web.UI.HtmlControls.HtmlTableCell)" link="ms-help://MS.NETFrameworkSDKv1.1/cpref/html/frlrfsystemwebuihtmlcontrolshtmltablecellcollectionclassAddTopic.htm" ismsdn="true" />
      <HelpTopic name="Insert(System.Int32, System.Web.UI.HtmlControls.HtmlTableCell)" link="ms-help://MS.NETFrameworkSDKv1.1/cpref/html/frlrfsystemwebuihtmlcontrolshtmltablecellcollectionclassInsertTopic.htm" ismsdn="true" />
      <HelpTopic name="Clear()" link="ms-help://MS.NETFrameworkSDKv1.1/cpref/html/frlrfsystemwebuihtmlcontrolshtmltablecellcollectionclassClearTopic.htm" ismsdn="true" />
      <HelpTopic name="Remove(System.Web.UI.HtmlControls.HtmlTableCell)" link="ms-help://MS.NETFrameworkSDKv1.1/cpref/html/frlrfsystemwebuihtmlcontrolshtmltablecellcollectionclassRemoveTopic.htm" ismsdn="true" />
      <HelpTopic name="RemoveAt(System.Int32)" link="ms-help://MS.NETFrameworkSDKv1.1/cpref/html/frlrfsystemwebuihtmlcontrolshtmltablecellcollectionclassRemoveAtTopic.htm" ismsdn="true" />
    </HelpFolder>
    <HelpFolder name="Properties" link="ms-help://MS.NETFrameworkSDKv1.1/cpref/html/frlrfsystemwebuihtmlcontrolshtmltablecellcollectionPropertiesTopic.htm" ismsdn="true">
      <HelpTopic name="Count" link="ms-help://MS.NETFrameworkSDKv1.1/cpref/html/frlrfsystemwebuihtmlcontrolshtmltablecellcollectionclassCountTopic.htm" ismsdn="true" />
      <HelpTopic name="Item" link="ms-help://MS.NETFrameworkSDKv1.1/cpref/html/frlrfsystemwebuihtmlcontrolshtmltablecellcollectionclassItemTopic.htm" ismsdn="true" />
      <HelpTopic name="SyncRoot" link="ms-help://MS.NETFrameworkSDKv1.1/cpref/html/frlrfsystemwebuihtmlcontrolshtmltablecellcollectionclassSyncRootTopic.htm" ismsdn="true" />
      <HelpTopic name="IsReadOnly" link="ms-help://MS.NETFrameworkSDKv1.1/cpref/html/frlrfsystemwebuihtmlcontrolshtmltablecellcollectionclassIsReadOnlyTopic.htm" ismsdn="true" />
      <HelpTopic name="IsSynchronized" link="ms-help://MS.NETFrameworkSDKv1.1/cpref/html/frlrfsystemwebuihtmlcontrolshtmltablecellcollectionclassIsSynchronizedTopic.htm" ismsdn="true" />
    </HelpFolder>
  </HelpFolder>
  <HelpFolder name="HtmlTableRow class" link="ms-help://MS.NETFrameworkSDKv1.1/cpref/html/frlrfsystemwebuihtmlcontrolshtmltablerowClassTopic.htm" ismsdn="true">
    <HelpTopic name="HtmlTableRow members" link="ms-help://MS.NETFrameworkSDKv1.1/cpref/html/frlrfsystemwebuihtmlcontrolshtmltablerowMembersTopic.htm" ismsdn="true" />
    <HelpFolder name="Constructors" link="ms-help://MS.NETFrameworkSDKv1.1/cpref/html/frlrfsystemwebuihtmlcontrolshtmltablerowclassctorTopic.htm" ismsdn="true">
      <HelpTopic name=".ctor()" link="ms-help://MS.NETFrameworkSDKv1.1/cpref/html/frlrfsystemwebuihtmlcontrolshtmltablerowclassctorTopic.htm" ismsdn="true" />
    </HelpFolder>
    <HelpFolder name="Properties" link="ms-help://MS.NETFrameworkSDKv1.1/cpref/html/frlrfsystemwebuihtmlcontrolshtmltablerowPropertiesTopic.htm" ismsdn="true">
      <HelpTopic name="Align" link="ms-help://MS.NETFrameworkSDKv1.1/cpref/html/frlrfsystemwebuihtmlcontrolshtmltablerowclassAlignTopic.htm" ismsdn="true" />
      <HelpTopic name="Cells" link="ms-help://MS.NETFrameworkSDKv1.1/cpref/html/frlrfsystemwebuihtmlcontrolshtmltablerowclassCellsTopic.htm" ismsdn="true" />
      <HelpTopic name="BgColor" link="ms-help://MS.NETFrameworkSDKv1.1/cpref/html/frlrfsystemwebuihtmlcontrolshtmltablerowclassBgColorTopic.htm" ismsdn="true" />
      <HelpTopic name="BorderColor" link="ms-help://MS.NETFrameworkSDKv1.1/cpref/html/frlrfsystemwebuihtmlcontrolshtmltablerowclassBorderColorTopic.htm" ismsdn="true" />
      <HelpTopic name="Height" link="ms-help://MS.NETFrameworkSDKv1.1/cpref/html/frlrfsystemwebuihtmlcontrolshtmltablerowclassHeightTopic.htm" ismsdn="true" />
      <HelpTopic name="InnerHtml" link="ms-help://MS.NETFrameworkSDKv1.1/cpref/html/frlrfsystemwebuihtmlcontrolshtmltablerowclassInnerHtmlTopic.htm" ismsdn="true" />
      <HelpTopic name="InnerText" link="ms-help://MS.NETFrameworkSDKv1.1/cpref/html/frlrfsystemwebuihtmlcontrolshtmltablerowclassInnerTextTopic.htm" ismsdn="true" />
      <HelpTopic name="VAlign" link="ms-help://MS.NETFrameworkSDKv1.1/cpref/html/frlrfsystemwebuihtmlcontrolshtmltablerowclassVAlignTopic.htm" ismsdn="true" />
    </HelpFolder>
  </HelpFolder>
  <HelpFolder name="HtmlTableRowCollection class" link="ms-help://MS.NETFrameworkSDKv1.1/cpref/html/frlrfsystemwebuihtmlcontrolshtmltablerowcollectionClassTopic.htm" ismsdn="true">
    <HelpTopic name="HtmlTableRowCollection members" link="ms-help://MS.NETFrameworkSDKv1.1/cpref/html/frlrfsystemwebuihtmlcontrolshtmltablerowcollectionMembersTopic.htm" ismsdn="true" />
    <HelpFolder name="Methods" link="ms-help://MS.NETFrameworkSDKv1.1/cpref/html/frlrfsystemwebuihtmlcontrolshtmltablerowcollectionMethodsTopic.htm" ismsdn="true">
      <HelpTopic name="GetEnumerator()" link="ms-help://MS.NETFrameworkSDKv1.1/cpref/html/frlrfsystemwebuihtmlcontrolshtmltablerowcollectionclassGetEnumeratorTopic.htm" ismsdn="true" />
      <HelpTopic name="CopyTo(System.Array, System.Int32)" link="ms-help://MS.NETFrameworkSDKv1.1/cpref/html/frlrfsystemwebuihtmlcontrolshtmltablerowcollectionclassCopyToTopic.htm" ismsdn="true" />
      <HelpTopic name="Add(System.Web.UI.HtmlControls.HtmlTableRow)" link="ms-help://MS.NETFrameworkSDKv1.1/cpref/html/frlrfsystemwebuihtmlcontrolshtmltablerowcollectionclassAddTopic.htm" ismsdn="true" />
      <HelpTopic name="Insert(System.Int32, System.Web.UI.HtmlControls.HtmlTableRow)" link="ms-help://MS.NETFrameworkSDKv1.1/cpref/html/frlrfsystemwebuihtmlcontrolshtmltablerowcollectionclassInsertTopic.htm" ismsdn="true" />
      <HelpTopic name="Clear()" link="ms-help://MS.NETFrameworkSDKv1.1/cpref/html/frlrfsystemwebuihtmlcontrolshtmltablerowcollectionclassClearTopic.htm" ismsdn="true" />
      <HelpTopic name="Remove(System.Web.UI.HtmlControls.HtmlTableRow)" link="ms-help://MS.NETFrameworkSDKv1.1/cpref/html/frlrfsystemwebuihtmlcontrolshtmltablerowcollectionclassRemoveTopic.htm" ismsdn="true" />
      <HelpTopic name="RemoveAt(System.Int32)" link="ms-help://MS.NETFrameworkSDKv1.1/cpref/html/frlrfsystemwebuihtmlcontrolshtmltablerowcollectionclassRemoveAtTopic.htm" ismsdn="true" />
    </HelpFolder>
    <HelpFolder name="Properties" link="ms-help://MS.NETFrameworkSDKv1.1/cpref/html/frlrfsystemwebuihtmlcontrolshtmltablerowcollectionPropertiesTopic.htm" ismsdn="true">
      <HelpTopic name="Count" link="ms-help://MS.NETFrameworkSDKv1.1/cpref/html/frlrfsystemwebuihtmlcontrolshtmltablerowcollectionclassCountTopic.htm" ismsdn="true" />
      <HelpTopic name="Item" link="ms-help://MS.NETFrameworkSDKv1.1/cpref/html/frlrfsystemwebuihtmlcontrolshtmltablerowcollectionclassItemTopic.htm" ismsdn="true" />
      <HelpTopic name="SyncRoot" link="ms-help://MS.NETFrameworkSDKv1.1/cpref/html/frlrfsystemwebuihtmlcontrolshtmltablerowcollectionclassSyncRootTopic.htm" ismsdn="true" />
      <HelpTopic name="IsReadOnly" link="ms-help://MS.NETFrameworkSDKv1.1/cpref/html/frlrfsystemwebuihtmlcontrolshtmltablerowcollectionclassIsReadOnlyTopic.htm" ismsdn="true" />
      <HelpTopic name="IsSynchronized" link="ms-help://MS.NETFrameworkSDKv1.1/cpref/html/frlrfsystemwebuihtmlcontrolshtmltablerowcollectionclassIsSynchronizedTopic.htm" ismsdn="true" />
    </HelpFolder>
  </HelpFolder>
  <HelpFolder name="HtmlTextArea class" link="ms-help://MS.NETFrameworkSDKv1.1/cpref/html/frlrfsystemwebuihtmlcontrolshtmltextareaClassTopic.htm" ismsdn="true">
    <HelpTopic name="HtmlTextArea members" link="ms-help://MS.NETFrameworkSDKv1.1/cpref/html/frlrfsystemwebuihtmlcontrolshtmltextareaMembersTopic.htm" ismsdn="true" />
    <HelpFolder name="Constructors" link="ms-help://MS.NETFrameworkSDKv1.1/cpref/html/frlrfsystemwebuihtmlcontrolshtmltextareaclassctorTopic.htm" ismsdn="true">
      <HelpTopic name=".ctor()" link="ms-help://MS.NETFrameworkSDKv1.1/cpref/html/frlrfsystemwebuihtmlcontrolshtmltextareaclassctorTopic.htm" ismsdn="true" />
    </HelpFolder>
    <HelpFolder name="Properties" link="ms-help://MS.NETFrameworkSDKv1.1/cpref/html/frlrfsystemwebuihtmlcontrolshtmltextareaPropertiesTopic.htm" ismsdn="true">
      <HelpTopic name="Cols" link="ms-help://MS.NETFrameworkSDKv1.1/cpref/html/frlrfsystemwebuihtmlcontrolshtmltextareaclassColsTopic.htm" ismsdn="true" />
      <HelpTopic name="Name" link="ms-help://MS.NETFrameworkSDKv1.1/cpref/html/frlrfsystemwebuihtmlcontrolshtmltextareaclassNameTopic.htm" ismsdn="true" />
      <HelpTopic name="Rows" link="ms-help://MS.NETFrameworkSDKv1.1/cpref/html/frlrfsystemwebuihtmlcontrolshtmltextareaclassRowsTopic.htm" ismsdn="true" />
      <HelpTopic name="Value" link="ms-help://MS.NETFrameworkSDKv1.1/cpref/html/frlrfsystemwebuihtmlcontrolshtmltextareaclassValueTopic.htm" ismsdn="true" />
    </HelpFolder>
    <HelpFolder name="Events" link="ms-help://MS.NETFrameworkSDKv1.1/cpref/html/frlrfsystemwebuihtmlcontrolshtmltextareaEventsTopic.htm" ismsdn="true">
      <HelpTopic name="ServerChange" link="ms-help://MS.NETFrameworkSDKv1.1/cpref/html/frlrfsystemwebuihtmlcontrolshtmltextareaclassServerChangeTopic.htm" ismsdn="true" />
    </HelpFolder>
  </HelpFolder>
</HelpCollection>