<HelpCollection>
  <HelpFolder name="CodeCompiler class" link="ms-help://MS.NETFrameworkSDKv1.1/cpref/html/frlrfsystemcodedomcompilercodecompilerClassTopic.htm" ismsdn="true">
    <HelpTopic name="CodeCompiler members" link="ms-help://MS.NETFrameworkSDKv1.1/cpref/html/frlrfsystemcodedomcompilercodecompilerMembersTopic.htm" ismsdn="true" />
  </HelpFolder>
  <HelpFolder name="CodeDomProvider class" link="ms-help://MS.NETFrameworkSDKv1.1/cpref/html/frlrfsystemcodedomcompilercodedomproviderClassTopic.htm" ismsdn="true">
    <HelpTopic name="CodeDomProvider members" link="ms-help://MS.NETFrameworkSDKv1.1/cpref/html/frlrfsystemcodedomcompilercodedomproviderMembersTopic.htm" ismsdn="true" />
    <HelpFolder name="Methods" link="ms-help://MS.NETFrameworkSDKv1.1/cpref/html/frlrfsystemcodedomcompilercodedomproviderMethodsTopic.htm" ismsdn="true">
      <HelpTopic name="GetCompilerInfo(System.String)" link="ms-help://MS.NETFrameworkSDKv1.1/cpref/html/frlrfsystemcodedomcompilercodedomproviderclassGetCompilerInfoTopic.htm" ismsdn="true" />
      <HelpTopic name="CreateGenerator()" link="ms-help://MS.NETFrameworkSDKv1.1/cpref/html/frlrfsystemcodedomcompilercodedomproviderclassCreateGeneratorTopic1.htm" ismsdn="true" />
      <HelpTopic name="CreateGenerator(System.IO.TextWriter)" link="ms-help://MS.NETFrameworkSDKv1.1/cpref/html/frlrfsystemcodedomcompilercodedomproviderclassCreateGeneratorTopic2.htm" ismsdn="true" />
      <HelpTopic name="CreateGenerator(System.String)" link="ms-help://MS.NETFrameworkSDKv1.1/cpref/html/frlrfsystemcodedomcompilercodedomproviderclassCreateGeneratorTopic3.htm" ismsdn="true" />
      <HelpTopic name="CreateCompiler()" link="ms-help://MS.NETFrameworkSDKv1.1/cpref/html/frlrfsystemcodedomcompilercodedomproviderclassCreateCompilerTopic.htm" ismsdn="true" />
      <HelpTopic name="CreateParser()" link="ms-help://MS.NETFrameworkSDKv1.1/cpref/html/frlrfsystemcodedomcompilercodedomproviderclassCreateParserTopic.htm" ismsdn="true" />
      <HelpTopic name="GetConverter(System.Type)" link="ms-help://MS.NETFrameworkSDKv1.1/cpref/html/frlrfsystemcodedomcompilercodedomproviderclassGetConverterTopic.htm" ismsdn="true" />
      <HelpTopic name="CompileAssemblyFromDom(System.CodeDom.Compiler.CompilerParameters, System.CodeDom.CodeCompileUnit[])" link="ms-help://MS.NETFrameworkSDKv1.1/cpref/html/frlrfsystemcodedomcompilercodedomproviderclassCompileAssemblyFromDomTopic.htm" ismsdn="true" />
      <HelpTopic name="CompileAssemblyFromFile(System.CodeDom.Compiler.CompilerParameters, System.String[])" link="ms-help://MS.NETFrameworkSDKv1.1/cpref/html/frlrfsystemcodedomcompilercodedomproviderclassCompileAssemblyFromFileTopic.htm" ismsdn="true" />
      <HelpTopic name="CompileAssemblyFromSource(System.CodeDom.Compiler.CompilerParameters, System.String[])" link="ms-help://MS.NETFrameworkSDKv1.1/cpref/html/frlrfsystemcodedomcompilercodedomproviderclassCompileAssemblyFromSourceTopic.htm" ismsdn="true" />
      <HelpTopic name="IsValidIdentifier(System.String)" link="ms-help://MS.NETFrameworkSDKv1.1/cpref/html/frlrfsystemcodedomcompilercodedomproviderclassIsValidIdentifierTopic.htm" ismsdn="true" />
      <HelpTopic name="CreateEscapedIdentifier(System.String)" link="ms-help://MS.NETFrameworkSDKv1.1/cpref/html/frlrfsystemcodedomcompilercodedomproviderclassCreateEscapedIdentifierTopic.htm" ismsdn="true" />
      <HelpTopic name="CreateValidIdentifier(System.String)" link="ms-help://MS.NETFrameworkSDKv1.1/cpref/html/frlrfsystemcodedomcompilercodedomproviderclassCreateValidIdentifierTopic.htm" ismsdn="true" />
      <HelpTopic name="GetTypeOutput(System.CodeDom.CodeTypeReference)" link="ms-help://MS.NETFrameworkSDKv1.1/cpref/html/frlrfsystemcodedomcompilercodedomproviderclassGetTypeOutputTopic.htm" ismsdn="true" />
      <HelpTopic name="Supports(System.CodeDom.Compiler.GeneratorSupport)" link="ms-help://MS.NETFrameworkSDKv1.1/cpref/html/frlrfsystemcodedomcompilercodedomproviderclassSupportsTopic.htm" ismsdn="true" />
      <HelpTopic name="GenerateCodeFromExpression(System.CodeDom.CodeExpression, System.IO.TextWriter, System.CodeDom.Compiler.CodeGeneratorOptions)" link="ms-help://MS.NETFrameworkSDKv1.1/cpref/html/frlrfsystemcodedomcompilercodedomproviderclassGenerateCodeFromExpressionTopic.htm" ismsdn="true" />
      <HelpTopic name="GenerateCodeFromStatement(System.CodeDom.CodeStatement, System.IO.TextWriter, System.CodeDom.Compiler.CodeGeneratorOptions)" link="ms-help://MS.NETFrameworkSDKv1.1/cpref/html/frlrfsystemcodedomcompilercodedomproviderclassGenerateCodeFromStatementTopic.htm" ismsdn="true" />
      <HelpTopic name="GenerateCodeFromNamespace(System.CodeDom.CodeNamespace, System.IO.TextWriter, System.CodeDom.Compiler.CodeGeneratorOptions)" link="ms-help://MS.NETFrameworkSDKv1.1/cpref/html/frlrfsystemcodedomcompilercodedomproviderclassGenerateCodeFromNamespaceTopic.htm" ismsdn="true" />
      <HelpTopic name="GenerateCodeFromCompileUnit(System.CodeDom.CodeCompileUnit, System.IO.TextWriter, System.CodeDom.Compiler.CodeGeneratorOptions)" link="ms-help://MS.NETFrameworkSDKv1.1/cpref/html/frlrfsystemcodedomcompilercodedomproviderclassGenerateCodeFromCompileUnitTopic.htm" ismsdn="true" />
      <HelpTopic name="GenerateCodeFromType(System.CodeDom.CodeTypeDeclaration, System.IO.TextWriter, System.CodeDom.Compiler.CodeGeneratorOptions)" link="ms-help://MS.NETFrameworkSDKv1.1/cpref/html/frlrfsystemcodedomcompilercodedomproviderclassGenerateCodeFromTypeTopic.htm" ismsdn="true" />
      <HelpTopic name="GenerateCodeFromMember(System.CodeDom.CodeTypeMember, System.IO.TextWriter, System.CodeDom.Compiler.CodeGeneratorOptions)" link="ms-help://MS.NETFrameworkSDKv1.1/cpref/html/frlrfsystemcodedomcompilercodedomproviderclassGenerateCodeFromMemberTopic.htm" ismsdn="true" />
      <HelpTopic name="Parse(System.IO.TextReader)" link="ms-help://MS.NETFrameworkSDKv1.1/cpref/html/frlrfsystemcodedomcompilercodedomproviderclassParseTopic.htm" ismsdn="true" />
      <HelpTopic name="CreateProvider(System.String)" link="ms-help://MS.NETFrameworkSDKv1.1/cpref/html/frlrfsystemcodedomcompilercodedomproviderclassCreateProviderTopic.htm" ismsdn="true" />
      <HelpTopic name="GetLanguageFromExtension(System.String)" link="ms-help://MS.NETFrameworkSDKv1.1/cpref/html/frlrfsystemcodedomcompilercodedomproviderclassGetLanguageFromExtensionTopic.htm" ismsdn="true" />
      <HelpTopic name="IsDefinedLanguage(System.String)" link="ms-help://MS.NETFrameworkSDKv1.1/cpref/html/frlrfsystemcodedomcompilercodedomproviderclassIsDefinedLanguageTopic.htm" ismsdn="true" />
      <HelpTopic name="IsDefinedExtension(System.String)" link="ms-help://MS.NETFrameworkSDKv1.1/cpref/html/frlrfsystemcodedomcompilercodedomproviderclassIsDefinedExtensionTopic.htm" ismsdn="true" />
      <HelpTopic name="GetAllCompilerInfo()" link="ms-help://MS.NETFrameworkSDKv1.1/cpref/html/frlrfsystemcodedomcompilercodedomproviderclassGetAllCompilerInfoTopic.htm" ismsdn="true" />
    </HelpFolder>
    <HelpFolder name="Properties" link="ms-help://MS.NETFrameworkSDKv1.1/cpref/html/frlrfsystemcodedomcompilercodedomproviderPropertiesTopic.htm" ismsdn="true">
      <HelpTopic name="FileExtension" link="ms-help://MS.NETFrameworkSDKv1.1/cpref/html/frlrfsystemcodedomcompilercodedomproviderclassFileExtensionTopic.htm" ismsdn="true" />
      <HelpTopic name="LanguageOptions" link="ms-help://MS.NETFrameworkSDKv1.1/cpref/html/frlrfsystemcodedomcompilercodedomproviderclassLanguageOptionsTopic.htm" ismsdn="true" />
    </HelpFolder>
  </HelpFolder>
  <HelpFolder name="CodeGenerator class" link="ms-help://MS.NETFrameworkSDKv1.1/cpref/html/frlrfsystemcodedomcompilercodegeneratorClassTopic.htm" ismsdn="true">
    <HelpTopic name="CodeGenerator members" link="ms-help://MS.NETFrameworkSDKv1.1/cpref/html/frlrfsystemcodedomcompilercodegeneratorMembersTopic.htm" ismsdn="true" />
    <HelpFolder name="Methods" link="ms-help://MS.NETFrameworkSDKv1.1/cpref/html/frlrfsystemcodedomcompilercodegeneratorMethodsTopic.htm" ismsdn="true">
      <HelpTopic name="GenerateCodeFromMember(System.CodeDom.CodeTypeMember, System.IO.TextWriter, System.CodeDom.Compiler.CodeGeneratorOptions)" link="ms-help://MS.NETFrameworkSDKv1.1/cpref/html/frlrfsystemcodedomcompilercodegeneratorclassGenerateCodeFromMemberTopic.htm" ismsdn="true" />
      <HelpTopic name="IsValidLanguageIndependentIdentifier(System.String)" link="ms-help://MS.NETFrameworkSDKv1.1/cpref/html/frlrfsystemcodedomcompilercodegeneratorclassIsValidLanguageIndependentIdentifierTopic.htm" ismsdn="true" />
      <HelpTopic name="ValidateIdentifiers(System.CodeDom.CodeObject)" link="ms-help://MS.NETFrameworkSDKv1.1/cpref/html/frlrfsystemcodedomcompilercodegeneratorclassValidateIdentifiersTopic.htm" ismsdn="true" />
    </HelpFolder>
  </HelpFolder>
  <HelpFolder name="CodeGeneratorOptions class" link="ms-help://MS.NETFrameworkSDKv1.1/cpref/html/frlrfsystemcodedomcompilercodegeneratoroptionsClassTopic.htm" ismsdn="true">
    <HelpTopic name="CodeGeneratorOptions members" link="ms-help://MS.NETFrameworkSDKv1.1/cpref/html/frlrfsystemcodedomcompilercodegeneratoroptionsMembersTopic.htm" ismsdn="true" />
    <HelpFolder name="Constructors" link="ms-help://MS.NETFrameworkSDKv1.1/cpref/html/frlrfsystemcodedomcompilercodegeneratoroptionsclassctorTopic.htm" ismsdn="true">
      <HelpTopic name=".ctor()" link="ms-help://MS.NETFrameworkSDKv1.1/cpref/html/frlrfsystemcodedomcompilercodegeneratoroptionsclassctorTopic.htm" ismsdn="true" />
    </HelpFolder>
    <HelpFolder name="Properties" link="ms-help://MS.NETFrameworkSDKv1.1/cpref/html/frlrfsystemcodedomcompilercodegeneratoroptionsPropertiesTopic.htm" ismsdn="true">
      <HelpTopic name="Item" link="ms-help://MS.NETFrameworkSDKv1.1/cpref/html/frlrfsystemcodedomcompilercodegeneratoroptionsclassItemTopic.htm" ismsdn="true" />
      <HelpTopic name="IndentString" link="ms-help://MS.NETFrameworkSDKv1.1/cpref/html/frlrfsystemcodedomcompilercodegeneratoroptionsclassIndentStringTopic.htm" ismsdn="true" />
      <HelpTopic name="BracingStyle" link="ms-help://MS.NETFrameworkSDKv1.1/cpref/html/frlrfsystemcodedomcompilercodegeneratoroptionsclassBracingStyleTopic.htm" ismsdn="true" />
      <HelpTopic name="ElseOnClosing" link="ms-help://MS.NETFrameworkSDKv1.1/cpref/html/frlrfsystemcodedomcompilercodegeneratoroptionsclassElseOnClosingTopic.htm" ismsdn="true" />
      <HelpTopic name="BlankLinesBetweenMembers" link="ms-help://MS.NETFrameworkSDKv1.1/cpref/html/frlrfsystemcodedomcompilercodegeneratoroptionsclassBlankLinesBetweenMembersTopic.htm" ismsdn="true" />
      <HelpTopic name="VerbatimOrder" link="ms-help://MS.NETFrameworkSDKv1.1/cpref/html/frlrfsystemcodedomcompilercodegeneratoroptionsclassVerbatimOrderTopic.htm" ismsdn="true" />
    </HelpFolder>
  </HelpFolder>
  <HelpFolder name="CodeParser class" link="ms-help://MS.NETFrameworkSDKv1.1/cpref/html/frlrfsystemcodedomcompilercodeparserClassTopic.htm" ismsdn="true">
    <HelpTopic name="CodeParser members" link="ms-help://MS.NETFrameworkSDKv1.1/cpref/html/frlrfsystemcodedomcompilercodeparserMembersTopic.htm" ismsdn="true" />
    <HelpFolder name="Methods" link="ms-help://MS.NETFrameworkSDKv1.1/cpref/html/frlrfsystemcodedomcompilercodeparserMethodsTopic.htm" ismsdn="true">
      <HelpTopic name="Parse(System.IO.TextReader)" link="ms-help://MS.NETFrameworkSDKv1.1/cpref/html/frlrfsystemcodedomcompilercodeparserclassParseTopic.htm" ismsdn="true" />
    </HelpFolder>
  </HelpFolder>
  <HelpFolder name="CompilerError class" link="ms-help://MS.NETFrameworkSDKv1.1/cpref/html/frlrfsystemcodedomcompilercompilererrorClassTopic.htm" ismsdn="true">
    <HelpTopic name="CompilerError members" link="ms-help://MS.NETFrameworkSDKv1.1/cpref/html/frlrfsystemcodedomcompilercompilererrorMembersTopic.htm" ismsdn="true" />
    <HelpFolder name="Constructors" link="ms-help://MS.NETFrameworkSDKv1.1/cpref/html/frlrfsystemcodedomcompilercompilererrorclassctorTopic.htm" ismsdn="true">
      <HelpTopic name=".ctor()" link="ms-help://MS.NETFrameworkSDKv1.1/cpref/html/frlrfsystemcodedomcompilercompilererrorclassctorTopic1.htm" ismsdn="true" />
      <HelpTopic name=".ctor(System.String, System.Int32, System.Int32, System.String, System.String)" link="ms-help://MS.NETFrameworkSDKv1.1/cpref/html/frlrfsystemcodedomcompilercompilererrorclassctorTopic1.htm" ismsdn="true" />
    </HelpFolder>
    <HelpFolder name="Methods" link="ms-help://MS.NETFrameworkSDKv1.1/cpref/html/frlrfsystemcodedomcompilercompilererrorMethodsTopic.htm" ismsdn="true">
      <HelpTopic name="ToString()" link="ms-help://MS.NETFrameworkSDKv1.1/cpref/html/frlrfsystemcodedomcompilercompilererrorclassToStringTopic.htm" ismsdn="true" />
    </HelpFolder>
    <HelpFolder name="Properties" link="ms-help://MS.NETFrameworkSDKv1.1/cpref/html/frlrfsystemcodedomcompilercompilererrorPropertiesTopic.htm" ismsdn="true">
      <HelpTopic name="Line" link="ms-help://MS.NETFrameworkSDKv1.1/cpref/html/frlrfsystemcodedomcompilercompilererrorclassLineTopic.htm" ismsdn="true" />
      <HelpTopic name="Column" link="ms-help://MS.NETFrameworkSDKv1.1/cpref/html/frlrfsystemcodedomcompilercompilererrorclassColumnTopic.htm" ismsdn="true" />
      <HelpTopic name="ErrorNumber" link="ms-help://MS.NETFrameworkSDKv1.1/cpref/html/frlrfsystemcodedomcompilercompilererrorclassErrorNumberTopic.htm" ismsdn="true" />
      <HelpTopic name="ErrorText" link="ms-help://MS.NETFrameworkSDKv1.1/cpref/html/frlrfsystemcodedomcompilercompilererrorclassErrorTextTopic.htm" ismsdn="true" />
      <HelpTopic name="IsWarning" link="ms-help://MS.NETFrameworkSDKv1.1/cpref/html/frlrfsystemcodedomcompilercompilererrorclassIsWarningTopic.htm" ismsdn="true" />
      <HelpTopic name="FileName" link="ms-help://MS.NETFrameworkSDKv1.1/cpref/html/frlrfsystemcodedomcompilercompilererrorclassFileNameTopic.htm" ismsdn="true" />
    </HelpFolder>
  </HelpFolder>
  <HelpFolder name="CompilerErrorCollection class" link="ms-help://MS.NETFrameworkSDKv1.1/cpref/html/frlrfsystemcodedomcompilercompilererrorcollectionClassTopic.htm" ismsdn="true">
    <HelpTopic name="CompilerErrorCollection members" link="ms-help://MS.NETFrameworkSDKv1.1/cpref/html/frlrfsystemcodedomcompilercompilererrorcollectionMembersTopic.htm" ismsdn="true" />
    <HelpFolder name="Constructors" link="ms-help://MS.NETFrameworkSDKv1.1/cpref/html/frlrfsystemcodedomcompilercompilererrorcollectionclassctorTopic.htm" ismsdn="true">
      <HelpTopic name=".ctor()" link="ms-help://MS.NETFrameworkSDKv1.1/cpref/html/frlrfsystemcodedomcompilercompilererrorcollectionclassctorTopic1.htm" ismsdn="true" />
      <HelpTopic name=".ctor(System.CodeDom.Compiler.CompilerErrorCollection)" link="ms-help://MS.NETFrameworkSDKv1.1/cpref/html/frlrfsystemcodedomcompilercompilererrorcollectionclassctorTopic1.htm" ismsdn="true" />
      <HelpTopic name=".ctor(System.CodeDom.Compiler.CompilerError[])" link="ms-help://MS.NETFrameworkSDKv1.1/cpref/html/frlrfsystemcodedomcompilercompilererrorcollectionclassctorTopic2.htm" ismsdn="true" />
    </HelpFolder>
    <HelpFolder name="Methods" link="ms-help://MS.NETFrameworkSDKv1.1/cpref/html/frlrfsystemcodedomcompilercompilererrorcollectionMethodsTopic.htm" ismsdn="true">
      <HelpTopic name="Add(System.CodeDom.Compiler.CompilerError)" link="ms-help://MS.NETFrameworkSDKv1.1/cpref/html/frlrfsystemcodedomcompilercompilererrorcollectionclassAddTopic.htm" ismsdn="true" />
      <HelpTopic name="AddRange(System.CodeDom.Compiler.CompilerError[])" link="ms-help://MS.NETFrameworkSDKv1.1/cpref/html/frlrfsystemcodedomcompilercompilererrorcollectionclassAddRangeTopic1.htm" ismsdn="true" />
      <HelpTopic name="AddRange(System.CodeDom.Compiler.CompilerErrorCollection)" link="ms-help://MS.NETFrameworkSDKv1.1/cpref/html/frlrfsystemcodedomcompilercompilererrorcollectionclassAddRangeTopic2.htm" ismsdn="true" />
      <HelpTopic name="Contains(System.CodeDom.Compiler.CompilerError)" link="ms-help://MS.NETFrameworkSDKv1.1/cpref/html/frlrfsystemcodedomcompilercompilererrorcollectionclassContainsTopic.htm" ismsdn="true" />
      <HelpTopic name="CopyTo(System.CodeDom.Compiler.CompilerError[], System.Int32)" link="ms-help://MS.NETFrameworkSDKv1.1/cpref/html/frlrfsystemcodedomcompilercompilererrorcollectionclassCopyToTopic.htm" ismsdn="true" />
      <HelpTopic name="IndexOf(System.CodeDom.Compiler.CompilerError)" link="ms-help://MS.NETFrameworkSDKv1.1/cpref/html/frlrfsystemcodedomcompilercompilererrorcollectionclassIndexOfTopic.htm" ismsdn="true" />
      <HelpTopic name="Insert(System.Int32, System.CodeDom.Compiler.CompilerError)" link="ms-help://MS.NETFrameworkSDKv1.1/cpref/html/frlrfsystemcodedomcompilercompilererrorcollectionclassInsertTopic.htm" ismsdn="true" />
      <HelpTopic name="Remove(System.CodeDom.Compiler.CompilerError)" link="ms-help://MS.NETFrameworkSDKv1.1/cpref/html/frlrfsystemcodedomcompilercompilererrorcollectionclassRemoveTopic.htm" ismsdn="true" />
    </HelpFolder>
    <HelpFolder name="Properties" link="ms-help://MS.NETFrameworkSDKv1.1/cpref/html/frlrfsystemcodedomcompilercompilererrorcollectionPropertiesTopic.htm" ismsdn="true">
      <HelpTopic name="Item" link="ms-help://MS.NETFrameworkSDKv1.1/cpref/html/frlrfsystemcodedomcompilercompilererrorcollectionclassItemTopic.htm" ismsdn="true" />
      <HelpTopic name="HasErrors" link="ms-help://MS.NETFrameworkSDKv1.1/cpref/html/frlrfsystemcodedomcompilercompilererrorcollectionclassHasErrorsTopic.htm" ismsdn="true" />
      <HelpTopic name="HasWarnings" link="ms-help://MS.NETFrameworkSDKv1.1/cpref/html/frlrfsystemcodedomcompilercompilererrorcollectionclassHasWarningsTopic.htm" ismsdn="true" />
    </HelpFolder>
  </HelpFolder>
  <HelpFolder name="CompilerInfo class" link="ms-help://MS.NETFrameworkSDKv1.1/cpref/html/frlrfsystemcodedomcompilercompilerinfoClassTopic.htm" ismsdn="true">
    <HelpTopic name="CompilerInfo members" link="ms-help://MS.NETFrameworkSDKv1.1/cpref/html/frlrfsystemcodedomcompilercompilerinfoMembersTopic.htm" ismsdn="true" />
    <HelpFolder name="Methods" link="ms-help://MS.NETFrameworkSDKv1.1/cpref/html/frlrfsystemcodedomcompilercompilerinfoMethodsTopic.htm" ismsdn="true">
      <HelpTopic name="GetLanguages()" link="ms-help://MS.NETFrameworkSDKv1.1/cpref/html/frlrfsystemcodedomcompilercompilerinfoclassGetLanguagesTopic.htm" ismsdn="true" />
      <HelpTopic name="GetExtensions()" link="ms-help://MS.NETFrameworkSDKv1.1/cpref/html/frlrfsystemcodedomcompilercompilerinfoclassGetExtensionsTopic.htm" ismsdn="true" />
      <HelpTopic name="CreateProvider()" link="ms-help://MS.NETFrameworkSDKv1.1/cpref/html/frlrfsystemcodedomcompilercompilerinfoclassCreateProviderTopic.htm" ismsdn="true" />
      <HelpTopic name="CreateDefaultCompilerParameters()" link="ms-help://MS.NETFrameworkSDKv1.1/cpref/html/frlrfsystemcodedomcompilercompilerinfoclassCreateDefaultCompilerParametersTopic.htm" ismsdn="true" />
      <HelpTopic name="GetHashCode()" link="ms-help://MS.NETFrameworkSDKv1.1/cpref/html/frlrfsystemcodedomcompilercompilerinfoclassGetHashCodeTopic.htm" ismsdn="true" />
      <HelpTopic name="Equals(System.Object)" link="ms-help://MS.NETFrameworkSDKv1.1/cpref/html/frlrfsystemcodedomcompilercompilerinfoclassEqualsTopic.htm" ismsdn="true" />
    </HelpFolder>
    <HelpFolder name="Properties" link="ms-help://MS.NETFrameworkSDKv1.1/cpref/html/frlrfsystemcodedomcompilercompilerinfoPropertiesTopic.htm" ismsdn="true">
      <HelpTopic name="CodeDomProviderType" link="ms-help://MS.NETFrameworkSDKv1.1/cpref/html/frlrfsystemcodedomcompilercompilerinfoclassCodeDomProviderTypeTopic.htm" ismsdn="true" />
      <HelpTopic name="IsCodeDomProviderTypeValid" link="ms-help://MS.NETFrameworkSDKv1.1/cpref/html/frlrfsystemcodedomcompilercompilerinfoclassIsCodeDomProviderTypeValidTopic.htm" ismsdn="true" />
    </HelpFolder>
  </HelpFolder>
  <HelpFolder name="CompilerParameters class" link="ms-help://MS.NETFrameworkSDKv1.1/cpref/html/frlrfsystemcodedomcompilercompilerparametersClassTopic.htm" ismsdn="true">
    <HelpTopic name="CompilerParameters members" link="ms-help://MS.NETFrameworkSDKv1.1/cpref/html/frlrfsystemcodedomcompilercompilerparametersMembersTopic.htm" ismsdn="true" />
    <HelpFolder name="Constructors" link="ms-help://MS.NETFrameworkSDKv1.1/cpref/html/frlrfsystemcodedomcompilercompilerparametersclassctorTopic.htm" ismsdn="true">
      <HelpTopic name=".ctor()" link="ms-help://MS.NETFrameworkSDKv1.1/cpref/html/frlrfsystemcodedomcompilercompilerparametersclassctorTopic1.htm" ismsdn="true" />
      <HelpTopic name=".ctor(System.String[])" link="ms-help://MS.NETFrameworkSDKv1.1/cpref/html/frlrfsystemcodedomcompilercompilerparametersclassctorTopic1.htm" ismsdn="true" />
      <HelpTopic name=".ctor(System.String[], System.String)" link="ms-help://MS.NETFrameworkSDKv1.1/cpref/html/frlrfsystemcodedomcompilercompilerparametersclassctorTopic2.htm" ismsdn="true" />
      <HelpTopic name=".ctor(System.String[], System.String, System.Boolean)" link="ms-help://MS.NETFrameworkSDKv1.1/cpref/html/frlrfsystemcodedomcompilercompilerparametersclassctorTopic3.htm" ismsdn="true" />
    </HelpFolder>
    <HelpFolder name="Properties" link="ms-help://MS.NETFrameworkSDKv1.1/cpref/html/frlrfsystemcodedomcompilercompilerparametersPropertiesTopic.htm" ismsdn="true">
      <HelpTopic name="GenerateExecutable" link="ms-help://MS.NETFrameworkSDKv1.1/cpref/html/frlrfsystemcodedomcompilercompilerparametersclassGenerateExecutableTopic.htm" ismsdn="true" />
      <HelpTopic name="GenerateInMemory" link="ms-help://MS.NETFrameworkSDKv1.1/cpref/html/frlrfsystemcodedomcompilercompilerparametersclassGenerateInMemoryTopic.htm" ismsdn="true" />
      <HelpTopic name="ReferencedAssemblies" link="ms-help://MS.NETFrameworkSDKv1.1/cpref/html/frlrfsystemcodedomcompilercompilerparametersclassReferencedAssembliesTopic.htm" ismsdn="true" />
      <HelpTopic name="MainClass" link="ms-help://MS.NETFrameworkSDKv1.1/cpref/html/frlrfsystemcodedomcompilercompilerparametersclassMainClassTopic.htm" ismsdn="true" />
      <HelpTopic name="OutputAssembly" link="ms-help://MS.NETFrameworkSDKv1.1/cpref/html/frlrfsystemcodedomcompilercompilerparametersclassOutputAssemblyTopic.htm" ismsdn="true" />
      <HelpTopic name="TempFiles" link="ms-help://MS.NETFrameworkSDKv1.1/cpref/html/frlrfsystemcodedomcompilercompilerparametersclassTempFilesTopic.htm" ismsdn="true" />
      <HelpTopic name="IncludeDebugInformation" link="ms-help://MS.NETFrameworkSDKv1.1/cpref/html/frlrfsystemcodedomcompilercompilerparametersclassIncludeDebugInformationTopic.htm" ismsdn="true" />
      <HelpTopic name="TreatWarningsAsErrors" link="ms-help://MS.NETFrameworkSDKv1.1/cpref/html/frlrfsystemcodedomcompilercompilerparametersclassTreatWarningsAsErrorsTopic.htm" ismsdn="true" />
      <HelpTopic name="WarningLevel" link="ms-help://MS.NETFrameworkSDKv1.1/cpref/html/frlrfsystemcodedomcompilercompilerparametersclassWarningLevelTopic.htm" ismsdn="true" />
      <HelpTopic name="CompilerOptions" link="ms-help://MS.NETFrameworkSDKv1.1/cpref/html/frlrfsystemcodedomcompilercompilerparametersclassCompilerOptionsTopic.htm" ismsdn="true" />
      <HelpTopic name="Win32Resource" link="ms-help://MS.NETFrameworkSDKv1.1/cpref/html/frlrfsystemcodedomcompilercompilerparametersclassWin32ResourceTopic.htm" ismsdn="true" />
      <HelpTopic name="EmbeddedResources" link="ms-help://MS.NETFrameworkSDKv1.1/cpref/html/frlrfsystemcodedomcompilercompilerparametersclassEmbeddedResourcesTopic.htm" ismsdn="true" />
      <HelpTopic name="LinkedResources" link="ms-help://MS.NETFrameworkSDKv1.1/cpref/html/frlrfsystemcodedomcompilercompilerparametersclassLinkedResourcesTopic.htm" ismsdn="true" />
      <HelpTopic name="UserToken" link="ms-help://MS.NETFrameworkSDKv1.1/cpref/html/frlrfsystemcodedomcompilercompilerparametersclassUserTokenTopic.htm" ismsdn="true" />
      <HelpTopic name="Evidence" link="ms-help://MS.NETFrameworkSDKv1.1/cpref/html/frlrfsystemcodedomcompilercompilerparametersclassEvidenceTopic.htm" ismsdn="true" />
    </HelpFolder>
  </HelpFolder>
  <HelpFolder name="CompilerResults class" link="ms-help://MS.NETFrameworkSDKv1.1/cpref/html/frlrfsystemcodedomcompilercompilerresultsClassTopic.htm" ismsdn="true">
    <HelpTopic name="CompilerResults members" link="ms-help://MS.NETFrameworkSDKv1.1/cpref/html/frlrfsystemcodedomcompilercompilerresultsMembersTopic.htm" ismsdn="true" />
    <HelpFolder name="Constructors" link="ms-help://MS.NETFrameworkSDKv1.1/cpref/html/frlrfsystemcodedomcompilercompilerresultsclassctorTopic.htm" ismsdn="true">
      <HelpTopic name=".ctor(System.CodeDom.Compiler.TempFileCollection)" link="ms-help://MS.NETFrameworkSDKv1.1/cpref/html/frlrfsystemcodedomcompilercompilerresultsclassctorTopic.htm" ismsdn="true" />
    </HelpFolder>
    <HelpFolder name="Properties" link="ms-help://MS.NETFrameworkSDKv1.1/cpref/html/frlrfsystemcodedomcompilercompilerresultsPropertiesTopic.htm" ismsdn="true">
      <HelpTopic name="TempFiles" link="ms-help://MS.NETFrameworkSDKv1.1/cpref/html/frlrfsystemcodedomcompilercompilerresultsclassTempFilesTopic.htm" ismsdn="true" />
      <HelpTopic name="Evidence" link="ms-help://MS.NETFrameworkSDKv1.1/cpref/html/frlrfsystemcodedomcompilercompilerresultsclassEvidenceTopic.htm" ismsdn="true" />
      <HelpTopic name="CompiledAssembly" link="ms-help://MS.NETFrameworkSDKv1.1/cpref/html/frlrfsystemcodedomcompilercompilerresultsclassCompiledAssemblyTopic.htm" ismsdn="true" />
      <HelpTopic name="Errors" link="ms-help://MS.NETFrameworkSDKv1.1/cpref/html/frlrfsystemcodedomcompilercompilerresultsclassErrorsTopic.htm" ismsdn="true" />
      <HelpTopic name="Output" link="ms-help://MS.NETFrameworkSDKv1.1/cpref/html/frlrfsystemcodedomcompilercompilerresultsclassOutputTopic.htm" ismsdn="true" />
      <HelpTopic name="PathToAssembly" link="ms-help://MS.NETFrameworkSDKv1.1/cpref/html/frlrfsystemcodedomcompilercompilerresultsclassPathToAssemblyTopic.htm" ismsdn="true" />
      <HelpTopic name="NativeCompilerReturnValue" link="ms-help://MS.NETFrameworkSDKv1.1/cpref/html/frlrfsystemcodedomcompilercompilerresultsclassNativeCompilerReturnValueTopic.htm" ismsdn="true" />
    </HelpFolder>
  </HelpFolder>
  <HelpFolder name="Executor class" link="ms-help://MS.NETFrameworkSDKv1.1/cpref/html/frlrfsystemcodedomcompilerexecutorClassTopic.htm" ismsdn="true">
    <HelpTopic name="Executor members" link="ms-help://MS.NETFrameworkSDKv1.1/cpref/html/frlrfsystemcodedomcompilerexecutorMembersTopic.htm" ismsdn="true" />
    <HelpFolder name="Methods" link="ms-help://MS.NETFrameworkSDKv1.1/cpref/html/frlrfsystemcodedomcompilerexecutorMethodsTopic.htm" ismsdn="true">
      <HelpTopic name="ExecWait(System.String, System.CodeDom.Compiler.TempFileCollection)" link="ms-help://MS.NETFrameworkSDKv1.1/cpref/html/frlrfsystemcodedomcompilerexecutorclassExecWaitTopic.htm" ismsdn="true" />
      <HelpTopic name="ExecWaitWithCapture(System.String, System.CodeDom.Compiler.TempFileCollection, System.String&amp;, System.String&amp;)" link="ms-help://MS.NETFrameworkSDKv1.1/cpref/html/frlrfsystemcodedomcompilerexecutorclassExecWaitWithCaptureTopic1.htm" ismsdn="true" />
      <HelpTopic name="ExecWaitWithCapture(System.String, System.String, System.CodeDom.Compiler.TempFileCollection, System.String&amp;, System.String&amp;)" link="ms-help://MS.NETFrameworkSDKv1.1/cpref/html/frlrfsystemcodedomcompilerexecutorclassExecWaitWithCaptureTopic2.htm" ismsdn="true" />
      <HelpTopic name="ExecWaitWithCapture(System.IntPtr, System.String, System.CodeDom.Compiler.TempFileCollection, System.String&amp;, System.String&amp;)" link="ms-help://MS.NETFrameworkSDKv1.1/cpref/html/frlrfsystemcodedomcompilerexecutorclassExecWaitWithCaptureTopic3.htm" ismsdn="true" />
      <HelpTopic name="ExecWaitWithCapture(System.IntPtr, System.String, System.String, System.CodeDom.Compiler.TempFileCollection, System.String&amp;, System.String&amp;)" link="ms-help://MS.NETFrameworkSDKv1.1/cpref/html/frlrfsystemcodedomcompilerexecutorclassExecWaitWithCaptureTopic4.htm" ismsdn="true" />
    </HelpFolder>
  </HelpFolder>
  <HelpFolder name="GeneratedCodeAttribute class" link="ms-help://MS.NETFrameworkSDKv1.1/cpref/html/frlrfsystemcodedomcompilergeneratedcodeattributeClassTopic.htm" ismsdn="true">
    <HelpTopic name="GeneratedCodeAttribute members" link="ms-help://MS.NETFrameworkSDKv1.1/cpref/html/frlrfsystemcodedomcompilergeneratedcodeattributeMembersTopic.htm" ismsdn="true" />
    <HelpFolder name="Constructors" link="ms-help://MS.NETFrameworkSDKv1.1/cpref/html/frlrfsystemcodedomcompilergeneratedcodeattributeclassctorTopic.htm" ismsdn="true">
      <HelpTopic name=".ctor(System.String, System.String)" link="ms-help://MS.NETFrameworkSDKv1.1/cpref/html/frlrfsystemcodedomcompilergeneratedcodeattributeclassctorTopic.htm" ismsdn="true" />
    </HelpFolder>
    <HelpFolder name="Properties" link="ms-help://MS.NETFrameworkSDKv1.1/cpref/html/frlrfsystemcodedomcompilergeneratedcodeattributePropertiesTopic.htm" ismsdn="true">
      <HelpTopic name="Tool" link="ms-help://MS.NETFrameworkSDKv1.1/cpref/html/frlrfsystemcodedomcompilergeneratedcodeattributeclassToolTopic.htm" ismsdn="true" />
      <HelpTopic name="Version" link="ms-help://MS.NETFrameworkSDKv1.1/cpref/html/frlrfsystemcodedomcompilergeneratedcodeattributeclassVersionTopic.htm" ismsdn="true" />
    </HelpFolder>
  </HelpFolder>
  <HelpTopic name="GeneratorSupport enumeration" link="ms-help://MS.NETFrameworkSDKv1.1/cpref/html/frlrfsystemcodedomcompilergeneratorsupportClassTopic.htm" ismsdn="true" />
  <HelpFolder name="ICodeCompiler interface" link="ms-help://MS.NETFrameworkSDKv1.1/cpref/html/frlrfsystemcodedomcompilericodecompilerClassTopic.htm" ismsdn="true">
    <HelpTopic name="ICodeCompiler members" link="ms-help://MS.NETFrameworkSDKv1.1/cpref/html/frlrfsystemcodedomcompilericodecompilerMembersTopic.htm" ismsdn="true" />
    <HelpFolder name="Methods" link="ms-help://MS.NETFrameworkSDKv1.1/cpref/html/frlrfsystemcodedomcompilericodecompilerMethodsTopic.htm" ismsdn="true">
      <HelpTopic name="CompileAssemblyFromDom(System.CodeDom.Compiler.CompilerParameters, System.CodeDom.CodeCompileUnit)" link="ms-help://MS.NETFrameworkSDKv1.1/cpref/html/frlrfsystemcodedomcompilericodecompilerclassCompileAssemblyFromDomTopic.htm" ismsdn="true" />
      <HelpTopic name="CompileAssemblyFromFile(System.CodeDom.Compiler.CompilerParameters, System.String)" link="ms-help://MS.NETFrameworkSDKv1.1/cpref/html/frlrfsystemcodedomcompilericodecompilerclassCompileAssemblyFromFileTopic.htm" ismsdn="true" />
      <HelpTopic name="CompileAssemblyFromSource(System.CodeDom.Compiler.CompilerParameters, System.String)" link="ms-help://MS.NETFrameworkSDKv1.1/cpref/html/frlrfsystemcodedomcompilericodecompilerclassCompileAssemblyFromSourceTopic.htm" ismsdn="true" />
      <HelpTopic name="CompileAssemblyFromDomBatch(System.CodeDom.Compiler.CompilerParameters, System.CodeDom.CodeCompileUnit[])" link="ms-help://MS.NETFrameworkSDKv1.1/cpref/html/frlrfsystemcodedomcompilericodecompilerclassCompileAssemblyFromDomBatchTopic.htm" ismsdn="true" />
      <HelpTopic name="CompileAssemblyFromFileBatch(System.CodeDom.Compiler.CompilerParameters, System.String[])" link="ms-help://MS.NETFrameworkSDKv1.1/cpref/html/frlrfsystemcodedomcompilericodecompilerclassCompileAssemblyFromFileBatchTopic.htm" ismsdn="true" />
      <HelpTopic name="CompileAssemblyFromSourceBatch(System.CodeDom.Compiler.CompilerParameters, System.String[])" link="ms-help://MS.NETFrameworkSDKv1.1/cpref/html/frlrfsystemcodedomcompilericodecompilerclassCompileAssemblyFromSourceBatchTopic.htm" ismsdn="true" />
    </HelpFolder>
  </HelpFolder>
  <HelpFolder name="ICodeGenerator interface" link="ms-help://MS.NETFrameworkSDKv1.1/cpref/html/frlrfsystemcodedomcompilericodegeneratorClassTopic.htm" ismsdn="true">
    <HelpTopic name="ICodeGenerator members" link="ms-help://MS.NETFrameworkSDKv1.1/cpref/html/frlrfsystemcodedomcompilericodegeneratorMembersTopic.htm" ismsdn="true" />
    <HelpFolder name="Methods" link="ms-help://MS.NETFrameworkSDKv1.1/cpref/html/frlrfsystemcodedomcompilericodegeneratorMethodsTopic.htm" ismsdn="true">
      <HelpTopic name="IsValidIdentifier(System.String)" link="ms-help://MS.NETFrameworkSDKv1.1/cpref/html/frlrfsystemcodedomcompilericodegeneratorclassIsValidIdentifierTopic.htm" ismsdn="true" />
      <HelpTopic name="ValidateIdentifier(System.String)" link="ms-help://MS.NETFrameworkSDKv1.1/cpref/html/frlrfsystemcodedomcompilericodegeneratorclassValidateIdentifierTopic.htm" ismsdn="true" />
      <HelpTopic name="CreateEscapedIdentifier(System.String)" link="ms-help://MS.NETFrameworkSDKv1.1/cpref/html/frlrfsystemcodedomcompilericodegeneratorclassCreateEscapedIdentifierTopic.htm" ismsdn="true" />
      <HelpTopic name="CreateValidIdentifier(System.String)" link="ms-help://MS.NETFrameworkSDKv1.1/cpref/html/frlrfsystemcodedomcompilericodegeneratorclassCreateValidIdentifierTopic.htm" ismsdn="true" />
      <HelpTopic name="GetTypeOutput(System.CodeDom.CodeTypeReference)" link="ms-help://MS.NETFrameworkSDKv1.1/cpref/html/frlrfsystemcodedomcompilericodegeneratorclassGetTypeOutputTopic.htm" ismsdn="true" />
      <HelpTopic name="Supports(System.CodeDom.Compiler.GeneratorSupport)" link="ms-help://MS.NETFrameworkSDKv1.1/cpref/html/frlrfsystemcodedomcompilericodegeneratorclassSupportsTopic.htm" ismsdn="true" />
      <HelpTopic name="GenerateCodeFromExpression(System.CodeDom.CodeExpression, System.IO.TextWriter, System.CodeDom.Compiler.CodeGeneratorOptions)" link="ms-help://MS.NETFrameworkSDKv1.1/cpref/html/frlrfsystemcodedomcompilericodegeneratorclassGenerateCodeFromExpressionTopic.htm" ismsdn="true" />
      <HelpTopic name="GenerateCodeFromStatement(System.CodeDom.CodeStatement, System.IO.TextWriter, System.CodeDom.Compiler.CodeGeneratorOptions)" link="ms-help://MS.NETFrameworkSDKv1.1/cpref/html/frlrfsystemcodedomcompilericodegeneratorclassGenerateCodeFromStatementTopic.htm" ismsdn="true" />
      <HelpTopic name="GenerateCodeFromNamespace(System.CodeDom.CodeNamespace, System.IO.TextWriter, System.CodeDom.Compiler.CodeGeneratorOptions)" link="ms-help://MS.NETFrameworkSDKv1.1/cpref/html/frlrfsystemcodedomcompilericodegeneratorclassGenerateCodeFromNamespaceTopic.htm" ismsdn="true" />
      <HelpTopic name="GenerateCodeFromCompileUnit(System.CodeDom.CodeCompileUnit, System.IO.TextWriter, System.CodeDom.Compiler.CodeGeneratorOptions)" link="ms-help://MS.NETFrameworkSDKv1.1/cpref/html/frlrfsystemcodedomcompilericodegeneratorclassGenerateCodeFromCompileUnitTopic.htm" ismsdn="true" />
      <HelpTopic name="GenerateCodeFromType(System.CodeDom.CodeTypeDeclaration, System.IO.TextWriter, System.CodeDom.Compiler.CodeGeneratorOptions)" link="ms-help://MS.NETFrameworkSDKv1.1/cpref/html/frlrfsystemcodedomcompilericodegeneratorclassGenerateCodeFromTypeTopic.htm" ismsdn="true" />
    </HelpFolder>
  </HelpFolder>
  <HelpFolder name="ICodeParser interface" link="ms-help://MS.NETFrameworkSDKv1.1/cpref/html/frlrfsystemcodedomcompilericodeparserClassTopic.htm" ismsdn="true">
    <HelpTopic name="ICodeParser members" link="ms-help://MS.NETFrameworkSDKv1.1/cpref/html/frlrfsystemcodedomcompilericodeparserMembersTopic.htm" ismsdn="true" />
    <HelpFolder name="Methods" link="ms-help://MS.NETFrameworkSDKv1.1/cpref/html/frlrfsystemcodedomcompilericodeparserMethodsTopic.htm" ismsdn="true">
      <HelpTopic name="Parse(System.IO.TextReader)" link="ms-help://MS.NETFrameworkSDKv1.1/cpref/html/frlrfsystemcodedomcompilericodeparserclassParseTopic.htm" ismsdn="true" />
    </HelpFolder>
  </HelpFolder>
  <HelpFolder name="IndentedTextWriter class" link="ms-help://MS.NETFrameworkSDKv1.1/cpref/html/frlrfsystemcodedomcompilerindentedtextwriterClassTopic.htm" ismsdn="true">
    <HelpTopic name="IndentedTextWriter members" link="ms-help://MS.NETFrameworkSDKv1.1/cpref/html/frlrfsystemcodedomcompilerindentedtextwriterMembersTopic.htm" ismsdn="true" />
    <HelpFolder name="Constructors" link="ms-help://MS.NETFrameworkSDKv1.1/cpref/html/frlrfsystemcodedomcompilerindentedtextwriterclassctorTopic.htm" ismsdn="true">
      <HelpTopic name=".ctor(System.IO.TextWriter)" link="ms-help://MS.NETFrameworkSDKv1.1/cpref/html/frlrfsystemcodedomcompilerindentedtextwriterclassctorTopic1.htm" ismsdn="true" />
      <HelpTopic name=".ctor(System.IO.TextWriter, System.String)" link="ms-help://MS.NETFrameworkSDKv1.1/cpref/html/frlrfsystemcodedomcompilerindentedtextwriterclassctorTopic1.htm" ismsdn="true" />
    </HelpFolder>
    <HelpFolder name="Fields" link="ms-help://MS.NETFrameworkSDKv1.1/cpref/html/frlrfsystemcodedomcompilerindentedtextwriterFieldsTopic.htm" ismsdn="true">
      <HelpTopic name="DefaultTabString" link="ms-help://MS.NETFrameworkSDKv1.1/cpref/html/frlrfsystemcodedomcompilerindentedtextwriterclassDefaultTabStringTopic.htm" ismsdn="true" />
    </HelpFolder>
    <HelpFolder name="Methods" link="ms-help://MS.NETFrameworkSDKv1.1/cpref/html/frlrfsystemcodedomcompilerindentedtextwriterMethodsTopic.htm" ismsdn="true">
      <HelpTopic name="Close()" link="ms-help://MS.NETFrameworkSDKv1.1/cpref/html/frlrfsystemcodedomcompilerindentedtextwriterclassCloseTopic.htm" ismsdn="true" />
      <HelpTopic name="Flush()" link="ms-help://MS.NETFrameworkSDKv1.1/cpref/html/frlrfsystemcodedomcompilerindentedtextwriterclassFlushTopic.htm" ismsdn="true" />
      <HelpTopic name="Write(System.String)" link="ms-help://MS.NETFrameworkSDKv1.1/cpref/html/frlrfsystemcodedomcompilerindentedtextwriterclassWriteTopic1.htm" ismsdn="true" />
      <HelpTopic name="Write(System.Boolean)" link="ms-help://MS.NETFrameworkSDKv1.1/cpref/html/frlrfsystemcodedomcompilerindentedtextwriterclassWriteTopic2.htm" ismsdn="true" />
      <HelpTopic name="Write(System.Char)" link="ms-help://MS.NETFrameworkSDKv1.1/cpref/html/frlrfsystemcodedomcompilerindentedtextwriterclassWriteTopic3.htm" ismsdn="true" />
      <HelpTopic name="Write(System.Char[])" link="ms-help://MS.NETFrameworkSDKv1.1/cpref/html/frlrfsystemcodedomcompilerindentedtextwriterclassWriteTopic4.htm" ismsdn="true" />
      <HelpTopic name="Write(System.Char[], System.Int32, System.Int32)" link="ms-help://MS.NETFrameworkSDKv1.1/cpref/html/frlrfsystemcodedomcompilerindentedtextwriterclassWriteTopic5.htm" ismsdn="true" />
      <HelpTopic name="Write(System.Double)" link="ms-help://MS.NETFrameworkSDKv1.1/cpref/html/frlrfsystemcodedomcompilerindentedtextwriterclassWriteTopic6.htm" ismsdn="true" />
      <HelpTopic name="Write(System.Single)" link="ms-help://MS.NETFrameworkSDKv1.1/cpref/html/frlrfsystemcodedomcompilerindentedtextwriterclassWriteTopic7.htm" ismsdn="true" />
      <HelpTopic name="Write(System.Int32)" link="ms-help://MS.NETFrameworkSDKv1.1/cpref/html/frlrfsystemcodedomcompilerindentedtextwriterclassWriteTopic8.htm" ismsdn="true" />
      <HelpTopic name="Write(System.Int64)" link="ms-help://MS.NETFrameworkSDKv1.1/cpref/html/frlrfsystemcodedomcompilerindentedtextwriterclassWriteTopic9.htm" ismsdn="true" />
      <HelpTopic name="Write(System.Object)" link="ms-help://MS.NETFrameworkSDKv1.1/cpref/html/frlrfsystemcodedomcompilerindentedtextwriterclassWriteTopic10.htm" ismsdn="true" />
      <HelpTopic name="Write(System.String, System.Object)" link="ms-help://MS.NETFrameworkSDKv1.1/cpref/html/frlrfsystemcodedomcompilerindentedtextwriterclassWriteTopic11.htm" ismsdn="true" />
      <HelpTopic name="Write(System.String, System.Object, System.Object)" link="ms-help://MS.NETFrameworkSDKv1.1/cpref/html/frlrfsystemcodedomcompilerindentedtextwriterclassWriteTopic12.htm" ismsdn="true" />
      <HelpTopic name="Write(System.String, System.Object[])" link="ms-help://MS.NETFrameworkSDKv1.1/cpref/html/frlrfsystemcodedomcompilerindentedtextwriterclassWriteTopic13.htm" ismsdn="true" />
      <HelpTopic name="WriteLineNoTabs(System.String)" link="ms-help://MS.NETFrameworkSDKv1.1/cpref/html/frlrfsystemcodedomcompilerindentedtextwriterclassWriteLineNoTabsTopic.htm" ismsdn="true" />
      <HelpTopic name="WriteLine(System.String)" link="ms-help://MS.NETFrameworkSDKv1.1/cpref/html/frlrfsystemcodedomcompilerindentedtextwriterclassWriteLineTopic1.htm" ismsdn="true" />
      <HelpTopic name="WriteLine()" link="ms-help://MS.NETFrameworkSDKv1.1/cpref/html/frlrfsystemcodedomcompilerindentedtextwriterclassWriteLineTopic2.htm" ismsdn="true" />
      <HelpTopic name="WriteLine(System.Boolean)" link="ms-help://MS.NETFrameworkSDKv1.1/cpref/html/frlrfsystemcodedomcompilerindentedtextwriterclassWriteLineTopic3.htm" ismsdn="true" />
      <HelpTopic name="WriteLine(System.Char)" link="ms-help://MS.NETFrameworkSDKv1.1/cpref/html/frlrfsystemcodedomcompilerindentedtextwriterclassWriteLineTopic4.htm" ismsdn="true" />
      <HelpTopic name="WriteLine(System.Char[])" link="ms-help://MS.NETFrameworkSDKv1.1/cpref/html/frlrfsystemcodedomcompilerindentedtextwriterclassWriteLineTopic5.htm" ismsdn="true" />
      <HelpTopic name="WriteLine(System.Char[], System.Int32, System.Int32)" link="ms-help://MS.NETFrameworkSDKv1.1/cpref/html/frlrfsystemcodedomcompilerindentedtextwriterclassWriteLineTopic6.htm" ismsdn="true" />
      <HelpTopic name="WriteLine(System.Double)" link="ms-help://MS.NETFrameworkSDKv1.1/cpref/html/frlrfsystemcodedomcompilerindentedtextwriterclassWriteLineTopic7.htm" ismsdn="true" />
      <HelpTopic name="WriteLine(System.Single)" link="ms-help://MS.NETFrameworkSDKv1.1/cpref/html/frlrfsystemcodedomcompilerindentedtextwriterclassWriteLineTopic8.htm" ismsdn="true" />
      <HelpTopic name="WriteLine(System.Int32)" link="ms-help://MS.NETFrameworkSDKv1.1/cpref/html/frlrfsystemcodedomcompilerindentedtextwriterclassWriteLineTopic9.htm" ismsdn="true" />
      <HelpTopic name="WriteLine(System.Int64)" link="ms-help://MS.NETFrameworkSDKv1.1/cpref/html/frlrfsystemcodedomcompilerindentedtextwriterclassWriteLineTopic10.htm" ismsdn="true" />
      <HelpTopic name="WriteLine(System.Object)" link="ms-help://MS.NETFrameworkSDKv1.1/cpref/html/frlrfsystemcodedomcompilerindentedtextwriterclassWriteLineTopic11.htm" ismsdn="true" />
      <HelpTopic name="WriteLine(System.String, System.Object)" link="ms-help://MS.NETFrameworkSDKv1.1/cpref/html/frlrfsystemcodedomcompilerindentedtextwriterclassWriteLineTopic12.htm" ismsdn="true" />
      <HelpTopic name="WriteLine(System.String, System.Object, System.Object)" link="ms-help://MS.NETFrameworkSDKv1.1/cpref/html/frlrfsystemcodedomcompilerindentedtextwriterclassWriteLineTopic13.htm" ismsdn="true" />
      <HelpTopic name="WriteLine(System.String, System.Object[])" link="ms-help://MS.NETFrameworkSDKv1.1/cpref/html/frlrfsystemcodedomcompilerindentedtextwriterclassWriteLineTopic14.htm" ismsdn="true" />
      <HelpTopic name="WriteLine(System.UInt32)" link="ms-help://MS.NETFrameworkSDKv1.1/cpref/html/frlrfsystemcodedomcompilerindentedtextwriterclassWriteLineTopic15.htm" ismsdn="true" />
    </HelpFolder>
    <HelpFolder name="Properties" link="ms-help://MS.NETFrameworkSDKv1.1/cpref/html/frlrfsystemcodedomcompilerindentedtextwriterPropertiesTopic.htm" ismsdn="true">
      <HelpTopic name="Encoding" link="ms-help://MS.NETFrameworkSDKv1.1/cpref/html/frlrfsystemcodedomcompilerindentedtextwriterclassEncodingTopic.htm" ismsdn="true" />
      <HelpTopic name="NewLine" link="ms-help://MS.NETFrameworkSDKv1.1/cpref/html/frlrfsystemcodedomcompilerindentedtextwriterclassNewLineTopic.htm" ismsdn="true" />
      <HelpTopic name="Indent" link="ms-help://MS.NETFrameworkSDKv1.1/cpref/html/frlrfsystemcodedomcompilerindentedtextwriterclassIndentTopic.htm" ismsdn="true" />
      <HelpTopic name="InnerWriter" link="ms-help://MS.NETFrameworkSDKv1.1/cpref/html/frlrfsystemcodedomcompilerindentedtextwriterclassInnerWriterTopic.htm" ismsdn="true" />
    </HelpFolder>
  </HelpFolder>
  <HelpTopic name="LanguageOptions enumeration" link="ms-help://MS.NETFrameworkSDKv1.1/cpref/html/frlrfsystemcodedomcompilerlanguageoptionsClassTopic.htm" ismsdn="true" />
  <HelpFolder name="TempFileCollection class" link="ms-help://MS.NETFrameworkSDKv1.1/cpref/html/frlrfsystemcodedomcompilertempfilecollectionClassTopic.htm" ismsdn="true">
    <HelpTopic name="TempFileCollection members" link="ms-help://MS.NETFrameworkSDKv1.1/cpref/html/frlrfsystemcodedomcompilertempfilecollectionMembersTopic.htm" ismsdn="true" />
    <HelpFolder name="Constructors" link="ms-help://MS.NETFrameworkSDKv1.1/cpref/html/frlrfsystemcodedomcompilertempfilecollectionclassctorTopic.htm" ismsdn="true">
      <HelpTopic name=".ctor()" link="ms-help://MS.NETFrameworkSDKv1.1/cpref/html/frlrfsystemcodedomcompilertempfilecollectionclassctorTopic1.htm" ismsdn="true" />
      <HelpTopic name=".ctor(System.String)" link="ms-help://MS.NETFrameworkSDKv1.1/cpref/html/frlrfsystemcodedomcompilertempfilecollectionclassctorTopic1.htm" ismsdn="true" />
      <HelpTopic name=".ctor(System.String, System.Boolean)" link="ms-help://MS.NETFrameworkSDKv1.1/cpref/html/frlrfsystemcodedomcompilertempfilecollectionclassctorTopic2.htm" ismsdn="true" />
    </HelpFolder>
    <HelpFolder name="Methods" link="ms-help://MS.NETFrameworkSDKv1.1/cpref/html/frlrfsystemcodedomcompilertempfilecollectionMethodsTopic.htm" ismsdn="true">
      <HelpTopic name="AddExtension(System.String)" link="ms-help://MS.NETFrameworkSDKv1.1/cpref/html/frlrfsystemcodedomcompilertempfilecollectionclassAddExtensionTopic0.htm" ismsdn="true" />
      <HelpTopic name="AddExtension(System.String, System.Boolean)" link="ms-help://MS.NETFrameworkSDKv1.1/cpref/html/frlrfsystemcodedomcompilertempfilecollectionclassAddExtensionTopic1.htm" ismsdn="true" />
      <HelpTopic name="AddFile(System.String, System.Boolean)" link="ms-help://MS.NETFrameworkSDKv1.1/cpref/html/frlrfsystemcodedomcompilertempfilecollectionclassAddFileTopic.htm" ismsdn="true" />
      <HelpTopic name="GetEnumerator()" link="ms-help://MS.NETFrameworkSDKv1.1/cpref/html/frlrfsystemcodedomcompilertempfilecollectionclassGetEnumeratorTopic.htm" ismsdn="true" />
      <HelpTopic name="CopyTo(System.String[], System.Int32)" link="ms-help://MS.NETFrameworkSDKv1.1/cpref/html/frlrfsystemcodedomcompilertempfilecollectionclassCopyToTopic.htm" ismsdn="true" />
      <HelpTopic name="Delete()" link="ms-help://MS.NETFrameworkSDKv1.1/cpref/html/frlrfsystemcodedomcompilertempfilecollectionclassDeleteTopic.htm" ismsdn="true" />
    </HelpFolder>
    <HelpFolder name="Properties" link="ms-help://MS.NETFrameworkSDKv1.1/cpref/html/frlrfsystemcodedomcompilertempfilecollectionPropertiesTopic.htm" ismsdn="true">
      <HelpTopic name="Count" link="ms-help://MS.NETFrameworkSDKv1.1/cpref/html/frlrfsystemcodedomcompilertempfilecollectionclassCountTopic.htm" ismsdn="true" />
      <HelpTopic name="TempDir" link="ms-help://MS.NETFrameworkSDKv1.1/cpref/html/frlrfsystemcodedomcompilertempfilecollectionclassTempDirTopic.htm" ismsdn="true" />
      <HelpTopic name="BasePath" link="ms-help://MS.NETFrameworkSDKv1.1/cpref/html/frlrfsystemcodedomcompilertempfilecollectionclassBasePathTopic.htm" ismsdn="true" />
      <HelpTopic name="KeepFiles" link="ms-help://MS.NETFrameworkSDKv1.1/cpref/html/frlrfsystemcodedomcompilertempfilecollectionclassKeepFilesTopic.htm" ismsdn="true" />
    </HelpFolder>
  </HelpFolder>
</HelpCollection>