<HelpCollection>
  <HelpTopic name="AuthenticationTypes enumeration" link="ms-help://MS.NETFrameworkSDKv1.1/cpref/html/frlrfsystemdirectoryservicesauthenticationtypesClassTopic.htm" ismsdn="true" />
  <HelpFolder name="DirectoryEntries class" link="ms-help://MS.NETFrameworkSDKv1.1/cpref/html/frlrfsystemdirectoryservicesdirectoryentriesClassTopic.htm" ismsdn="true">
    <HelpTopic name="DirectoryEntries members" link="ms-help://MS.NETFrameworkSDKv1.1/cpref/html/frlrfsystemdirectoryservicesdirectoryentriesMembersTopic.htm" ismsdn="true" />
    <HelpFolder name="Methods" link="ms-help://MS.NETFrameworkSDKv1.1/cpref/html/frlrfsystemdirectoryservicesdirectoryentriesMethodsTopic.htm" ismsdn="true">
      <HelpTopic name="GetEnumerator()" link="ms-help://MS.NETFrameworkSDKv1.1/cpref/html/frlrfsystemdirectoryservicesdirectoryentriesclassGetEnumeratorTopic.htm" ismsdn="true" />
      <HelpTopic name="Add(System.String, System.String)" link="ms-help://MS.NETFrameworkSDKv1.1/cpref/html/frlrfsystemdirectoryservicesdirectoryentriesclassAddTopic.htm" ismsdn="true" />
      <HelpTopic name="Find(System.String)" link="ms-help://MS.NETFrameworkSDKv1.1/cpref/html/frlrfsystemdirectoryservicesdirectoryentriesclassFindTopic1.htm" ismsdn="true" />
      <HelpTopic name="Find(System.String, System.String)" link="ms-help://MS.NETFrameworkSDKv1.1/cpref/html/frlrfsystemdirectoryservicesdirectoryentriesclassFindTopic2.htm" ismsdn="true" />
      <HelpTopic name="Remove(System.DirectoryServices.DirectoryEntry)" link="ms-help://MS.NETFrameworkSDKv1.1/cpref/html/frlrfsystemdirectoryservicesdirectoryentriesclassRemoveTopic.htm" ismsdn="true" />
    </HelpFolder>
    <HelpFolder name="Properties" link="ms-help://MS.NETFrameworkSDKv1.1/cpref/html/frlrfsystemdirectoryservicesdirectoryentriesPropertiesTopic.htm" ismsdn="true">
      <HelpTopic name="SchemaFilter" link="ms-help://MS.NETFrameworkSDKv1.1/cpref/html/frlrfsystemdirectoryservicesdirectoryentriesclassSchemaFilterTopic.htm" ismsdn="true" />
    </HelpFolder>
  </HelpFolder>
  <HelpFolder name="DirectoryEntry class" link="ms-help://MS.NETFrameworkSDKv1.1/cpref/html/frlrfsystemdirectoryservicesdirectoryentryClassTopic.htm" ismsdn="true">
    <HelpTopic name="DirectoryEntry members" link="ms-help://MS.NETFrameworkSDKv1.1/cpref/html/frlrfsystemdirectoryservicesdirectoryentryMembersTopic.htm" ismsdn="true" />
    <HelpFolder name="Constructors" link="ms-help://MS.NETFrameworkSDKv1.1/cpref/html/frlrfsystemdirectoryservicesdirectoryentryclassctorTopic.htm" ismsdn="true">
      <HelpTopic name=".ctor()" link="ms-help://MS.NETFrameworkSDKv1.1/cpref/html/frlrfsystemdirectoryservicesdirectoryentryclassctorTopic1.htm" ismsdn="true" />
      <HelpTopic name=".ctor(System.String)" link="ms-help://MS.NETFrameworkSDKv1.1/cpref/html/frlrfsystemdirectoryservicesdirectoryentryclassctorTopic1.htm" ismsdn="true" />
      <HelpTopic name=".ctor(System.String, System.String, System.String)" link="ms-help://MS.NETFrameworkSDKv1.1/cpref/html/frlrfsystemdirectoryservicesdirectoryentryclassctorTopic2.htm" ismsdn="true" />
      <HelpTopic name=".ctor(System.String, System.String, System.String, System.DirectoryServices.AuthenticationTypes)" link="ms-help://MS.NETFrameworkSDKv1.1/cpref/html/frlrfsystemdirectoryservicesdirectoryentryclassctorTopic3.htm" ismsdn="true" />
      <HelpTopic name=".ctor(System.Object)" link="ms-help://MS.NETFrameworkSDKv1.1/cpref/html/frlrfsystemdirectoryservicesdirectoryentryclassctorTopic4.htm" ismsdn="true" />
    </HelpFolder>
    <HelpFolder name="Methods" link="ms-help://MS.NETFrameworkSDKv1.1/cpref/html/frlrfsystemdirectoryservicesdirectoryentryMethodsTopic.htm" ismsdn="true">
      <HelpTopic name="Close()" link="ms-help://MS.NETFrameworkSDKv1.1/cpref/html/frlrfsystemdirectoryservicesdirectoryentryclassCloseTopic.htm" ismsdn="true" />
      <HelpTopic name="CommitChanges()" link="ms-help://MS.NETFrameworkSDKv1.1/cpref/html/frlrfsystemdirectoryservicesdirectoryentryclassCommitChangesTopic.htm" ismsdn="true" />
      <HelpTopic name="CopyTo(System.DirectoryServices.DirectoryEntry)" link="ms-help://MS.NETFrameworkSDKv1.1/cpref/html/frlrfsystemdirectoryservicesdirectoryentryclassCopyToTopic1.htm" ismsdn="true" />
      <HelpTopic name="CopyTo(System.DirectoryServices.DirectoryEntry, System.String)" link="ms-help://MS.NETFrameworkSDKv1.1/cpref/html/frlrfsystemdirectoryservicesdirectoryentryclassCopyToTopic2.htm" ismsdn="true" />
      <HelpTopic name="DeleteTree()" link="ms-help://MS.NETFrameworkSDKv1.1/cpref/html/frlrfsystemdirectoryservicesdirectoryentryclassDeleteTreeTopic.htm" ismsdn="true" />
      <HelpTopic name="Exists(System.String)" link="ms-help://MS.NETFrameworkSDKv1.1/cpref/html/frlrfsystemdirectoryservicesdirectoryentryclassExistsTopic.htm" ismsdn="true" />
      <HelpTopic name="Invoke(System.String, System.Object[])" link="ms-help://MS.NETFrameworkSDKv1.1/cpref/html/frlrfsystemdirectoryservicesdirectoryentryclassInvokeTopic.htm" ismsdn="true" />
      <HelpTopic name="MoveTo(System.DirectoryServices.DirectoryEntry)" link="ms-help://MS.NETFrameworkSDKv1.1/cpref/html/frlrfsystemdirectoryservicesdirectoryentryclassMoveToTopic1.htm" ismsdn="true" />
      <HelpTopic name="MoveTo(System.DirectoryServices.DirectoryEntry, System.String)" link="ms-help://MS.NETFrameworkSDKv1.1/cpref/html/frlrfsystemdirectoryservicesdirectoryentryclassMoveToTopic2.htm" ismsdn="true" />
      <HelpTopic name="RefreshCache()" link="ms-help://MS.NETFrameworkSDKv1.1/cpref/html/frlrfsystemdirectoryservicesdirectoryentryclassRefreshCacheTopic1.htm" ismsdn="true" />
      <HelpTopic name="RefreshCache(System.String[])" link="ms-help://MS.NETFrameworkSDKv1.1/cpref/html/frlrfsystemdirectoryservicesdirectoryentryclassRefreshCacheTopic2.htm" ismsdn="true" />
      <HelpTopic name="Rename(System.String)" link="ms-help://MS.NETFrameworkSDKv1.1/cpref/html/frlrfsystemdirectoryservicesdirectoryentryclassRenameTopic.htm" ismsdn="true" />
    </HelpFolder>
    <HelpFolder name="Properties" link="ms-help://MS.NETFrameworkSDKv1.1/cpref/html/frlrfsystemdirectoryservicesdirectoryentryPropertiesTopic.htm" ismsdn="true">
      <HelpTopic name="AuthenticationType" link="ms-help://MS.NETFrameworkSDKv1.1/cpref/html/frlrfsystemdirectoryservicesdirectoryentryclassAuthenticationTypeTopic.htm" ismsdn="true" />
      <HelpTopic name="Children" link="ms-help://MS.NETFrameworkSDKv1.1/cpref/html/frlrfsystemdirectoryservicesdirectoryentryclassChildrenTopic.htm" ismsdn="true" />
      <HelpTopic name="Guid" link="ms-help://MS.NETFrameworkSDKv1.1/cpref/html/frlrfsystemdirectoryservicesdirectoryentryclassGuidTopic.htm" ismsdn="true" />
      <HelpTopic name="Name" link="ms-help://MS.NETFrameworkSDKv1.1/cpref/html/frlrfsystemdirectoryservicesdirectoryentryclassNameTopic.htm" ismsdn="true" />
      <HelpTopic name="NativeGuid" link="ms-help://MS.NETFrameworkSDKv1.1/cpref/html/frlrfsystemdirectoryservicesdirectoryentryclassNativeGuidTopic.htm" ismsdn="true" />
      <HelpTopic name="NativeObject" link="ms-help://MS.NETFrameworkSDKv1.1/cpref/html/frlrfsystemdirectoryservicesdirectoryentryclassNativeObjectTopic.htm" ismsdn="true" />
      <HelpTopic name="Parent" link="ms-help://MS.NETFrameworkSDKv1.1/cpref/html/frlrfsystemdirectoryservicesdirectoryentryclassParentTopic.htm" ismsdn="true" />
      <HelpTopic name="Password" link="ms-help://MS.NETFrameworkSDKv1.1/cpref/html/frlrfsystemdirectoryservicesdirectoryentryclassPasswordTopic.htm" ismsdn="true" />
      <HelpTopic name="Path" link="ms-help://MS.NETFrameworkSDKv1.1/cpref/html/frlrfsystemdirectoryservicesdirectoryentryclassPathTopic.htm" ismsdn="true" />
      <HelpTopic name="Properties" link="ms-help://MS.NETFrameworkSDKv1.1/cpref/html/frlrfsystemdirectoryservicesdirectoryentryclassPropertiesTopic.htm" ismsdn="true" />
      <HelpTopic name="SchemaClassName" link="ms-help://MS.NETFrameworkSDKv1.1/cpref/html/frlrfsystemdirectoryservicesdirectoryentryclassSchemaClassNameTopic.htm" ismsdn="true" />
      <HelpTopic name="SchemaEntry" link="ms-help://MS.NETFrameworkSDKv1.1/cpref/html/frlrfsystemdirectoryservicesdirectoryentryclassSchemaEntryTopic.htm" ismsdn="true" />
      <HelpTopic name="UsePropertyCache" link="ms-help://MS.NETFrameworkSDKv1.1/cpref/html/frlrfsystemdirectoryservicesdirectoryentryclassUsePropertyCacheTopic.htm" ismsdn="true" />
      <HelpTopic name="Username" link="ms-help://MS.NETFrameworkSDKv1.1/cpref/html/frlrfsystemdirectoryservicesdirectoryentryclassUsernameTopic.htm" ismsdn="true" />
    </HelpFolder>
  </HelpFolder>
  <HelpFolder name="DirectorySearcher class" link="ms-help://MS.NETFrameworkSDKv1.1/cpref/html/frlrfsystemdirectoryservicesdirectorysearcherClassTopic.htm" ismsdn="true">
    <HelpTopic name="DirectorySearcher members" link="ms-help://MS.NETFrameworkSDKv1.1/cpref/html/frlrfsystemdirectoryservicesdirectorysearcherMembersTopic.htm" ismsdn="true" />
    <HelpFolder name="Constructors" link="ms-help://MS.NETFrameworkSDKv1.1/cpref/html/frlrfsystemdirectoryservicesdirectorysearcherclassctorTopic.htm" ismsdn="true">
      <HelpTopic name=".ctor()" link="ms-help://MS.NETFrameworkSDKv1.1/cpref/html/frlrfsystemdirectoryservicesdirectorysearcherclassctorTopic1.htm" ismsdn="true" />
      <HelpTopic name=".ctor(System.DirectoryServices.DirectoryEntry)" link="ms-help://MS.NETFrameworkSDKv1.1/cpref/html/frlrfsystemdirectoryservicesdirectorysearcherclassctorTopic1.htm" ismsdn="true" />
      <HelpTopic name=".ctor(System.DirectoryServices.DirectoryEntry, System.String)" link="ms-help://MS.NETFrameworkSDKv1.1/cpref/html/frlrfsystemdirectoryservicesdirectorysearcherclassctorTopic2.htm" ismsdn="true" />
      <HelpTopic name=".ctor(System.DirectoryServices.DirectoryEntry, System.String, System.String[])" link="ms-help://MS.NETFrameworkSDKv1.1/cpref/html/frlrfsystemdirectoryservicesdirectorysearcherclassctorTopic3.htm" ismsdn="true" />
      <HelpTopic name=".ctor(System.String)" link="ms-help://MS.NETFrameworkSDKv1.1/cpref/html/frlrfsystemdirectoryservicesdirectorysearcherclassctorTopic4.htm" ismsdn="true" />
      <HelpTopic name=".ctor(System.String, System.String[])" link="ms-help://MS.NETFrameworkSDKv1.1/cpref/html/frlrfsystemdirectoryservicesdirectorysearcherclassctorTopic5.htm" ismsdn="true" />
      <HelpTopic name=".ctor(System.String, System.String[], System.DirectoryServices.SearchScope)" link="ms-help://MS.NETFrameworkSDKv1.1/cpref/html/frlrfsystemdirectoryservicesdirectorysearcherclassctorTopic6.htm" ismsdn="true" />
      <HelpTopic name=".ctor(System.DirectoryServices.DirectoryEntry, System.String, System.String[], System.DirectoryServices.SearchScope)" link="ms-help://MS.NETFrameworkSDKv1.1/cpref/html/frlrfsystemdirectoryservicesdirectorysearcherclassctorTopic7.htm" ismsdn="true" />
    </HelpFolder>
    <HelpFolder name="Methods" link="ms-help://MS.NETFrameworkSDKv1.1/cpref/html/frlrfsystemdirectoryservicesdirectorysearcherMethodsTopic.htm" ismsdn="true">
      <HelpTopic name="FindOne()" link="ms-help://MS.NETFrameworkSDKv1.1/cpref/html/frlrfsystemdirectoryservicesdirectorysearcherclassFindOneTopic.htm" ismsdn="true" />
      <HelpTopic name="FindAll()" link="ms-help://MS.NETFrameworkSDKv1.1/cpref/html/frlrfsystemdirectoryservicesdirectorysearcherclassFindAllTopic.htm" ismsdn="true" />
    </HelpFolder>
    <HelpFolder name="Properties" link="ms-help://MS.NETFrameworkSDKv1.1/cpref/html/frlrfsystemdirectoryservicesdirectorysearcherPropertiesTopic.htm" ismsdn="true">
      <HelpTopic name="CacheResults" link="ms-help://MS.NETFrameworkSDKv1.1/cpref/html/frlrfsystemdirectoryservicesdirectorysearcherclassCacheResultsTopic.htm" ismsdn="true" />
      <HelpTopic name="ClientTimeout" link="ms-help://MS.NETFrameworkSDKv1.1/cpref/html/frlrfsystemdirectoryservicesdirectorysearcherclassClientTimeoutTopic.htm" ismsdn="true" />
      <HelpTopic name="PropertyNamesOnly" link="ms-help://MS.NETFrameworkSDKv1.1/cpref/html/frlrfsystemdirectoryservicesdirectorysearcherclassPropertyNamesOnlyTopic.htm" ismsdn="true" />
      <HelpTopic name="Filter" link="ms-help://MS.NETFrameworkSDKv1.1/cpref/html/frlrfsystemdirectoryservicesdirectorysearcherclassFilterTopic.htm" ismsdn="true" />
      <HelpTopic name="PageSize" link="ms-help://MS.NETFrameworkSDKv1.1/cpref/html/frlrfsystemdirectoryservicesdirectorysearcherclassPageSizeTopic.htm" ismsdn="true" />
      <HelpTopic name="PropertiesToLoad" link="ms-help://MS.NETFrameworkSDKv1.1/cpref/html/frlrfsystemdirectoryservicesdirectorysearcherclassPropertiesToLoadTopic.htm" ismsdn="true" />
      <HelpTopic name="ReferralChasing" link="ms-help://MS.NETFrameworkSDKv1.1/cpref/html/frlrfsystemdirectoryservicesdirectorysearcherclassReferralChasingTopic.htm" ismsdn="true" />
      <HelpTopic name="SearchScope" link="ms-help://MS.NETFrameworkSDKv1.1/cpref/html/frlrfsystemdirectoryservicesdirectorysearcherclassSearchScopeTopic.htm" ismsdn="true" />
      <HelpTopic name="ServerPageTimeLimit" link="ms-help://MS.NETFrameworkSDKv1.1/cpref/html/frlrfsystemdirectoryservicesdirectorysearcherclassServerPageTimeLimitTopic.htm" ismsdn="true" />
      <HelpTopic name="ServerTimeLimit" link="ms-help://MS.NETFrameworkSDKv1.1/cpref/html/frlrfsystemdirectoryservicesdirectorysearcherclassServerTimeLimitTopic.htm" ismsdn="true" />
      <HelpTopic name="SizeLimit" link="ms-help://MS.NETFrameworkSDKv1.1/cpref/html/frlrfsystemdirectoryservicesdirectorysearcherclassSizeLimitTopic.htm" ismsdn="true" />
      <HelpTopic name="SearchRoot" link="ms-help://MS.NETFrameworkSDKv1.1/cpref/html/frlrfsystemdirectoryservicesdirectorysearcherclassSearchRootTopic.htm" ismsdn="true" />
      <HelpTopic name="Sort" link="ms-help://MS.NETFrameworkSDKv1.1/cpref/html/frlrfsystemdirectoryservicesdirectorysearcherclassSortTopic.htm" ismsdn="true" />
    </HelpFolder>
  </HelpFolder>
  <HelpFolder name="DirectoryServicesPermission class" link="ms-help://MS.NETFrameworkSDKv1.1/cpref/html/frlrfsystemdirectoryservicesdirectoryservicespermissionClassTopic.htm" ismsdn="true">
    <HelpTopic name="DirectoryServicesPermission members" link="ms-help://MS.NETFrameworkSDKv1.1/cpref/html/frlrfsystemdirectoryservicesdirectoryservicespermissionMembersTopic.htm" ismsdn="true" />
    <HelpFolder name="Constructors" link="ms-help://MS.NETFrameworkSDKv1.1/cpref/html/frlrfsystemdirectoryservicesdirectoryservicespermissionclassctorTopic.htm" ismsdn="true">
      <HelpTopic name=".ctor()" link="ms-help://MS.NETFrameworkSDKv1.1/cpref/html/frlrfsystemdirectoryservicesdirectoryservicespermissionclassctorTopic1.htm" ismsdn="true" />
      <HelpTopic name=".ctor(System.Security.Permissions.PermissionState)" link="ms-help://MS.NETFrameworkSDKv1.1/cpref/html/frlrfsystemdirectoryservicesdirectoryservicespermissionclassctorTopic1.htm" ismsdn="true" />
      <HelpTopic name=".ctor(System.DirectoryServices.DirectoryServicesPermissionAccess, System.String)" link="ms-help://MS.NETFrameworkSDKv1.1/cpref/html/frlrfsystemdirectoryservicesdirectoryservicespermissionclassctorTopic2.htm" ismsdn="true" />
      <HelpTopic name=".ctor(System.DirectoryServices.DirectoryServicesPermissionEntry[])" link="ms-help://MS.NETFrameworkSDKv1.1/cpref/html/frlrfsystemdirectoryservicesdirectoryservicespermissionclassctorTopic3.htm" ismsdn="true" />
    </HelpFolder>
    <HelpFolder name="Properties" link="ms-help://MS.NETFrameworkSDKv1.1/cpref/html/frlrfsystemdirectoryservicesdirectoryservicespermissionPropertiesTopic.htm" ismsdn="true">
      <HelpTopic name="PermissionEntries" link="ms-help://MS.NETFrameworkSDKv1.1/cpref/html/frlrfsystemdirectoryservicesdirectoryservicespermissionclassPermissionEntriesTopic.htm" ismsdn="true" />
    </HelpFolder>
  </HelpFolder>
  <HelpTopic name="DirectoryServicesPermissionAccess enumeration" link="ms-help://MS.NETFrameworkSDKv1.1/cpref/html/frlrfsystemdirectoryservicesdirectoryservicespermissionaccessClassTopic.htm" ismsdn="true" />
  <HelpFolder name="DirectoryServicesPermissionAttribute class" link="ms-help://MS.NETFrameworkSDKv1.1/cpref/html/frlrfsystemdirectoryservicesdirectoryservicespermissionattributeClassTopic.htm" ismsdn="true">
    <HelpTopic name="DirectoryServicesPermissionAttribute members" link="ms-help://MS.NETFrameworkSDKv1.1/cpref/html/frlrfsystemdirectoryservicesdirectoryservicespermissionattributeMembersTopic.htm" ismsdn="true" />
    <HelpFolder name="Constructors" link="ms-help://MS.NETFrameworkSDKv1.1/cpref/html/frlrfsystemdirectoryservicesdirectoryservicespermissionattributeclassctorTopic.htm" ismsdn="true">
      <HelpTopic name=".ctor(System.Security.Permissions.SecurityAction)" link="ms-help://MS.NETFrameworkSDKv1.1/cpref/html/frlrfsystemdirectoryservicesdirectoryservicespermissionattributeclassctorTopic.htm" ismsdn="true" />
    </HelpFolder>
    <HelpFolder name="Methods" link="ms-help://MS.NETFrameworkSDKv1.1/cpref/html/frlrfsystemdirectoryservicesdirectoryservicespermissionattributeMethodsTopic.htm" ismsdn="true">
      <HelpTopic name="CreatePermission()" link="ms-help://MS.NETFrameworkSDKv1.1/cpref/html/frlrfsystemdirectoryservicesdirectoryservicespermissionattributeclassCreatePermissionTopic.htm" ismsdn="true" />
    </HelpFolder>
    <HelpFolder name="Properties" link="ms-help://MS.NETFrameworkSDKv1.1/cpref/html/frlrfsystemdirectoryservicesdirectoryservicespermissionattributePropertiesTopic.htm" ismsdn="true">
      <HelpTopic name="Path" link="ms-help://MS.NETFrameworkSDKv1.1/cpref/html/frlrfsystemdirectoryservicesdirectoryservicespermissionattributeclassPathTopic.htm" ismsdn="true" />
      <HelpTopic name="PermissionAccess" link="ms-help://MS.NETFrameworkSDKv1.1/cpref/html/frlrfsystemdirectoryservicesdirectoryservicespermissionattributeclassPermissionAccessTopic.htm" ismsdn="true" />
    </HelpFolder>
  </HelpFolder>
  <HelpFolder name="DirectoryServicesPermissionEntry class" link="ms-help://MS.NETFrameworkSDKv1.1/cpref/html/frlrfsystemdirectoryservicesdirectoryservicespermissionentryClassTopic.htm" ismsdn="true">
    <HelpTopic name="DirectoryServicesPermissionEntry members" link="ms-help://MS.NETFrameworkSDKv1.1/cpref/html/frlrfsystemdirectoryservicesdirectoryservicespermissionentryMembersTopic.htm" ismsdn="true" />
    <HelpFolder name="Constructors" link="ms-help://MS.NETFrameworkSDKv1.1/cpref/html/frlrfsystemdirectoryservicesdirectoryservicespermissionentryclassctorTopic.htm" ismsdn="true">
      <HelpTopic name=".ctor(System.DirectoryServices.DirectoryServicesPermissionAccess, System.String)" link="ms-help://MS.NETFrameworkSDKv1.1/cpref/html/frlrfsystemdirectoryservicesdirectoryservicespermissionentryclassctorTopic.htm" ismsdn="true" />
    </HelpFolder>
    <HelpFolder name="Properties" link="ms-help://MS.NETFrameworkSDKv1.1/cpref/html/frlrfsystemdirectoryservicesdirectoryservicespermissionentryPropertiesTopic.htm" ismsdn="true">
      <HelpTopic name="Path" link="ms-help://MS.NETFrameworkSDKv1.1/cpref/html/frlrfsystemdirectoryservicesdirectoryservicespermissionentryclassPathTopic.htm" ismsdn="true" />
      <HelpTopic name="PermissionAccess" link="ms-help://MS.NETFrameworkSDKv1.1/cpref/html/frlrfsystemdirectoryservicesdirectoryservicespermissionentryclassPermissionAccessTopic.htm" ismsdn="true" />
    </HelpFolder>
  </HelpFolder>
  <HelpFolder name="DirectoryServicesPermissionEntryCollection class" link="ms-help://MS.NETFrameworkSDKv1.1/cpref/html/frlrfsystemdirectoryservicesdirectoryservicespermissionentrycollectionClassTopic.htm" ismsdn="true">
    <HelpTopic name="DirectoryServicesPermissionEntryCollection members" link="ms-help://MS.NETFrameworkSDKv1.1/cpref/html/frlrfsystemdirectoryservicesdirectoryservicespermissionentrycollectionMembersTopic.htm" ismsdn="true" />
    <HelpFolder name="Methods" link="ms-help://MS.NETFrameworkSDKv1.1/cpref/html/frlrfsystemdirectoryservicesdirectoryservicespermissionentrycollectionMethodsTopic.htm" ismsdn="true">
      <HelpTopic name="Add(System.DirectoryServices.DirectoryServicesPermissionEntry)" link="ms-help://MS.NETFrameworkSDKv1.1/cpref/html/frlrfsystemdirectoryservicesdirectoryservicespermissionentrycollectionclassAddTopic.htm" ismsdn="true" />
      <HelpTopic name="AddRange(System.DirectoryServices.DirectoryServicesPermissionEntry[])" link="ms-help://MS.NETFrameworkSDKv1.1/cpref/html/frlrfsystemdirectoryservicesdirectoryservicespermissionentrycollectionclassAddRangeTopic1.htm" ismsdn="true" />
      <HelpTopic name="AddRange(System.DirectoryServices.DirectoryServicesPermissionEntryCollection)" link="ms-help://MS.NETFrameworkSDKv1.1/cpref/html/frlrfsystemdirectoryservicesdirectoryservicespermissionentrycollectionclassAddRangeTopic2.htm" ismsdn="true" />
      <HelpTopic name="Contains(System.DirectoryServices.DirectoryServicesPermissionEntry)" link="ms-help://MS.NETFrameworkSDKv1.1/cpref/html/frlrfsystemdirectoryservicesdirectoryservicespermissionentrycollectionclassContainsTopic.htm" ismsdn="true" />
      <HelpTopic name="CopyTo(System.DirectoryServices.DirectoryServicesPermissionEntry[], System.Int32)" link="ms-help://MS.NETFrameworkSDKv1.1/cpref/html/frlrfsystemdirectoryservicesdirectoryservicespermissionentrycollectionclassCopyToTopic.htm" ismsdn="true" />
      <HelpTopic name="IndexOf(System.DirectoryServices.DirectoryServicesPermissionEntry)" link="ms-help://MS.NETFrameworkSDKv1.1/cpref/html/frlrfsystemdirectoryservicesdirectoryservicespermissionentrycollectionclassIndexOfTopic.htm" ismsdn="true" />
      <HelpTopic name="Insert(System.Int32, System.DirectoryServices.DirectoryServicesPermissionEntry)" link="ms-help://MS.NETFrameworkSDKv1.1/cpref/html/frlrfsystemdirectoryservicesdirectoryservicespermissionentrycollectionclassInsertTopic.htm" ismsdn="true" />
      <HelpTopic name="Remove(System.DirectoryServices.DirectoryServicesPermissionEntry)" link="ms-help://MS.NETFrameworkSDKv1.1/cpref/html/frlrfsystemdirectoryservicesdirectoryservicespermissionentrycollectionclassRemoveTopic.htm" ismsdn="true" />
    </HelpFolder>
    <HelpFolder name="Properties" link="ms-help://MS.NETFrameworkSDKv1.1/cpref/html/frlrfsystemdirectoryservicesdirectoryservicespermissionentrycollectionPropertiesTopic.htm" ismsdn="true">
      <HelpTopic name="Item" link="ms-help://MS.NETFrameworkSDKv1.1/cpref/html/frlrfsystemdirectoryservicesdirectoryservicespermissionentrycollectionclassItemTopic.htm" ismsdn="true" />
    </HelpFolder>
  </HelpFolder>
  <HelpFolder name="DSDescriptionAttribute class" link="ms-help://MS.NETFrameworkSDKv1.1/cpref/html/frlrfsystemdirectoryservicesdsdescriptionattributeClassTopic.htm" ismsdn="true">
    <HelpTopic name="DSDescriptionAttribute members" link="ms-help://MS.NETFrameworkSDKv1.1/cpref/html/frlrfsystemdirectoryservicesdsdescriptionattributeMembersTopic.htm" ismsdn="true" />
    <HelpFolder name="Constructors" link="ms-help://MS.NETFrameworkSDKv1.1/cpref/html/frlrfsystemdirectoryservicesdsdescriptionattributeclassctorTopic.htm" ismsdn="true">
      <HelpTopic name=".ctor(System.String)" link="ms-help://MS.NETFrameworkSDKv1.1/cpref/html/frlrfsystemdirectoryservicesdsdescriptionattributeclassctorTopic.htm" ismsdn="true" />
    </HelpFolder>
    <HelpFolder name="Properties" link="ms-help://MS.NETFrameworkSDKv1.1/cpref/html/frlrfsystemdirectoryservicesdsdescriptionattributePropertiesTopic.htm" ismsdn="true">
      <HelpTopic name="Description" link="ms-help://MS.NETFrameworkSDKv1.1/cpref/html/frlrfsystemdirectoryservicesdsdescriptionattributeclassDescriptionTopic.htm" ismsdn="true" />
    </HelpFolder>
  </HelpFolder>
  <HelpFolder name="PropertyCollection class" link="ms-help://MS.NETFrameworkSDKv1.1/cpref/html/frlrfsystemdirectoryservicespropertycollectionClassTopic.htm" ismsdn="true">
    <HelpTopic name="PropertyCollection members" link="ms-help://MS.NETFrameworkSDKv1.1/cpref/html/frlrfsystemdirectoryservicespropertycollectionMembersTopic.htm" ismsdn="true" />
    <HelpFolder name="Methods" link="ms-help://MS.NETFrameworkSDKv1.1/cpref/html/frlrfsystemdirectoryservicespropertycollectionMethodsTopic.htm" ismsdn="true">
      <HelpTopic name="GetEnumerator()" link="ms-help://MS.NETFrameworkSDKv1.1/cpref/html/frlrfsystemdirectoryservicespropertycollectionclassGetEnumeratorTopic.htm" ismsdn="true" />
      <HelpTopic name="Contains(System.String)" link="ms-help://MS.NETFrameworkSDKv1.1/cpref/html/frlrfsystemdirectoryservicespropertycollectionclassContainsTopic.htm" ismsdn="true" />
      <HelpTopic name="CopyTo(System.DirectoryServices.PropertyValueCollection[], System.Int32)" link="ms-help://MS.NETFrameworkSDKv1.1/cpref/html/frlrfsystemdirectoryservicespropertycollectionclassCopyToTopic.htm" ismsdn="true" />
    </HelpFolder>
    <HelpFolder name="Properties" link="ms-help://MS.NETFrameworkSDKv1.1/cpref/html/frlrfsystemdirectoryservicespropertycollectionPropertiesTopic.htm" ismsdn="true">
      <HelpTopic name="Item" link="ms-help://MS.NETFrameworkSDKv1.1/cpref/html/frlrfsystemdirectoryservicespropertycollectionclassItemTopic.htm" ismsdn="true" />
      <HelpTopic name="Count" link="ms-help://MS.NETFrameworkSDKv1.1/cpref/html/frlrfsystemdirectoryservicespropertycollectionclassCountTopic.htm" ismsdn="true" />
      <HelpTopic name="PropertyNames" link="ms-help://MS.NETFrameworkSDKv1.1/cpref/html/frlrfsystemdirectoryservicespropertycollectionclassPropertyNamesTopic.htm" ismsdn="true" />
      <HelpTopic name="Values" link="ms-help://MS.NETFrameworkSDKv1.1/cpref/html/frlrfsystemdirectoryservicespropertycollectionclassValuesTopic.htm" ismsdn="true" />
    </HelpFolder>
  </HelpFolder>
  <HelpFolder name="PropertyValueCollection class" link="ms-help://MS.NETFrameworkSDKv1.1/cpref/html/frlrfsystemdirectoryservicespropertyvaluecollectionClassTopic.htm" ismsdn="true">
    <HelpTopic name="PropertyValueCollection members" link="ms-help://MS.NETFrameworkSDKv1.1/cpref/html/frlrfsystemdirectoryservicespropertyvaluecollectionMembersTopic.htm" ismsdn="true" />
    <HelpFolder name="Methods" link="ms-help://MS.NETFrameworkSDKv1.1/cpref/html/frlrfsystemdirectoryservicespropertyvaluecollectionMethodsTopic.htm" ismsdn="true">
      <HelpTopic name="Add(System.Object)" link="ms-help://MS.NETFrameworkSDKv1.1/cpref/html/frlrfsystemdirectoryservicespropertyvaluecollectionclassAddTopic.htm" ismsdn="true" />
      <HelpTopic name="AddRange(System.Object[])" link="ms-help://MS.NETFrameworkSDKv1.1/cpref/html/frlrfsystemdirectoryservicespropertyvaluecollectionclassAddRangeTopic1.htm" ismsdn="true" />
      <HelpTopic name="AddRange(System.DirectoryServices.PropertyValueCollection)" link="ms-help://MS.NETFrameworkSDKv1.1/cpref/html/frlrfsystemdirectoryservicespropertyvaluecollectionclassAddRangeTopic2.htm" ismsdn="true" />
      <HelpTopic name="Contains(System.Object)" link="ms-help://MS.NETFrameworkSDKv1.1/cpref/html/frlrfsystemdirectoryservicespropertyvaluecollectionclassContainsTopic.htm" ismsdn="true" />
      <HelpTopic name="CopyTo(System.Object[], System.Int32)" link="ms-help://MS.NETFrameworkSDKv1.1/cpref/html/frlrfsystemdirectoryservicespropertyvaluecollectionclassCopyToTopic.htm" ismsdn="true" />
      <HelpTopic name="IndexOf(System.Object)" link="ms-help://MS.NETFrameworkSDKv1.1/cpref/html/frlrfsystemdirectoryservicespropertyvaluecollectionclassIndexOfTopic.htm" ismsdn="true" />
      <HelpTopic name="Insert(System.Int32, System.Object)" link="ms-help://MS.NETFrameworkSDKv1.1/cpref/html/frlrfsystemdirectoryservicespropertyvaluecollectionclassInsertTopic.htm" ismsdn="true" />
      <HelpTopic name="Remove(System.Object)" link="ms-help://MS.NETFrameworkSDKv1.1/cpref/html/frlrfsystemdirectoryservicespropertyvaluecollectionclassRemoveTopic.htm" ismsdn="true" />
    </HelpFolder>
    <HelpFolder name="Properties" link="ms-help://MS.NETFrameworkSDKv1.1/cpref/html/frlrfsystemdirectoryservicespropertyvaluecollectionPropertiesTopic.htm" ismsdn="true">
      <HelpTopic name="Item" link="ms-help://MS.NETFrameworkSDKv1.1/cpref/html/frlrfsystemdirectoryservicespropertyvaluecollectionclassItemTopic.htm" ismsdn="true" />
      <HelpTopic name="Value" link="ms-help://MS.NETFrameworkSDKv1.1/cpref/html/frlrfsystemdirectoryservicespropertyvaluecollectionclassValueTopic.htm" ismsdn="true" />
    </HelpFolder>
  </HelpFolder>
  <HelpTopic name="ReferralChasingOption enumeration" link="ms-help://MS.NETFrameworkSDKv1.1/cpref/html/frlrfsystemdirectoryservicesreferralchasingoptionClassTopic.htm" ismsdn="true" />
  <HelpFolder name="ResultPropertyCollection class" link="ms-help://MS.NETFrameworkSDKv1.1/cpref/html/frlrfsystemdirectoryservicesresultpropertycollectionClassTopic.htm" ismsdn="true">
    <HelpTopic name="ResultPropertyCollection members" link="ms-help://MS.NETFrameworkSDKv1.1/cpref/html/frlrfsystemdirectoryservicesresultpropertycollectionMembersTopic.htm" ismsdn="true" />
    <HelpFolder name="Methods" link="ms-help://MS.NETFrameworkSDKv1.1/cpref/html/frlrfsystemdirectoryservicesresultpropertycollectionMethodsTopic.htm" ismsdn="true">
      <HelpTopic name="Contains(System.String)" link="ms-help://MS.NETFrameworkSDKv1.1/cpref/html/frlrfsystemdirectoryservicesresultpropertycollectionclassContainsTopic.htm" ismsdn="true" />
      <HelpTopic name="CopyTo(System.DirectoryServices.ResultPropertyValueCollection[], System.Int32)" link="ms-help://MS.NETFrameworkSDKv1.1/cpref/html/frlrfsystemdirectoryservicesresultpropertycollectionclassCopyToTopic.htm" ismsdn="true" />
    </HelpFolder>
    <HelpFolder name="Properties" link="ms-help://MS.NETFrameworkSDKv1.1/cpref/html/frlrfsystemdirectoryservicesresultpropertycollectionPropertiesTopic.htm" ismsdn="true">
      <HelpTopic name="Item" link="ms-help://MS.NETFrameworkSDKv1.1/cpref/html/frlrfsystemdirectoryservicesresultpropertycollectionclassItemTopic.htm" ismsdn="true" />
      <HelpTopic name="PropertyNames" link="ms-help://MS.NETFrameworkSDKv1.1/cpref/html/frlrfsystemdirectoryservicesresultpropertycollectionclassPropertyNamesTopic.htm" ismsdn="true" />
      <HelpTopic name="Values" link="ms-help://MS.NETFrameworkSDKv1.1/cpref/html/frlrfsystemdirectoryservicesresultpropertycollectionclassValuesTopic.htm" ismsdn="true" />
    </HelpFolder>
  </HelpFolder>
  <HelpFolder name="ResultPropertyValueCollection class" link="ms-help://MS.NETFrameworkSDKv1.1/cpref/html/frlrfsystemdirectoryservicesresultpropertyvaluecollectionClassTopic.htm" ismsdn="true">
    <HelpTopic name="ResultPropertyValueCollection members" link="ms-help://MS.NETFrameworkSDKv1.1/cpref/html/frlrfsystemdirectoryservicesresultpropertyvaluecollectionMembersTopic.htm" ismsdn="true" />
    <HelpFolder name="Methods" link="ms-help://MS.NETFrameworkSDKv1.1/cpref/html/frlrfsystemdirectoryservicesresultpropertyvaluecollectionMethodsTopic.htm" ismsdn="true">
      <HelpTopic name="Contains(System.Object)" link="ms-help://MS.NETFrameworkSDKv1.1/cpref/html/frlrfsystemdirectoryservicesresultpropertyvaluecollectionclassContainsTopic.htm" ismsdn="true" />
      <HelpTopic name="IndexOf(System.Object)" link="ms-help://MS.NETFrameworkSDKv1.1/cpref/html/frlrfsystemdirectoryservicesresultpropertyvaluecollectionclassIndexOfTopic.htm" ismsdn="true" />
      <HelpTopic name="CopyTo(System.Object[], System.Int32)" link="ms-help://MS.NETFrameworkSDKv1.1/cpref/html/frlrfsystemdirectoryservicesresultpropertyvaluecollectionclassCopyToTopic.htm" ismsdn="true" />
    </HelpFolder>
    <HelpFolder name="Properties" link="ms-help://MS.NETFrameworkSDKv1.1/cpref/html/frlrfsystemdirectoryservicesresultpropertyvaluecollectionPropertiesTopic.htm" ismsdn="true">
      <HelpTopic name="Item" link="ms-help://MS.NETFrameworkSDKv1.1/cpref/html/frlrfsystemdirectoryservicesresultpropertyvaluecollectionclassItemTopic.htm" ismsdn="true" />
    </HelpFolder>
  </HelpFolder>
  <HelpFolder name="SchemaNameCollection class" link="ms-help://MS.NETFrameworkSDKv1.1/cpref/html/frlrfsystemdirectoryservicesschemanamecollectionClassTopic.htm" ismsdn="true">
    <HelpTopic name="SchemaNameCollection members" link="ms-help://MS.NETFrameworkSDKv1.1/cpref/html/frlrfsystemdirectoryservicesschemanamecollectionMembersTopic.htm" ismsdn="true" />
    <HelpFolder name="Methods" link="ms-help://MS.NETFrameworkSDKv1.1/cpref/html/frlrfsystemdirectoryservicesschemanamecollectionMethodsTopic.htm" ismsdn="true">
      <HelpTopic name="GetEnumerator()" link="ms-help://MS.NETFrameworkSDKv1.1/cpref/html/frlrfsystemdirectoryservicesschemanamecollectionclassGetEnumeratorTopic.htm" ismsdn="true" />
      <HelpTopic name="RemoveAt(System.Int32)" link="ms-help://MS.NETFrameworkSDKv1.1/cpref/html/frlrfsystemdirectoryservicesschemanamecollectionclassRemoveAtTopic.htm" ismsdn="true" />
      <HelpTopic name="Clear()" link="ms-help://MS.NETFrameworkSDKv1.1/cpref/html/frlrfsystemdirectoryservicesschemanamecollectionclassClearTopic.htm" ismsdn="true" />
      <HelpTopic name="Add(System.String)" link="ms-help://MS.NETFrameworkSDKv1.1/cpref/html/frlrfsystemdirectoryservicesschemanamecollectionclassAddTopic.htm" ismsdn="true" />
      <HelpTopic name="AddRange(System.String[])" link="ms-help://MS.NETFrameworkSDKv1.1/cpref/html/frlrfsystemdirectoryservicesschemanamecollectionclassAddRangeTopic1.htm" ismsdn="true" />
      <HelpTopic name="AddRange(System.DirectoryServices.SchemaNameCollection)" link="ms-help://MS.NETFrameworkSDKv1.1/cpref/html/frlrfsystemdirectoryservicesschemanamecollectionclassAddRangeTopic2.htm" ismsdn="true" />
      <HelpTopic name="Contains(System.String)" link="ms-help://MS.NETFrameworkSDKv1.1/cpref/html/frlrfsystemdirectoryservicesschemanamecollectionclassContainsTopic.htm" ismsdn="true" />
      <HelpTopic name="CopyTo(System.String[], System.Int32)" link="ms-help://MS.NETFrameworkSDKv1.1/cpref/html/frlrfsystemdirectoryservicesschemanamecollectionclassCopyToTopic.htm" ismsdn="true" />
      <HelpTopic name="IndexOf(System.String)" link="ms-help://MS.NETFrameworkSDKv1.1/cpref/html/frlrfsystemdirectoryservicesschemanamecollectionclassIndexOfTopic.htm" ismsdn="true" />
      <HelpTopic name="Insert(System.Int32, System.String)" link="ms-help://MS.NETFrameworkSDKv1.1/cpref/html/frlrfsystemdirectoryservicesschemanamecollectionclassInsertTopic.htm" ismsdn="true" />
      <HelpTopic name="Remove(System.String)" link="ms-help://MS.NETFrameworkSDKv1.1/cpref/html/frlrfsystemdirectoryservicesschemanamecollectionclassRemoveTopic.htm" ismsdn="true" />
    </HelpFolder>
    <HelpFolder name="Properties" link="ms-help://MS.NETFrameworkSDKv1.1/cpref/html/frlrfsystemdirectoryservicesschemanamecollectionPropertiesTopic.htm" ismsdn="true">
      <HelpTopic name="Item" link="ms-help://MS.NETFrameworkSDKv1.1/cpref/html/frlrfsystemdirectoryservicesschemanamecollectionclassItemTopic.htm" ismsdn="true" />
      <HelpTopic name="Count" link="ms-help://MS.NETFrameworkSDKv1.1/cpref/html/frlrfsystemdirectoryservicesschemanamecollectionclassCountTopic.htm" ismsdn="true" />
    </HelpFolder>
  </HelpFolder>
  <HelpFolder name="SearchResult class" link="ms-help://MS.NETFrameworkSDKv1.1/cpref/html/frlrfsystemdirectoryservicessearchresultClassTopic.htm" ismsdn="true">
    <HelpTopic name="SearchResult members" link="ms-help://MS.NETFrameworkSDKv1.1/cpref/html/frlrfsystemdirectoryservicessearchresultMembersTopic.htm" ismsdn="true" />
    <HelpFolder name="Methods" link="ms-help://MS.NETFrameworkSDKv1.1/cpref/html/frlrfsystemdirectoryservicessearchresultMethodsTopic.htm" ismsdn="true">
      <HelpTopic name="GetDirectoryEntry()" link="ms-help://MS.NETFrameworkSDKv1.1/cpref/html/frlrfsystemdirectoryservicessearchresultclassGetDirectoryEntryTopic.htm" ismsdn="true" />
    </HelpFolder>
    <HelpFolder name="Properties" link="ms-help://MS.NETFrameworkSDKv1.1/cpref/html/frlrfsystemdirectoryservicessearchresultPropertiesTopic.htm" ismsdn="true">
      <HelpTopic name="Path" link="ms-help://MS.NETFrameworkSDKv1.1/cpref/html/frlrfsystemdirectoryservicessearchresultclassPathTopic.htm" ismsdn="true" />
      <HelpTopic name="Properties" link="ms-help://MS.NETFrameworkSDKv1.1/cpref/html/frlrfsystemdirectoryservicessearchresultclassPropertiesTopic.htm" ismsdn="true" />
    </HelpFolder>
  </HelpFolder>
  <HelpFolder name="SearchResultCollection class" link="ms-help://MS.NETFrameworkSDKv1.1/cpref/html/frlrfsystemdirectoryservicessearchresultcollectionClassTopic.htm" ismsdn="true">
    <HelpTopic name="SearchResultCollection members" link="ms-help://MS.NETFrameworkSDKv1.1/cpref/html/frlrfsystemdirectoryservicessearchresultcollectionMembersTopic.htm" ismsdn="true" />
    <HelpFolder name="Methods" link="ms-help://MS.NETFrameworkSDKv1.1/cpref/html/frlrfsystemdirectoryservicessearchresultcollectionMethodsTopic.htm" ismsdn="true">
      <HelpTopic name="Dispose()" link="ms-help://MS.NETFrameworkSDKv1.1/cpref/html/frlrfsystemdirectoryservicessearchresultcollectionclassDisposeTopic.htm" ismsdn="true" />
      <HelpTopic name="GetEnumerator()" link="ms-help://MS.NETFrameworkSDKv1.1/cpref/html/frlrfsystemdirectoryservicessearchresultcollectionclassGetEnumeratorTopic.htm" ismsdn="true" />
      <HelpTopic name="Contains(System.DirectoryServices.SearchResult)" link="ms-help://MS.NETFrameworkSDKv1.1/cpref/html/frlrfsystemdirectoryservicessearchresultcollectionclassContainsTopic.htm" ismsdn="true" />
      <HelpTopic name="CopyTo(System.DirectoryServices.SearchResult[], System.Int32)" link="ms-help://MS.NETFrameworkSDKv1.1/cpref/html/frlrfsystemdirectoryservicessearchresultcollectionclassCopyToTopic.htm" ismsdn="true" />
      <HelpTopic name="IndexOf(System.DirectoryServices.SearchResult)" link="ms-help://MS.NETFrameworkSDKv1.1/cpref/html/frlrfsystemdirectoryservicessearchresultcollectionclassIndexOfTopic.htm" ismsdn="true" />
    </HelpFolder>
    <HelpFolder name="Properties" link="ms-help://MS.NETFrameworkSDKv1.1/cpref/html/frlrfsystemdirectoryservicessearchresultcollectionPropertiesTopic.htm" ismsdn="true">
      <HelpTopic name="Item" link="ms-help://MS.NETFrameworkSDKv1.1/cpref/html/frlrfsystemdirectoryservicessearchresultcollectionclassItemTopic.htm" ismsdn="true" />
      <HelpTopic name="Count" link="ms-help://MS.NETFrameworkSDKv1.1/cpref/html/frlrfsystemdirectoryservicessearchresultcollectionclassCountTopic.htm" ismsdn="true" />
      <HelpTopic name="Handle" link="ms-help://MS.NETFrameworkSDKv1.1/cpref/html/frlrfsystemdirectoryservicessearchresultcollectionclassHandleTopic.htm" ismsdn="true" />
      <HelpTopic name="PropertiesLoaded" link="ms-help://MS.NETFrameworkSDKv1.1/cpref/html/frlrfsystemdirectoryservicessearchresultcollectionclassPropertiesLoadedTopic.htm" ismsdn="true" />
    </HelpFolder>
  </HelpFolder>
  <HelpTopic name="SearchScope enumeration" link="ms-help://MS.NETFrameworkSDKv1.1/cpref/html/frlrfsystemdirectoryservicessearchscopeClassTopic.htm" ismsdn="true" />
  <HelpTopic name="SortDirection enumeration" link="ms-help://MS.NETFrameworkSDKv1.1/cpref/html/frlrfsystemdirectoryservicessortdirectionClassTopic.htm" ismsdn="true" />
  <HelpFolder name="SortOption class" link="ms-help://MS.NETFrameworkSDKv1.1/cpref/html/frlrfsystemdirectoryservicessortoptionClassTopic.htm" ismsdn="true">
    <HelpTopic name="SortOption members" link="ms-help://MS.NETFrameworkSDKv1.1/cpref/html/frlrfsystemdirectoryservicessortoptionMembersTopic.htm" ismsdn="true" />
    <HelpFolder name="Constructors" link="ms-help://MS.NETFrameworkSDKv1.1/cpref/html/frlrfsystemdirectoryservicessortoptionclassctorTopic.htm" ismsdn="true">
      <HelpTopic name=".ctor()" link="ms-help://MS.NETFrameworkSDKv1.1/cpref/html/frlrfsystemdirectoryservicessortoptionclassctorTopic1.htm" ismsdn="true" />
      <HelpTopic name=".ctor(System.String, System.DirectoryServices.SortDirection)" link="ms-help://MS.NETFrameworkSDKv1.1/cpref/html/frlrfsystemdirectoryservicessortoptionclassctorTopic1.htm" ismsdn="true" />
    </HelpFolder>
    <HelpFolder name="Properties" link="ms-help://MS.NETFrameworkSDKv1.1/cpref/html/frlrfsystemdirectoryservicessortoptionPropertiesTopic.htm" ismsdn="true">
      <HelpTopic name="PropertyName" link="ms-help://MS.NETFrameworkSDKv1.1/cpref/html/frlrfsystemdirectoryservicessortoptionclassPropertyNameTopic.htm" ismsdn="true" />
      <HelpTopic name="Direction" link="ms-help://MS.NETFrameworkSDKv1.1/cpref/html/frlrfsystemdirectoryservicessortoptionclassDirectionTopic.htm" ismsdn="true" />
    </HelpFolder>
  </HelpFolder>
</HelpCollection>