<HelpCollection>
  <HelpFolder name="AccessedThroughPropertyAttribute class" link="ms-help://MS.NETFrameworkSDKv1.1/cpref/html/frlrfsystemruntimecompilerservicesaccessedthroughpropertyattributeClassTopic.htm" ismsdn="true">
    <HelpTopic name="AccessedThroughPropertyAttribute members" link="ms-help://MS.NETFrameworkSDKv1.1/cpref/html/frlrfsystemruntimecompilerservicesaccessedthroughpropertyattributeMembersTopic.htm" ismsdn="true" />
    <HelpFolder name="Constructors" link="ms-help://MS.NETFrameworkSDKv1.1/cpref/html/frlrfsystemruntimecompilerservicesaccessedthroughpropertyattributeclassctorTopic.htm" ismsdn="true">
      <HelpTopic name=".ctor(System.String)" link="ms-help://MS.NETFrameworkSDKv1.1/cpref/html/frlrfsystemruntimecompilerservicesaccessedthroughpropertyattributeclassctorTopic.htm" ismsdn="true" />
    </HelpFolder>
    <HelpFolder name="Properties" link="ms-help://MS.NETFrameworkSDKv1.1/cpref/html/frlrfsystemruntimecompilerservicesaccessedthroughpropertyattributePropertiesTopic.htm" ismsdn="true">
      <HelpTopic name="PropertyName" link="ms-help://MS.NETFrameworkSDKv1.1/cpref/html/frlrfsystemruntimecompilerservicesaccessedthroughpropertyattributeclassPropertyNameTopic.htm" ismsdn="true" />
    </HelpFolder>
  </HelpFolder>
  <HelpFolder name="CallConvCdecl class" link="ms-help://MS.NETFrameworkSDKv1.1/cpref/html/frlrfsystemruntimecompilerservicescallconvcdeclClassTopic.htm" ismsdn="true">
    <HelpTopic name="CallConvCdecl members" link="ms-help://MS.NETFrameworkSDKv1.1/cpref/html/frlrfsystemruntimecompilerservicescallconvcdeclMembersTopic.htm" ismsdn="true" />
    <HelpFolder name="Constructors" link="ms-help://MS.NETFrameworkSDKv1.1/cpref/html/frlrfsystemruntimecompilerservicescallconvcdeclclassctorTopic.htm" ismsdn="true">
      <HelpTopic name=".ctor()" link="ms-help://MS.NETFrameworkSDKv1.1/cpref/html/frlrfsystemruntimecompilerservicescallconvcdeclclassctorTopic.htm" ismsdn="true" />
    </HelpFolder>
  </HelpFolder>
  <HelpFolder name="CallConvFastcall class" link="ms-help://MS.NETFrameworkSDKv1.1/cpref/html/frlrfsystemruntimecompilerservicescallconvfastcallClassTopic.htm" ismsdn="true">
    <HelpTopic name="CallConvFastcall members" link="ms-help://MS.NETFrameworkSDKv1.1/cpref/html/frlrfsystemruntimecompilerservicescallconvfastcallMembersTopic.htm" ismsdn="true" />
    <HelpFolder name="Constructors" link="ms-help://MS.NETFrameworkSDKv1.1/cpref/html/frlrfsystemruntimecompilerservicescallconvfastcallclassctorTopic.htm" ismsdn="true">
      <HelpTopic name=".ctor()" link="ms-help://MS.NETFrameworkSDKv1.1/cpref/html/frlrfsystemruntimecompilerservicescallconvfastcallclassctorTopic.htm" ismsdn="true" />
    </HelpFolder>
  </HelpFolder>
  <HelpFolder name="CallConvStdcall class" link="ms-help://MS.NETFrameworkSDKv1.1/cpref/html/frlrfsystemruntimecompilerservicescallconvstdcallClassTopic.htm" ismsdn="true">
    <HelpTopic name="CallConvStdcall members" link="ms-help://MS.NETFrameworkSDKv1.1/cpref/html/frlrfsystemruntimecompilerservicescallconvstdcallMembersTopic.htm" ismsdn="true" />
    <HelpFolder name="Constructors" link="ms-help://MS.NETFrameworkSDKv1.1/cpref/html/frlrfsystemruntimecompilerservicescallconvstdcallclassctorTopic.htm" ismsdn="true">
      <HelpTopic name=".ctor()" link="ms-help://MS.NETFrameworkSDKv1.1/cpref/html/frlrfsystemruntimecompilerservicescallconvstdcallclassctorTopic.htm" ismsdn="true" />
    </HelpFolder>
  </HelpFolder>
  <HelpFolder name="CallConvThiscall class" link="ms-help://MS.NETFrameworkSDKv1.1/cpref/html/frlrfsystemruntimecompilerservicescallconvthiscallClassTopic.htm" ismsdn="true">
    <HelpTopic name="CallConvThiscall members" link="ms-help://MS.NETFrameworkSDKv1.1/cpref/html/frlrfsystemruntimecompilerservicescallconvthiscallMembersTopic.htm" ismsdn="true" />
    <HelpFolder name="Constructors" link="ms-help://MS.NETFrameworkSDKv1.1/cpref/html/frlrfsystemruntimecompilerservicescallconvthiscallclassctorTopic.htm" ismsdn="true">
      <HelpTopic name=".ctor()" link="ms-help://MS.NETFrameworkSDKv1.1/cpref/html/frlrfsystemruntimecompilerservicescallconvthiscallclassctorTopic.htm" ismsdn="true" />
    </HelpFolder>
  </HelpFolder>
  <HelpTopic name="CompilationRelaxations enumeration" link="ms-help://MS.NETFrameworkSDKv1.1/cpref/html/frlrfsystemruntimecompilerservicescompilationrelaxationsClassTopic.htm" ismsdn="true" />
  <HelpFolder name="CompilationRelaxationsAttribute class" link="ms-help://MS.NETFrameworkSDKv1.1/cpref/html/frlrfsystemruntimecompilerservicescompilationrelaxationsattributeClassTopic.htm" ismsdn="true">
    <HelpTopic name="CompilationRelaxationsAttribute members" link="ms-help://MS.NETFrameworkSDKv1.1/cpref/html/frlrfsystemruntimecompilerservicescompilationrelaxationsattributeMembersTopic.htm" ismsdn="true" />
    <HelpFolder name="Constructors" link="ms-help://MS.NETFrameworkSDKv1.1/cpref/html/frlrfsystemruntimecompilerservicescompilationrelaxationsattributeclassctorTopic.htm" ismsdn="true">
      <HelpTopic name=".ctor(System.Int32)" link="ms-help://MS.NETFrameworkSDKv1.1/cpref/html/frlrfsystemruntimecompilerservicescompilationrelaxationsattributeclassctorTopic1.htm" ismsdn="true" />
      <HelpTopic name=".ctor(System.Runtime.CompilerServices.CompilationRelaxations)" link="ms-help://MS.NETFrameworkSDKv1.1/cpref/html/frlrfsystemruntimecompilerservicescompilationrelaxationsattributeclassctorTopic1.htm" ismsdn="true" />
    </HelpFolder>
    <HelpFolder name="Properties" link="ms-help://MS.NETFrameworkSDKv1.1/cpref/html/frlrfsystemruntimecompilerservicescompilationrelaxationsattributePropertiesTopic.htm" ismsdn="true">
      <HelpTopic name="CompilationRelaxations" link="ms-help://MS.NETFrameworkSDKv1.1/cpref/html/frlrfsystemruntimecompilerservicescompilationrelaxationsattributeclassCompilationRelaxationsTopic.htm" ismsdn="true" />
    </HelpFolder>
  </HelpFolder>
  <HelpFolder name="CompilerGeneratedAttribute class" link="ms-help://MS.NETFrameworkSDKv1.1/cpref/html/frlrfsystemruntimecompilerservicescompilergeneratedattributeClassTopic.htm" ismsdn="true">
    <HelpTopic name="CompilerGeneratedAttribute members" link="ms-help://MS.NETFrameworkSDKv1.1/cpref/html/frlrfsystemruntimecompilerservicescompilergeneratedattributeMembersTopic.htm" ismsdn="true" />
    <HelpFolder name="Constructors" link="ms-help://MS.NETFrameworkSDKv1.1/cpref/html/frlrfsystemruntimecompilerservicescompilergeneratedattributeclassctorTopic.htm" ismsdn="true">
      <HelpTopic name=".ctor()" link="ms-help://MS.NETFrameworkSDKv1.1/cpref/html/frlrfsystemruntimecompilerservicescompilergeneratedattributeclassctorTopic.htm" ismsdn="true" />
    </HelpFolder>
  </HelpFolder>
  <HelpFolder name="CompilerGlobalScopeAttribute class" link="ms-help://MS.NETFrameworkSDKv1.1/cpref/html/frlrfsystemruntimecompilerservicescompilerglobalscopeattributeClassTopic.htm" ismsdn="true">
    <HelpTopic name="CompilerGlobalScopeAttribute members" link="ms-help://MS.NETFrameworkSDKv1.1/cpref/html/frlrfsystemruntimecompilerservicescompilerglobalscopeattributeMembersTopic.htm" ismsdn="true" />
    <HelpFolder name="Constructors" link="ms-help://MS.NETFrameworkSDKv1.1/cpref/html/frlrfsystemruntimecompilerservicescompilerglobalscopeattributeclassctorTopic.htm" ismsdn="true">
      <HelpTopic name=".ctor()" link="ms-help://MS.NETFrameworkSDKv1.1/cpref/html/frlrfsystemruntimecompilerservicescompilerglobalscopeattributeclassctorTopic.htm" ismsdn="true" />
    </HelpFolder>
  </HelpFolder>
  <HelpFolder name="CompilerMarshalOverride class" link="ms-help://MS.NETFrameworkSDKv1.1/cpref/html/frlrfsystemruntimecompilerservicescompilermarshaloverrideClassTopic.htm" ismsdn="true">
    <HelpTopic name="CompilerMarshalOverride members" link="ms-help://MS.NETFrameworkSDKv1.1/cpref/html/frlrfsystemruntimecompilerservicescompilermarshaloverrideMembersTopic.htm" ismsdn="true" />
  </HelpFolder>
  <HelpFolder name="CustomConstantAttribute class" link="ms-help://MS.NETFrameworkSDKv1.1/cpref/html/frlrfsystemruntimecompilerservicescustomconstantattributeClassTopic.htm" ismsdn="true">
    <HelpTopic name="CustomConstantAttribute members" link="ms-help://MS.NETFrameworkSDKv1.1/cpref/html/frlrfsystemruntimecompilerservicescustomconstantattributeMembersTopic.htm" ismsdn="true" />
    <HelpFolder name="Properties" link="ms-help://MS.NETFrameworkSDKv1.1/cpref/html/frlrfsystemruntimecompilerservicescustomconstantattributePropertiesTopic.htm" ismsdn="true">
      <HelpTopic name="Value" link="ms-help://MS.NETFrameworkSDKv1.1/cpref/html/frlrfsystemruntimecompilerservicescustomconstantattributeclassValueTopic.htm" ismsdn="true" />
    </HelpFolder>
  </HelpFolder>
  <HelpFolder name="DateTimeConstantAttribute class" link="ms-help://MS.NETFrameworkSDKv1.1/cpref/html/frlrfsystemruntimecompilerservicesdatetimeconstantattributeClassTopic.htm" ismsdn="true">
    <HelpTopic name="DateTimeConstantAttribute members" link="ms-help://MS.NETFrameworkSDKv1.1/cpref/html/frlrfsystemruntimecompilerservicesdatetimeconstantattributeMembersTopic.htm" ismsdn="true" />
    <HelpFolder name="Constructors" link="ms-help://MS.NETFrameworkSDKv1.1/cpref/html/frlrfsystemruntimecompilerservicesdatetimeconstantattributeclassctorTopic.htm" ismsdn="true">
      <HelpTopic name=".ctor(System.Int64)" link="ms-help://MS.NETFrameworkSDKv1.1/cpref/html/frlrfsystemruntimecompilerservicesdatetimeconstantattributeclassctorTopic.htm" ismsdn="true" />
    </HelpFolder>
    <HelpFolder name="Properties" link="ms-help://MS.NETFrameworkSDKv1.1/cpref/html/frlrfsystemruntimecompilerservicesdatetimeconstantattributePropertiesTopic.htm" ismsdn="true">
      <HelpTopic name="Value" link="ms-help://MS.NETFrameworkSDKv1.1/cpref/html/frlrfsystemruntimecompilerservicesdatetimeconstantattributeclassValueTopic.htm" ismsdn="true" />
    </HelpFolder>
  </HelpFolder>
  <HelpFolder name="DecimalConstantAttribute class" link="ms-help://MS.NETFrameworkSDKv1.1/cpref/html/frlrfsystemruntimecompilerservicesdecimalconstantattributeClassTopic.htm" ismsdn="true">
    <HelpTopic name="DecimalConstantAttribute members" link="ms-help://MS.NETFrameworkSDKv1.1/cpref/html/frlrfsystemruntimecompilerservicesdecimalconstantattributeMembersTopic.htm" ismsdn="true" />
    <HelpFolder name="Constructors" link="ms-help://MS.NETFrameworkSDKv1.1/cpref/html/frlrfsystemruntimecompilerservicesdecimalconstantattributeclassctorTopic.htm" ismsdn="true">
      <HelpTopic name=".ctor(System.Byte, System.Byte, System.UInt32, System.UInt32, System.UInt32)" link="ms-help://MS.NETFrameworkSDKv1.1/cpref/html/frlrfsystemruntimecompilerservicesdecimalconstantattributeclassctorTopic1.htm" ismsdn="true" />
      <HelpTopic name=".ctor(System.Byte, System.Byte, System.Int32, System.Int32, System.Int32)" link="ms-help://MS.NETFrameworkSDKv1.1/cpref/html/frlrfsystemruntimecompilerservicesdecimalconstantattributeclassctorTopic1.htm" ismsdn="true" />
    </HelpFolder>
    <HelpFolder name="Properties" link="ms-help://MS.NETFrameworkSDKv1.1/cpref/html/frlrfsystemruntimecompilerservicesdecimalconstantattributePropertiesTopic.htm" ismsdn="true">
      <HelpTopic name="Value" link="ms-help://MS.NETFrameworkSDKv1.1/cpref/html/frlrfsystemruntimecompilerservicesdecimalconstantattributeclassValueTopic.htm" ismsdn="true" />
    </HelpFolder>
  </HelpFolder>
  <HelpFolder name="DefaultDependencyAttribute class" link="ms-help://MS.NETFrameworkSDKv1.1/cpref/html/frlrfsystemruntimecompilerservicesdefaultdependencyattributeClassTopic.htm" ismsdn="true">
    <HelpTopic name="DefaultDependencyAttribute members" link="ms-help://MS.NETFrameworkSDKv1.1/cpref/html/frlrfsystemruntimecompilerservicesdefaultdependencyattributeMembersTopic.htm" ismsdn="true" />
    <HelpFolder name="Constructors" link="ms-help://MS.NETFrameworkSDKv1.1/cpref/html/frlrfsystemruntimecompilerservicesdefaultdependencyattributeclassctorTopic.htm" ismsdn="true">
      <HelpTopic name=".ctor(System.Runtime.CompilerServices.LoadHint)" link="ms-help://MS.NETFrameworkSDKv1.1/cpref/html/frlrfsystemruntimecompilerservicesdefaultdependencyattributeclassctorTopic.htm" ismsdn="true" />
    </HelpFolder>
    <HelpFolder name="Properties" link="ms-help://MS.NETFrameworkSDKv1.1/cpref/html/frlrfsystemruntimecompilerservicesdefaultdependencyattributePropertiesTopic.htm" ismsdn="true">
      <HelpTopic name="LoadHint" link="ms-help://MS.NETFrameworkSDKv1.1/cpref/html/frlrfsystemruntimecompilerservicesdefaultdependencyattributeclassLoadHintTopic.htm" ismsdn="true" />
    </HelpFolder>
  </HelpFolder>
  <HelpFolder name="DependencyAttribute class" link="ms-help://MS.NETFrameworkSDKv1.1/cpref/html/frlrfsystemruntimecompilerservicesdependencyattributeClassTopic.htm" ismsdn="true">
    <HelpTopic name="DependencyAttribute members" link="ms-help://MS.NETFrameworkSDKv1.1/cpref/html/frlrfsystemruntimecompilerservicesdependencyattributeMembersTopic.htm" ismsdn="true" />
    <HelpFolder name="Constructors" link="ms-help://MS.NETFrameworkSDKv1.1/cpref/html/frlrfsystemruntimecompilerservicesdependencyattributeclassctorTopic.htm" ismsdn="true">
      <HelpTopic name=".ctor(System.String, System.Runtime.CompilerServices.LoadHint)" link="ms-help://MS.NETFrameworkSDKv1.1/cpref/html/frlrfsystemruntimecompilerservicesdependencyattributeclassctorTopic.htm" ismsdn="true" />
    </HelpFolder>
    <HelpFolder name="Properties" link="ms-help://MS.NETFrameworkSDKv1.1/cpref/html/frlrfsystemruntimecompilerservicesdependencyattributePropertiesTopic.htm" ismsdn="true">
      <HelpTopic name="DependentAssembly" link="ms-help://MS.NETFrameworkSDKv1.1/cpref/html/frlrfsystemruntimecompilerservicesdependencyattributeclassDependentAssemblyTopic.htm" ismsdn="true" />
      <HelpTopic name="LoadHint" link="ms-help://MS.NETFrameworkSDKv1.1/cpref/html/frlrfsystemruntimecompilerservicesdependencyattributeclassLoadHintTopic.htm" ismsdn="true" />
    </HelpFolder>
  </HelpFolder>
  <HelpFolder name="DiscardableAttribute class" link="ms-help://MS.NETFrameworkSDKv1.1/cpref/html/frlrfsystemruntimecompilerservicesdiscardableattributeClassTopic.htm" ismsdn="true">
    <HelpTopic name="DiscardableAttribute members" link="ms-help://MS.NETFrameworkSDKv1.1/cpref/html/frlrfsystemruntimecompilerservicesdiscardableattributeMembersTopic.htm" ismsdn="true" />
    <HelpFolder name="Constructors" link="ms-help://MS.NETFrameworkSDKv1.1/cpref/html/frlrfsystemruntimecompilerservicesdiscardableattributeclassctorTopic.htm" ismsdn="true">
      <HelpTopic name=".ctor()" link="ms-help://MS.NETFrameworkSDKv1.1/cpref/html/frlrfsystemruntimecompilerservicesdiscardableattributeclassctorTopic.htm" ismsdn="true" />
    </HelpFolder>
  </HelpFolder>
  <HelpFolder name="FixedAddressValueTypeAttribute class" link="ms-help://MS.NETFrameworkSDKv1.1/cpref/html/frlrfsystemruntimecompilerservicesfixedaddressvaluetypeattributeClassTopic.htm" ismsdn="true">
    <HelpTopic name="FixedAddressValueTypeAttribute members" link="ms-help://MS.NETFrameworkSDKv1.1/cpref/html/frlrfsystemruntimecompilerservicesfixedaddressvaluetypeattributeMembersTopic.htm" ismsdn="true" />
    <HelpFolder name="Constructors" link="ms-help://MS.NETFrameworkSDKv1.1/cpref/html/frlrfsystemruntimecompilerservicesfixedaddressvaluetypeattributeclassctorTopic.htm" ismsdn="true">
      <HelpTopic name=".ctor()" link="ms-help://MS.NETFrameworkSDKv1.1/cpref/html/frlrfsystemruntimecompilerservicesfixedaddressvaluetypeattributeclassctorTopic.htm" ismsdn="true" />
    </HelpFolder>
  </HelpFolder>
  <HelpFolder name="FixedBufferAttribute class" link="ms-help://MS.NETFrameworkSDKv1.1/cpref/html/frlrfsystemruntimecompilerservicesfixedbufferattributeClassTopic.htm" ismsdn="true">
    <HelpTopic name="FixedBufferAttribute members" link="ms-help://MS.NETFrameworkSDKv1.1/cpref/html/frlrfsystemruntimecompilerservicesfixedbufferattributeMembersTopic.htm" ismsdn="true" />
    <HelpFolder name="Constructors" link="ms-help://MS.NETFrameworkSDKv1.1/cpref/html/frlrfsystemruntimecompilerservicesfixedbufferattributeclassctorTopic.htm" ismsdn="true">
      <HelpTopic name=".ctor(System.Type, System.Int32)" link="ms-help://MS.NETFrameworkSDKv1.1/cpref/html/frlrfsystemruntimecompilerservicesfixedbufferattributeclassctorTopic.htm" ismsdn="true" />
    </HelpFolder>
    <HelpFolder name="Properties" link="ms-help://MS.NETFrameworkSDKv1.1/cpref/html/frlrfsystemruntimecompilerservicesfixedbufferattributePropertiesTopic.htm" ismsdn="true">
      <HelpTopic name="ElementType" link="ms-help://MS.NETFrameworkSDKv1.1/cpref/html/frlrfsystemruntimecompilerservicesfixedbufferattributeclassElementTypeTopic.htm" ismsdn="true" />
      <HelpTopic name="Length" link="ms-help://MS.NETFrameworkSDKv1.1/cpref/html/frlrfsystemruntimecompilerservicesfixedbufferattributeclassLengthTopic.htm" ismsdn="true" />
    </HelpFolder>
  </HelpFolder>
  <HelpFolder name="HasCopySemanticsAttribute class" link="ms-help://MS.NETFrameworkSDKv1.1/cpref/html/frlrfsystemruntimecompilerserviceshascopysemanticsattributeClassTopic.htm" ismsdn="true">
    <HelpTopic name="HasCopySemanticsAttribute members" link="ms-help://MS.NETFrameworkSDKv1.1/cpref/html/frlrfsystemruntimecompilerserviceshascopysemanticsattributeMembersTopic.htm" ismsdn="true" />
    <HelpFolder name="Constructors" link="ms-help://MS.NETFrameworkSDKv1.1/cpref/html/frlrfsystemruntimecompilerserviceshascopysemanticsattributeclassctorTopic.htm" ismsdn="true">
      <HelpTopic name=".ctor()" link="ms-help://MS.NETFrameworkSDKv1.1/cpref/html/frlrfsystemruntimecompilerserviceshascopysemanticsattributeclassctorTopic.htm" ismsdn="true" />
    </HelpFolder>
  </HelpFolder>
  <HelpFolder name="IDispatchConstantAttribute class" link="ms-help://MS.NETFrameworkSDKv1.1/cpref/html/frlrfsystemruntimecompilerservicesidispatchconstantattributeClassTopic.htm" ismsdn="true">
    <HelpTopic name="IDispatchConstantAttribute members" link="ms-help://MS.NETFrameworkSDKv1.1/cpref/html/frlrfsystemruntimecompilerservicesidispatchconstantattributeMembersTopic.htm" ismsdn="true" />
    <HelpFolder name="Constructors" link="ms-help://MS.NETFrameworkSDKv1.1/cpref/html/frlrfsystemruntimecompilerservicesidispatchconstantattributeclassctorTopic.htm" ismsdn="true">
      <HelpTopic name=".ctor()" link="ms-help://MS.NETFrameworkSDKv1.1/cpref/html/frlrfsystemruntimecompilerservicesidispatchconstantattributeclassctorTopic.htm" ismsdn="true" />
    </HelpFolder>
    <HelpFolder name="Properties" link="ms-help://MS.NETFrameworkSDKv1.1/cpref/html/frlrfsystemruntimecompilerservicesidispatchconstantattributePropertiesTopic.htm" ismsdn="true">
      <HelpTopic name="Value" link="ms-help://MS.NETFrameworkSDKv1.1/cpref/html/frlrfsystemruntimecompilerservicesidispatchconstantattributeclassValueTopic.htm" ismsdn="true" />
    </HelpFolder>
  </HelpFolder>
  <HelpFolder name="IndexerNameAttribute class" link="ms-help://MS.NETFrameworkSDKv1.1/cpref/html/frlrfsystemruntimecompilerservicesindexernameattributeClassTopic.htm" ismsdn="true">
    <HelpTopic name="IndexerNameAttribute members" link="ms-help://MS.NETFrameworkSDKv1.1/cpref/html/frlrfsystemruntimecompilerservicesindexernameattributeMembersTopic.htm" ismsdn="true" />
    <HelpFolder name="Constructors" link="ms-help://MS.NETFrameworkSDKv1.1/cpref/html/frlrfsystemruntimecompilerservicesindexernameattributeclassctorTopic.htm" ismsdn="true">
      <HelpTopic name=".ctor(System.String)" link="ms-help://MS.NETFrameworkSDKv1.1/cpref/html/frlrfsystemruntimecompilerservicesindexernameattributeclassctorTopic.htm" ismsdn="true" />
    </HelpFolder>
  </HelpFolder>
  <HelpFolder name="InternalsVisibleToAttribute class" link="ms-help://MS.NETFrameworkSDKv1.1/cpref/html/frlrfsystemruntimecompilerservicesinternalsvisibletoattributeClassTopic.htm" ismsdn="true">
    <HelpTopic name="InternalsVisibleToAttribute members" link="ms-help://MS.NETFrameworkSDKv1.1/cpref/html/frlrfsystemruntimecompilerservicesinternalsvisibletoattributeMembersTopic.htm" ismsdn="true" />
    <HelpFolder name="Constructors" link="ms-help://MS.NETFrameworkSDKv1.1/cpref/html/frlrfsystemruntimecompilerservicesinternalsvisibletoattributeclassctorTopic.htm" ismsdn="true">
      <HelpTopic name=".ctor(System.String)" link="ms-help://MS.NETFrameworkSDKv1.1/cpref/html/frlrfsystemruntimecompilerservicesinternalsvisibletoattributeclassctorTopic.htm" ismsdn="true" />
    </HelpFolder>
    <HelpFolder name="Properties" link="ms-help://MS.NETFrameworkSDKv1.1/cpref/html/frlrfsystemruntimecompilerservicesinternalsvisibletoattributePropertiesTopic.htm" ismsdn="true">
      <HelpTopic name="AssemblyName" link="ms-help://MS.NETFrameworkSDKv1.1/cpref/html/frlrfsystemruntimecompilerservicesinternalsvisibletoattributeclassAssemblyNameTopic.htm" ismsdn="true" />
    </HelpFolder>
  </HelpFolder>
  <HelpFolder name="IsBoxed class" link="ms-help://MS.NETFrameworkSDKv1.1/cpref/html/frlrfsystemruntimecompilerservicesisboxedClassTopic.htm" ismsdn="true">
    <HelpTopic name="IsBoxed members" link="ms-help://MS.NETFrameworkSDKv1.1/cpref/html/frlrfsystemruntimecompilerservicesisboxedMembersTopic.htm" ismsdn="true" />
  </HelpFolder>
  <HelpFolder name="IsByValue class" link="ms-help://MS.NETFrameworkSDKv1.1/cpref/html/frlrfsystemruntimecompilerservicesisbyvalueClassTopic.htm" ismsdn="true">
    <HelpTopic name="IsByValue members" link="ms-help://MS.NETFrameworkSDKv1.1/cpref/html/frlrfsystemruntimecompilerservicesisbyvalueMembersTopic.htm" ismsdn="true" />
  </HelpFolder>
  <HelpFolder name="IsConst class" link="ms-help://MS.NETFrameworkSDKv1.1/cpref/html/frlrfsystemruntimecompilerservicesisconstClassTopic.htm" ismsdn="true">
    <HelpTopic name="IsConst members" link="ms-help://MS.NETFrameworkSDKv1.1/cpref/html/frlrfsystemruntimecompilerservicesisconstMembersTopic.htm" ismsdn="true" />
  </HelpFolder>
  <HelpFolder name="IsCopyConstructed class" link="ms-help://MS.NETFrameworkSDKv1.1/cpref/html/frlrfsystemruntimecompilerservicesiscopyconstructedClassTopic.htm" ismsdn="true">
    <HelpTopic name="IsCopyConstructed members" link="ms-help://MS.NETFrameworkSDKv1.1/cpref/html/frlrfsystemruntimecompilerservicesiscopyconstructedMembersTopic.htm" ismsdn="true" />
  </HelpFolder>
  <HelpFolder name="IsExplicitlyDereferenced class" link="ms-help://MS.NETFrameworkSDKv1.1/cpref/html/frlrfsystemruntimecompilerservicesisexplicitlydereferencedClassTopic.htm" ismsdn="true">
    <HelpTopic name="IsExplicitlyDereferenced members" link="ms-help://MS.NETFrameworkSDKv1.1/cpref/html/frlrfsystemruntimecompilerservicesisexplicitlydereferencedMembersTopic.htm" ismsdn="true" />
  </HelpFolder>
  <HelpFolder name="IsImplicitlyDereferenced class" link="ms-help://MS.NETFrameworkSDKv1.1/cpref/html/frlrfsystemruntimecompilerservicesisimplicitlydereferencedClassTopic.htm" ismsdn="true">
    <HelpTopic name="IsImplicitlyDereferenced members" link="ms-help://MS.NETFrameworkSDKv1.1/cpref/html/frlrfsystemruntimecompilerservicesisimplicitlydereferencedMembersTopic.htm" ismsdn="true" />
  </HelpFolder>
  <HelpFolder name="IsJitIntrinsic class" link="ms-help://MS.NETFrameworkSDKv1.1/cpref/html/frlrfsystemruntimecompilerservicesisjitintrinsicClassTopic.htm" ismsdn="true">
    <HelpTopic name="IsJitIntrinsic members" link="ms-help://MS.NETFrameworkSDKv1.1/cpref/html/frlrfsystemruntimecompilerservicesisjitintrinsicMembersTopic.htm" ismsdn="true" />
  </HelpFolder>
  <HelpFolder name="IsLong class" link="ms-help://MS.NETFrameworkSDKv1.1/cpref/html/frlrfsystemruntimecompilerservicesislongClassTopic.htm" ismsdn="true">
    <HelpTopic name="IsLong members" link="ms-help://MS.NETFrameworkSDKv1.1/cpref/html/frlrfsystemruntimecompilerservicesislongMembersTopic.htm" ismsdn="true" />
  </HelpFolder>
  <HelpFolder name="IsPinned class" link="ms-help://MS.NETFrameworkSDKv1.1/cpref/html/frlrfsystemruntimecompilerservicesispinnedClassTopic.htm" ismsdn="true">
    <HelpTopic name="IsPinned members" link="ms-help://MS.NETFrameworkSDKv1.1/cpref/html/frlrfsystemruntimecompilerservicesispinnedMembersTopic.htm" ismsdn="true" />
  </HelpFolder>
  <HelpFolder name="IsSignUnspecifiedByte class" link="ms-help://MS.NETFrameworkSDKv1.1/cpref/html/frlrfsystemruntimecompilerservicesissignunspecifiedbyteClassTopic.htm" ismsdn="true">
    <HelpTopic name="IsSignUnspecifiedByte members" link="ms-help://MS.NETFrameworkSDKv1.1/cpref/html/frlrfsystemruntimecompilerservicesissignunspecifiedbyteMembersTopic.htm" ismsdn="true" />
  </HelpFolder>
  <HelpFolder name="IsUdtReturn class" link="ms-help://MS.NETFrameworkSDKv1.1/cpref/html/frlrfsystemruntimecompilerservicesisudtreturnClassTopic.htm" ismsdn="true">
    <HelpTopic name="IsUdtReturn members" link="ms-help://MS.NETFrameworkSDKv1.1/cpref/html/frlrfsystemruntimecompilerservicesisudtreturnMembersTopic.htm" ismsdn="true" />
  </HelpFolder>
  <HelpFolder name="IsVolatile class" link="ms-help://MS.NETFrameworkSDKv1.1/cpref/html/frlrfsystemruntimecompilerservicesisvolatileClassTopic.htm" ismsdn="true">
    <HelpTopic name="IsVolatile members" link="ms-help://MS.NETFrameworkSDKv1.1/cpref/html/frlrfsystemruntimecompilerservicesisvolatileMembersTopic.htm" ismsdn="true" />
  </HelpFolder>
  <HelpFolder name="IUnknownConstantAttribute class" link="ms-help://MS.NETFrameworkSDKv1.1/cpref/html/frlrfsystemruntimecompilerservicesiunknownconstantattributeClassTopic.htm" ismsdn="true">
    <HelpTopic name="IUnknownConstantAttribute members" link="ms-help://MS.NETFrameworkSDKv1.1/cpref/html/frlrfsystemruntimecompilerservicesiunknownconstantattributeMembersTopic.htm" ismsdn="true" />
    <HelpFolder name="Constructors" link="ms-help://MS.NETFrameworkSDKv1.1/cpref/html/frlrfsystemruntimecompilerservicesiunknownconstantattributeclassctorTopic.htm" ismsdn="true">
      <HelpTopic name=".ctor()" link="ms-help://MS.NETFrameworkSDKv1.1/cpref/html/frlrfsystemruntimecompilerservicesiunknownconstantattributeclassctorTopic.htm" ismsdn="true" />
    </HelpFolder>
    <HelpFolder name="Properties" link="ms-help://MS.NETFrameworkSDKv1.1/cpref/html/frlrfsystemruntimecompilerservicesiunknownconstantattributePropertiesTopic.htm" ismsdn="true">
      <HelpTopic name="Value" link="ms-help://MS.NETFrameworkSDKv1.1/cpref/html/frlrfsystemruntimecompilerservicesiunknownconstantattributeclassValueTopic.htm" ismsdn="true" />
    </HelpFolder>
  </HelpFolder>
  <HelpTopic name="LoadHint enumeration" link="ms-help://MS.NETFrameworkSDKv1.1/cpref/html/frlrfsystemruntimecompilerservicesloadhintClassTopic.htm" ismsdn="true" />
  <HelpTopic name="MethodCodeType enumeration" link="ms-help://MS.NETFrameworkSDKv1.1/cpref/html/frlrfsystemruntimecompilerservicesmethodcodetypeClassTopic.htm" ismsdn="true" />
  <HelpFolder name="MethodImplAttribute class" link="ms-help://MS.NETFrameworkSDKv1.1/cpref/html/frlrfsystemruntimecompilerservicesmethodimplattributeClassTopic.htm" ismsdn="true">
    <HelpTopic name="MethodImplAttribute members" link="ms-help://MS.NETFrameworkSDKv1.1/cpref/html/frlrfsystemruntimecompilerservicesmethodimplattributeMembersTopic.htm" ismsdn="true" />
    <HelpFolder name="Constructors" link="ms-help://MS.NETFrameworkSDKv1.1/cpref/html/frlrfsystemruntimecompilerservicesmethodimplattributeclassctorTopic.htm" ismsdn="true">
      <HelpTopic name=".ctor(System.Runtime.CompilerServices.MethodImplOptions)" link="ms-help://MS.NETFrameworkSDKv1.1/cpref/html/frlrfsystemruntimecompilerservicesmethodimplattributeclassctorTopic1.htm" ismsdn="true" />
      <HelpTopic name=".ctor(System.Int16)" link="ms-help://MS.NETFrameworkSDKv1.1/cpref/html/frlrfsystemruntimecompilerservicesmethodimplattributeclassctorTopic1.htm" ismsdn="true" />
      <HelpTopic name=".ctor()" link="ms-help://MS.NETFrameworkSDKv1.1/cpref/html/frlrfsystemruntimecompilerservicesmethodimplattributeclassctorTopic2.htm" ismsdn="true" />
    </HelpFolder>
    <HelpFolder name="Fields" link="ms-help://MS.NETFrameworkSDKv1.1/cpref/html/frlrfsystemruntimecompilerservicesmethodimplattributeFieldsTopic.htm" ismsdn="true">
      <HelpTopic name="MethodCodeType" link="ms-help://MS.NETFrameworkSDKv1.1/cpref/html/frlrfsystemruntimecompilerservicesmethodimplattributeclassMethodCodeTypeTopic.htm" ismsdn="true" />
    </HelpFolder>
    <HelpFolder name="Properties" link="ms-help://MS.NETFrameworkSDKv1.1/cpref/html/frlrfsystemruntimecompilerservicesmethodimplattributePropertiesTopic.htm" ismsdn="true">
      <HelpTopic name="Value" link="ms-help://MS.NETFrameworkSDKv1.1/cpref/html/frlrfsystemruntimecompilerservicesmethodimplattributeclassValueTopic.htm" ismsdn="true" />
    </HelpFolder>
  </HelpFolder>
  <HelpTopic name="MethodImplOptions enumeration" link="ms-help://MS.NETFrameworkSDKv1.1/cpref/html/frlrfsystemruntimecompilerservicesmethodimploptionsClassTopic.htm" ismsdn="true" />
  <HelpFolder name="NativeCppClassAttribute class" link="ms-help://MS.NETFrameworkSDKv1.1/cpref/html/frlrfsystemruntimecompilerservicesnativecppclassattributeClassTopic.htm" ismsdn="true">
    <HelpTopic name="NativeCppClassAttribute members" link="ms-help://MS.NETFrameworkSDKv1.1/cpref/html/frlrfsystemruntimecompilerservicesnativecppclassattributeMembersTopic.htm" ismsdn="true" />
    <HelpFolder name="Constructors" link="ms-help://MS.NETFrameworkSDKv1.1/cpref/html/frlrfsystemruntimecompilerservicesnativecppclassattributeclassctorTopic.htm" ismsdn="true">
      <HelpTopic name=".ctor()" link="ms-help://MS.NETFrameworkSDKv1.1/cpref/html/frlrfsystemruntimecompilerservicesnativecppclassattributeclassctorTopic.htm" ismsdn="true" />
    </HelpFolder>
  </HelpFolder>
  <HelpFolder name="RequiredAttributeAttribute class" link="ms-help://MS.NETFrameworkSDKv1.1/cpref/html/frlrfsystemruntimecompilerservicesrequiredattributeattributeClassTopic.htm" ismsdn="true">
    <HelpTopic name="RequiredAttributeAttribute members" link="ms-help://MS.NETFrameworkSDKv1.1/cpref/html/frlrfsystemruntimecompilerservicesrequiredattributeattributeMembersTopic.htm" ismsdn="true" />
    <HelpFolder name="Constructors" link="ms-help://MS.NETFrameworkSDKv1.1/cpref/html/frlrfsystemruntimecompilerservicesrequiredattributeattributeclassctorTopic.htm" ismsdn="true">
      <HelpTopic name=".ctor(System.Type)" link="ms-help://MS.NETFrameworkSDKv1.1/cpref/html/frlrfsystemruntimecompilerservicesrequiredattributeattributeclassctorTopic.htm" ismsdn="true" />
    </HelpFolder>
    <HelpFolder name="Properties" link="ms-help://MS.NETFrameworkSDKv1.1/cpref/html/frlrfsystemruntimecompilerservicesrequiredattributeattributePropertiesTopic.htm" ismsdn="true">
      <HelpTopic name="RequiredContract" link="ms-help://MS.NETFrameworkSDKv1.1/cpref/html/frlrfsystemruntimecompilerservicesrequiredattributeattributeclassRequiredContractTopic.htm" ismsdn="true" />
    </HelpFolder>
  </HelpFolder>
  <HelpFolder name="RuntimeCompatibilityAttribute class" link="ms-help://MS.NETFrameworkSDKv1.1/cpref/html/frlrfsystemruntimecompilerservicesruntimecompatibilityattributeClassTopic.htm" ismsdn="true">
    <HelpTopic name="RuntimeCompatibilityAttribute members" link="ms-help://MS.NETFrameworkSDKv1.1/cpref/html/frlrfsystemruntimecompilerservicesruntimecompatibilityattributeMembersTopic.htm" ismsdn="true" />
    <HelpFolder name="Constructors" link="ms-help://MS.NETFrameworkSDKv1.1/cpref/html/frlrfsystemruntimecompilerservicesruntimecompatibilityattributeclassctorTopic.htm" ismsdn="true">
      <HelpTopic name=".ctor()" link="ms-help://MS.NETFrameworkSDKv1.1/cpref/html/frlrfsystemruntimecompilerservicesruntimecompatibilityattributeclassctorTopic.htm" ismsdn="true" />
    </HelpFolder>
    <HelpFolder name="Properties" link="ms-help://MS.NETFrameworkSDKv1.1/cpref/html/frlrfsystemruntimecompilerservicesruntimecompatibilityattributePropertiesTopic.htm" ismsdn="true">
      <HelpTopic name="WrapNonExceptionThrows" link="ms-help://MS.NETFrameworkSDKv1.1/cpref/html/frlrfsystemruntimecompilerservicesruntimecompatibilityattributeclassWrapNonExceptionThrowsTopic.htm" ismsdn="true" />
    </HelpFolder>
  </HelpFolder>
  <HelpFolder name="RuntimeHelpers class" link="ms-help://MS.NETFrameworkSDKv1.1/cpref/html/frlrfsystemruntimecompilerservicesruntimehelpersClassTopic.htm" ismsdn="true">
    <HelpTopic name="RuntimeHelpers members" link="ms-help://MS.NETFrameworkSDKv1.1/cpref/html/frlrfsystemruntimecompilerservicesruntimehelpersMembersTopic.htm" ismsdn="true" />
    <HelpFolder name="Methods" link="ms-help://MS.NETFrameworkSDKv1.1/cpref/html/frlrfsystemruntimecompilerservicesruntimehelpersMethodsTopic.htm" ismsdn="true">
      <HelpTopic name="InitializeArray(System.Array, System.RuntimeFieldHandle)" link="ms-help://MS.NETFrameworkSDKv1.1/cpref/html/frlrfsystemruntimecompilerservicesruntimehelpersclassInitializeArrayTopic.htm" ismsdn="true" />
      <HelpTopic name="ProbeForSufficientStack()" link="ms-help://MS.NETFrameworkSDKv1.1/cpref/html/frlrfsystemruntimecompilerservicesruntimehelpersclassProbeForSufficientStackTopic.htm" ismsdn="true" />
      <HelpTopic name="GetObjectValue(System.Object)" link="ms-help://MS.NETFrameworkSDKv1.1/cpref/html/frlrfsystemruntimecompilerservicesruntimehelpersclassGetObjectValueTopic.htm" ismsdn="true" />
      <HelpTopic name="PrepareDelegate(System.Delegate)" link="ms-help://MS.NETFrameworkSDKv1.1/cpref/html/frlrfsystemruntimecompilerservicesruntimehelpersclassPrepareDelegateTopic.htm" ismsdn="true" />
      <HelpTopic name="ExecuteCodeWithGuaranteedCleanup(System.Runtime.CompilerServices.RuntimeHelpers+TryCode, System.Runtime.CompilerServices.RuntimeHelpers+CleanupCode, System.Object)" link="ms-help://MS.NETFrameworkSDKv1.1/cpref/html/frlrfsystemruntimecompilerservicesruntimehelpersclassExecuteCodeWithGuaranteedCleanupTopic.htm" ismsdn="true" />
      <HelpTopic name="PrepareConstrainedRegions()" link="ms-help://MS.NETFrameworkSDKv1.1/cpref/html/frlrfsystemruntimecompilerservicesruntimehelpersclassPrepareConstrainedRegionsTopic.htm" ismsdn="true" />
      <HelpTopic name="PrepareConstrainedRegionsNoOP()" link="ms-help://MS.NETFrameworkSDKv1.1/cpref/html/frlrfsystemruntimecompilerservicesruntimehelpersclassPrepareConstrainedRegionsNoOPTopic.htm" ismsdn="true" />
      <HelpTopic name="RunClassConstructor(System.RuntimeTypeHandle)" link="ms-help://MS.NETFrameworkSDKv1.1/cpref/html/frlrfsystemruntimecompilerservicesruntimehelpersclassRunClassConstructorTopic.htm" ismsdn="true" />
      <HelpTopic name="RunModuleConstructor(System.ModuleHandle)" link="ms-help://MS.NETFrameworkSDKv1.1/cpref/html/frlrfsystemruntimecompilerservicesruntimehelpersclassRunModuleConstructorTopic.htm" ismsdn="true" />
      <HelpTopic name="PrepareMethod(System.RuntimeMethodHandle)" link="ms-help://MS.NETFrameworkSDKv1.1/cpref/html/frlrfsystemruntimecompilerservicesruntimehelpersclassPrepareMethodTopic1.htm" ismsdn="true" />
      <HelpTopic name="PrepareMethod(System.RuntimeMethodHandle, System.RuntimeTypeHandle[])" link="ms-help://MS.NETFrameworkSDKv1.1/cpref/html/frlrfsystemruntimecompilerservicesruntimehelpersclassPrepareMethodTopic2.htm" ismsdn="true" />
      <HelpTopic name="GetHashCode(System.Object)" link="ms-help://MS.NETFrameworkSDKv1.1/cpref/html/frlrfsystemruntimecompilerservicesruntimehelpersclassGetHashCodeTopic.htm" ismsdn="true" />
      <HelpTopic name="Equals(System.Object, System.Object)" link="ms-help://MS.NETFrameworkSDKv1.1/cpref/html/frlrfsystemruntimecompilerservicesruntimehelpersclassEqualsTopic.htm" ismsdn="true" />
    </HelpFolder>
    <HelpFolder name="Properties" link="ms-help://MS.NETFrameworkSDKv1.1/cpref/html/frlrfsystemruntimecompilerservicesruntimehelpersPropertiesTopic.htm" ismsdn="true">
      <HelpTopic name="OffsetToStringData" link="ms-help://MS.NETFrameworkSDKv1.1/cpref/html/frlrfsystemruntimecompilerservicesruntimehelpersclassOffsetToStringDataTopic.htm" ismsdn="true" />
    </HelpFolder>
  </HelpFolder>
  <HelpFolder name="RuntimeWrappedException class" link="ms-help://MS.NETFrameworkSDKv1.1/cpref/html/frlrfsystemruntimecompilerservicesruntimewrappedexceptionClassTopic.htm" ismsdn="true">
    <HelpTopic name="RuntimeWrappedException members" link="ms-help://MS.NETFrameworkSDKv1.1/cpref/html/frlrfsystemruntimecompilerservicesruntimewrappedexceptionMembersTopic.htm" ismsdn="true" />
    <HelpFolder name="Methods" link="ms-help://MS.NETFrameworkSDKv1.1/cpref/html/frlrfsystemruntimecompilerservicesruntimewrappedexceptionMethodsTopic.htm" ismsdn="true">
      <HelpTopic name="GetObjectData(System.Runtime.Serialization.SerializationInfo, System.Runtime.Serialization.StreamingContext)" link="ms-help://MS.NETFrameworkSDKv1.1/cpref/html/frlrfsystemruntimecompilerservicesruntimewrappedexceptionclassGetObjectDataTopic.htm" ismsdn="true" />
    </HelpFolder>
    <HelpFolder name="Properties" link="ms-help://MS.NETFrameworkSDKv1.1/cpref/html/frlrfsystemruntimecompilerservicesruntimewrappedexceptionPropertiesTopic.htm" ismsdn="true">
      <HelpTopic name="WrappedException" link="ms-help://MS.NETFrameworkSDKv1.1/cpref/html/frlrfsystemruntimecompilerservicesruntimewrappedexceptionclassWrappedExceptionTopic.htm" ismsdn="true" />
    </HelpFolder>
  </HelpFolder>
  <HelpFolder name="ScopelessEnumAttribute class" link="ms-help://MS.NETFrameworkSDKv1.1/cpref/html/frlrfsystemruntimecompilerservicesscopelessenumattributeClassTopic.htm" ismsdn="true">
    <HelpTopic name="ScopelessEnumAttribute members" link="ms-help://MS.NETFrameworkSDKv1.1/cpref/html/frlrfsystemruntimecompilerservicesscopelessenumattributeMembersTopic.htm" ismsdn="true" />
    <HelpFolder name="Constructors" link="ms-help://MS.NETFrameworkSDKv1.1/cpref/html/frlrfsystemruntimecompilerservicesscopelessenumattributeclassctorTopic.htm" ismsdn="true">
      <HelpTopic name=".ctor()" link="ms-help://MS.NETFrameworkSDKv1.1/cpref/html/frlrfsystemruntimecompilerservicesscopelessenumattributeclassctorTopic.htm" ismsdn="true" />
    </HelpFolder>
  </HelpFolder>
  <HelpFolder name="SpecialNameAttribute class" link="ms-help://MS.NETFrameworkSDKv1.1/cpref/html/frlrfsystemruntimecompilerservicesspecialnameattributeClassTopic.htm" ismsdn="true">
    <HelpTopic name="SpecialNameAttribute members" link="ms-help://MS.NETFrameworkSDKv1.1/cpref/html/frlrfsystemruntimecompilerservicesspecialnameattributeMembersTopic.htm" ismsdn="true" />
    <HelpFolder name="Constructors" link="ms-help://MS.NETFrameworkSDKv1.1/cpref/html/frlrfsystemruntimecompilerservicesspecialnameattributeclassctorTopic.htm" ismsdn="true">
      <HelpTopic name=".ctor()" link="ms-help://MS.NETFrameworkSDKv1.1/cpref/html/frlrfsystemruntimecompilerservicesspecialnameattributeclassctorTopic.htm" ismsdn="true" />
    </HelpFolder>
  </HelpFolder>
  <HelpFolder name="StringFreezingAttribute class" link="ms-help://MS.NETFrameworkSDKv1.1/cpref/html/frlrfsystemruntimecompilerservicesstringfreezingattributeClassTopic.htm" ismsdn="true">
    <HelpTopic name="StringFreezingAttribute members" link="ms-help://MS.NETFrameworkSDKv1.1/cpref/html/frlrfsystemruntimecompilerservicesstringfreezingattributeMembersTopic.htm" ismsdn="true" />
    <HelpFolder name="Constructors" link="ms-help://MS.NETFrameworkSDKv1.1/cpref/html/frlrfsystemruntimecompilerservicesstringfreezingattributeclassctorTopic.htm" ismsdn="true">
      <HelpTopic name=".ctor()" link="ms-help://MS.NETFrameworkSDKv1.1/cpref/html/frlrfsystemruntimecompilerservicesstringfreezingattributeclassctorTopic.htm" ismsdn="true" />
    </HelpFolder>
  </HelpFolder>
  <HelpFolder name="SuppressIldasmAttribute class" link="ms-help://MS.NETFrameworkSDKv1.1/cpref/html/frlrfsystemruntimecompilerservicessuppressildasmattributeClassTopic.htm" ismsdn="true">
    <HelpTopic name="SuppressIldasmAttribute members" link="ms-help://MS.NETFrameworkSDKv1.1/cpref/html/frlrfsystemruntimecompilerservicessuppressildasmattributeMembersTopic.htm" ismsdn="true" />
    <HelpFolder name="Constructors" link="ms-help://MS.NETFrameworkSDKv1.1/cpref/html/frlrfsystemruntimecompilerservicessuppressildasmattributeclassctorTopic.htm" ismsdn="true">
      <HelpTopic name=".ctor()" link="ms-help://MS.NETFrameworkSDKv1.1/cpref/html/frlrfsystemruntimecompilerservicessuppressildasmattributeclassctorTopic.htm" ismsdn="true" />
    </HelpFolder>
  </HelpFolder>
  <HelpFolder name="TypeForwardedToAttribute class" link="ms-help://MS.NETFrameworkSDKv1.1/cpref/html/frlrfsystemruntimecompilerservicestypeforwardedtoattributeClassTopic.htm" ismsdn="true">
    <HelpTopic name="TypeForwardedToAttribute members" link="ms-help://MS.NETFrameworkSDKv1.1/cpref/html/frlrfsystemruntimecompilerservicestypeforwardedtoattributeMembersTopic.htm" ismsdn="true" />
    <HelpFolder name="Constructors" link="ms-help://MS.NETFrameworkSDKv1.1/cpref/html/frlrfsystemruntimecompilerservicestypeforwardedtoattributeclassctorTopic.htm" ismsdn="true">
      <HelpTopic name=".ctor(System.Type)" link="ms-help://MS.NETFrameworkSDKv1.1/cpref/html/frlrfsystemruntimecompilerservicestypeforwardedtoattributeclassctorTopic.htm" ismsdn="true" />
    </HelpFolder>
    <HelpFolder name="Properties" link="ms-help://MS.NETFrameworkSDKv1.1/cpref/html/frlrfsystemruntimecompilerservicestypeforwardedtoattributePropertiesTopic.htm" ismsdn="true">
      <HelpTopic name="Destination" link="ms-help://MS.NETFrameworkSDKv1.1/cpref/html/frlrfsystemruntimecompilerservicestypeforwardedtoattributeclassDestinationTopic.htm" ismsdn="true" />
    </HelpFolder>
  </HelpFolder>
  <HelpFolder name="UnsafeValueTypeAttribute class" link="ms-help://MS.NETFrameworkSDKv1.1/cpref/html/frlrfsystemruntimecompilerservicesunsafevaluetypeattributeClassTopic.htm" ismsdn="true">
    <HelpTopic name="UnsafeValueTypeAttribute members" link="ms-help://MS.NETFrameworkSDKv1.1/cpref/html/frlrfsystemruntimecompilerservicesunsafevaluetypeattributeMembersTopic.htm" ismsdn="true" />
    <HelpFolder name="Constructors" link="ms-help://MS.NETFrameworkSDKv1.1/cpref/html/frlrfsystemruntimecompilerservicesunsafevaluetypeattributeclassctorTopic.htm" ismsdn="true">
      <HelpTopic name=".ctor()" link="ms-help://MS.NETFrameworkSDKv1.1/cpref/html/frlrfsystemruntimecompilerservicesunsafevaluetypeattributeclassctorTopic.htm" ismsdn="true" />
    </HelpFolder>
  </HelpFolder>
</HelpCollection>