<HelpCollection>
  <HelpTopic name="PowerBroadcastStatus enumeration" link="ms-help://MS.NETFrameworkSDKv1.1/cpref/html/frlrfsystemserviceprocesspowerbroadcaststatusClassTopic.htm" ismsdn="true" />
  <HelpTopic name="ServiceAccount enumeration" link="ms-help://MS.NETFrameworkSDKv1.1/cpref/html/frlrfsystemserviceprocessserviceaccountClassTopic.htm" ismsdn="true" />
  <HelpFolder name="ServiceBase class" link="ms-help://MS.NETFrameworkSDKv1.1/cpref/html/frlrfsystemserviceprocessservicebaseClassTopic.htm" ismsdn="true">
    <HelpTopic name="ServiceBase members" link="ms-help://MS.NETFrameworkSDKv1.1/cpref/html/frlrfsystemserviceprocessservicebaseMembersTopic.htm" ismsdn="true" />
    <HelpFolder name="Constructors" link="ms-help://MS.NETFrameworkSDKv1.1/cpref/html/frlrfsystemserviceprocessservicebaseclassctorTopic.htm" ismsdn="true">
      <HelpTopic name=".ctor()" link="ms-help://MS.NETFrameworkSDKv1.1/cpref/html/frlrfsystemserviceprocessservicebaseclassctorTopic.htm" ismsdn="true" />
    </HelpFolder>
    <HelpFolder name="Fields" link="ms-help://MS.NETFrameworkSDKv1.1/cpref/html/frlrfsystemserviceprocessservicebaseFieldsTopic.htm" ismsdn="true">
      <HelpTopic name="MaxNameLength" link="ms-help://MS.NETFrameworkSDKv1.1/cpref/html/frlrfsystemserviceprocessservicebaseclassMaxNameLengthTopic.htm" ismsdn="true" />
    </HelpFolder>
    <HelpFolder name="Methods" link="ms-help://MS.NETFrameworkSDKv1.1/cpref/html/frlrfsystemserviceprocessservicebaseMethodsTopic.htm" ismsdn="true">
      <HelpTopic name="RequestAdditionalTime(System.Int32)" link="ms-help://MS.NETFrameworkSDKv1.1/cpref/html/frlrfsystemserviceprocessservicebaseclassRequestAdditionalTimeTopic.htm" ismsdn="true" />
      <HelpTopic name="Run(System.ServiceProcess.ServiceBase[])" link="ms-help://MS.NETFrameworkSDKv1.1/cpref/html/frlrfsystemserviceprocessservicebaseclassRunTopic1.htm" ismsdn="true" />
      <HelpTopic name="Run(System.ServiceProcess.ServiceBase)" link="ms-help://MS.NETFrameworkSDKv1.1/cpref/html/frlrfsystemserviceprocessservicebaseclassRunTopic2.htm" ismsdn="true" />
      <HelpTopic name="Stop()" link="ms-help://MS.NETFrameworkSDKv1.1/cpref/html/frlrfsystemserviceprocessservicebaseclassStopTopic.htm" ismsdn="true" />
      <HelpTopic name="ServiceMainCallback(System.Int32, System.IntPtr)" link="ms-help://MS.NETFrameworkSDKv1.1/cpref/html/frlrfsystemserviceprocessservicebaseclassServiceMainCallbackTopic.htm" ismsdn="true" />
    </HelpFolder>
    <HelpFolder name="Properties" link="ms-help://MS.NETFrameworkSDKv1.1/cpref/html/frlrfsystemserviceprocessservicebasePropertiesTopic.htm" ismsdn="true">
      <HelpTopic name="AutoLog" link="ms-help://MS.NETFrameworkSDKv1.1/cpref/html/frlrfsystemserviceprocessservicebaseclassAutoLogTopic.htm" ismsdn="true" />
      <HelpTopic name="ExitCode" link="ms-help://MS.NETFrameworkSDKv1.1/cpref/html/frlrfsystemserviceprocessservicebaseclassExitCodeTopic.htm" ismsdn="true" />
      <HelpTopic name="CanHandlePowerEvent" link="ms-help://MS.NETFrameworkSDKv1.1/cpref/html/frlrfsystemserviceprocessservicebaseclassCanHandlePowerEventTopic.htm" ismsdn="true" />
      <HelpTopic name="CanHandleSessionChangeEvent" link="ms-help://MS.NETFrameworkSDKv1.1/cpref/html/frlrfsystemserviceprocessservicebaseclassCanHandleSessionChangeEventTopic.htm" ismsdn="true" />
      <HelpTopic name="CanPauseAndContinue" link="ms-help://MS.NETFrameworkSDKv1.1/cpref/html/frlrfsystemserviceprocessservicebaseclassCanPauseAndContinueTopic.htm" ismsdn="true" />
      <HelpTopic name="CanShutdown" link="ms-help://MS.NETFrameworkSDKv1.1/cpref/html/frlrfsystemserviceprocessservicebaseclassCanShutdownTopic.htm" ismsdn="true" />
      <HelpTopic name="CanStop" link="ms-help://MS.NETFrameworkSDKv1.1/cpref/html/frlrfsystemserviceprocessservicebaseclassCanStopTopic.htm" ismsdn="true" />
      <HelpTopic name="EventLog" link="ms-help://MS.NETFrameworkSDKv1.1/cpref/html/frlrfsystemserviceprocessservicebaseclassEventLogTopic.htm" ismsdn="true" />
      <HelpTopic name="ServiceName" link="ms-help://MS.NETFrameworkSDKv1.1/cpref/html/frlrfsystemserviceprocessservicebaseclassServiceNameTopic.htm" ismsdn="true" />
    </HelpFolder>
  </HelpFolder>
  <HelpFolder name="ServiceController class" link="ms-help://MS.NETFrameworkSDKv1.1/cpref/html/frlrfsystemserviceprocessservicecontrollerClassTopic.htm" ismsdn="true">
    <HelpTopic name="ServiceController members" link="ms-help://MS.NETFrameworkSDKv1.1/cpref/html/frlrfsystemserviceprocessservicecontrollerMembersTopic.htm" ismsdn="true" />
    <HelpFolder name="Constructors" link="ms-help://MS.NETFrameworkSDKv1.1/cpref/html/frlrfsystemserviceprocessservicecontrollerclassctorTopic.htm" ismsdn="true">
      <HelpTopic name=".ctor()" link="ms-help://MS.NETFrameworkSDKv1.1/cpref/html/frlrfsystemserviceprocessservicecontrollerclassctorTopic1.htm" ismsdn="true" />
      <HelpTopic name=".ctor(System.String)" link="ms-help://MS.NETFrameworkSDKv1.1/cpref/html/frlrfsystemserviceprocessservicecontrollerclassctorTopic1.htm" ismsdn="true" />
      <HelpTopic name=".ctor(System.String, System.String)" link="ms-help://MS.NETFrameworkSDKv1.1/cpref/html/frlrfsystemserviceprocessservicecontrollerclassctorTopic2.htm" ismsdn="true" />
    </HelpFolder>
    <HelpFolder name="Methods" link="ms-help://MS.NETFrameworkSDKv1.1/cpref/html/frlrfsystemserviceprocessservicecontrollerMethodsTopic.htm" ismsdn="true">
      <HelpTopic name="Close()" link="ms-help://MS.NETFrameworkSDKv1.1/cpref/html/frlrfsystemserviceprocessservicecontrollerclassCloseTopic.htm" ismsdn="true" />
      <HelpTopic name="GetDevices()" link="ms-help://MS.NETFrameworkSDKv1.1/cpref/html/frlrfsystemserviceprocessservicecontrollerclassGetDevicesTopic1.htm" ismsdn="true" />
      <HelpTopic name="GetDevices(System.String)" link="ms-help://MS.NETFrameworkSDKv1.1/cpref/html/frlrfsystemserviceprocessservicecontrollerclassGetDevicesTopic2.htm" ismsdn="true" />
      <HelpTopic name="GetServices()" link="ms-help://MS.NETFrameworkSDKv1.1/cpref/html/frlrfsystemserviceprocessservicecontrollerclassGetServicesTopic1.htm" ismsdn="true" />
      <HelpTopic name="GetServices(System.String)" link="ms-help://MS.NETFrameworkSDKv1.1/cpref/html/frlrfsystemserviceprocessservicecontrollerclassGetServicesTopic2.htm" ismsdn="true" />
      <HelpTopic name="Pause()" link="ms-help://MS.NETFrameworkSDKv1.1/cpref/html/frlrfsystemserviceprocessservicecontrollerclassPauseTopic.htm" ismsdn="true" />
      <HelpTopic name="Continue()" link="ms-help://MS.NETFrameworkSDKv1.1/cpref/html/frlrfsystemserviceprocessservicecontrollerclassContinueTopic.htm" ismsdn="true" />
      <HelpTopic name="ExecuteCommand(System.Int32)" link="ms-help://MS.NETFrameworkSDKv1.1/cpref/html/frlrfsystemserviceprocessservicecontrollerclassExecuteCommandTopic.htm" ismsdn="true" />
      <HelpTopic name="Refresh()" link="ms-help://MS.NETFrameworkSDKv1.1/cpref/html/frlrfsystemserviceprocessservicecontrollerclassRefreshTopic.htm" ismsdn="true" />
      <HelpTopic name="Start()" link="ms-help://MS.NETFrameworkSDKv1.1/cpref/html/frlrfsystemserviceprocessservicecontrollerclassStartTopic1.htm" ismsdn="true" />
      <HelpTopic name="Start(System.String[])" link="ms-help://MS.NETFrameworkSDKv1.1/cpref/html/frlrfsystemserviceprocessservicecontrollerclassStartTopic2.htm" ismsdn="true" />
      <HelpTopic name="Stop()" link="ms-help://MS.NETFrameworkSDKv1.1/cpref/html/frlrfsystemserviceprocessservicecontrollerclassStopTopic.htm" ismsdn="true" />
      <HelpTopic name="WaitForStatus(System.ServiceProcess.ServiceControllerStatus)" link="ms-help://MS.NETFrameworkSDKv1.1/cpref/html/frlrfsystemserviceprocessservicecontrollerclassWaitForStatusTopic1.htm" ismsdn="true" />
      <HelpTopic name="WaitForStatus(System.ServiceProcess.ServiceControllerStatus, System.TimeSpan)" link="ms-help://MS.NETFrameworkSDKv1.1/cpref/html/frlrfsystemserviceprocessservicecontrollerclassWaitForStatusTopic2.htm" ismsdn="true" />
    </HelpFolder>
    <HelpFolder name="Properties" link="ms-help://MS.NETFrameworkSDKv1.1/cpref/html/frlrfsystemserviceprocessservicecontrollerPropertiesTopic.htm" ismsdn="true">
      <HelpTopic name="CanPauseAndContinue" link="ms-help://MS.NETFrameworkSDKv1.1/cpref/html/frlrfsystemserviceprocessservicecontrollerclassCanPauseAndContinueTopic.htm" ismsdn="true" />
      <HelpTopic name="CanShutdown" link="ms-help://MS.NETFrameworkSDKv1.1/cpref/html/frlrfsystemserviceprocessservicecontrollerclassCanShutdownTopic.htm" ismsdn="true" />
      <HelpTopic name="CanStop" link="ms-help://MS.NETFrameworkSDKv1.1/cpref/html/frlrfsystemserviceprocessservicecontrollerclassCanStopTopic.htm" ismsdn="true" />
      <HelpTopic name="DisplayName" link="ms-help://MS.NETFrameworkSDKv1.1/cpref/html/frlrfsystemserviceprocessservicecontrollerclassDisplayNameTopic.htm" ismsdn="true" />
      <HelpTopic name="DependentServices" link="ms-help://MS.NETFrameworkSDKv1.1/cpref/html/frlrfsystemserviceprocessservicecontrollerclassDependentServicesTopic.htm" ismsdn="true" />
      <HelpTopic name="MachineName" link="ms-help://MS.NETFrameworkSDKv1.1/cpref/html/frlrfsystemserviceprocessservicecontrollerclassMachineNameTopic.htm" ismsdn="true" />
      <HelpTopic name="ServiceName" link="ms-help://MS.NETFrameworkSDKv1.1/cpref/html/frlrfsystemserviceprocessservicecontrollerclassServiceNameTopic.htm" ismsdn="true" />
      <HelpTopic name="ServicesDependedOn" link="ms-help://MS.NETFrameworkSDKv1.1/cpref/html/frlrfsystemserviceprocessservicecontrollerclassServicesDependedOnTopic.htm" ismsdn="true" />
      <HelpTopic name="ServiceHandle" link="ms-help://MS.NETFrameworkSDKv1.1/cpref/html/frlrfsystemserviceprocessservicecontrollerclassServiceHandleTopic.htm" ismsdn="true" />
      <HelpTopic name="Status" link="ms-help://MS.NETFrameworkSDKv1.1/cpref/html/frlrfsystemserviceprocessservicecontrollerclassStatusTopic.htm" ismsdn="true" />
      <HelpTopic name="ServiceType" link="ms-help://MS.NETFrameworkSDKv1.1/cpref/html/frlrfsystemserviceprocessservicecontrollerclassServiceTypeTopic.htm" ismsdn="true" />
    </HelpFolder>
  </HelpFolder>
  <HelpFolder name="ServiceControllerPermission class" link="ms-help://MS.NETFrameworkSDKv1.1/cpref/html/frlrfsystemserviceprocessservicecontrollerpermissionClassTopic.htm" ismsdn="true">
    <HelpTopic name="ServiceControllerPermission members" link="ms-help://MS.NETFrameworkSDKv1.1/cpref/html/frlrfsystemserviceprocessservicecontrollerpermissionMembersTopic.htm" ismsdn="true" />
    <HelpFolder name="Constructors" link="ms-help://MS.NETFrameworkSDKv1.1/cpref/html/frlrfsystemserviceprocessservicecontrollerpermissionclassctorTopic.htm" ismsdn="true">
      <HelpTopic name=".ctor()" link="ms-help://MS.NETFrameworkSDKv1.1/cpref/html/frlrfsystemserviceprocessservicecontrollerpermissionclassctorTopic1.htm" ismsdn="true" />
      <HelpTopic name=".ctor(System.Security.Permissions.PermissionState)" link="ms-help://MS.NETFrameworkSDKv1.1/cpref/html/frlrfsystemserviceprocessservicecontrollerpermissionclassctorTopic1.htm" ismsdn="true" />
      <HelpTopic name=".ctor(System.ServiceProcess.ServiceControllerPermissionAccess, System.String, System.String)" link="ms-help://MS.NETFrameworkSDKv1.1/cpref/html/frlrfsystemserviceprocessservicecontrollerpermissionclassctorTopic2.htm" ismsdn="true" />
      <HelpTopic name=".ctor(System.ServiceProcess.ServiceControllerPermissionEntry[])" link="ms-help://MS.NETFrameworkSDKv1.1/cpref/html/frlrfsystemserviceprocessservicecontrollerpermissionclassctorTopic3.htm" ismsdn="true" />
    </HelpFolder>
    <HelpFolder name="Properties" link="ms-help://MS.NETFrameworkSDKv1.1/cpref/html/frlrfsystemserviceprocessservicecontrollerpermissionPropertiesTopic.htm" ismsdn="true">
      <HelpTopic name="PermissionEntries" link="ms-help://MS.NETFrameworkSDKv1.1/cpref/html/frlrfsystemserviceprocessservicecontrollerpermissionclassPermissionEntriesTopic.htm" ismsdn="true" />
    </HelpFolder>
  </HelpFolder>
  <HelpTopic name="ServiceControllerPermissionAccess enumeration" link="ms-help://MS.NETFrameworkSDKv1.1/cpref/html/frlrfsystemserviceprocessservicecontrollerpermissionaccessClassTopic.htm" ismsdn="true" />
  <HelpFolder name="ServiceControllerPermissionAttribute class" link="ms-help://MS.NETFrameworkSDKv1.1/cpref/html/frlrfsystemserviceprocessservicecontrollerpermissionattributeClassTopic.htm" ismsdn="true">
    <HelpTopic name="ServiceControllerPermissionAttribute members" link="ms-help://MS.NETFrameworkSDKv1.1/cpref/html/frlrfsystemserviceprocessservicecontrollerpermissionattributeMembersTopic.htm" ismsdn="true" />
    <HelpFolder name="Constructors" link="ms-help://MS.NETFrameworkSDKv1.1/cpref/html/frlrfsystemserviceprocessservicecontrollerpermissionattributeclassctorTopic.htm" ismsdn="true">
      <HelpTopic name=".ctor(System.Security.Permissions.SecurityAction)" link="ms-help://MS.NETFrameworkSDKv1.1/cpref/html/frlrfsystemserviceprocessservicecontrollerpermissionattributeclassctorTopic.htm" ismsdn="true" />
    </HelpFolder>
    <HelpFolder name="Methods" link="ms-help://MS.NETFrameworkSDKv1.1/cpref/html/frlrfsystemserviceprocessservicecontrollerpermissionattributeMethodsTopic.htm" ismsdn="true">
      <HelpTopic name="CreatePermission()" link="ms-help://MS.NETFrameworkSDKv1.1/cpref/html/frlrfsystemserviceprocessservicecontrollerpermissionattributeclassCreatePermissionTopic.htm" ismsdn="true" />
    </HelpFolder>
    <HelpFolder name="Properties" link="ms-help://MS.NETFrameworkSDKv1.1/cpref/html/frlrfsystemserviceprocessservicecontrollerpermissionattributePropertiesTopic.htm" ismsdn="true">
      <HelpTopic name="MachineName" link="ms-help://MS.NETFrameworkSDKv1.1/cpref/html/frlrfsystemserviceprocessservicecontrollerpermissionattributeclassMachineNameTopic.htm" ismsdn="true" />
      <HelpTopic name="PermissionAccess" link="ms-help://MS.NETFrameworkSDKv1.1/cpref/html/frlrfsystemserviceprocessservicecontrollerpermissionattributeclassPermissionAccessTopic.htm" ismsdn="true" />
      <HelpTopic name="ServiceName" link="ms-help://MS.NETFrameworkSDKv1.1/cpref/html/frlrfsystemserviceprocessservicecontrollerpermissionattributeclassServiceNameTopic.htm" ismsdn="true" />
    </HelpFolder>
  </HelpFolder>
  <HelpFolder name="ServiceControllerPermissionEntry class" link="ms-help://MS.NETFrameworkSDKv1.1/cpref/html/frlrfsystemserviceprocessservicecontrollerpermissionentryClassTopic.htm" ismsdn="true">
    <HelpTopic name="ServiceControllerPermissionEntry members" link="ms-help://MS.NETFrameworkSDKv1.1/cpref/html/frlrfsystemserviceprocessservicecontrollerpermissionentryMembersTopic.htm" ismsdn="true" />
    <HelpFolder name="Constructors" link="ms-help://MS.NETFrameworkSDKv1.1/cpref/html/frlrfsystemserviceprocessservicecontrollerpermissionentryclassctorTopic.htm" ismsdn="true">
      <HelpTopic name=".ctor()" link="ms-help://MS.NETFrameworkSDKv1.1/cpref/html/frlrfsystemserviceprocessservicecontrollerpermissionentryclassctorTopic1.htm" ismsdn="true" />
      <HelpTopic name=".ctor(System.ServiceProcess.ServiceControllerPermissionAccess, System.String, System.String)" link="ms-help://MS.NETFrameworkSDKv1.1/cpref/html/frlrfsystemserviceprocessservicecontrollerpermissionentryclassctorTopic1.htm" ismsdn="true" />
    </HelpFolder>
    <HelpFolder name="Properties" link="ms-help://MS.NETFrameworkSDKv1.1/cpref/html/frlrfsystemserviceprocessservicecontrollerpermissionentryPropertiesTopic.htm" ismsdn="true">
      <HelpTopic name="MachineName" link="ms-help://MS.NETFrameworkSDKv1.1/cpref/html/frlrfsystemserviceprocessservicecontrollerpermissionentryclassMachineNameTopic.htm" ismsdn="true" />
      <HelpTopic name="PermissionAccess" link="ms-help://MS.NETFrameworkSDKv1.1/cpref/html/frlrfsystemserviceprocessservicecontrollerpermissionentryclassPermissionAccessTopic.htm" ismsdn="true" />
      <HelpTopic name="ServiceName" link="ms-help://MS.NETFrameworkSDKv1.1/cpref/html/frlrfsystemserviceprocessservicecontrollerpermissionentryclassServiceNameTopic.htm" ismsdn="true" />
    </HelpFolder>
  </HelpFolder>
  <HelpFolder name="ServiceControllerPermissionEntryCollection class" link="ms-help://MS.NETFrameworkSDKv1.1/cpref/html/frlrfsystemserviceprocessservicecontrollerpermissionentrycollectionClassTopic.htm" ismsdn="true">
    <HelpTopic name="ServiceControllerPermissionEntryCollection members" link="ms-help://MS.NETFrameworkSDKv1.1/cpref/html/frlrfsystemserviceprocessservicecontrollerpermissionentrycollectionMembersTopic.htm" ismsdn="true" />
    <HelpFolder name="Methods" link="ms-help://MS.NETFrameworkSDKv1.1/cpref/html/frlrfsystemserviceprocessservicecontrollerpermissionentrycollectionMethodsTopic.htm" ismsdn="true">
      <HelpTopic name="Add(System.ServiceProcess.ServiceControllerPermissionEntry)" link="ms-help://MS.NETFrameworkSDKv1.1/cpref/html/frlrfsystemserviceprocessservicecontrollerpermissionentrycollectionclassAddTopic.htm" ismsdn="true" />
      <HelpTopic name="AddRange(System.ServiceProcess.ServiceControllerPermissionEntry[])" link="ms-help://MS.NETFrameworkSDKv1.1/cpref/html/frlrfsystemserviceprocessservicecontrollerpermissionentrycollectionclassAddRangeTopic1.htm" ismsdn="true" />
      <HelpTopic name="AddRange(System.ServiceProcess.ServiceControllerPermissionEntryCollection)" link="ms-help://MS.NETFrameworkSDKv1.1/cpref/html/frlrfsystemserviceprocessservicecontrollerpermissionentrycollectionclassAddRangeTopic2.htm" ismsdn="true" />
      <HelpTopic name="Contains(System.ServiceProcess.ServiceControllerPermissionEntry)" link="ms-help://MS.NETFrameworkSDKv1.1/cpref/html/frlrfsystemserviceprocessservicecontrollerpermissionentrycollectionclassContainsTopic.htm" ismsdn="true" />
      <HelpTopic name="CopyTo(System.ServiceProcess.ServiceControllerPermissionEntry[], System.Int32)" link="ms-help://MS.NETFrameworkSDKv1.1/cpref/html/frlrfsystemserviceprocessservicecontrollerpermissionentrycollectionclassCopyToTopic.htm" ismsdn="true" />
      <HelpTopic name="IndexOf(System.ServiceProcess.ServiceControllerPermissionEntry)" link="ms-help://MS.NETFrameworkSDKv1.1/cpref/html/frlrfsystemserviceprocessservicecontrollerpermissionentrycollectionclassIndexOfTopic.htm" ismsdn="true" />
      <HelpTopic name="Insert(System.Int32, System.ServiceProcess.ServiceControllerPermissionEntry)" link="ms-help://MS.NETFrameworkSDKv1.1/cpref/html/frlrfsystemserviceprocessservicecontrollerpermissionentrycollectionclassInsertTopic.htm" ismsdn="true" />
      <HelpTopic name="Remove(System.ServiceProcess.ServiceControllerPermissionEntry)" link="ms-help://MS.NETFrameworkSDKv1.1/cpref/html/frlrfsystemserviceprocessservicecontrollerpermissionentrycollectionclassRemoveTopic.htm" ismsdn="true" />
    </HelpFolder>
    <HelpFolder name="Properties" link="ms-help://MS.NETFrameworkSDKv1.1/cpref/html/frlrfsystemserviceprocessservicecontrollerpermissionentrycollectionPropertiesTopic.htm" ismsdn="true">
      <HelpTopic name="Item" link="ms-help://MS.NETFrameworkSDKv1.1/cpref/html/frlrfsystemserviceprocessservicecontrollerpermissionentrycollectionclassItemTopic.htm" ismsdn="true" />
    </HelpFolder>
  </HelpFolder>
  <HelpTopic name="ServiceControllerStatus enumeration" link="ms-help://MS.NETFrameworkSDKv1.1/cpref/html/frlrfsystemserviceprocessservicecontrollerstatusClassTopic.htm" ismsdn="true" />
  <HelpFolder name="ServiceInstaller class" link="ms-help://MS.NETFrameworkSDKv1.1/cpref/html/frlrfsystemserviceprocessserviceinstallerClassTopic.htm" ismsdn="true">
    <HelpTopic name="ServiceInstaller members" link="ms-help://MS.NETFrameworkSDKv1.1/cpref/html/frlrfsystemserviceprocessserviceinstallerMembersTopic.htm" ismsdn="true" />
    <HelpFolder name="Constructors" link="ms-help://MS.NETFrameworkSDKv1.1/cpref/html/frlrfsystemserviceprocessserviceinstallerclassctorTopic.htm" ismsdn="true">
      <HelpTopic name=".ctor()" link="ms-help://MS.NETFrameworkSDKv1.1/cpref/html/frlrfsystemserviceprocessserviceinstallerclassctorTopic.htm" ismsdn="true" />
    </HelpFolder>
    <HelpFolder name="Methods" link="ms-help://MS.NETFrameworkSDKv1.1/cpref/html/frlrfsystemserviceprocessserviceinstallerMethodsTopic.htm" ismsdn="true">
      <HelpTopic name="CopyFromComponent(System.ComponentModel.IComponent)" link="ms-help://MS.NETFrameworkSDKv1.1/cpref/html/frlrfsystemserviceprocessserviceinstallerclassCopyFromComponentTopic.htm" ismsdn="true" />
      <HelpTopic name="Install(System.Collections.IDictionary)" link="ms-help://MS.NETFrameworkSDKv1.1/cpref/html/frlrfsystemserviceprocessserviceinstallerclassInstallTopic.htm" ismsdn="true" />
      <HelpTopic name="IsEquivalentInstaller(System.Configuration.Install.ComponentInstaller)" link="ms-help://MS.NETFrameworkSDKv1.1/cpref/html/frlrfsystemserviceprocessserviceinstallerclassIsEquivalentInstallerTopic.htm" ismsdn="true" />
      <HelpTopic name="Rollback(System.Collections.IDictionary)" link="ms-help://MS.NETFrameworkSDKv1.1/cpref/html/frlrfsystemserviceprocessserviceinstallerclassRollbackTopic.htm" ismsdn="true" />
      <HelpTopic name="Uninstall(System.Collections.IDictionary)" link="ms-help://MS.NETFrameworkSDKv1.1/cpref/html/frlrfsystemserviceprocessserviceinstallerclassUninstallTopic.htm" ismsdn="true" />
    </HelpFolder>
    <HelpFolder name="Properties" link="ms-help://MS.NETFrameworkSDKv1.1/cpref/html/frlrfsystemserviceprocessserviceinstallerPropertiesTopic.htm" ismsdn="true">
      <HelpTopic name="DisplayName" link="ms-help://MS.NETFrameworkSDKv1.1/cpref/html/frlrfsystemserviceprocessserviceinstallerclassDisplayNameTopic.htm" ismsdn="true" />
      <HelpTopic name="Description" link="ms-help://MS.NETFrameworkSDKv1.1/cpref/html/frlrfsystemserviceprocessserviceinstallerclassDescriptionTopic.htm" ismsdn="true" />
      <HelpTopic name="ServicesDependedOn" link="ms-help://MS.NETFrameworkSDKv1.1/cpref/html/frlrfsystemserviceprocessserviceinstallerclassServicesDependedOnTopic.htm" ismsdn="true" />
      <HelpTopic name="ServiceName" link="ms-help://MS.NETFrameworkSDKv1.1/cpref/html/frlrfsystemserviceprocessserviceinstallerclassServiceNameTopic.htm" ismsdn="true" />
      <HelpTopic name="StartType" link="ms-help://MS.NETFrameworkSDKv1.1/cpref/html/frlrfsystemserviceprocessserviceinstallerclassStartTypeTopic.htm" ismsdn="true" />
    </HelpFolder>
  </HelpFolder>
  <HelpFolder name="ServiceProcessDescriptionAttribute class" link="ms-help://MS.NETFrameworkSDKv1.1/cpref/html/frlrfsystemserviceprocessserviceprocessdescriptionattributeClassTopic.htm" ismsdn="true">
    <HelpTopic name="ServiceProcessDescriptionAttribute members" link="ms-help://MS.NETFrameworkSDKv1.1/cpref/html/frlrfsystemserviceprocessserviceprocessdescriptionattributeMembersTopic.htm" ismsdn="true" />
    <HelpFolder name="Constructors" link="ms-help://MS.NETFrameworkSDKv1.1/cpref/html/frlrfsystemserviceprocessserviceprocessdescriptionattributeclassctorTopic.htm" ismsdn="true">
      <HelpTopic name=".ctor(System.String)" link="ms-help://MS.NETFrameworkSDKv1.1/cpref/html/frlrfsystemserviceprocessserviceprocessdescriptionattributeclassctorTopic.htm" ismsdn="true" />
    </HelpFolder>
    <HelpFolder name="Properties" link="ms-help://MS.NETFrameworkSDKv1.1/cpref/html/frlrfsystemserviceprocessserviceprocessdescriptionattributePropertiesTopic.htm" ismsdn="true">
      <HelpTopic name="Description" link="ms-help://MS.NETFrameworkSDKv1.1/cpref/html/frlrfsystemserviceprocessserviceprocessdescriptionattributeclassDescriptionTopic.htm" ismsdn="true" />
    </HelpFolder>
  </HelpFolder>
  <HelpFolder name="ServiceProcessInstaller class" link="ms-help://MS.NETFrameworkSDKv1.1/cpref/html/frlrfsystemserviceprocessserviceprocessinstallerClassTopic.htm" ismsdn="true">
    <HelpTopic name="ServiceProcessInstaller members" link="ms-help://MS.NETFrameworkSDKv1.1/cpref/html/frlrfsystemserviceprocessserviceprocessinstallerMembersTopic.htm" ismsdn="true" />
    <HelpFolder name="Constructors" link="ms-help://MS.NETFrameworkSDKv1.1/cpref/html/frlrfsystemserviceprocessserviceprocessinstallerclassctorTopic.htm" ismsdn="true">
      <HelpTopic name=".ctor()" link="ms-help://MS.NETFrameworkSDKv1.1/cpref/html/frlrfsystemserviceprocessserviceprocessinstallerclassctorTopic.htm" ismsdn="true" />
    </HelpFolder>
    <HelpFolder name="Methods" link="ms-help://MS.NETFrameworkSDKv1.1/cpref/html/frlrfsystemserviceprocessserviceprocessinstallerMethodsTopic.htm" ismsdn="true">
      <HelpTopic name="CopyFromComponent(System.ComponentModel.IComponent)" link="ms-help://MS.NETFrameworkSDKv1.1/cpref/html/frlrfsystemserviceprocessserviceprocessinstallerclassCopyFromComponentTopic.htm" ismsdn="true" />
      <HelpTopic name="Install(System.Collections.IDictionary)" link="ms-help://MS.NETFrameworkSDKv1.1/cpref/html/frlrfsystemserviceprocessserviceprocessinstallerclassInstallTopic.htm" ismsdn="true" />
      <HelpTopic name="Rollback(System.Collections.IDictionary)" link="ms-help://MS.NETFrameworkSDKv1.1/cpref/html/frlrfsystemserviceprocessserviceprocessinstallerclassRollbackTopic.htm" ismsdn="true" />
    </HelpFolder>
    <HelpFolder name="Properties" link="ms-help://MS.NETFrameworkSDKv1.1/cpref/html/frlrfsystemserviceprocessserviceprocessinstallerPropertiesTopic.htm" ismsdn="true">
      <HelpTopic name="HelpText" link="ms-help://MS.NETFrameworkSDKv1.1/cpref/html/frlrfsystemserviceprocessserviceprocessinstallerclassHelpTextTopic.htm" ismsdn="true" />
      <HelpTopic name="Password" link="ms-help://MS.NETFrameworkSDKv1.1/cpref/html/frlrfsystemserviceprocessserviceprocessinstallerclassPasswordTopic.htm" ismsdn="true" />
      <HelpTopic name="Account" link="ms-help://MS.NETFrameworkSDKv1.1/cpref/html/frlrfsystemserviceprocessserviceprocessinstallerclassAccountTopic.htm" ismsdn="true" />
      <HelpTopic name="Username" link="ms-help://MS.NETFrameworkSDKv1.1/cpref/html/frlrfsystemserviceprocessserviceprocessinstallerclassUsernameTopic.htm" ismsdn="true" />
    </HelpFolder>
  </HelpFolder>
  <HelpTopic name="ServiceStartMode enumeration" link="ms-help://MS.NETFrameworkSDKv1.1/cpref/html/frlrfsystemserviceprocessservicestartmodeClassTopic.htm" ismsdn="true" />
  <HelpTopic name="ServiceType enumeration" link="ms-help://MS.NETFrameworkSDKv1.1/cpref/html/frlrfsystemserviceprocessservicetypeClassTopic.htm" ismsdn="true" />
  <HelpFolder name="SessionChangeDescription structure" link="ms-help://MS.NETFrameworkSDKv1.1/cpref/html/frlrfsystemserviceprocesssessionchangedescriptionClassTopic.htm" ismsdn="true">
    <HelpTopic name="SessionChangeDescription members" link="ms-help://MS.NETFrameworkSDKv1.1/cpref/html/frlrfsystemserviceprocesssessionchangedescriptionMembersTopic.htm" ismsdn="true" />
    <HelpFolder name="Methods" link="ms-help://MS.NETFrameworkSDKv1.1/cpref/html/frlrfsystemserviceprocesssessionchangedescriptionMethodsTopic.htm" ismsdn="true">
      <HelpTopic name="Equals(System.Object)" link="ms-help://MS.NETFrameworkSDKv1.1/cpref/html/frlrfsystemserviceprocesssessionchangedescriptionclassEqualsTopic.htm" ismsdn="true" />
      <HelpTopic name="GetHashCode()" link="ms-help://MS.NETFrameworkSDKv1.1/cpref/html/frlrfsystemserviceprocesssessionchangedescriptionclassGetHashCodeTopic.htm" ismsdn="true" />
      <HelpTopic name="Equals(System.ServiceProcess.SessionChangeDescription)" link="ms-help://MS.NETFrameworkSDKv1.1/cpref/html/frlrfsystemserviceprocesssessionchangedescriptionclassEqualsTopic.htm" ismsdn="true" />
    </HelpFolder>
    <HelpFolder name="Properties" link="ms-help://MS.NETFrameworkSDKv1.1/cpref/html/frlrfsystemserviceprocesssessionchangedescriptionPropertiesTopic.htm" ismsdn="true">
      <HelpTopic name="Reason" link="ms-help://MS.NETFrameworkSDKv1.1/cpref/html/frlrfsystemserviceprocesssessionchangedescriptionclassReasonTopic.htm" ismsdn="true" />
      <HelpTopic name="SessionId" link="ms-help://MS.NETFrameworkSDKv1.1/cpref/html/frlrfsystemserviceprocesssessionchangedescriptionclassSessionIdTopic.htm" ismsdn="true" />
    </HelpFolder>
  </HelpFolder>
  <HelpTopic name="SessionChangeReason enumeration" link="ms-help://MS.NETFrameworkSDKv1.1/cpref/html/frlrfsystemserviceprocesssessionchangereasonClassTopic.htm" ismsdn="true" />
  <HelpFolder name="TimeoutException class" link="ms-help://MS.NETFrameworkSDKv1.1/cpref/html/frlrfsystemserviceprocesstimeoutexceptionClassTopic.htm" ismsdn="true">
    <HelpTopic name="TimeoutException members" link="ms-help://MS.NETFrameworkSDKv1.1/cpref/html/frlrfsystemserviceprocesstimeoutexceptionMembersTopic.htm" ismsdn="true" />
    <HelpFolder name="Constructors" link="ms-help://MS.NETFrameworkSDKv1.1/cpref/html/frlrfsystemserviceprocesstimeoutexceptionclassctorTopic.htm" ismsdn="true">
      <HelpTopic name=".ctor()" link="ms-help://MS.NETFrameworkSDKv1.1/cpref/html/frlrfsystemserviceprocesstimeoutexceptionclassctorTopic1.htm" ismsdn="true" />
      <HelpTopic name=".ctor(System.String)" link="ms-help://MS.NETFrameworkSDKv1.1/cpref/html/frlrfsystemserviceprocesstimeoutexceptionclassctorTopic1.htm" ismsdn="true" />
      <HelpTopic name=".ctor(System.String, System.Exception)" link="ms-help://MS.NETFrameworkSDKv1.1/cpref/html/frlrfsystemserviceprocesstimeoutexceptionclassctorTopic2.htm" ismsdn="true" />
    </HelpFolder>
  </HelpFolder>
</HelpCollection>