<HelpCollection>
  <HelpFolder name="ArrayList class" link="ms-help://MS.NETFrameworkSDKv1.1/cpref/html/frlrfsystemcollectionsarraylistClassTopic.htm" ismsdn="true">
    <HelpTopic name="ArrayList members" link="ms-help://MS.NETFrameworkSDKv1.1/cpref/html/frlrfsystemcollectionsarraylistMembersTopic.htm" ismsdn="true" />
    <HelpFolder name="Constructors" link="ms-help://MS.NETFrameworkSDKv1.1/cpref/html/frlrfsystemcollectionsarraylistclassctorTopic.htm" ismsdn="true">
      <HelpTopic name=".ctor()" link="ms-help://MS.NETFrameworkSDKv1.1/cpref/html/frlrfsystemcollectionsarraylistclassctorTopic1.htm" ismsdn="true" />
      <HelpTopic name=".ctor(System.Int32)" link="ms-help://MS.NETFrameworkSDKv1.1/cpref/html/frlrfsystemcollectionsarraylistclassctorTopic1.htm" ismsdn="true" />
      <HelpTopic name=".ctor(System.Collections.ICollection)" link="ms-help://MS.NETFrameworkSDKv1.1/cpref/html/frlrfsystemcollectionsarraylistclassctorTopic2.htm" ismsdn="true" />
    </HelpFolder>
    <HelpFolder name="Methods" link="ms-help://MS.NETFrameworkSDKv1.1/cpref/html/frlrfsystemcollectionsarraylistMethodsTopic.htm" ismsdn="true">
      <HelpTopic name="Clone()" link="ms-help://MS.NETFrameworkSDKv1.1/cpref/html/frlrfsystemcollectionsarraylistclassCloneTopic.htm" ismsdn="true" />
      <HelpTopic name="GetEnumerator()" link="ms-help://MS.NETFrameworkSDKv1.1/cpref/html/frlrfsystemcollectionsarraylistclassGetEnumeratorTopic.htm" ismsdn="true" />
      <HelpTopic name="CopyTo(System.Array, System.Int32)" link="ms-help://MS.NETFrameworkSDKv1.1/cpref/html/frlrfsystemcollectionsarraylistclassCopyToTopic.htm" ismsdn="true" />
      <HelpTopic name="RemoveAt(System.Int32)" link="ms-help://MS.NETFrameworkSDKv1.1/cpref/html/frlrfsystemcollectionsarraylistclassRemoveAtTopic.htm" ismsdn="true" />
      <HelpTopic name="Remove(System.Object)" link="ms-help://MS.NETFrameworkSDKv1.1/cpref/html/frlrfsystemcollectionsarraylistclassRemoveTopic.htm" ismsdn="true" />
      <HelpTopic name="Insert(System.Int32, System.Object)" link="ms-help://MS.NETFrameworkSDKv1.1/cpref/html/frlrfsystemcollectionsarraylistclassInsertTopic.htm" ismsdn="true" />
      <HelpTopic name="IndexOf(System.Object)" link="ms-help://MS.NETFrameworkSDKv1.1/cpref/html/frlrfsystemcollectionsarraylistclassIndexOfTopic.htm" ismsdn="true" />
      <HelpTopic name="Clear()" link="ms-help://MS.NETFrameworkSDKv1.1/cpref/html/frlrfsystemcollectionsarraylistclassClearTopic.htm" ismsdn="true" />
      <HelpTopic name="Contains(System.Object)" link="ms-help://MS.NETFrameworkSDKv1.1/cpref/html/frlrfsystemcollectionsarraylistclassContainsTopic.htm" ismsdn="true" />
      <HelpTopic name="Add(System.Object)" link="ms-help://MS.NETFrameworkSDKv1.1/cpref/html/frlrfsystemcollectionsarraylistclassAddTopic.htm" ismsdn="true" />
      <HelpTopic name="TrimToSize()" link="ms-help://MS.NETFrameworkSDKv1.1/cpref/html/frlrfsystemcollectionsarraylistclassTrimToSizeTopic.htm" ismsdn="true" />
      <HelpTopic name="ToArray(System.Type)" link="ms-help://MS.NETFrameworkSDKv1.1/cpref/html/frlrfsystemcollectionsarraylistclassToArrayTopic1.htm" ismsdn="true" />
      <HelpTopic name="ToArray()" link="ms-help://MS.NETFrameworkSDKv1.1/cpref/html/frlrfsystemcollectionsarraylistclassToArrayTopic2.htm" ismsdn="true" />
      <HelpTopic name="Sort(System.Int32, System.Int32, System.Collections.IComparer)" link="ms-help://MS.NETFrameworkSDKv1.1/cpref/html/frlrfsystemcollectionsarraylistclassSortTopic1.htm" ismsdn="true" />
      <HelpTopic name="Sort(System.Collections.IComparer)" link="ms-help://MS.NETFrameworkSDKv1.1/cpref/html/frlrfsystemcollectionsarraylistclassSortTopic2.htm" ismsdn="true" />
      <HelpTopic name="Sort()" link="ms-help://MS.NETFrameworkSDKv1.1/cpref/html/frlrfsystemcollectionsarraylistclassSortTopic3.htm" ismsdn="true" />
      <HelpTopic name="GetRange(System.Int32, System.Int32)" link="ms-help://MS.NETFrameworkSDKv1.1/cpref/html/frlrfsystemcollectionsarraylistclassGetRangeTopic.htm" ismsdn="true" />
      <HelpTopic name="SetRange(System.Int32, System.Collections.ICollection)" link="ms-help://MS.NETFrameworkSDKv1.1/cpref/html/frlrfsystemcollectionsarraylistclassSetRangeTopic.htm" ismsdn="true" />
      <HelpTopic name="Reverse(System.Int32, System.Int32)" link="ms-help://MS.NETFrameworkSDKv1.1/cpref/html/frlrfsystemcollectionsarraylistclassReverseTopic1.htm" ismsdn="true" />
      <HelpTopic name="Reverse()" link="ms-help://MS.NETFrameworkSDKv1.1/cpref/html/frlrfsystemcollectionsarraylistclassReverseTopic2.htm" ismsdn="true" />
      <HelpTopic name="RemoveRange(System.Int32, System.Int32)" link="ms-help://MS.NETFrameworkSDKv1.1/cpref/html/frlrfsystemcollectionsarraylistclassRemoveRangeTopic.htm" ismsdn="true" />
      <HelpTopic name="LastIndexOf(System.Object, System.Int32, System.Int32)" link="ms-help://MS.NETFrameworkSDKv1.1/cpref/html/frlrfsystemcollectionsarraylistclassLastIndexOfTopic1.htm" ismsdn="true" />
      <HelpTopic name="LastIndexOf(System.Object, System.Int32)" link="ms-help://MS.NETFrameworkSDKv1.1/cpref/html/frlrfsystemcollectionsarraylistclassLastIndexOfTopic2.htm" ismsdn="true" />
      <HelpTopic name="LastIndexOf(System.Object)" link="ms-help://MS.NETFrameworkSDKv1.1/cpref/html/frlrfsystemcollectionsarraylistclassLastIndexOfTopic3.htm" ismsdn="true" />
      <HelpTopic name="InsertRange(System.Int32, System.Collections.ICollection)" link="ms-help://MS.NETFrameworkSDKv1.1/cpref/html/frlrfsystemcollectionsarraylistclassInsertRangeTopic.htm" ismsdn="true" />
      <HelpTopic name="IndexOf(System.Object, System.Int32, System.Int32)" link="ms-help://MS.NETFrameworkSDKv1.1/cpref/html/frlrfsystemcollectionsarraylistclassIndexOfTopic1.htm" ismsdn="true" />
      <HelpTopic name="IndexOf(System.Object, System.Int32)" link="ms-help://MS.NETFrameworkSDKv1.1/cpref/html/frlrfsystemcollectionsarraylistclassIndexOfTopic2.htm" ismsdn="true" />
      <HelpTopic name="GetEnumerator(System.Int32, System.Int32)" link="ms-help://MS.NETFrameworkSDKv1.1/cpref/html/frlrfsystemcollectionsarraylistclassGetEnumeratorTopic.htm" ismsdn="true" />
      <HelpTopic name="CopyTo(System.Int32, System.Array, System.Int32, System.Int32)" link="ms-help://MS.NETFrameworkSDKv1.1/cpref/html/frlrfsystemcollectionsarraylistclassCopyToTopic1.htm" ismsdn="true" />
      <HelpTopic name="CopyTo(System.Array)" link="ms-help://MS.NETFrameworkSDKv1.1/cpref/html/frlrfsystemcollectionsarraylistclassCopyToTopic2.htm" ismsdn="true" />
      <HelpTopic name="BinarySearch(System.Object, System.Collections.IComparer)" link="ms-help://MS.NETFrameworkSDKv1.1/cpref/html/frlrfsystemcollectionsarraylistclassBinarySearchTopic1.htm" ismsdn="true" />
      <HelpTopic name="BinarySearch(System.Object)" link="ms-help://MS.NETFrameworkSDKv1.1/cpref/html/frlrfsystemcollectionsarraylistclassBinarySearchTopic2.htm" ismsdn="true" />
      <HelpTopic name="BinarySearch(System.Int32, System.Int32, System.Object, System.Collections.IComparer)" link="ms-help://MS.NETFrameworkSDKv1.1/cpref/html/frlrfsystemcollectionsarraylistclassBinarySearchTopic3.htm" ismsdn="true" />
      <HelpTopic name="AddRange(System.Collections.ICollection)" link="ms-help://MS.NETFrameworkSDKv1.1/cpref/html/frlrfsystemcollectionsarraylistclassAddRangeTopic.htm" ismsdn="true" />
      <HelpTopic name="Adapter(System.Collections.IList)" link="ms-help://MS.NETFrameworkSDKv1.1/cpref/html/frlrfsystemcollectionsarraylistclassAdapterTopic.htm" ismsdn="true" />
      <HelpTopic name="FixedSize(System.Collections.IList)" link="ms-help://MS.NETFrameworkSDKv1.1/cpref/html/frlrfsystemcollectionsarraylistclassFixedSizeTopic1.htm" ismsdn="true" />
      <HelpTopic name="FixedSize(System.Collections.ArrayList)" link="ms-help://MS.NETFrameworkSDKv1.1/cpref/html/frlrfsystemcollectionsarraylistclassFixedSizeTopic2.htm" ismsdn="true" />
      <HelpTopic name="ReadOnly(System.Collections.IList)" link="ms-help://MS.NETFrameworkSDKv1.1/cpref/html/frlrfsystemcollectionsarraylistclassReadOnlyTopic1.htm" ismsdn="true" />
      <HelpTopic name="ReadOnly(System.Collections.ArrayList)" link="ms-help://MS.NETFrameworkSDKv1.1/cpref/html/frlrfsystemcollectionsarraylistclassReadOnlyTopic2.htm" ismsdn="true" />
      <HelpTopic name="Repeat(System.Object, System.Int32)" link="ms-help://MS.NETFrameworkSDKv1.1/cpref/html/frlrfsystemcollectionsarraylistclassRepeatTopic.htm" ismsdn="true" />
      <HelpTopic name="Synchronized(System.Collections.IList)" link="ms-help://MS.NETFrameworkSDKv1.1/cpref/html/frlrfsystemcollectionsarraylistclassSynchronizedTopic1.htm" ismsdn="true" />
      <HelpTopic name="Synchronized(System.Collections.ArrayList)" link="ms-help://MS.NETFrameworkSDKv1.1/cpref/html/frlrfsystemcollectionsarraylistclassSynchronizedTopic2.htm" ismsdn="true" />
    </HelpFolder>
    <HelpFolder name="Properties" link="ms-help://MS.NETFrameworkSDKv1.1/cpref/html/frlrfsystemcollectionsarraylistPropertiesTopic.htm" ismsdn="true">
      <HelpTopic name="Capacity" link="ms-help://MS.NETFrameworkSDKv1.1/cpref/html/frlrfsystemcollectionsarraylistclassCapacityTopic.htm" ismsdn="true" />
      <HelpTopic name="Count" link="ms-help://MS.NETFrameworkSDKv1.1/cpref/html/frlrfsystemcollectionsarraylistclassCountTopic.htm" ismsdn="true" />
      <HelpTopic name="IsFixedSize" link="ms-help://MS.NETFrameworkSDKv1.1/cpref/html/frlrfsystemcollectionsarraylistclassIsFixedSizeTopic.htm" ismsdn="true" />
      <HelpTopic name="IsReadOnly" link="ms-help://MS.NETFrameworkSDKv1.1/cpref/html/frlrfsystemcollectionsarraylistclassIsReadOnlyTopic.htm" ismsdn="true" />
      <HelpTopic name="IsSynchronized" link="ms-help://MS.NETFrameworkSDKv1.1/cpref/html/frlrfsystemcollectionsarraylistclassIsSynchronizedTopic.htm" ismsdn="true" />
      <HelpTopic name="SyncRoot" link="ms-help://MS.NETFrameworkSDKv1.1/cpref/html/frlrfsystemcollectionsarraylistclassSyncRootTopic.htm" ismsdn="true" />
      <HelpTopic name="Item" link="ms-help://MS.NETFrameworkSDKv1.1/cpref/html/frlrfsystemcollectionsarraylistclassItemTopic.htm" ismsdn="true" />
    </HelpFolder>
  </HelpFolder>
  <HelpFolder name="BitArray class" link="ms-help://MS.NETFrameworkSDKv1.1/cpref/html/frlrfsystemcollectionsbitarrayClassTopic.htm" ismsdn="true">
    <HelpTopic name="BitArray members" link="ms-help://MS.NETFrameworkSDKv1.1/cpref/html/frlrfsystemcollectionsbitarrayMembersTopic.htm" ismsdn="true" />
    <HelpFolder name="Constructors" link="ms-help://MS.NETFrameworkSDKv1.1/cpref/html/frlrfsystemcollectionsbitarrayclassctorTopic.htm" ismsdn="true">
      <HelpTopic name=".ctor(System.Int32)" link="ms-help://MS.NETFrameworkSDKv1.1/cpref/html/frlrfsystemcollectionsbitarrayclassctorTopic1.htm" ismsdn="true" />
      <HelpTopic name=".ctor(System.Int32, System.Boolean)" link="ms-help://MS.NETFrameworkSDKv1.1/cpref/html/frlrfsystemcollectionsbitarrayclassctorTopic1.htm" ismsdn="true" />
      <HelpTopic name=".ctor(System.Byte[])" link="ms-help://MS.NETFrameworkSDKv1.1/cpref/html/frlrfsystemcollectionsbitarrayclassctorTopic2.htm" ismsdn="true" />
      <HelpTopic name=".ctor(System.Boolean[])" link="ms-help://MS.NETFrameworkSDKv1.1/cpref/html/frlrfsystemcollectionsbitarrayclassctorTopic3.htm" ismsdn="true" />
      <HelpTopic name=".ctor(System.Int32[])" link="ms-help://MS.NETFrameworkSDKv1.1/cpref/html/frlrfsystemcollectionsbitarrayclassctorTopic4.htm" ismsdn="true" />
      <HelpTopic name=".ctor(System.Collections.BitArray)" link="ms-help://MS.NETFrameworkSDKv1.1/cpref/html/frlrfsystemcollectionsbitarrayclassctorTopic5.htm" ismsdn="true" />
    </HelpFolder>
    <HelpFolder name="Methods" link="ms-help://MS.NETFrameworkSDKv1.1/cpref/html/frlrfsystemcollectionsbitarrayMethodsTopic.htm" ismsdn="true">
      <HelpTopic name="Clone()" link="ms-help://MS.NETFrameworkSDKv1.1/cpref/html/frlrfsystemcollectionsbitarrayclassCloneTopic.htm" ismsdn="true" />
      <HelpTopic name="GetEnumerator()" link="ms-help://MS.NETFrameworkSDKv1.1/cpref/html/frlrfsystemcollectionsbitarrayclassGetEnumeratorTopic.htm" ismsdn="true" />
      <HelpTopic name="CopyTo(System.Array, System.Int32)" link="ms-help://MS.NETFrameworkSDKv1.1/cpref/html/frlrfsystemcollectionsbitarrayclassCopyToTopic.htm" ismsdn="true" />
      <HelpTopic name="Get(System.Int32)" link="ms-help://MS.NETFrameworkSDKv1.1/cpref/html/frlrfsystemcollectionsbitarrayclassGetTopic.htm" ismsdn="true" />
      <HelpTopic name="Set(System.Int32, System.Boolean)" link="ms-help://MS.NETFrameworkSDKv1.1/cpref/html/frlrfsystemcollectionsbitarrayclassSetTopic.htm" ismsdn="true" />
      <HelpTopic name="SetAll(System.Boolean)" link="ms-help://MS.NETFrameworkSDKv1.1/cpref/html/frlrfsystemcollectionsbitarrayclassSetAllTopic.htm" ismsdn="true" />
      <HelpTopic name="And(System.Collections.BitArray)" link="ms-help://MS.NETFrameworkSDKv1.1/cpref/html/frlrfsystemcollectionsbitarrayclassAndTopic.htm" ismsdn="true" />
      <HelpTopic name="Or(System.Collections.BitArray)" link="ms-help://MS.NETFrameworkSDKv1.1/cpref/html/frlrfsystemcollectionsbitarrayclassOrTopic.htm" ismsdn="true" />
      <HelpTopic name="Xor(System.Collections.BitArray)" link="ms-help://MS.NETFrameworkSDKv1.1/cpref/html/frlrfsystemcollectionsbitarrayclassXorTopic.htm" ismsdn="true" />
      <HelpTopic name="Not()" link="ms-help://MS.NETFrameworkSDKv1.1/cpref/html/frlrfsystemcollectionsbitarrayclassNotTopic.htm" ismsdn="true" />
    </HelpFolder>
    <HelpFolder name="Properties" link="ms-help://MS.NETFrameworkSDKv1.1/cpref/html/frlrfsystemcollectionsbitarrayPropertiesTopic.htm" ismsdn="true">
      <HelpTopic name="Item" link="ms-help://MS.NETFrameworkSDKv1.1/cpref/html/frlrfsystemcollectionsbitarrayclassItemTopic.htm" ismsdn="true" />
      <HelpTopic name="Length" link="ms-help://MS.NETFrameworkSDKv1.1/cpref/html/frlrfsystemcollectionsbitarrayclassLengthTopic.htm" ismsdn="true" />
      <HelpTopic name="Count" link="ms-help://MS.NETFrameworkSDKv1.1/cpref/html/frlrfsystemcollectionsbitarrayclassCountTopic.htm" ismsdn="true" />
      <HelpTopic name="SyncRoot" link="ms-help://MS.NETFrameworkSDKv1.1/cpref/html/frlrfsystemcollectionsbitarrayclassSyncRootTopic.htm" ismsdn="true" />
      <HelpTopic name="IsReadOnly" link="ms-help://MS.NETFrameworkSDKv1.1/cpref/html/frlrfsystemcollectionsbitarrayclassIsReadOnlyTopic.htm" ismsdn="true" />
      <HelpTopic name="IsSynchronized" link="ms-help://MS.NETFrameworkSDKv1.1/cpref/html/frlrfsystemcollectionsbitarrayclassIsSynchronizedTopic.htm" ismsdn="true" />
    </HelpFolder>
  </HelpFolder>
  <HelpFolder name="CaseInsensitiveComparer class" link="ms-help://MS.NETFrameworkSDKv1.1/cpref/html/frlrfsystemcollectionscaseinsensitivecomparerClassTopic.htm" ismsdn="true">
    <HelpTopic name="CaseInsensitiveComparer members" link="ms-help://MS.NETFrameworkSDKv1.1/cpref/html/frlrfsystemcollectionscaseinsensitivecomparerMembersTopic.htm" ismsdn="true" />
    <HelpFolder name="Constructors" link="ms-help://MS.NETFrameworkSDKv1.1/cpref/html/frlrfsystemcollectionscaseinsensitivecomparerclassctorTopic.htm" ismsdn="true">
      <HelpTopic name=".ctor()" link="ms-help://MS.NETFrameworkSDKv1.1/cpref/html/frlrfsystemcollectionscaseinsensitivecomparerclassctorTopic1.htm" ismsdn="true" />
      <HelpTopic name=".ctor(System.Globalization.CultureInfo)" link="ms-help://MS.NETFrameworkSDKv1.1/cpref/html/frlrfsystemcollectionscaseinsensitivecomparerclassctorTopic1.htm" ismsdn="true" />
    </HelpFolder>
    <HelpFolder name="Methods" link="ms-help://MS.NETFrameworkSDKv1.1/cpref/html/frlrfsystemcollectionscaseinsensitivecomparerMethodsTopic.htm" ismsdn="true">
      <HelpTopic name="Compare(System.Object, System.Object)" link="ms-help://MS.NETFrameworkSDKv1.1/cpref/html/frlrfsystemcollectionscaseinsensitivecomparerclassCompareTopic.htm" ismsdn="true" />
    </HelpFolder>
    <HelpFolder name="Properties" link="ms-help://MS.NETFrameworkSDKv1.1/cpref/html/frlrfsystemcollectionscaseinsensitivecomparerPropertiesTopic.htm" ismsdn="true">
      <HelpTopic name="Default" link="ms-help://MS.NETFrameworkSDKv1.1/cpref/html/frlrfsystemcollectionscaseinsensitivecomparerclassDefaultTopic.htm" ismsdn="true" />
      <HelpTopic name="DefaultInvariant" link="ms-help://MS.NETFrameworkSDKv1.1/cpref/html/frlrfsystemcollectionscaseinsensitivecomparerclassDefaultInvariantTopic.htm" ismsdn="true" />
    </HelpFolder>
  </HelpFolder>
  <HelpFolder name="CaseInsensitiveHashCodeProvider class" link="ms-help://MS.NETFrameworkSDKv1.1/cpref/html/frlrfsystemcollectionscaseinsensitivehashcodeproviderClassTopic.htm" ismsdn="true">
    <HelpTopic name="CaseInsensitiveHashCodeProvider members" link="ms-help://MS.NETFrameworkSDKv1.1/cpref/html/frlrfsystemcollectionscaseinsensitivehashcodeproviderMembersTopic.htm" ismsdn="true" />
    <HelpFolder name="Constructors" link="ms-help://MS.NETFrameworkSDKv1.1/cpref/html/frlrfsystemcollectionscaseinsensitivehashcodeproviderclassctorTopic.htm" ismsdn="true">
      <HelpTopic name=".ctor()" link="ms-help://MS.NETFrameworkSDKv1.1/cpref/html/frlrfsystemcollectionscaseinsensitivehashcodeproviderclassctorTopic1.htm" ismsdn="true" />
      <HelpTopic name=".ctor(System.Globalization.CultureInfo)" link="ms-help://MS.NETFrameworkSDKv1.1/cpref/html/frlrfsystemcollectionscaseinsensitivehashcodeproviderclassctorTopic1.htm" ismsdn="true" />
    </HelpFolder>
    <HelpFolder name="Methods" link="ms-help://MS.NETFrameworkSDKv1.1/cpref/html/frlrfsystemcollectionscaseinsensitivehashcodeproviderMethodsTopic.htm" ismsdn="true">
      <HelpTopic name="GetHashCode(System.Object)" link="ms-help://MS.NETFrameworkSDKv1.1/cpref/html/frlrfsystemcollectionscaseinsensitivehashcodeproviderclassGetHashCodeTopic.htm" ismsdn="true" />
    </HelpFolder>
    <HelpFolder name="Properties" link="ms-help://MS.NETFrameworkSDKv1.1/cpref/html/frlrfsystemcollectionscaseinsensitivehashcodeproviderPropertiesTopic.htm" ismsdn="true">
      <HelpTopic name="Default" link="ms-help://MS.NETFrameworkSDKv1.1/cpref/html/frlrfsystemcollectionscaseinsensitivehashcodeproviderclassDefaultTopic.htm" ismsdn="true" />
      <HelpTopic name="DefaultInvariant" link="ms-help://MS.NETFrameworkSDKv1.1/cpref/html/frlrfsystemcollectionscaseinsensitivehashcodeproviderclassDefaultInvariantTopic.htm" ismsdn="true" />
    </HelpFolder>
  </HelpFolder>
  <HelpFolder name="CollectionBase class" link="ms-help://MS.NETFrameworkSDKv1.1/cpref/html/frlrfsystemcollectionscollectionbaseClassTopic.htm" ismsdn="true">
    <HelpTopic name="CollectionBase members" link="ms-help://MS.NETFrameworkSDKv1.1/cpref/html/frlrfsystemcollectionscollectionbaseMembersTopic.htm" ismsdn="true" />
    <HelpFolder name="Methods" link="ms-help://MS.NETFrameworkSDKv1.1/cpref/html/frlrfsystemcollectionscollectionbaseMethodsTopic.htm" ismsdn="true">
      <HelpTopic name="GetEnumerator()" link="ms-help://MS.NETFrameworkSDKv1.1/cpref/html/frlrfsystemcollectionscollectionbaseclassGetEnumeratorTopic.htm" ismsdn="true" />
      <HelpTopic name="RemoveAt(System.Int32)" link="ms-help://MS.NETFrameworkSDKv1.1/cpref/html/frlrfsystemcollectionscollectionbaseclassRemoveAtTopic.htm" ismsdn="true" />
      <HelpTopic name="Clear()" link="ms-help://MS.NETFrameworkSDKv1.1/cpref/html/frlrfsystemcollectionscollectionbaseclassClearTopic.htm" ismsdn="true" />
    </HelpFolder>
    <HelpFolder name="Properties" link="ms-help://MS.NETFrameworkSDKv1.1/cpref/html/frlrfsystemcollectionscollectionbasePropertiesTopic.htm" ismsdn="true">
      <HelpTopic name="Count" link="ms-help://MS.NETFrameworkSDKv1.1/cpref/html/frlrfsystemcollectionscollectionbaseclassCountTopic.htm" ismsdn="true" />
    </HelpFolder>
  </HelpFolder>
  <HelpFolder name="Comparer class" link="ms-help://MS.NETFrameworkSDKv1.1/cpref/html/frlrfsystemcollectionscomparerClassTopic.htm" ismsdn="true">
    <HelpTopic name="Comparer members" link="ms-help://MS.NETFrameworkSDKv1.1/cpref/html/frlrfsystemcollectionscomparerMembersTopic.htm" ismsdn="true" />
    <HelpFolder name="Constructors" link="ms-help://MS.NETFrameworkSDKv1.1/cpref/html/frlrfsystemcollectionscomparerclassctorTopic.htm" ismsdn="true">
      <HelpTopic name=".ctor(System.Globalization.CultureInfo)" link="ms-help://MS.NETFrameworkSDKv1.1/cpref/html/frlrfsystemcollectionscomparerclassctorTopic.htm" ismsdn="true" />
    </HelpFolder>
    <HelpFolder name="Fields" link="ms-help://MS.NETFrameworkSDKv1.1/cpref/html/frlrfsystemcollectionscomparerFieldsTopic.htm" ismsdn="true">
      <HelpTopic name="Default" link="ms-help://MS.NETFrameworkSDKv1.1/cpref/html/frlrfsystemcollectionscomparerclassDefaultTopic.htm" ismsdn="true" />
      <HelpTopic name="DefaultInvariant" link="ms-help://MS.NETFrameworkSDKv1.1/cpref/html/frlrfsystemcollectionscomparerclassDefaultInvariantTopic.htm" ismsdn="true" />
    </HelpFolder>
    <HelpFolder name="Methods" link="ms-help://MS.NETFrameworkSDKv1.1/cpref/html/frlrfsystemcollectionscomparerMethodsTopic.htm" ismsdn="true">
      <HelpTopic name="Compare(System.Object, System.Object)" link="ms-help://MS.NETFrameworkSDKv1.1/cpref/html/frlrfsystemcollectionscomparerclassCompareTopic.htm" ismsdn="true" />
    </HelpFolder>
  </HelpFolder>
  <HelpFolder name="DictionaryBase class" link="ms-help://MS.NETFrameworkSDKv1.1/cpref/html/frlrfsystemcollectionsdictionarybaseClassTopic.htm" ismsdn="true">
    <HelpTopic name="DictionaryBase members" link="ms-help://MS.NETFrameworkSDKv1.1/cpref/html/frlrfsystemcollectionsdictionarybaseMembersTopic.htm" ismsdn="true" />
    <HelpFolder name="Methods" link="ms-help://MS.NETFrameworkSDKv1.1/cpref/html/frlrfsystemcollectionsdictionarybaseMethodsTopic.htm" ismsdn="true">
      <HelpTopic name="CopyTo(System.Array, System.Int32)" link="ms-help://MS.NETFrameworkSDKv1.1/cpref/html/frlrfsystemcollectionsdictionarybaseclassCopyToTopic.htm" ismsdn="true" />
      <HelpTopic name="GetEnumerator()" link="ms-help://MS.NETFrameworkSDKv1.1/cpref/html/frlrfsystemcollectionsdictionarybaseclassGetEnumeratorTopic.htm" ismsdn="true" />
      <HelpTopic name="Clear()" link="ms-help://MS.NETFrameworkSDKv1.1/cpref/html/frlrfsystemcollectionsdictionarybaseclassClearTopic.htm" ismsdn="true" />
    </HelpFolder>
    <HelpFolder name="Properties" link="ms-help://MS.NETFrameworkSDKv1.1/cpref/html/frlrfsystemcollectionsdictionarybasePropertiesTopic.htm" ismsdn="true">
      <HelpTopic name="Count" link="ms-help://MS.NETFrameworkSDKv1.1/cpref/html/frlrfsystemcollectionsdictionarybaseclassCountTopic.htm" ismsdn="true" />
    </HelpFolder>
  </HelpFolder>
  <HelpFolder name="DictionaryEntry structure" link="ms-help://MS.NETFrameworkSDKv1.1/cpref/html/frlrfsystemcollectionsdictionaryentryClassTopic.htm" ismsdn="true">
    <HelpTopic name="DictionaryEntry members" link="ms-help://MS.NETFrameworkSDKv1.1/cpref/html/frlrfsystemcollectionsdictionaryentryMembersTopic.htm" ismsdn="true" />
    <HelpFolder name="Constructors" link="ms-help://MS.NETFrameworkSDKv1.1/cpref/html/frlrfsystemcollectionsdictionaryentryclassctorTopic.htm" ismsdn="true">
      <HelpTopic name=".ctor(System.Object, System.Object)" link="ms-help://MS.NETFrameworkSDKv1.1/cpref/html/frlrfsystemcollectionsdictionaryentryclassctorTopic.htm" ismsdn="true" />
    </HelpFolder>
    <HelpFolder name="Properties" link="ms-help://MS.NETFrameworkSDKv1.1/cpref/html/frlrfsystemcollectionsdictionaryentryPropertiesTopic.htm" ismsdn="true">
      <HelpTopic name="Key" link="ms-help://MS.NETFrameworkSDKv1.1/cpref/html/frlrfsystemcollectionsdictionaryentryclassKeyTopic.htm" ismsdn="true" />
      <HelpTopic name="Value" link="ms-help://MS.NETFrameworkSDKv1.1/cpref/html/frlrfsystemcollectionsdictionaryentryclassValueTopic.htm" ismsdn="true" />
    </HelpFolder>
  </HelpFolder>
  <HelpFolder name="Hashtable class" link="ms-help://MS.NETFrameworkSDKv1.1/cpref/html/frlrfsystemcollectionshashtableClassTopic.htm" ismsdn="true">
    <HelpTopic name="Hashtable members" link="ms-help://MS.NETFrameworkSDKv1.1/cpref/html/frlrfsystemcollectionshashtableMembersTopic.htm" ismsdn="true" />
    <HelpFolder name="Constructors" link="ms-help://MS.NETFrameworkSDKv1.1/cpref/html/frlrfsystemcollectionshashtableclassctorTopic.htm" ismsdn="true">
      <HelpTopic name=".ctor()" link="ms-help://MS.NETFrameworkSDKv1.1/cpref/html/frlrfsystemcollectionshashtableclassctorTopic1.htm" ismsdn="true" />
      <HelpTopic name=".ctor(System.Int32)" link="ms-help://MS.NETFrameworkSDKv1.1/cpref/html/frlrfsystemcollectionshashtableclassctorTopic1.htm" ismsdn="true" />
      <HelpTopic name=".ctor(System.Int32, System.Single)" link="ms-help://MS.NETFrameworkSDKv1.1/cpref/html/frlrfsystemcollectionshashtableclassctorTopic2.htm" ismsdn="true" />
      <HelpTopic name=".ctor(System.Int32, System.Single, System.Collections.IHashCodeProvider, System.Collections.IComparer)" link="ms-help://MS.NETFrameworkSDKv1.1/cpref/html/frlrfsystemcollectionshashtableclassctorTopic3.htm" ismsdn="true" />
      <HelpTopic name=".ctor(System.Collections.IHashCodeProvider, System.Collections.IComparer)" link="ms-help://MS.NETFrameworkSDKv1.1/cpref/html/frlrfsystemcollectionshashtableclassctorTopic4.htm" ismsdn="true" />
      <HelpTopic name=".ctor(System.Int32, System.Collections.IHashCodeProvider, System.Collections.IComparer)" link="ms-help://MS.NETFrameworkSDKv1.1/cpref/html/frlrfsystemcollectionshashtableclassctorTopic5.htm" ismsdn="true" />
      <HelpTopic name=".ctor(System.Collections.IDictionary)" link="ms-help://MS.NETFrameworkSDKv1.1/cpref/html/frlrfsystemcollectionshashtableclassctorTopic6.htm" ismsdn="true" />
      <HelpTopic name=".ctor(System.Collections.IDictionary, System.Single)" link="ms-help://MS.NETFrameworkSDKv1.1/cpref/html/frlrfsystemcollectionshashtableclassctorTopic7.htm" ismsdn="true" />
      <HelpTopic name=".ctor(System.Collections.IDictionary, System.Collections.IHashCodeProvider, System.Collections.IComparer)" link="ms-help://MS.NETFrameworkSDKv1.1/cpref/html/frlrfsystemcollectionshashtableclassctorTopic8.htm" ismsdn="true" />
      <HelpTopic name=".ctor(System.Collections.IDictionary, System.Single, System.Collections.IHashCodeProvider, System.Collections.IComparer)" link="ms-help://MS.NETFrameworkSDKv1.1/cpref/html/frlrfsystemcollectionshashtableclassctorTopic9.htm" ismsdn="true" />
    </HelpFolder>
    <HelpFolder name="Methods" link="ms-help://MS.NETFrameworkSDKv1.1/cpref/html/frlrfsystemcollectionshashtableMethodsTopic.htm" ismsdn="true">
      <HelpTopic name="Clone()" link="ms-help://MS.NETFrameworkSDKv1.1/cpref/html/frlrfsystemcollectionshashtableclassCloneTopic.htm" ismsdn="true" />
      <HelpTopic name="OnDeserialization(System.Object)" link="ms-help://MS.NETFrameworkSDKv1.1/cpref/html/frlrfsystemcollectionshashtableclassOnDeserializationTopic.htm" ismsdn="true" />
      <HelpTopic name="GetObjectData(System.Runtime.Serialization.SerializationInfo, System.Runtime.Serialization.StreamingContext)" link="ms-help://MS.NETFrameworkSDKv1.1/cpref/html/frlrfsystemcollectionshashtableclassGetObjectDataTopic.htm" ismsdn="true" />
      <HelpTopic name="CopyTo(System.Array, System.Int32)" link="ms-help://MS.NETFrameworkSDKv1.1/cpref/html/frlrfsystemcollectionshashtableclassCopyToTopic.htm" ismsdn="true" />
      <HelpTopic name="Remove(System.Object)" link="ms-help://MS.NETFrameworkSDKv1.1/cpref/html/frlrfsystemcollectionshashtableclassRemoveTopic.htm" ismsdn="true" />
      <HelpTopic name="GetEnumerator()" link="ms-help://MS.NETFrameworkSDKv1.1/cpref/html/frlrfsystemcollectionshashtableclassGetEnumeratorTopic.htm" ismsdn="true" />
      <HelpTopic name="Clear()" link="ms-help://MS.NETFrameworkSDKv1.1/cpref/html/frlrfsystemcollectionshashtableclassClearTopic.htm" ismsdn="true" />
      <HelpTopic name="Add(System.Object, System.Object)" link="ms-help://MS.NETFrameworkSDKv1.1/cpref/html/frlrfsystemcollectionshashtableclassAddTopic.htm" ismsdn="true" />
      <HelpTopic name="Contains(System.Object)" link="ms-help://MS.NETFrameworkSDKv1.1/cpref/html/frlrfsystemcollectionshashtableclassContainsTopic.htm" ismsdn="true" />
      <HelpTopic name="ContainsValue(System.Object)" link="ms-help://MS.NETFrameworkSDKv1.1/cpref/html/frlrfsystemcollectionshashtableclassContainsValueTopic.htm" ismsdn="true" />
      <HelpTopic name="ContainsKey(System.Object)" link="ms-help://MS.NETFrameworkSDKv1.1/cpref/html/frlrfsystemcollectionshashtableclassContainsKeyTopic.htm" ismsdn="true" />
      <HelpTopic name="Synchronized(System.Collections.Hashtable)" link="ms-help://MS.NETFrameworkSDKv1.1/cpref/html/frlrfsystemcollectionshashtableclassSynchronizedTopic.htm" ismsdn="true" />
    </HelpFolder>
    <HelpFolder name="Properties" link="ms-help://MS.NETFrameworkSDKv1.1/cpref/html/frlrfsystemcollectionshashtablePropertiesTopic.htm" ismsdn="true">
      <HelpTopic name="Item" link="ms-help://MS.NETFrameworkSDKv1.1/cpref/html/frlrfsystemcollectionshashtableclassItemTopic.htm" ismsdn="true" />
      <HelpTopic name="IsReadOnly" link="ms-help://MS.NETFrameworkSDKv1.1/cpref/html/frlrfsystemcollectionshashtableclassIsReadOnlyTopic.htm" ismsdn="true" />
      <HelpTopic name="IsFixedSize" link="ms-help://MS.NETFrameworkSDKv1.1/cpref/html/frlrfsystemcollectionshashtableclassIsFixedSizeTopic.htm" ismsdn="true" />
      <HelpTopic name="IsSynchronized" link="ms-help://MS.NETFrameworkSDKv1.1/cpref/html/frlrfsystemcollectionshashtableclassIsSynchronizedTopic.htm" ismsdn="true" />
      <HelpTopic name="Keys" link="ms-help://MS.NETFrameworkSDKv1.1/cpref/html/frlrfsystemcollectionshashtableclassKeysTopic.htm" ismsdn="true" />
      <HelpTopic name="Values" link="ms-help://MS.NETFrameworkSDKv1.1/cpref/html/frlrfsystemcollectionshashtableclassValuesTopic.htm" ismsdn="true" />
      <HelpTopic name="SyncRoot" link="ms-help://MS.NETFrameworkSDKv1.1/cpref/html/frlrfsystemcollectionshashtableclassSyncRootTopic.htm" ismsdn="true" />
      <HelpTopic name="Count" link="ms-help://MS.NETFrameworkSDKv1.1/cpref/html/frlrfsystemcollectionshashtableclassCountTopic.htm" ismsdn="true" />
    </HelpFolder>
  </HelpFolder>
  <HelpFolder name="ICollection interface" link="ms-help://MS.NETFrameworkSDKv1.1/cpref/html/frlrfsystemcollectionsicollectionClassTopic.htm" ismsdn="true">
    <HelpTopic name="ICollection members" link="ms-help://MS.NETFrameworkSDKv1.1/cpref/html/frlrfsystemcollectionsicollectionMembersTopic.htm" ismsdn="true" />
    <HelpFolder name="Methods" link="ms-help://MS.NETFrameworkSDKv1.1/cpref/html/frlrfsystemcollectionsicollectionMethodsTopic.htm" ismsdn="true">
      <HelpTopic name="CopyTo(System.Array, System.Int32)" link="ms-help://MS.NETFrameworkSDKv1.1/cpref/html/frlrfsystemcollectionsicollectionclassCopyToTopic.htm" ismsdn="true" />
    </HelpFolder>
    <HelpFolder name="Properties" link="ms-help://MS.NETFrameworkSDKv1.1/cpref/html/frlrfsystemcollectionsicollectionPropertiesTopic.htm" ismsdn="true">
      <HelpTopic name="Count" link="ms-help://MS.NETFrameworkSDKv1.1/cpref/html/frlrfsystemcollectionsicollectionclassCountTopic.htm" ismsdn="true" />
      <HelpTopic name="SyncRoot" link="ms-help://MS.NETFrameworkSDKv1.1/cpref/html/frlrfsystemcollectionsicollectionclassSyncRootTopic.htm" ismsdn="true" />
      <HelpTopic name="IsSynchronized" link="ms-help://MS.NETFrameworkSDKv1.1/cpref/html/frlrfsystemcollectionsicollectionclassIsSynchronizedTopic.htm" ismsdn="true" />
    </HelpFolder>
  </HelpFolder>
  <HelpFolder name="IComparer interface" link="ms-help://MS.NETFrameworkSDKv1.1/cpref/html/frlrfsystemcollectionsicomparerClassTopic.htm" ismsdn="true">
    <HelpTopic name="IComparer members" link="ms-help://MS.NETFrameworkSDKv1.1/cpref/html/frlrfsystemcollectionsicomparerMembersTopic.htm" ismsdn="true" />
    <HelpFolder name="Methods" link="ms-help://MS.NETFrameworkSDKv1.1/cpref/html/frlrfsystemcollectionsicomparerMethodsTopic.htm" ismsdn="true">
      <HelpTopic name="Compare(System.Object, System.Object)" link="ms-help://MS.NETFrameworkSDKv1.1/cpref/html/frlrfsystemcollectionsicomparerclassCompareTopic.htm" ismsdn="true" />
    </HelpFolder>
  </HelpFolder>
  <HelpFolder name="IDictionary interface" link="ms-help://MS.NETFrameworkSDKv1.1/cpref/html/frlrfsystemcollectionsidictionaryClassTopic.htm" ismsdn="true">
    <HelpTopic name="IDictionary members" link="ms-help://MS.NETFrameworkSDKv1.1/cpref/html/frlrfsystemcollectionsidictionaryMembersTopic.htm" ismsdn="true" />
    <HelpFolder name="Methods" link="ms-help://MS.NETFrameworkSDKv1.1/cpref/html/frlrfsystemcollectionsidictionaryMethodsTopic.htm" ismsdn="true">
      <HelpTopic name="Remove(System.Object)" link="ms-help://MS.NETFrameworkSDKv1.1/cpref/html/frlrfsystemcollectionsidictionaryclassRemoveTopic.htm" ismsdn="true" />
      <HelpTopic name="GetEnumerator()" link="ms-help://MS.NETFrameworkSDKv1.1/cpref/html/frlrfsystemcollectionsidictionaryclassGetEnumeratorTopic.htm" ismsdn="true" />
      <HelpTopic name="Clear()" link="ms-help://MS.NETFrameworkSDKv1.1/cpref/html/frlrfsystemcollectionsidictionaryclassClearTopic.htm" ismsdn="true" />
      <HelpTopic name="Add(System.Object, System.Object)" link="ms-help://MS.NETFrameworkSDKv1.1/cpref/html/frlrfsystemcollectionsidictionaryclassAddTopic.htm" ismsdn="true" />
      <HelpTopic name="Contains(System.Object)" link="ms-help://MS.NETFrameworkSDKv1.1/cpref/html/frlrfsystemcollectionsidictionaryclassContainsTopic.htm" ismsdn="true" />
    </HelpFolder>
    <HelpFolder name="Properties" link="ms-help://MS.NETFrameworkSDKv1.1/cpref/html/frlrfsystemcollectionsidictionaryPropertiesTopic.htm" ismsdn="true">
      <HelpTopic name="Item" link="ms-help://MS.NETFrameworkSDKv1.1/cpref/html/frlrfsystemcollectionsidictionaryclassItemTopic.htm" ismsdn="true" />
      <HelpTopic name="Keys" link="ms-help://MS.NETFrameworkSDKv1.1/cpref/html/frlrfsystemcollectionsidictionaryclassKeysTopic.htm" ismsdn="true" />
      <HelpTopic name="Values" link="ms-help://MS.NETFrameworkSDKv1.1/cpref/html/frlrfsystemcollectionsidictionaryclassValuesTopic.htm" ismsdn="true" />
      <HelpTopic name="IsReadOnly" link="ms-help://MS.NETFrameworkSDKv1.1/cpref/html/frlrfsystemcollectionsidictionaryclassIsReadOnlyTopic.htm" ismsdn="true" />
      <HelpTopic name="IsFixedSize" link="ms-help://MS.NETFrameworkSDKv1.1/cpref/html/frlrfsystemcollectionsidictionaryclassIsFixedSizeTopic.htm" ismsdn="true" />
    </HelpFolder>
  </HelpFolder>
  <HelpFolder name="IDictionaryEnumerator interface" link="ms-help://MS.NETFrameworkSDKv1.1/cpref/html/frlrfsystemcollectionsidictionaryenumeratorClassTopic.htm" ismsdn="true">
    <HelpTopic name="IDictionaryEnumerator members" link="ms-help://MS.NETFrameworkSDKv1.1/cpref/html/frlrfsystemcollectionsidictionaryenumeratorMembersTopic.htm" ismsdn="true" />
    <HelpFolder name="Properties" link="ms-help://MS.NETFrameworkSDKv1.1/cpref/html/frlrfsystemcollectionsidictionaryenumeratorPropertiesTopic.htm" ismsdn="true">
      <HelpTopic name="Key" link="ms-help://MS.NETFrameworkSDKv1.1/cpref/html/frlrfsystemcollectionsidictionaryenumeratorclassKeyTopic.htm" ismsdn="true" />
      <HelpTopic name="Value" link="ms-help://MS.NETFrameworkSDKv1.1/cpref/html/frlrfsystemcollectionsidictionaryenumeratorclassValueTopic.htm" ismsdn="true" />
      <HelpTopic name="Entry" link="ms-help://MS.NETFrameworkSDKv1.1/cpref/html/frlrfsystemcollectionsidictionaryenumeratorclassEntryTopic.htm" ismsdn="true" />
    </HelpFolder>
  </HelpFolder>
  <HelpFolder name="IEnumerable interface" link="ms-help://MS.NETFrameworkSDKv1.1/cpref/html/frlrfsystemcollectionsienumerableClassTopic.htm" ismsdn="true">
    <HelpTopic name="IEnumerable members" link="ms-help://MS.NETFrameworkSDKv1.1/cpref/html/frlrfsystemcollectionsienumerableMembersTopic.htm" ismsdn="true" />
    <HelpFolder name="Methods" link="ms-help://MS.NETFrameworkSDKv1.1/cpref/html/frlrfsystemcollectionsienumerableMethodsTopic.htm" ismsdn="true">
      <HelpTopic name="GetEnumerator()" link="ms-help://MS.NETFrameworkSDKv1.1/cpref/html/frlrfsystemcollectionsienumerableclassGetEnumeratorTopic.htm" ismsdn="true" />
    </HelpFolder>
  </HelpFolder>
  <HelpFolder name="IEnumerator interface" link="ms-help://MS.NETFrameworkSDKv1.1/cpref/html/frlrfsystemcollectionsienumeratorClassTopic.htm" ismsdn="true">
    <HelpTopic name="IEnumerator members" link="ms-help://MS.NETFrameworkSDKv1.1/cpref/html/frlrfsystemcollectionsienumeratorMembersTopic.htm" ismsdn="true" />
    <HelpFolder name="Methods" link="ms-help://MS.NETFrameworkSDKv1.1/cpref/html/frlrfsystemcollectionsienumeratorMethodsTopic.htm" ismsdn="true">
      <HelpTopic name="Reset()" link="ms-help://MS.NETFrameworkSDKv1.1/cpref/html/frlrfsystemcollectionsienumeratorclassResetTopic.htm" ismsdn="true" />
      <HelpTopic name="MoveNext()" link="ms-help://MS.NETFrameworkSDKv1.1/cpref/html/frlrfsystemcollectionsienumeratorclassMoveNextTopic.htm" ismsdn="true" />
    </HelpFolder>
    <HelpFolder name="Properties" link="ms-help://MS.NETFrameworkSDKv1.1/cpref/html/frlrfsystemcollectionsienumeratorPropertiesTopic.htm" ismsdn="true">
      <HelpTopic name="Current" link="ms-help://MS.NETFrameworkSDKv1.1/cpref/html/frlrfsystemcollectionsienumeratorclassCurrentTopic.htm" ismsdn="true" />
    </HelpFolder>
  </HelpFolder>
  <HelpFolder name="IHashCodeProvider interface" link="ms-help://MS.NETFrameworkSDKv1.1/cpref/html/frlrfsystemcollectionsihashcodeproviderClassTopic.htm" ismsdn="true">
    <HelpTopic name="IHashCodeProvider members" link="ms-help://MS.NETFrameworkSDKv1.1/cpref/html/frlrfsystemcollectionsihashcodeproviderMembersTopic.htm" ismsdn="true" />
    <HelpFolder name="Methods" link="ms-help://MS.NETFrameworkSDKv1.1/cpref/html/frlrfsystemcollectionsihashcodeproviderMethodsTopic.htm" ismsdn="true">
      <HelpTopic name="GetHashCode(System.Object)" link="ms-help://MS.NETFrameworkSDKv1.1/cpref/html/frlrfsystemcollectionsihashcodeproviderclassGetHashCodeTopic.htm" ismsdn="true" />
    </HelpFolder>
  </HelpFolder>
  <HelpFolder name="IList interface" link="ms-help://MS.NETFrameworkSDKv1.1/cpref/html/frlrfsystemcollectionsilistClassTopic.htm" ismsdn="true">
    <HelpTopic name="IList members" link="ms-help://MS.NETFrameworkSDKv1.1/cpref/html/frlrfsystemcollectionsilistMembersTopic.htm" ismsdn="true" />
    <HelpFolder name="Methods" link="ms-help://MS.NETFrameworkSDKv1.1/cpref/html/frlrfsystemcollectionsilistMethodsTopic.htm" ismsdn="true">
      <HelpTopic name="RemoveAt(System.Int32)" link="ms-help://MS.NETFrameworkSDKv1.1/cpref/html/frlrfsystemcollectionsilistclassRemoveAtTopic.htm" ismsdn="true" />
      <HelpTopic name="Remove(System.Object)" link="ms-help://MS.NETFrameworkSDKv1.1/cpref/html/frlrfsystemcollectionsilistclassRemoveTopic.htm" ismsdn="true" />
      <HelpTopic name="Insert(System.Int32, System.Object)" link="ms-help://MS.NETFrameworkSDKv1.1/cpref/html/frlrfsystemcollectionsilistclassInsertTopic.htm" ismsdn="true" />
      <HelpTopic name="IndexOf(System.Object)" link="ms-help://MS.NETFrameworkSDKv1.1/cpref/html/frlrfsystemcollectionsilistclassIndexOfTopic.htm" ismsdn="true" />
      <HelpTopic name="Clear()" link="ms-help://MS.NETFrameworkSDKv1.1/cpref/html/frlrfsystemcollectionsilistclassClearTopic.htm" ismsdn="true" />
      <HelpTopic name="Contains(System.Object)" link="ms-help://MS.NETFrameworkSDKv1.1/cpref/html/frlrfsystemcollectionsilistclassContainsTopic.htm" ismsdn="true" />
      <HelpTopic name="Add(System.Object)" link="ms-help://MS.NETFrameworkSDKv1.1/cpref/html/frlrfsystemcollectionsilistclassAddTopic.htm" ismsdn="true" />
    </HelpFolder>
    <HelpFolder name="Properties" link="ms-help://MS.NETFrameworkSDKv1.1/cpref/html/frlrfsystemcollectionsilistPropertiesTopic.htm" ismsdn="true">
      <HelpTopic name="Item" link="ms-help://MS.NETFrameworkSDKv1.1/cpref/html/frlrfsystemcollectionsilistclassItemTopic.htm" ismsdn="true" />
      <HelpTopic name="IsReadOnly" link="ms-help://MS.NETFrameworkSDKv1.1/cpref/html/frlrfsystemcollectionsilistclassIsReadOnlyTopic.htm" ismsdn="true" />
      <HelpTopic name="IsFixedSize" link="ms-help://MS.NETFrameworkSDKv1.1/cpref/html/frlrfsystemcollectionsilistclassIsFixedSizeTopic.htm" ismsdn="true" />
    </HelpFolder>
  </HelpFolder>
  <HelpFolder name="Queue class" link="ms-help://MS.NETFrameworkSDKv1.1/cpref/html/frlrfsystemcollectionsqueueClassTopic.htm" ismsdn="true">
    <HelpTopic name="Queue members" link="ms-help://MS.NETFrameworkSDKv1.1/cpref/html/frlrfsystemcollectionsqueueMembersTopic.htm" ismsdn="true" />
    <HelpFolder name="Constructors" link="ms-help://MS.NETFrameworkSDKv1.1/cpref/html/frlrfsystemcollectionsqueueclassctorTopic.htm" ismsdn="true">
      <HelpTopic name=".ctor()" link="ms-help://MS.NETFrameworkSDKv1.1/cpref/html/frlrfsystemcollectionsqueueclassctorTopic1.htm" ismsdn="true" />
      <HelpTopic name=".ctor(System.Int32)" link="ms-help://MS.NETFrameworkSDKv1.1/cpref/html/frlrfsystemcollectionsqueueclassctorTopic1.htm" ismsdn="true" />
      <HelpTopic name=".ctor(System.Int32, System.Single)" link="ms-help://MS.NETFrameworkSDKv1.1/cpref/html/frlrfsystemcollectionsqueueclassctorTopic2.htm" ismsdn="true" />
      <HelpTopic name=".ctor(System.Collections.ICollection)" link="ms-help://MS.NETFrameworkSDKv1.1/cpref/html/frlrfsystemcollectionsqueueclassctorTopic3.htm" ismsdn="true" />
    </HelpFolder>
    <HelpFolder name="Methods" link="ms-help://MS.NETFrameworkSDKv1.1/cpref/html/frlrfsystemcollectionsqueueMethodsTopic.htm" ismsdn="true">
      <HelpTopic name="Clone()" link="ms-help://MS.NETFrameworkSDKv1.1/cpref/html/frlrfsystemcollectionsqueueclassCloneTopic.htm" ismsdn="true" />
      <HelpTopic name="GetEnumerator()" link="ms-help://MS.NETFrameworkSDKv1.1/cpref/html/frlrfsystemcollectionsqueueclassGetEnumeratorTopic.htm" ismsdn="true" />
      <HelpTopic name="CopyTo(System.Array, System.Int32)" link="ms-help://MS.NETFrameworkSDKv1.1/cpref/html/frlrfsystemcollectionsqueueclassCopyToTopic.htm" ismsdn="true" />
      <HelpTopic name="TrimToSize()" link="ms-help://MS.NETFrameworkSDKv1.1/cpref/html/frlrfsystemcollectionsqueueclassTrimToSizeTopic.htm" ismsdn="true" />
      <HelpTopic name="ToArray()" link="ms-help://MS.NETFrameworkSDKv1.1/cpref/html/frlrfsystemcollectionsqueueclassToArrayTopic.htm" ismsdn="true" />
      <HelpTopic name="Contains(System.Object)" link="ms-help://MS.NETFrameworkSDKv1.1/cpref/html/frlrfsystemcollectionsqueueclassContainsTopic.htm" ismsdn="true" />
      <HelpTopic name="Peek()" link="ms-help://MS.NETFrameworkSDKv1.1/cpref/html/frlrfsystemcollectionsqueueclassPeekTopic.htm" ismsdn="true" />
      <HelpTopic name="Dequeue()" link="ms-help://MS.NETFrameworkSDKv1.1/cpref/html/frlrfsystemcollectionsqueueclassDequeueTopic.htm" ismsdn="true" />
      <HelpTopic name="Enqueue(System.Object)" link="ms-help://MS.NETFrameworkSDKv1.1/cpref/html/frlrfsystemcollectionsqueueclassEnqueueTopic.htm" ismsdn="true" />
      <HelpTopic name="Clear()" link="ms-help://MS.NETFrameworkSDKv1.1/cpref/html/frlrfsystemcollectionsqueueclassClearTopic.htm" ismsdn="true" />
      <HelpTopic name="Synchronized(System.Collections.Queue)" link="ms-help://MS.NETFrameworkSDKv1.1/cpref/html/frlrfsystemcollectionsqueueclassSynchronizedTopic.htm" ismsdn="true" />
    </HelpFolder>
    <HelpFolder name="Properties" link="ms-help://MS.NETFrameworkSDKv1.1/cpref/html/frlrfsystemcollectionsqueuePropertiesTopic.htm" ismsdn="true">
      <HelpTopic name="Count" link="ms-help://MS.NETFrameworkSDKv1.1/cpref/html/frlrfsystemcollectionsqueueclassCountTopic.htm" ismsdn="true" />
      <HelpTopic name="IsSynchronized" link="ms-help://MS.NETFrameworkSDKv1.1/cpref/html/frlrfsystemcollectionsqueueclassIsSynchronizedTopic.htm" ismsdn="true" />
      <HelpTopic name="SyncRoot" link="ms-help://MS.NETFrameworkSDKv1.1/cpref/html/frlrfsystemcollectionsqueueclassSyncRootTopic.htm" ismsdn="true" />
    </HelpFolder>
  </HelpFolder>
  <HelpFolder name="ReadOnlyCollectionBase class" link="ms-help://MS.NETFrameworkSDKv1.1/cpref/html/frlrfsystemcollectionsreadonlycollectionbaseClassTopic.htm" ismsdn="true">
    <HelpTopic name="ReadOnlyCollectionBase members" link="ms-help://MS.NETFrameworkSDKv1.1/cpref/html/frlrfsystemcollectionsreadonlycollectionbaseMembersTopic.htm" ismsdn="true" />
    <HelpFolder name="Methods" link="ms-help://MS.NETFrameworkSDKv1.1/cpref/html/frlrfsystemcollectionsreadonlycollectionbaseMethodsTopic.htm" ismsdn="true">
      <HelpTopic name="GetEnumerator()" link="ms-help://MS.NETFrameworkSDKv1.1/cpref/html/frlrfsystemcollectionsreadonlycollectionbaseclassGetEnumeratorTopic.htm" ismsdn="true" />
    </HelpFolder>
    <HelpFolder name="Properties" link="ms-help://MS.NETFrameworkSDKv1.1/cpref/html/frlrfsystemcollectionsreadonlycollectionbasePropertiesTopic.htm" ismsdn="true">
      <HelpTopic name="Count" link="ms-help://MS.NETFrameworkSDKv1.1/cpref/html/frlrfsystemcollectionsreadonlycollectionbaseclassCountTopic.htm" ismsdn="true" />
    </HelpFolder>
  </HelpFolder>
  <HelpFolder name="SortedList class" link="ms-help://MS.NETFrameworkSDKv1.1/cpref/html/frlrfsystemcollectionssortedlistClassTopic.htm" ismsdn="true">
    <HelpTopic name="SortedList members" link="ms-help://MS.NETFrameworkSDKv1.1/cpref/html/frlrfsystemcollectionssortedlistMembersTopic.htm" ismsdn="true" />
    <HelpFolder name="Constructors" link="ms-help://MS.NETFrameworkSDKv1.1/cpref/html/frlrfsystemcollectionssortedlistclassctorTopic.htm" ismsdn="true">
      <HelpTopic name=".ctor()" link="ms-help://MS.NETFrameworkSDKv1.1/cpref/html/frlrfsystemcollectionssortedlistclassctorTopic1.htm" ismsdn="true" />
      <HelpTopic name=".ctor(System.Int32)" link="ms-help://MS.NETFrameworkSDKv1.1/cpref/html/frlrfsystemcollectionssortedlistclassctorTopic1.htm" ismsdn="true" />
      <HelpTopic name=".ctor(System.Collections.IComparer)" link="ms-help://MS.NETFrameworkSDKv1.1/cpref/html/frlrfsystemcollectionssortedlistclassctorTopic2.htm" ismsdn="true" />
      <HelpTopic name=".ctor(System.Collections.IComparer, System.Int32)" link="ms-help://MS.NETFrameworkSDKv1.1/cpref/html/frlrfsystemcollectionssortedlistclassctorTopic3.htm" ismsdn="true" />
      <HelpTopic name=".ctor(System.Collections.IDictionary)" link="ms-help://MS.NETFrameworkSDKv1.1/cpref/html/frlrfsystemcollectionssortedlistclassctorTopic4.htm" ismsdn="true" />
      <HelpTopic name=".ctor(System.Collections.IDictionary, System.Collections.IComparer)" link="ms-help://MS.NETFrameworkSDKv1.1/cpref/html/frlrfsystemcollectionssortedlistclassctorTopic5.htm" ismsdn="true" />
    </HelpFolder>
    <HelpFolder name="Methods" link="ms-help://MS.NETFrameworkSDKv1.1/cpref/html/frlrfsystemcollectionssortedlistMethodsTopic.htm" ismsdn="true">
      <HelpTopic name="Clone()" link="ms-help://MS.NETFrameworkSDKv1.1/cpref/html/frlrfsystemcollectionssortedlistclassCloneTopic.htm" ismsdn="true" />
      <HelpTopic name="CopyTo(System.Array, System.Int32)" link="ms-help://MS.NETFrameworkSDKv1.1/cpref/html/frlrfsystemcollectionssortedlistclassCopyToTopic.htm" ismsdn="true" />
      <HelpTopic name="Remove(System.Object)" link="ms-help://MS.NETFrameworkSDKv1.1/cpref/html/frlrfsystemcollectionssortedlistclassRemoveTopic.htm" ismsdn="true" />
      <HelpTopic name="GetEnumerator()" link="ms-help://MS.NETFrameworkSDKv1.1/cpref/html/frlrfsystemcollectionssortedlistclassGetEnumeratorTopic.htm" ismsdn="true" />
      <HelpTopic name="Clear()" link="ms-help://MS.NETFrameworkSDKv1.1/cpref/html/frlrfsystemcollectionssortedlistclassClearTopic.htm" ismsdn="true" />
      <HelpTopic name="Add(System.Object, System.Object)" link="ms-help://MS.NETFrameworkSDKv1.1/cpref/html/frlrfsystemcollectionssortedlistclassAddTopic.htm" ismsdn="true" />
      <HelpTopic name="Contains(System.Object)" link="ms-help://MS.NETFrameworkSDKv1.1/cpref/html/frlrfsystemcollectionssortedlistclassContainsTopic.htm" ismsdn="true" />
      <HelpTopic name="TrimToSize()" link="ms-help://MS.NETFrameworkSDKv1.1/cpref/html/frlrfsystemcollectionssortedlistclassTrimToSizeTopic.htm" ismsdn="true" />
      <HelpTopic name="SetByIndex(System.Int32, System.Object)" link="ms-help://MS.NETFrameworkSDKv1.1/cpref/html/frlrfsystemcollectionssortedlistclassSetByIndexTopic.htm" ismsdn="true" />
      <HelpTopic name="RemoveAt(System.Int32)" link="ms-help://MS.NETFrameworkSDKv1.1/cpref/html/frlrfsystemcollectionssortedlistclassRemoveAtTopic.htm" ismsdn="true" />
      <HelpTopic name="IndexOfValue(System.Object)" link="ms-help://MS.NETFrameworkSDKv1.1/cpref/html/frlrfsystemcollectionssortedlistclassIndexOfValueTopic.htm" ismsdn="true" />
      <HelpTopic name="IndexOfKey(System.Object)" link="ms-help://MS.NETFrameworkSDKv1.1/cpref/html/frlrfsystemcollectionssortedlistclassIndexOfKeyTopic.htm" ismsdn="true" />
      <HelpTopic name="GetValueList()" link="ms-help://MS.NETFrameworkSDKv1.1/cpref/html/frlrfsystemcollectionssortedlistclassGetValueListTopic.htm" ismsdn="true" />
      <HelpTopic name="GetKeyList()" link="ms-help://MS.NETFrameworkSDKv1.1/cpref/html/frlrfsystemcollectionssortedlistclassGetKeyListTopic.htm" ismsdn="true" />
      <HelpTopic name="GetKey(System.Int32)" link="ms-help://MS.NETFrameworkSDKv1.1/cpref/html/frlrfsystemcollectionssortedlistclassGetKeyTopic.htm" ismsdn="true" />
      <HelpTopic name="GetByIndex(System.Int32)" link="ms-help://MS.NETFrameworkSDKv1.1/cpref/html/frlrfsystemcollectionssortedlistclassGetByIndexTopic.htm" ismsdn="true" />
      <HelpTopic name="ContainsValue(System.Object)" link="ms-help://MS.NETFrameworkSDKv1.1/cpref/html/frlrfsystemcollectionssortedlistclassContainsValueTopic.htm" ismsdn="true" />
      <HelpTopic name="ContainsKey(System.Object)" link="ms-help://MS.NETFrameworkSDKv1.1/cpref/html/frlrfsystemcollectionssortedlistclassContainsKeyTopic.htm" ismsdn="true" />
      <HelpTopic name="Synchronized(System.Collections.SortedList)" link="ms-help://MS.NETFrameworkSDKv1.1/cpref/html/frlrfsystemcollectionssortedlistclassSynchronizedTopic.htm" ismsdn="true" />
    </HelpFolder>
    <HelpFolder name="Properties" link="ms-help://MS.NETFrameworkSDKv1.1/cpref/html/frlrfsystemcollectionssortedlistPropertiesTopic.htm" ismsdn="true">
      <HelpTopic name="Capacity" link="ms-help://MS.NETFrameworkSDKv1.1/cpref/html/frlrfsystemcollectionssortedlistclassCapacityTopic.htm" ismsdn="true" />
      <HelpTopic name="Count" link="ms-help://MS.NETFrameworkSDKv1.1/cpref/html/frlrfsystemcollectionssortedlistclassCountTopic.htm" ismsdn="true" />
      <HelpTopic name="Keys" link="ms-help://MS.NETFrameworkSDKv1.1/cpref/html/frlrfsystemcollectionssortedlistclassKeysTopic.htm" ismsdn="true" />
      <HelpTopic name="Values" link="ms-help://MS.NETFrameworkSDKv1.1/cpref/html/frlrfsystemcollectionssortedlistclassValuesTopic.htm" ismsdn="true" />
      <HelpTopic name="IsReadOnly" link="ms-help://MS.NETFrameworkSDKv1.1/cpref/html/frlrfsystemcollectionssortedlistclassIsReadOnlyTopic.htm" ismsdn="true" />
      <HelpTopic name="IsFixedSize" link="ms-help://MS.NETFrameworkSDKv1.1/cpref/html/frlrfsystemcollectionssortedlistclassIsFixedSizeTopic.htm" ismsdn="true" />
      <HelpTopic name="IsSynchronized" link="ms-help://MS.NETFrameworkSDKv1.1/cpref/html/frlrfsystemcollectionssortedlistclassIsSynchronizedTopic.htm" ismsdn="true" />
      <HelpTopic name="SyncRoot" link="ms-help://MS.NETFrameworkSDKv1.1/cpref/html/frlrfsystemcollectionssortedlistclassSyncRootTopic.htm" ismsdn="true" />
      <HelpTopic name="Item" link="ms-help://MS.NETFrameworkSDKv1.1/cpref/html/frlrfsystemcollectionssortedlistclassItemTopic.htm" ismsdn="true" />
    </HelpFolder>
  </HelpFolder>
  <HelpFolder name="Stack class" link="ms-help://MS.NETFrameworkSDKv1.1/cpref/html/frlrfsystemcollectionsstackClassTopic.htm" ismsdn="true">
    <HelpTopic name="Stack members" link="ms-help://MS.NETFrameworkSDKv1.1/cpref/html/frlrfsystemcollectionsstackMembersTopic.htm" ismsdn="true" />
    <HelpFolder name="Constructors" link="ms-help://MS.NETFrameworkSDKv1.1/cpref/html/frlrfsystemcollectionsstackclassctorTopic.htm" ismsdn="true">
      <HelpTopic name=".ctor()" link="ms-help://MS.NETFrameworkSDKv1.1/cpref/html/frlrfsystemcollectionsstackclassctorTopic1.htm" ismsdn="true" />
      <HelpTopic name=".ctor(System.Int32)" link="ms-help://MS.NETFrameworkSDKv1.1/cpref/html/frlrfsystemcollectionsstackclassctorTopic1.htm" ismsdn="true" />
      <HelpTopic name=".ctor(System.Collections.ICollection)" link="ms-help://MS.NETFrameworkSDKv1.1/cpref/html/frlrfsystemcollectionsstackclassctorTopic2.htm" ismsdn="true" />
    </HelpFolder>
    <HelpFolder name="Methods" link="ms-help://MS.NETFrameworkSDKv1.1/cpref/html/frlrfsystemcollectionsstackMethodsTopic.htm" ismsdn="true">
      <HelpTopic name="Clone()" link="ms-help://MS.NETFrameworkSDKv1.1/cpref/html/frlrfsystemcollectionsstackclassCloneTopic.htm" ismsdn="true" />
      <HelpTopic name="GetEnumerator()" link="ms-help://MS.NETFrameworkSDKv1.1/cpref/html/frlrfsystemcollectionsstackclassGetEnumeratorTopic.htm" ismsdn="true" />
      <HelpTopic name="CopyTo(System.Array, System.Int32)" link="ms-help://MS.NETFrameworkSDKv1.1/cpref/html/frlrfsystemcollectionsstackclassCopyToTopic.htm" ismsdn="true" />
      <HelpTopic name="ToArray()" link="ms-help://MS.NETFrameworkSDKv1.1/cpref/html/frlrfsystemcollectionsstackclassToArrayTopic.htm" ismsdn="true" />
      <HelpTopic name="Push(System.Object)" link="ms-help://MS.NETFrameworkSDKv1.1/cpref/html/frlrfsystemcollectionsstackclassPushTopic.htm" ismsdn="true" />
      <HelpTopic name="Pop()" link="ms-help://MS.NETFrameworkSDKv1.1/cpref/html/frlrfsystemcollectionsstackclassPopTopic.htm" ismsdn="true" />
      <HelpTopic name="Peek()" link="ms-help://MS.NETFrameworkSDKv1.1/cpref/html/frlrfsystemcollectionsstackclassPeekTopic.htm" ismsdn="true" />
      <HelpTopic name="Contains(System.Object)" link="ms-help://MS.NETFrameworkSDKv1.1/cpref/html/frlrfsystemcollectionsstackclassContainsTopic.htm" ismsdn="true" />
      <HelpTopic name="Clear()" link="ms-help://MS.NETFrameworkSDKv1.1/cpref/html/frlrfsystemcollectionsstackclassClearTopic.htm" ismsdn="true" />
      <HelpTopic name="Synchronized(System.Collections.Stack)" link="ms-help://MS.NETFrameworkSDKv1.1/cpref/html/frlrfsystemcollectionsstackclassSynchronizedTopic.htm" ismsdn="true" />
    </HelpFolder>
    <HelpFolder name="Properties" link="ms-help://MS.NETFrameworkSDKv1.1/cpref/html/frlrfsystemcollectionsstackPropertiesTopic.htm" ismsdn="true">
      <HelpTopic name="Count" link="ms-help://MS.NETFrameworkSDKv1.1/cpref/html/frlrfsystemcollectionsstackclassCountTopic.htm" ismsdn="true" />
      <HelpTopic name="IsSynchronized" link="ms-help://MS.NETFrameworkSDKv1.1/cpref/html/frlrfsystemcollectionsstackclassIsSynchronizedTopic.htm" ismsdn="true" />
      <HelpTopic name="SyncRoot" link="ms-help://MS.NETFrameworkSDKv1.1/cpref/html/frlrfsystemcollectionsstackclassSyncRootTopic.htm" ismsdn="true" />
    </HelpFolder>
  </HelpFolder>
</HelpCollection>