<HelpCollection>
  <HelpTopic name="AccessChecksLevelOption enumeration" link="ms-help://MS.NETFrameworkSDKv1.1/cpref/html/frlrfsystementerpriseservicesaccesschecksleveloptionClassTopic.htm" ismsdn="true" />
  <HelpTopic name="ActivationOption enumeration" link="ms-help://MS.NETFrameworkSDKv1.1/cpref/html/frlrfsystementerpriseservicesactivationoptionClassTopic.htm" ismsdn="true" />
  <HelpFolder name="Activity class" link="ms-help://MS.NETFrameworkSDKv1.1/cpref/html/frlrfsystementerpriseservicesactivityClassTopic.htm" ismsdn="true">
    <HelpTopic name="Activity members" link="ms-help://MS.NETFrameworkSDKv1.1/cpref/html/frlrfsystementerpriseservicesactivityMembersTopic.htm" ismsdn="true" />
    <HelpFolder name="Constructors" link="ms-help://MS.NETFrameworkSDKv1.1/cpref/html/frlrfsystementerpriseservicesactivityclassctorTopic.htm" ismsdn="true">
      <HelpTopic name=".ctor(System.EnterpriseServices.ServiceConfig)" link="ms-help://MS.NETFrameworkSDKv1.1/cpref/html/frlrfsystementerpriseservicesactivityclassctorTopic.htm" ismsdn="true" />
    </HelpFolder>
    <HelpFolder name="Methods" link="ms-help://MS.NETFrameworkSDKv1.1/cpref/html/frlrfsystementerpriseservicesactivityMethodsTopic.htm" ismsdn="true">
      <HelpTopic name="SynchronousCall(System.EnterpriseServices.IServiceCall)" link="ms-help://MS.NETFrameworkSDKv1.1/cpref/html/frlrfsystementerpriseservicesactivityclassSynchronousCallTopic.htm" ismsdn="true" />
      <HelpTopic name="AsynchronousCall(System.EnterpriseServices.IServiceCall)" link="ms-help://MS.NETFrameworkSDKv1.1/cpref/html/frlrfsystementerpriseservicesactivityclassAsynchronousCallTopic.htm" ismsdn="true" />
      <HelpTopic name="BindToCurrentThread()" link="ms-help://MS.NETFrameworkSDKv1.1/cpref/html/frlrfsystementerpriseservicesactivityclassBindToCurrentThreadTopic.htm" ismsdn="true" />
      <HelpTopic name="UnbindFromThread()" link="ms-help://MS.NETFrameworkSDKv1.1/cpref/html/frlrfsystementerpriseservicesactivityclassUnbindFromThreadTopic.htm" ismsdn="true" />
    </HelpFolder>
  </HelpFolder>
  <HelpFolder name="ApplicationAccessControlAttribute class" link="ms-help://MS.NETFrameworkSDKv1.1/cpref/html/frlrfsystementerpriseservicesapplicationaccesscontrolattributeClassTopic.htm" ismsdn="true">
    <HelpTopic name="ApplicationAccessControlAttribute members" link="ms-help://MS.NETFrameworkSDKv1.1/cpref/html/frlrfsystementerpriseservicesapplicationaccesscontrolattributeMembersTopic.htm" ismsdn="true" />
    <HelpFolder name="Constructors" link="ms-help://MS.NETFrameworkSDKv1.1/cpref/html/frlrfsystementerpriseservicesapplicationaccesscontrolattributeclassctorTopic.htm" ismsdn="true">
      <HelpTopic name=".ctor()" link="ms-help://MS.NETFrameworkSDKv1.1/cpref/html/frlrfsystementerpriseservicesapplicationaccesscontrolattributeclassctorTopic1.htm" ismsdn="true" />
      <HelpTopic name=".ctor(System.Boolean)" link="ms-help://MS.NETFrameworkSDKv1.1/cpref/html/frlrfsystementerpriseservicesapplicationaccesscontrolattributeclassctorTopic1.htm" ismsdn="true" />
    </HelpFolder>
    <HelpFolder name="Properties" link="ms-help://MS.NETFrameworkSDKv1.1/cpref/html/frlrfsystementerpriseservicesapplicationaccesscontrolattributePropertiesTopic.htm" ismsdn="true">
      <HelpTopic name="Value" link="ms-help://MS.NETFrameworkSDKv1.1/cpref/html/frlrfsystementerpriseservicesapplicationaccesscontrolattributeclassValueTopic.htm" ismsdn="true" />
      <HelpTopic name="AccessChecksLevel" link="ms-help://MS.NETFrameworkSDKv1.1/cpref/html/frlrfsystementerpriseservicesapplicationaccesscontrolattributeclassAccessChecksLevelTopic.htm" ismsdn="true" />
      <HelpTopic name="Authentication" link="ms-help://MS.NETFrameworkSDKv1.1/cpref/html/frlrfsystementerpriseservicesapplicationaccesscontrolattributeclassAuthenticationTopic.htm" ismsdn="true" />
      <HelpTopic name="ImpersonationLevel" link="ms-help://MS.NETFrameworkSDKv1.1/cpref/html/frlrfsystementerpriseservicesapplicationaccesscontrolattributeclassImpersonationLevelTopic.htm" ismsdn="true" />
    </HelpFolder>
  </HelpFolder>
  <HelpFolder name="ApplicationActivationAttribute class" link="ms-help://MS.NETFrameworkSDKv1.1/cpref/html/frlrfsystementerpriseservicesapplicationactivationattributeClassTopic.htm" ismsdn="true">
    <HelpTopic name="ApplicationActivationAttribute members" link="ms-help://MS.NETFrameworkSDKv1.1/cpref/html/frlrfsystementerpriseservicesapplicationactivationattributeMembersTopic.htm" ismsdn="true" />
    <HelpFolder name="Constructors" link="ms-help://MS.NETFrameworkSDKv1.1/cpref/html/frlrfsystementerpriseservicesapplicationactivationattributeclassctorTopic.htm" ismsdn="true">
      <HelpTopic name=".ctor(System.EnterpriseServices.ActivationOption)" link="ms-help://MS.NETFrameworkSDKv1.1/cpref/html/frlrfsystementerpriseservicesapplicationactivationattributeclassctorTopic.htm" ismsdn="true" />
    </HelpFolder>
    <HelpFolder name="Properties" link="ms-help://MS.NETFrameworkSDKv1.1/cpref/html/frlrfsystementerpriseservicesapplicationactivationattributePropertiesTopic.htm" ismsdn="true">
      <HelpTopic name="Value" link="ms-help://MS.NETFrameworkSDKv1.1/cpref/html/frlrfsystementerpriseservicesapplicationactivationattributeclassValueTopic.htm" ismsdn="true" />
      <HelpTopic name="SoapVRoot" link="ms-help://MS.NETFrameworkSDKv1.1/cpref/html/frlrfsystementerpriseservicesapplicationactivationattributeclassSoapVRootTopic.htm" ismsdn="true" />
      <HelpTopic name="SoapMailbox" link="ms-help://MS.NETFrameworkSDKv1.1/cpref/html/frlrfsystementerpriseservicesapplicationactivationattributeclassSoapMailboxTopic.htm" ismsdn="true" />
    </HelpFolder>
  </HelpFolder>
  <HelpFolder name="ApplicationIDAttribute class" link="ms-help://MS.NETFrameworkSDKv1.1/cpref/html/frlrfsystementerpriseservicesapplicationidattributeClassTopic.htm" ismsdn="true">
    <HelpTopic name="ApplicationIDAttribute members" link="ms-help://MS.NETFrameworkSDKv1.1/cpref/html/frlrfsystementerpriseservicesapplicationidattributeMembersTopic.htm" ismsdn="true" />
    <HelpFolder name="Constructors" link="ms-help://MS.NETFrameworkSDKv1.1/cpref/html/frlrfsystementerpriseservicesapplicationidattributeclassctorTopic.htm" ismsdn="true">
      <HelpTopic name=".ctor(System.String)" link="ms-help://MS.NETFrameworkSDKv1.1/cpref/html/frlrfsystementerpriseservicesapplicationidattributeclassctorTopic.htm" ismsdn="true" />
    </HelpFolder>
    <HelpFolder name="Properties" link="ms-help://MS.NETFrameworkSDKv1.1/cpref/html/frlrfsystementerpriseservicesapplicationidattributePropertiesTopic.htm" ismsdn="true">
      <HelpTopic name="Value" link="ms-help://MS.NETFrameworkSDKv1.1/cpref/html/frlrfsystementerpriseservicesapplicationidattributeclassValueTopic.htm" ismsdn="true" />
    </HelpFolder>
  </HelpFolder>
  <HelpFolder name="ApplicationNameAttribute class" link="ms-help://MS.NETFrameworkSDKv1.1/cpref/html/frlrfsystementerpriseservicesapplicationnameattributeClassTopic.htm" ismsdn="true">
    <HelpTopic name="ApplicationNameAttribute members" link="ms-help://MS.NETFrameworkSDKv1.1/cpref/html/frlrfsystementerpriseservicesapplicationnameattributeMembersTopic.htm" ismsdn="true" />
    <HelpFolder name="Constructors" link="ms-help://MS.NETFrameworkSDKv1.1/cpref/html/frlrfsystementerpriseservicesapplicationnameattributeclassctorTopic.htm" ismsdn="true">
      <HelpTopic name=".ctor(System.String)" link="ms-help://MS.NETFrameworkSDKv1.1/cpref/html/frlrfsystementerpriseservicesapplicationnameattributeclassctorTopic.htm" ismsdn="true" />
    </HelpFolder>
    <HelpFolder name="Properties" link="ms-help://MS.NETFrameworkSDKv1.1/cpref/html/frlrfsystementerpriseservicesapplicationnameattributePropertiesTopic.htm" ismsdn="true">
      <HelpTopic name="Value" link="ms-help://MS.NETFrameworkSDKv1.1/cpref/html/frlrfsystementerpriseservicesapplicationnameattributeclassValueTopic.htm" ismsdn="true" />
    </HelpFolder>
  </HelpFolder>
  <HelpFolder name="ApplicationQueuingAttribute class" link="ms-help://MS.NETFrameworkSDKv1.1/cpref/html/frlrfsystementerpriseservicesapplicationqueuingattributeClassTopic.htm" ismsdn="true">
    <HelpTopic name="ApplicationQueuingAttribute members" link="ms-help://MS.NETFrameworkSDKv1.1/cpref/html/frlrfsystementerpriseservicesapplicationqueuingattributeMembersTopic.htm" ismsdn="true" />
    <HelpFolder name="Constructors" link="ms-help://MS.NETFrameworkSDKv1.1/cpref/html/frlrfsystementerpriseservicesapplicationqueuingattributeclassctorTopic.htm" ismsdn="true">
      <HelpTopic name=".ctor()" link="ms-help://MS.NETFrameworkSDKv1.1/cpref/html/frlrfsystementerpriseservicesapplicationqueuingattributeclassctorTopic.htm" ismsdn="true" />
    </HelpFolder>
    <HelpFolder name="Properties" link="ms-help://MS.NETFrameworkSDKv1.1/cpref/html/frlrfsystementerpriseservicesapplicationqueuingattributePropertiesTopic.htm" ismsdn="true">
      <HelpTopic name="Enabled" link="ms-help://MS.NETFrameworkSDKv1.1/cpref/html/frlrfsystementerpriseservicesapplicationqueuingattributeclassEnabledTopic.htm" ismsdn="true" />
      <HelpTopic name="QueueListenerEnabled" link="ms-help://MS.NETFrameworkSDKv1.1/cpref/html/frlrfsystementerpriseservicesapplicationqueuingattributeclassQueueListenerEnabledTopic.htm" ismsdn="true" />
      <HelpTopic name="MaxListenerThreads" link="ms-help://MS.NETFrameworkSDKv1.1/cpref/html/frlrfsystementerpriseservicesapplicationqueuingattributeclassMaxListenerThreadsTopic.htm" ismsdn="true" />
    </HelpFolder>
  </HelpFolder>
  <HelpTopic name="AuthenticationOption enumeration" link="ms-help://MS.NETFrameworkSDKv1.1/cpref/html/frlrfsystementerpriseservicesauthenticationoptionClassTopic.htm" ismsdn="true" />
  <HelpFolder name="AutoCompleteAttribute class" link="ms-help://MS.NETFrameworkSDKv1.1/cpref/html/frlrfsystementerpriseservicesautocompleteattributeClassTopic.htm" ismsdn="true">
    <HelpTopic name="AutoCompleteAttribute members" link="ms-help://MS.NETFrameworkSDKv1.1/cpref/html/frlrfsystementerpriseservicesautocompleteattributeMembersTopic.htm" ismsdn="true" />
    <HelpFolder name="Constructors" link="ms-help://MS.NETFrameworkSDKv1.1/cpref/html/frlrfsystementerpriseservicesautocompleteattributeclassctorTopic.htm" ismsdn="true">
      <HelpTopic name=".ctor()" link="ms-help://MS.NETFrameworkSDKv1.1/cpref/html/frlrfsystementerpriseservicesautocompleteattributeclassctorTopic1.htm" ismsdn="true" />
      <HelpTopic name=".ctor(System.Boolean)" link="ms-help://MS.NETFrameworkSDKv1.1/cpref/html/frlrfsystementerpriseservicesautocompleteattributeclassctorTopic1.htm" ismsdn="true" />
    </HelpFolder>
    <HelpFolder name="Properties" link="ms-help://MS.NETFrameworkSDKv1.1/cpref/html/frlrfsystementerpriseservicesautocompleteattributePropertiesTopic.htm" ismsdn="true">
      <HelpTopic name="Value" link="ms-help://MS.NETFrameworkSDKv1.1/cpref/html/frlrfsystementerpriseservicesautocompleteattributeclassValueTopic.htm" ismsdn="true" />
    </HelpFolder>
  </HelpFolder>
  <HelpTopic name="BindingOption enumeration" link="ms-help://MS.NETFrameworkSDKv1.1/cpref/html/frlrfsystementerpriseservicesbindingoptionClassTopic.htm" ismsdn="true" />
  <HelpFolder name="BOID structure" link="ms-help://MS.NETFrameworkSDKv1.1/cpref/html/frlrfsystementerpriseservicesboidClassTopic.htm" ismsdn="true">
    <HelpTopic name="BOID members" link="ms-help://MS.NETFrameworkSDKv1.1/cpref/html/frlrfsystementerpriseservicesboidMembersTopic.htm" ismsdn="true" />
    <HelpFolder name="Fields" link="ms-help://MS.NETFrameworkSDKv1.1/cpref/html/frlrfsystementerpriseservicesboidFieldsTopic.htm" ismsdn="true">
      <HelpTopic name="rgb" link="ms-help://MS.NETFrameworkSDKv1.1/cpref/html/frlrfsystementerpriseservicesboidclassrgbTopic.htm" ismsdn="true" />
    </HelpFolder>
  </HelpFolder>
  <HelpFolder name="BYOT class" link="ms-help://MS.NETFrameworkSDKv1.1/cpref/html/frlrfsystementerpriseservicesbyotClassTopic.htm" ismsdn="true">
    <HelpTopic name="BYOT members" link="ms-help://MS.NETFrameworkSDKv1.1/cpref/html/frlrfsystementerpriseservicesbyotMembersTopic.htm" ismsdn="true" />
    <HelpFolder name="Methods" link="ms-help://MS.NETFrameworkSDKv1.1/cpref/html/frlrfsystementerpriseservicesbyotMethodsTopic.htm" ismsdn="true">
      <HelpTopic name="CreateWithTransaction(System.Object, System.Type)" link="ms-help://MS.NETFrameworkSDKv1.1/cpref/html/frlrfsystementerpriseservicesbyotclassCreateWithTransactionTopic.htm" ismsdn="true" />
      <HelpTopic name="CreateWithTipTransaction(System.String, System.Type)" link="ms-help://MS.NETFrameworkSDKv1.1/cpref/html/frlrfsystementerpriseservicesbyotclassCreateWithTipTransactionTopic.htm" ismsdn="true" />
    </HelpFolder>
  </HelpFolder>
  <HelpFolder name="ComponentAccessControlAttribute class" link="ms-help://MS.NETFrameworkSDKv1.1/cpref/html/frlrfsystementerpriseservicescomponentaccesscontrolattributeClassTopic.htm" ismsdn="true">
    <HelpTopic name="ComponentAccessControlAttribute members" link="ms-help://MS.NETFrameworkSDKv1.1/cpref/html/frlrfsystementerpriseservicescomponentaccesscontrolattributeMembersTopic.htm" ismsdn="true" />
    <HelpFolder name="Constructors" link="ms-help://MS.NETFrameworkSDKv1.1/cpref/html/frlrfsystementerpriseservicescomponentaccesscontrolattributeclassctorTopic.htm" ismsdn="true">
      <HelpTopic name=".ctor()" link="ms-help://MS.NETFrameworkSDKv1.1/cpref/html/frlrfsystementerpriseservicescomponentaccesscontrolattributeclassctorTopic1.htm" ismsdn="true" />
      <HelpTopic name=".ctor(System.Boolean)" link="ms-help://MS.NETFrameworkSDKv1.1/cpref/html/frlrfsystementerpriseservicescomponentaccesscontrolattributeclassctorTopic1.htm" ismsdn="true" />
    </HelpFolder>
    <HelpFolder name="Properties" link="ms-help://MS.NETFrameworkSDKv1.1/cpref/html/frlrfsystementerpriseservicescomponentaccesscontrolattributePropertiesTopic.htm" ismsdn="true">
      <HelpTopic name="Value" link="ms-help://MS.NETFrameworkSDKv1.1/cpref/html/frlrfsystementerpriseservicescomponentaccesscontrolattributeclassValueTopic.htm" ismsdn="true" />
    </HelpFolder>
  </HelpFolder>
  <HelpFolder name="COMTIIntrinsicsAttribute class" link="ms-help://MS.NETFrameworkSDKv1.1/cpref/html/frlrfsystementerpriseservicescomtiintrinsicsattributeClassTopic.htm" ismsdn="true">
    <HelpTopic name="COMTIIntrinsicsAttribute members" link="ms-help://MS.NETFrameworkSDKv1.1/cpref/html/frlrfsystementerpriseservicescomtiintrinsicsattributeMembersTopic.htm" ismsdn="true" />
    <HelpFolder name="Constructors" link="ms-help://MS.NETFrameworkSDKv1.1/cpref/html/frlrfsystementerpriseservicescomtiintrinsicsattributeclassctorTopic.htm" ismsdn="true">
      <HelpTopic name=".ctor()" link="ms-help://MS.NETFrameworkSDKv1.1/cpref/html/frlrfsystementerpriseservicescomtiintrinsicsattributeclassctorTopic1.htm" ismsdn="true" />
      <HelpTopic name=".ctor(System.Boolean)" link="ms-help://MS.NETFrameworkSDKv1.1/cpref/html/frlrfsystementerpriseservicescomtiintrinsicsattributeclassctorTopic1.htm" ismsdn="true" />
    </HelpFolder>
    <HelpFolder name="Properties" link="ms-help://MS.NETFrameworkSDKv1.1/cpref/html/frlrfsystementerpriseservicescomtiintrinsicsattributePropertiesTopic.htm" ismsdn="true">
      <HelpTopic name="Value" link="ms-help://MS.NETFrameworkSDKv1.1/cpref/html/frlrfsystementerpriseservicescomtiintrinsicsattributeclassValueTopic.htm" ismsdn="true" />
    </HelpFolder>
  </HelpFolder>
  <HelpFolder name="ConstructionEnabledAttribute class" link="ms-help://MS.NETFrameworkSDKv1.1/cpref/html/frlrfsystementerpriseservicesconstructionenabledattributeClassTopic.htm" ismsdn="true">
    <HelpTopic name="ConstructionEnabledAttribute members" link="ms-help://MS.NETFrameworkSDKv1.1/cpref/html/frlrfsystementerpriseservicesconstructionenabledattributeMembersTopic.htm" ismsdn="true" />
    <HelpFolder name="Constructors" link="ms-help://MS.NETFrameworkSDKv1.1/cpref/html/frlrfsystementerpriseservicesconstructionenabledattributeclassctorTopic.htm" ismsdn="true">
      <HelpTopic name=".ctor()" link="ms-help://MS.NETFrameworkSDKv1.1/cpref/html/frlrfsystementerpriseservicesconstructionenabledattributeclassctorTopic1.htm" ismsdn="true" />
      <HelpTopic name=".ctor(System.Boolean)" link="ms-help://MS.NETFrameworkSDKv1.1/cpref/html/frlrfsystementerpriseservicesconstructionenabledattributeclassctorTopic1.htm" ismsdn="true" />
    </HelpFolder>
    <HelpFolder name="Properties" link="ms-help://MS.NETFrameworkSDKv1.1/cpref/html/frlrfsystementerpriseservicesconstructionenabledattributePropertiesTopic.htm" ismsdn="true">
      <HelpTopic name="Default" link="ms-help://MS.NETFrameworkSDKv1.1/cpref/html/frlrfsystementerpriseservicesconstructionenabledattributeclassDefaultTopic.htm" ismsdn="true" />
      <HelpTopic name="Enabled" link="ms-help://MS.NETFrameworkSDKv1.1/cpref/html/frlrfsystementerpriseservicesconstructionenabledattributeclassEnabledTopic.htm" ismsdn="true" />
    </HelpFolder>
  </HelpFolder>
  <HelpFolder name="ContextUtil class" link="ms-help://MS.NETFrameworkSDKv1.1/cpref/html/frlrfsystementerpriseservicescontextutilClassTopic.htm" ismsdn="true">
    <HelpTopic name="ContextUtil members" link="ms-help://MS.NETFrameworkSDKv1.1/cpref/html/frlrfsystementerpriseservicescontextutilMembersTopic.htm" ismsdn="true" />
    <HelpFolder name="Methods" link="ms-help://MS.NETFrameworkSDKv1.1/cpref/html/frlrfsystementerpriseservicescontextutilMethodsTopic.htm" ismsdn="true">
      <HelpTopic name="EnableCommit()" link="ms-help://MS.NETFrameworkSDKv1.1/cpref/html/frlrfsystementerpriseservicescontextutilclassEnableCommitTopic.htm" ismsdn="true" />
      <HelpTopic name="DisableCommit()" link="ms-help://MS.NETFrameworkSDKv1.1/cpref/html/frlrfsystementerpriseservicescontextutilclassDisableCommitTopic.htm" ismsdn="true" />
      <HelpTopic name="SetComplete()" link="ms-help://MS.NETFrameworkSDKv1.1/cpref/html/frlrfsystementerpriseservicescontextutilclassSetCompleteTopic.htm" ismsdn="true" />
      <HelpTopic name="SetAbort()" link="ms-help://MS.NETFrameworkSDKv1.1/cpref/html/frlrfsystementerpriseservicescontextutilclassSetAbortTopic.htm" ismsdn="true" />
      <HelpTopic name="IsCallerInRole(System.String)" link="ms-help://MS.NETFrameworkSDKv1.1/cpref/html/frlrfsystementerpriseservicescontextutilclassIsCallerInRoleTopic.htm" ismsdn="true" />
      <HelpTopic name="IsDefaultContext()" link="ms-help://MS.NETFrameworkSDKv1.1/cpref/html/frlrfsystementerpriseservicescontextutilclassIsDefaultContextTopic.htm" ismsdn="true" />
      <HelpTopic name="GetNamedProperty(System.String)" link="ms-help://MS.NETFrameworkSDKv1.1/cpref/html/frlrfsystementerpriseservicescontextutilclassGetNamedPropertyTopic.htm" ismsdn="true" />
      <HelpTopic name="SetNamedProperty(System.String, System.Object)" link="ms-help://MS.NETFrameworkSDKv1.1/cpref/html/frlrfsystementerpriseservicescontextutilclassSetNamedPropertyTopic.htm" ismsdn="true" />
    </HelpFolder>
    <HelpFolder name="Properties" link="ms-help://MS.NETFrameworkSDKv1.1/cpref/html/frlrfsystementerpriseservicescontextutilPropertiesTopic.htm" ismsdn="true">
      <HelpTopic name="IsInTransaction" link="ms-help://MS.NETFrameworkSDKv1.1/cpref/html/frlrfsystementerpriseservicescontextutilclassIsInTransactionTopic.htm" ismsdn="true" />
      <HelpTopic name="IsSecurityEnabled" link="ms-help://MS.NETFrameworkSDKv1.1/cpref/html/frlrfsystementerpriseservicescontextutilclassIsSecurityEnabledTopic.htm" ismsdn="true" />
      <HelpTopic name="Transaction" link="ms-help://MS.NETFrameworkSDKv1.1/cpref/html/frlrfsystementerpriseservicescontextutilclassTransactionTopic.htm" ismsdn="true" />
      <HelpTopic name="SystemTransaction" link="ms-help://MS.NETFrameworkSDKv1.1/cpref/html/frlrfsystementerpriseservicescontextutilclassSystemTransactionTopic.htm" ismsdn="true" />
      <HelpTopic name="TransactionId" link="ms-help://MS.NETFrameworkSDKv1.1/cpref/html/frlrfsystementerpriseservicescontextutilclassTransactionIdTopic.htm" ismsdn="true" />
      <HelpTopic name="ContextId" link="ms-help://MS.NETFrameworkSDKv1.1/cpref/html/frlrfsystementerpriseservicescontextutilclassContextIdTopic.htm" ismsdn="true" />
      <HelpTopic name="ActivityId" link="ms-help://MS.NETFrameworkSDKv1.1/cpref/html/frlrfsystementerpriseservicescontextutilclassActivityIdTopic.htm" ismsdn="true" />
      <HelpTopic name="MyTransactionVote" link="ms-help://MS.NETFrameworkSDKv1.1/cpref/html/frlrfsystementerpriseservicescontextutilclassMyTransactionVoteTopic.htm" ismsdn="true" />
      <HelpTopic name="DeactivateOnReturn" link="ms-help://MS.NETFrameworkSDKv1.1/cpref/html/frlrfsystementerpriseservicescontextutilclassDeactivateOnReturnTopic.htm" ismsdn="true" />
      <HelpTopic name="PartitionId" link="ms-help://MS.NETFrameworkSDKv1.1/cpref/html/frlrfsystementerpriseservicescontextutilclassPartitionIdTopic.htm" ismsdn="true" />
      <HelpTopic name="ApplicationId" link="ms-help://MS.NETFrameworkSDKv1.1/cpref/html/frlrfsystementerpriseservicescontextutilclassApplicationIdTopic.htm" ismsdn="true" />
      <HelpTopic name="ApplicationInstanceId" link="ms-help://MS.NETFrameworkSDKv1.1/cpref/html/frlrfsystementerpriseservicescontextutilclassApplicationInstanceIdTopic.htm" ismsdn="true" />
    </HelpFolder>
  </HelpFolder>
  <HelpFolder name="DescriptionAttribute class" link="ms-help://MS.NETFrameworkSDKv1.1/cpref/html/frlrfsystementerpriseservicesdescriptionattributeClassTopic.htm" ismsdn="true">
    <HelpTopic name="DescriptionAttribute members" link="ms-help://MS.NETFrameworkSDKv1.1/cpref/html/frlrfsystementerpriseservicesdescriptionattributeMembersTopic.htm" ismsdn="true" />
    <HelpFolder name="Constructors" link="ms-help://MS.NETFrameworkSDKv1.1/cpref/html/frlrfsystementerpriseservicesdescriptionattributeclassctorTopic.htm" ismsdn="true">
      <HelpTopic name=".ctor(System.String)" link="ms-help://MS.NETFrameworkSDKv1.1/cpref/html/frlrfsystementerpriseservicesdescriptionattributeclassctorTopic.htm" ismsdn="true" />
    </HelpFolder>
  </HelpFolder>
  <HelpFolder name="EventClassAttribute class" link="ms-help://MS.NETFrameworkSDKv1.1/cpref/html/frlrfsystementerpriseserviceseventclassattributeClassTopic.htm" ismsdn="true">
    <HelpTopic name="EventClassAttribute members" link="ms-help://MS.NETFrameworkSDKv1.1/cpref/html/frlrfsystementerpriseserviceseventclassattributeMembersTopic.htm" ismsdn="true" />
    <HelpFolder name="Constructors" link="ms-help://MS.NETFrameworkSDKv1.1/cpref/html/frlrfsystementerpriseserviceseventclassattributeclassctorTopic.htm" ismsdn="true">
      <HelpTopic name=".ctor()" link="ms-help://MS.NETFrameworkSDKv1.1/cpref/html/frlrfsystementerpriseserviceseventclassattributeclassctorTopic.htm" ismsdn="true" />
    </HelpFolder>
    <HelpFolder name="Properties" link="ms-help://MS.NETFrameworkSDKv1.1/cpref/html/frlrfsystementerpriseserviceseventclassattributePropertiesTopic.htm" ismsdn="true">
      <HelpTopic name="FireInParallel" link="ms-help://MS.NETFrameworkSDKv1.1/cpref/html/frlrfsystementerpriseserviceseventclassattributeclassFireInParallelTopic.htm" ismsdn="true" />
      <HelpTopic name="AllowInprocSubscribers" link="ms-help://MS.NETFrameworkSDKv1.1/cpref/html/frlrfsystementerpriseserviceseventclassattributeclassAllowInprocSubscribersTopic.htm" ismsdn="true" />
      <HelpTopic name="PublisherFilter" link="ms-help://MS.NETFrameworkSDKv1.1/cpref/html/frlrfsystementerpriseserviceseventclassattributeclassPublisherFilterTopic.htm" ismsdn="true" />
    </HelpFolder>
  </HelpFolder>
  <HelpFolder name="EventTrackingEnabledAttribute class" link="ms-help://MS.NETFrameworkSDKv1.1/cpref/html/frlrfsystementerpriseserviceseventtrackingenabledattributeClassTopic.htm" ismsdn="true">
    <HelpTopic name="EventTrackingEnabledAttribute members" link="ms-help://MS.NETFrameworkSDKv1.1/cpref/html/frlrfsystementerpriseserviceseventtrackingenabledattributeMembersTopic.htm" ismsdn="true" />
    <HelpFolder name="Constructors" link="ms-help://MS.NETFrameworkSDKv1.1/cpref/html/frlrfsystementerpriseserviceseventtrackingenabledattributeclassctorTopic.htm" ismsdn="true">
      <HelpTopic name=".ctor()" link="ms-help://MS.NETFrameworkSDKv1.1/cpref/html/frlrfsystementerpriseserviceseventtrackingenabledattributeclassctorTopic1.htm" ismsdn="true" />
      <HelpTopic name=".ctor(System.Boolean)" link="ms-help://MS.NETFrameworkSDKv1.1/cpref/html/frlrfsystementerpriseserviceseventtrackingenabledattributeclassctorTopic1.htm" ismsdn="true" />
    </HelpFolder>
    <HelpFolder name="Properties" link="ms-help://MS.NETFrameworkSDKv1.1/cpref/html/frlrfsystementerpriseserviceseventtrackingenabledattributePropertiesTopic.htm" ismsdn="true">
      <HelpTopic name="Value" link="ms-help://MS.NETFrameworkSDKv1.1/cpref/html/frlrfsystementerpriseserviceseventtrackingenabledattributeclassValueTopic.htm" ismsdn="true" />
    </HelpFolder>
  </HelpFolder>
  <HelpFolder name="ExceptionClassAttribute class" link="ms-help://MS.NETFrameworkSDKv1.1/cpref/html/frlrfsystementerpriseservicesexceptionclassattributeClassTopic.htm" ismsdn="true">
    <HelpTopic name="ExceptionClassAttribute members" link="ms-help://MS.NETFrameworkSDKv1.1/cpref/html/frlrfsystementerpriseservicesexceptionclassattributeMembersTopic.htm" ismsdn="true" />
    <HelpFolder name="Constructors" link="ms-help://MS.NETFrameworkSDKv1.1/cpref/html/frlrfsystementerpriseservicesexceptionclassattributeclassctorTopic.htm" ismsdn="true">
      <HelpTopic name=".ctor(System.String)" link="ms-help://MS.NETFrameworkSDKv1.1/cpref/html/frlrfsystementerpriseservicesexceptionclassattributeclassctorTopic.htm" ismsdn="true" />
    </HelpFolder>
    <HelpFolder name="Properties" link="ms-help://MS.NETFrameworkSDKv1.1/cpref/html/frlrfsystementerpriseservicesexceptionclassattributePropertiesTopic.htm" ismsdn="true">
      <HelpTopic name="Value" link="ms-help://MS.NETFrameworkSDKv1.1/cpref/html/frlrfsystementerpriseservicesexceptionclassattributeclassValueTopic.htm" ismsdn="true" />
    </HelpFolder>
  </HelpFolder>
  <HelpFolder name="IAsyncErrorNotify interface" link="ms-help://MS.NETFrameworkSDKv1.1/cpref/html/frlrfsystementerpriseservicesiasyncerrornotifyClassTopic.htm" ismsdn="true">
    <HelpTopic name="IAsyncErrorNotify members" link="ms-help://MS.NETFrameworkSDKv1.1/cpref/html/frlrfsystementerpriseservicesiasyncerrornotifyMembersTopic.htm" ismsdn="true" />
    <HelpFolder name="Methods" link="ms-help://MS.NETFrameworkSDKv1.1/cpref/html/frlrfsystementerpriseservicesiasyncerrornotifyMethodsTopic.htm" ismsdn="true">
      <HelpTopic name="OnError(System.Int32)" link="ms-help://MS.NETFrameworkSDKv1.1/cpref/html/frlrfsystementerpriseservicesiasyncerrornotifyclassOnErrorTopic.htm" ismsdn="true" />
    </HelpFolder>
  </HelpFolder>
  <HelpFolder name="IISIntrinsicsAttribute class" link="ms-help://MS.NETFrameworkSDKv1.1/cpref/html/frlrfsystementerpriseservicesiisintrinsicsattributeClassTopic.htm" ismsdn="true">
    <HelpTopic name="IISIntrinsicsAttribute members" link="ms-help://MS.NETFrameworkSDKv1.1/cpref/html/frlrfsystementerpriseservicesiisintrinsicsattributeMembersTopic.htm" ismsdn="true" />
    <HelpFolder name="Constructors" link="ms-help://MS.NETFrameworkSDKv1.1/cpref/html/frlrfsystementerpriseservicesiisintrinsicsattributeclassctorTopic.htm" ismsdn="true">
      <HelpTopic name=".ctor()" link="ms-help://MS.NETFrameworkSDKv1.1/cpref/html/frlrfsystementerpriseservicesiisintrinsicsattributeclassctorTopic1.htm" ismsdn="true" />
      <HelpTopic name=".ctor(System.Boolean)" link="ms-help://MS.NETFrameworkSDKv1.1/cpref/html/frlrfsystementerpriseservicesiisintrinsicsattributeclassctorTopic1.htm" ismsdn="true" />
    </HelpFolder>
    <HelpFolder name="Properties" link="ms-help://MS.NETFrameworkSDKv1.1/cpref/html/frlrfsystementerpriseservicesiisintrinsicsattributePropertiesTopic.htm" ismsdn="true">
      <HelpTopic name="Value" link="ms-help://MS.NETFrameworkSDKv1.1/cpref/html/frlrfsystementerpriseservicesiisintrinsicsattributeclassValueTopic.htm" ismsdn="true" />
    </HelpFolder>
  </HelpFolder>
  <HelpTopic name="ImpersonationLevelOption enumeration" link="ms-help://MS.NETFrameworkSDKv1.1/cpref/html/frlrfsystementerpriseservicesimpersonationleveloptionClassTopic.htm" ismsdn="true" />
  <HelpTopic name="InheritanceOption enumeration" link="ms-help://MS.NETFrameworkSDKv1.1/cpref/html/frlrfsystementerpriseservicesinheritanceoptionClassTopic.htm" ismsdn="true" />
  <HelpTopic name="InstallationFlags enumeration" link="ms-help://MS.NETFrameworkSDKv1.1/cpref/html/frlrfsystementerpriseservicesinstallationflagsClassTopic.htm" ismsdn="true" />
  <HelpFolder name="InterfaceQueuingAttribute class" link="ms-help://MS.NETFrameworkSDKv1.1/cpref/html/frlrfsystementerpriseservicesinterfacequeuingattributeClassTopic.htm" ismsdn="true">
    <HelpTopic name="InterfaceQueuingAttribute members" link="ms-help://MS.NETFrameworkSDKv1.1/cpref/html/frlrfsystementerpriseservicesinterfacequeuingattributeMembersTopic.htm" ismsdn="true" />
    <HelpFolder name="Constructors" link="ms-help://MS.NETFrameworkSDKv1.1/cpref/html/frlrfsystementerpriseservicesinterfacequeuingattributeclassctorTopic.htm" ismsdn="true">
      <HelpTopic name=".ctor()" link="ms-help://MS.NETFrameworkSDKv1.1/cpref/html/frlrfsystementerpriseservicesinterfacequeuingattributeclassctorTopic1.htm" ismsdn="true" />
      <HelpTopic name=".ctor(System.Boolean)" link="ms-help://MS.NETFrameworkSDKv1.1/cpref/html/frlrfsystementerpriseservicesinterfacequeuingattributeclassctorTopic1.htm" ismsdn="true" />
    </HelpFolder>
    <HelpFolder name="Properties" link="ms-help://MS.NETFrameworkSDKv1.1/cpref/html/frlrfsystementerpriseservicesinterfacequeuingattributePropertiesTopic.htm" ismsdn="true">
      <HelpTopic name="Enabled" link="ms-help://MS.NETFrameworkSDKv1.1/cpref/html/frlrfsystementerpriseservicesinterfacequeuingattributeclassEnabledTopic.htm" ismsdn="true" />
      <HelpTopic name="Interface" link="ms-help://MS.NETFrameworkSDKv1.1/cpref/html/frlrfsystementerpriseservicesinterfacequeuingattributeclassInterfaceTopic.htm" ismsdn="true" />
    </HelpFolder>
  </HelpFolder>
  <HelpFolder name="IPlaybackControl interface" link="ms-help://MS.NETFrameworkSDKv1.1/cpref/html/frlrfsystementerpriseservicesiplaybackcontrolClassTopic.htm" ismsdn="true">
    <HelpTopic name="IPlaybackControl members" link="ms-help://MS.NETFrameworkSDKv1.1/cpref/html/frlrfsystementerpriseservicesiplaybackcontrolMembersTopic.htm" ismsdn="true" />
    <HelpFolder name="Methods" link="ms-help://MS.NETFrameworkSDKv1.1/cpref/html/frlrfsystementerpriseservicesiplaybackcontrolMethodsTopic.htm" ismsdn="true">
      <HelpTopic name="FinalClientRetry()" link="ms-help://MS.NETFrameworkSDKv1.1/cpref/html/frlrfsystementerpriseservicesiplaybackcontrolclassFinalClientRetryTopic.htm" ismsdn="true" />
      <HelpTopic name="FinalServerRetry()" link="ms-help://MS.NETFrameworkSDKv1.1/cpref/html/frlrfsystementerpriseservicesiplaybackcontrolclassFinalServerRetryTopic.htm" ismsdn="true" />
    </HelpFolder>
  </HelpFolder>
  <HelpFolder name="IProcessInitControl interface" link="ms-help://MS.NETFrameworkSDKv1.1/cpref/html/frlrfsystementerpriseservicesiprocessinitcontrolClassTopic.htm" ismsdn="true">
    <HelpTopic name="IProcessInitControl members" link="ms-help://MS.NETFrameworkSDKv1.1/cpref/html/frlrfsystementerpriseservicesiprocessinitcontrolMembersTopic.htm" ismsdn="true" />
    <HelpFolder name="Methods" link="ms-help://MS.NETFrameworkSDKv1.1/cpref/html/frlrfsystementerpriseservicesiprocessinitcontrolMethodsTopic.htm" ismsdn="true">
      <HelpTopic name="ResetInitializerTimeout(System.Int32)" link="ms-help://MS.NETFrameworkSDKv1.1/cpref/html/frlrfsystementerpriseservicesiprocessinitcontrolclassResetInitializerTimeoutTopic.htm" ismsdn="true" />
    </HelpFolder>
  </HelpFolder>
  <HelpFolder name="IProcessInitializer interface" link="ms-help://MS.NETFrameworkSDKv1.1/cpref/html/frlrfsystementerpriseservicesiprocessinitializerClassTopic.htm" ismsdn="true">
    <HelpTopic name="IProcessInitializer members" link="ms-help://MS.NETFrameworkSDKv1.1/cpref/html/frlrfsystementerpriseservicesiprocessinitializerMembersTopic.htm" ismsdn="true" />
    <HelpFolder name="Methods" link="ms-help://MS.NETFrameworkSDKv1.1/cpref/html/frlrfsystementerpriseservicesiprocessinitializerMethodsTopic.htm" ismsdn="true">
      <HelpTopic name="Startup(System.Object)" link="ms-help://MS.NETFrameworkSDKv1.1/cpref/html/frlrfsystementerpriseservicesiprocessinitializerclassStartupTopic.htm" ismsdn="true" />
      <HelpTopic name="Shutdown()" link="ms-help://MS.NETFrameworkSDKv1.1/cpref/html/frlrfsystementerpriseservicesiprocessinitializerclassShutdownTopic.htm" ismsdn="true" />
    </HelpFolder>
  </HelpFolder>
  <HelpFolder name="IRegistrationHelper interface" link="ms-help://MS.NETFrameworkSDKv1.1/cpref/html/frlrfsystementerpriseservicesiregistrationhelperClassTopic.htm" ismsdn="true">
    <HelpTopic name="IRegistrationHelper members" link="ms-help://MS.NETFrameworkSDKv1.1/cpref/html/frlrfsystementerpriseservicesiregistrationhelperMembersTopic.htm" ismsdn="true" />
    <HelpFolder name="Methods" link="ms-help://MS.NETFrameworkSDKv1.1/cpref/html/frlrfsystementerpriseservicesiregistrationhelperMethodsTopic.htm" ismsdn="true">
      <HelpTopic name="InstallAssembly(System.String, System.String&amp;, System.String&amp;, System.EnterpriseServices.InstallationFlags)" link="ms-help://MS.NETFrameworkSDKv1.1/cpref/html/frlrfsystementerpriseservicesiregistrationhelperclassInstallAssemblyTopic.htm" ismsdn="true" />
      <HelpTopic name="UninstallAssembly(System.String, System.String)" link="ms-help://MS.NETFrameworkSDKv1.1/cpref/html/frlrfsystementerpriseservicesiregistrationhelperclassUninstallAssemblyTopic.htm" ismsdn="true" />
    </HelpFolder>
  </HelpFolder>
  <HelpFolder name="IRemoteDispatch interface" link="ms-help://MS.NETFrameworkSDKv1.1/cpref/html/frlrfsystementerpriseservicesiremotedispatchClassTopic.htm" ismsdn="true">
    <HelpTopic name="IRemoteDispatch members" link="ms-help://MS.NETFrameworkSDKv1.1/cpref/html/frlrfsystementerpriseservicesiremotedispatchMembersTopic.htm" ismsdn="true" />
    <HelpFolder name="Methods" link="ms-help://MS.NETFrameworkSDKv1.1/cpref/html/frlrfsystementerpriseservicesiremotedispatchMethodsTopic.htm" ismsdn="true">
      <HelpTopic name="RemoteDispatchAutoDone(System.String)" link="ms-help://MS.NETFrameworkSDKv1.1/cpref/html/frlrfsystementerpriseservicesiremotedispatchclassRemoteDispatchAutoDoneTopic.htm" ismsdn="true" />
      <HelpTopic name="RemoteDispatchNotAutoDone(System.String)" link="ms-help://MS.NETFrameworkSDKv1.1/cpref/html/frlrfsystementerpriseservicesiremotedispatchclassRemoteDispatchNotAutoDoneTopic.htm" ismsdn="true" />
    </HelpFolder>
  </HelpFolder>
  <HelpFolder name="IServiceCall interface" link="ms-help://MS.NETFrameworkSDKv1.1/cpref/html/frlrfsystementerpriseservicesiservicecallClassTopic.htm" ismsdn="true">
    <HelpTopic name="IServiceCall members" link="ms-help://MS.NETFrameworkSDKv1.1/cpref/html/frlrfsystementerpriseservicesiservicecallMembersTopic.htm" ismsdn="true" />
    <HelpFolder name="Methods" link="ms-help://MS.NETFrameworkSDKv1.1/cpref/html/frlrfsystementerpriseservicesiservicecallMethodsTopic.htm" ismsdn="true">
      <HelpTopic name="OnCall()" link="ms-help://MS.NETFrameworkSDKv1.1/cpref/html/frlrfsystementerpriseservicesiservicecallclassOnCallTopic.htm" ismsdn="true" />
    </HelpFolder>
  </HelpFolder>
  <HelpFolder name="IServicedComponentInfo interface" link="ms-help://MS.NETFrameworkSDKv1.1/cpref/html/frlrfsystementerpriseservicesiservicedcomponentinfoClassTopic.htm" ismsdn="true">
    <HelpTopic name="IServicedComponentInfo members" link="ms-help://MS.NETFrameworkSDKv1.1/cpref/html/frlrfsystementerpriseservicesiservicedcomponentinfoMembersTopic.htm" ismsdn="true" />
    <HelpFolder name="Methods" link="ms-help://MS.NETFrameworkSDKv1.1/cpref/html/frlrfsystementerpriseservicesiservicedcomponentinfoMethodsTopic.htm" ismsdn="true">
      <HelpTopic name="GetComponentInfo(System.Int32&amp;, System.String[]&amp;)" link="ms-help://MS.NETFrameworkSDKv1.1/cpref/html/frlrfsystementerpriseservicesiservicedcomponentinfoclassGetComponentInfoTopic.htm" ismsdn="true" />
    </HelpFolder>
  </HelpFolder>
  <HelpFolder name="ITransaction interface" link="ms-help://MS.NETFrameworkSDKv1.1/cpref/html/frlrfsystementerpriseservicesitransactionClassTopic.htm" ismsdn="true">
    <HelpTopic name="ITransaction members" link="ms-help://MS.NETFrameworkSDKv1.1/cpref/html/frlrfsystementerpriseservicesitransactionMembersTopic.htm" ismsdn="true" />
    <HelpFolder name="Methods" link="ms-help://MS.NETFrameworkSDKv1.1/cpref/html/frlrfsystementerpriseservicesitransactionMethodsTopic.htm" ismsdn="true">
      <HelpTopic name="Commit(System.Int32, System.Int32, System.Int32)" link="ms-help://MS.NETFrameworkSDKv1.1/cpref/html/frlrfsystementerpriseservicesitransactionclassCommitTopic.htm" ismsdn="true" />
      <HelpTopic name="Abort(System.EnterpriseServices.BOID&amp;, System.Int32, System.Int32)" link="ms-help://MS.NETFrameworkSDKv1.1/cpref/html/frlrfsystementerpriseservicesitransactionclassAbortTopic.htm" ismsdn="true" />
      <HelpTopic name="GetTransactionInfo(System.EnterpriseServices.XACTTRANSINFO&amp;)" link="ms-help://MS.NETFrameworkSDKv1.1/cpref/html/frlrfsystementerpriseservicesitransactionclassGetTransactionInfoTopic.htm" ismsdn="true" />
    </HelpFolder>
  </HelpFolder>
  <HelpFolder name="JustInTimeActivationAttribute class" link="ms-help://MS.NETFrameworkSDKv1.1/cpref/html/frlrfsystementerpriseservicesjustintimeactivationattributeClassTopic.htm" ismsdn="true">
    <HelpTopic name="JustInTimeActivationAttribute members" link="ms-help://MS.NETFrameworkSDKv1.1/cpref/html/frlrfsystementerpriseservicesjustintimeactivationattributeMembersTopic.htm" ismsdn="true" />
    <HelpFolder name="Constructors" link="ms-help://MS.NETFrameworkSDKv1.1/cpref/html/frlrfsystementerpriseservicesjustintimeactivationattributeclassctorTopic.htm" ismsdn="true">
      <HelpTopic name=".ctor()" link="ms-help://MS.NETFrameworkSDKv1.1/cpref/html/frlrfsystementerpriseservicesjustintimeactivationattributeclassctorTopic1.htm" ismsdn="true" />
      <HelpTopic name=".ctor(System.Boolean)" link="ms-help://MS.NETFrameworkSDKv1.1/cpref/html/frlrfsystementerpriseservicesjustintimeactivationattributeclassctorTopic1.htm" ismsdn="true" />
    </HelpFolder>
    <HelpFolder name="Properties" link="ms-help://MS.NETFrameworkSDKv1.1/cpref/html/frlrfsystementerpriseservicesjustintimeactivationattributePropertiesTopic.htm" ismsdn="true">
      <HelpTopic name="Value" link="ms-help://MS.NETFrameworkSDKv1.1/cpref/html/frlrfsystementerpriseservicesjustintimeactivationattributeclassValueTopic.htm" ismsdn="true" />
    </HelpFolder>
  </HelpFolder>
  <HelpFolder name="LoadBalancingSupportedAttribute class" link="ms-help://MS.NETFrameworkSDKv1.1/cpref/html/frlrfsystementerpriseservicesloadbalancingsupportedattributeClassTopic.htm" ismsdn="true">
    <HelpTopic name="LoadBalancingSupportedAttribute members" link="ms-help://MS.NETFrameworkSDKv1.1/cpref/html/frlrfsystementerpriseservicesloadbalancingsupportedattributeMembersTopic.htm" ismsdn="true" />
    <HelpFolder name="Constructors" link="ms-help://MS.NETFrameworkSDKv1.1/cpref/html/frlrfsystementerpriseservicesloadbalancingsupportedattributeclassctorTopic.htm" ismsdn="true">
      <HelpTopic name=".ctor()" link="ms-help://MS.NETFrameworkSDKv1.1/cpref/html/frlrfsystementerpriseservicesloadbalancingsupportedattributeclassctorTopic1.htm" ismsdn="true" />
      <HelpTopic name=".ctor(System.Boolean)" link="ms-help://MS.NETFrameworkSDKv1.1/cpref/html/frlrfsystementerpriseservicesloadbalancingsupportedattributeclassctorTopic1.htm" ismsdn="true" />
    </HelpFolder>
    <HelpFolder name="Properties" link="ms-help://MS.NETFrameworkSDKv1.1/cpref/html/frlrfsystementerpriseservicesloadbalancingsupportedattributePropertiesTopic.htm" ismsdn="true">
      <HelpTopic name="Value" link="ms-help://MS.NETFrameworkSDKv1.1/cpref/html/frlrfsystementerpriseservicesloadbalancingsupportedattributeclassValueTopic.htm" ismsdn="true" />
    </HelpFolder>
  </HelpFolder>
  <HelpFolder name="MustRunInClientContextAttribute class" link="ms-help://MS.NETFrameworkSDKv1.1/cpref/html/frlrfsystementerpriseservicesmustruninclientcontextattributeClassTopic.htm" ismsdn="true">
    <HelpTopic name="MustRunInClientContextAttribute members" link="ms-help://MS.NETFrameworkSDKv1.1/cpref/html/frlrfsystementerpriseservicesmustruninclientcontextattributeMembersTopic.htm" ismsdn="true" />
    <HelpFolder name="Constructors" link="ms-help://MS.NETFrameworkSDKv1.1/cpref/html/frlrfsystementerpriseservicesmustruninclientcontextattributeclassctorTopic.htm" ismsdn="true">
      <HelpTopic name=".ctor()" link="ms-help://MS.NETFrameworkSDKv1.1/cpref/html/frlrfsystementerpriseservicesmustruninclientcontextattributeclassctorTopic1.htm" ismsdn="true" />
      <HelpTopic name=".ctor(System.Boolean)" link="ms-help://MS.NETFrameworkSDKv1.1/cpref/html/frlrfsystementerpriseservicesmustruninclientcontextattributeclassctorTopic1.htm" ismsdn="true" />
    </HelpFolder>
    <HelpFolder name="Properties" link="ms-help://MS.NETFrameworkSDKv1.1/cpref/html/frlrfsystementerpriseservicesmustruninclientcontextattributePropertiesTopic.htm" ismsdn="true">
      <HelpTopic name="Value" link="ms-help://MS.NETFrameworkSDKv1.1/cpref/html/frlrfsystementerpriseservicesmustruninclientcontextattributeclassValueTopic.htm" ismsdn="true" />
    </HelpFolder>
  </HelpFolder>
  <HelpFolder name="ObjectPoolingAttribute class" link="ms-help://MS.NETFrameworkSDKv1.1/cpref/html/frlrfsystementerpriseservicesobjectpoolingattributeClassTopic.htm" ismsdn="true">
    <HelpTopic name="ObjectPoolingAttribute members" link="ms-help://MS.NETFrameworkSDKv1.1/cpref/html/frlrfsystementerpriseservicesobjectpoolingattributeMembersTopic.htm" ismsdn="true" />
    <HelpFolder name="Constructors" link="ms-help://MS.NETFrameworkSDKv1.1/cpref/html/frlrfsystementerpriseservicesobjectpoolingattributeclassctorTopic.htm" ismsdn="true">
      <HelpTopic name=".ctor()" link="ms-help://MS.NETFrameworkSDKv1.1/cpref/html/frlrfsystementerpriseservicesobjectpoolingattributeclassctorTopic1.htm" ismsdn="true" />
      <HelpTopic name=".ctor(System.Int32, System.Int32)" link="ms-help://MS.NETFrameworkSDKv1.1/cpref/html/frlrfsystementerpriseservicesobjectpoolingattributeclassctorTopic1.htm" ismsdn="true" />
      <HelpTopic name=".ctor(System.Boolean)" link="ms-help://MS.NETFrameworkSDKv1.1/cpref/html/frlrfsystementerpriseservicesobjectpoolingattributeclassctorTopic2.htm" ismsdn="true" />
      <HelpTopic name=".ctor(System.Boolean, System.Int32, System.Int32)" link="ms-help://MS.NETFrameworkSDKv1.1/cpref/html/frlrfsystementerpriseservicesobjectpoolingattributeclassctorTopic3.htm" ismsdn="true" />
    </HelpFolder>
    <HelpFolder name="Methods" link="ms-help://MS.NETFrameworkSDKv1.1/cpref/html/frlrfsystementerpriseservicesobjectpoolingattributeMethodsTopic.htm" ismsdn="true">
      <HelpTopic name="IsValidTarget(System.String)" link="ms-help://MS.NETFrameworkSDKv1.1/cpref/html/frlrfsystementerpriseservicesobjectpoolingattributeclassIsValidTargetTopic.htm" ismsdn="true" />
      <HelpTopic name="Apply(System.Collections.Hashtable)" link="ms-help://MS.NETFrameworkSDKv1.1/cpref/html/frlrfsystementerpriseservicesobjectpoolingattributeclassApplyTopic.htm" ismsdn="true" />
      <HelpTopic name="AfterSaveChanges(System.Collections.Hashtable)" link="ms-help://MS.NETFrameworkSDKv1.1/cpref/html/frlrfsystementerpriseservicesobjectpoolingattributeclassAfterSaveChangesTopic.htm" ismsdn="true" />
    </HelpFolder>
    <HelpFolder name="Properties" link="ms-help://MS.NETFrameworkSDKv1.1/cpref/html/frlrfsystementerpriseservicesobjectpoolingattributePropertiesTopic.htm" ismsdn="true">
      <HelpTopic name="Enabled" link="ms-help://MS.NETFrameworkSDKv1.1/cpref/html/frlrfsystementerpriseservicesobjectpoolingattributeclassEnabledTopic.htm" ismsdn="true" />
      <HelpTopic name="MaxPoolSize" link="ms-help://MS.NETFrameworkSDKv1.1/cpref/html/frlrfsystementerpriseservicesobjectpoolingattributeclassMaxPoolSizeTopic.htm" ismsdn="true" />
      <HelpTopic name="MinPoolSize" link="ms-help://MS.NETFrameworkSDKv1.1/cpref/html/frlrfsystementerpriseservicesobjectpoolingattributeclassMinPoolSizeTopic.htm" ismsdn="true" />
      <HelpTopic name="CreationTimeout" link="ms-help://MS.NETFrameworkSDKv1.1/cpref/html/frlrfsystementerpriseservicesobjectpoolingattributeclassCreationTimeoutTopic.htm" ismsdn="true" />
    </HelpFolder>
  </HelpFolder>
  <HelpTopic name="PartitionOption enumeration" link="ms-help://MS.NETFrameworkSDKv1.1/cpref/html/frlrfsystementerpriseservicespartitionoptionClassTopic.htm" ismsdn="true" />
  <HelpFolder name="PrivateComponentAttribute class" link="ms-help://MS.NETFrameworkSDKv1.1/cpref/html/frlrfsystementerpriseservicesprivatecomponentattributeClassTopic.htm" ismsdn="true">
    <HelpTopic name="PrivateComponentAttribute members" link="ms-help://MS.NETFrameworkSDKv1.1/cpref/html/frlrfsystementerpriseservicesprivatecomponentattributeMembersTopic.htm" ismsdn="true" />
    <HelpFolder name="Constructors" link="ms-help://MS.NETFrameworkSDKv1.1/cpref/html/frlrfsystementerpriseservicesprivatecomponentattributeclassctorTopic.htm" ismsdn="true">
      <HelpTopic name=".ctor()" link="ms-help://MS.NETFrameworkSDKv1.1/cpref/html/frlrfsystementerpriseservicesprivatecomponentattributeclassctorTopic.htm" ismsdn="true" />
    </HelpFolder>
  </HelpFolder>
  <HelpTopic name="PropertyLockMode enumeration" link="ms-help://MS.NETFrameworkSDKv1.1/cpref/html/frlrfsystementerpriseservicespropertylockmodeClassTopic.htm" ismsdn="true" />
  <HelpTopic name="PropertyReleaseMode enumeration" link="ms-help://MS.NETFrameworkSDKv1.1/cpref/html/frlrfsystementerpriseservicespropertyreleasemodeClassTopic.htm" ismsdn="true" />
  <HelpFolder name="RegistrationConfig class" link="ms-help://MS.NETFrameworkSDKv1.1/cpref/html/frlrfsystementerpriseservicesregistrationconfigClassTopic.htm" ismsdn="true">
    <HelpTopic name="RegistrationConfig members" link="ms-help://MS.NETFrameworkSDKv1.1/cpref/html/frlrfsystementerpriseservicesregistrationconfigMembersTopic.htm" ismsdn="true" />
    <HelpFolder name="Constructors" link="ms-help://MS.NETFrameworkSDKv1.1/cpref/html/frlrfsystementerpriseservicesregistrationconfigclassctorTopic.htm" ismsdn="true">
      <HelpTopic name=".ctor()" link="ms-help://MS.NETFrameworkSDKv1.1/cpref/html/frlrfsystementerpriseservicesregistrationconfigclassctorTopic.htm" ismsdn="true" />
    </HelpFolder>
    <HelpFolder name="Properties" link="ms-help://MS.NETFrameworkSDKv1.1/cpref/html/frlrfsystementerpriseservicesregistrationconfigPropertiesTopic.htm" ismsdn="true">
      <HelpTopic name="AssemblyFile" link="ms-help://MS.NETFrameworkSDKv1.1/cpref/html/frlrfsystementerpriseservicesregistrationconfigclassAssemblyFileTopic.htm" ismsdn="true" />
      <HelpTopic name="InstallationFlags" link="ms-help://MS.NETFrameworkSDKv1.1/cpref/html/frlrfsystementerpriseservicesregistrationconfigclassInstallationFlagsTopic.htm" ismsdn="true" />
      <HelpTopic name="Application" link="ms-help://MS.NETFrameworkSDKv1.1/cpref/html/frlrfsystementerpriseservicesregistrationconfigclassApplicationTopic.htm" ismsdn="true" />
      <HelpTopic name="TypeLibrary" link="ms-help://MS.NETFrameworkSDKv1.1/cpref/html/frlrfsystementerpriseservicesregistrationconfigclassTypeLibraryTopic.htm" ismsdn="true" />
      <HelpTopic name="Partition" link="ms-help://MS.NETFrameworkSDKv1.1/cpref/html/frlrfsystementerpriseservicesregistrationconfigclassPartitionTopic.htm" ismsdn="true" />
      <HelpTopic name="ApplicationRootDirectory" link="ms-help://MS.NETFrameworkSDKv1.1/cpref/html/frlrfsystementerpriseservicesregistrationconfigclassApplicationRootDirectoryTopic.htm" ismsdn="true" />
    </HelpFolder>
  </HelpFolder>
  <HelpFolder name="RegistrationErrorInfo class" link="ms-help://MS.NETFrameworkSDKv1.1/cpref/html/frlrfsystementerpriseservicesregistrationerrorinfoClassTopic.htm" ismsdn="true">
    <HelpTopic name="RegistrationErrorInfo members" link="ms-help://MS.NETFrameworkSDKv1.1/cpref/html/frlrfsystementerpriseservicesregistrationerrorinfoMembersTopic.htm" ismsdn="true" />
    <HelpFolder name="Properties" link="ms-help://MS.NETFrameworkSDKv1.1/cpref/html/frlrfsystementerpriseservicesregistrationerrorinfoPropertiesTopic.htm" ismsdn="true">
      <HelpTopic name="MajorRef" link="ms-help://MS.NETFrameworkSDKv1.1/cpref/html/frlrfsystementerpriseservicesregistrationerrorinfoclassMajorRefTopic.htm" ismsdn="true" />
      <HelpTopic name="MinorRef" link="ms-help://MS.NETFrameworkSDKv1.1/cpref/html/frlrfsystementerpriseservicesregistrationerrorinfoclassMinorRefTopic.htm" ismsdn="true" />
      <HelpTopic name="Name" link="ms-help://MS.NETFrameworkSDKv1.1/cpref/html/frlrfsystementerpriseservicesregistrationerrorinfoclassNameTopic.htm" ismsdn="true" />
      <HelpTopic name="ErrorCode" link="ms-help://MS.NETFrameworkSDKv1.1/cpref/html/frlrfsystementerpriseservicesregistrationerrorinfoclassErrorCodeTopic.htm" ismsdn="true" />
      <HelpTopic name="ErrorString" link="ms-help://MS.NETFrameworkSDKv1.1/cpref/html/frlrfsystementerpriseservicesregistrationerrorinfoclassErrorStringTopic.htm" ismsdn="true" />
    </HelpFolder>
  </HelpFolder>
  <HelpFolder name="RegistrationException class" link="ms-help://MS.NETFrameworkSDKv1.1/cpref/html/frlrfsystementerpriseservicesregistrationexceptionClassTopic.htm" ismsdn="true">
    <HelpTopic name="RegistrationException members" link="ms-help://MS.NETFrameworkSDKv1.1/cpref/html/frlrfsystementerpriseservicesregistrationexceptionMembersTopic.htm" ismsdn="true" />
    <HelpFolder name="Constructors" link="ms-help://MS.NETFrameworkSDKv1.1/cpref/html/frlrfsystementerpriseservicesregistrationexceptionclassctorTopic.htm" ismsdn="true">
      <HelpTopic name=".ctor()" link="ms-help://MS.NETFrameworkSDKv1.1/cpref/html/frlrfsystementerpriseservicesregistrationexceptionclassctorTopic1.htm" ismsdn="true" />
      <HelpTopic name=".ctor(System.String)" link="ms-help://MS.NETFrameworkSDKv1.1/cpref/html/frlrfsystementerpriseservicesregistrationexceptionclassctorTopic1.htm" ismsdn="true" />
      <HelpTopic name=".ctor(System.String, System.Exception)" link="ms-help://MS.NETFrameworkSDKv1.1/cpref/html/frlrfsystementerpriseservicesregistrationexceptionclassctorTopic2.htm" ismsdn="true" />
    </HelpFolder>
    <HelpFolder name="Methods" link="ms-help://MS.NETFrameworkSDKv1.1/cpref/html/frlrfsystementerpriseservicesregistrationexceptionMethodsTopic.htm" ismsdn="true">
      <HelpTopic name="GetObjectData(System.Runtime.Serialization.SerializationInfo, System.Runtime.Serialization.StreamingContext)" link="ms-help://MS.NETFrameworkSDKv1.1/cpref/html/frlrfsystementerpriseservicesregistrationexceptionclassGetObjectDataTopic.htm" ismsdn="true" />
    </HelpFolder>
    <HelpFolder name="Properties" link="ms-help://MS.NETFrameworkSDKv1.1/cpref/html/frlrfsystementerpriseservicesregistrationexceptionPropertiesTopic.htm" ismsdn="true">
      <HelpTopic name="ErrorInfo" link="ms-help://MS.NETFrameworkSDKv1.1/cpref/html/frlrfsystementerpriseservicesregistrationexceptionclassErrorInfoTopic.htm" ismsdn="true" />
    </HelpFolder>
  </HelpFolder>
  <HelpFolder name="RegistrationHelper class" link="ms-help://MS.NETFrameworkSDKv1.1/cpref/html/frlrfsystementerpriseservicesregistrationhelperClassTopic.htm" ismsdn="true">
    <HelpTopic name="RegistrationHelper members" link="ms-help://MS.NETFrameworkSDKv1.1/cpref/html/frlrfsystementerpriseservicesregistrationhelperMembersTopic.htm" ismsdn="true" />
    <HelpFolder name="Constructors" link="ms-help://MS.NETFrameworkSDKv1.1/cpref/html/frlrfsystementerpriseservicesregistrationhelperclassctorTopic.htm" ismsdn="true">
      <HelpTopic name=".ctor()" link="ms-help://MS.NETFrameworkSDKv1.1/cpref/html/frlrfsystementerpriseservicesregistrationhelperclassctorTopic.htm" ismsdn="true" />
    </HelpFolder>
    <HelpFolder name="Methods" link="ms-help://MS.NETFrameworkSDKv1.1/cpref/html/frlrfsystementerpriseservicesregistrationhelperMethodsTopic.htm" ismsdn="true">
      <HelpTopic name="InstallAssembly(System.String, System.String&amp;, System.String&amp;, System.EnterpriseServices.InstallationFlags)" link="ms-help://MS.NETFrameworkSDKv1.1/cpref/html/frlrfsystementerpriseservicesregistrationhelperclassInstallAssemblyTopic0.htm" ismsdn="true" />
      <HelpTopic name="InstallAssembly(System.String, System.String&amp;, System.String, System.String&amp;, System.EnterpriseServices.InstallationFlags)" link="ms-help://MS.NETFrameworkSDKv1.1/cpref/html/frlrfsystementerpriseservicesregistrationhelperclassInstallAssemblyTopic1.htm" ismsdn="true" />
      <HelpTopic name="InstallAssemblyFromConfig(System.EnterpriseServices.RegistrationConfig&amp;)" link="ms-help://MS.NETFrameworkSDKv1.1/cpref/html/frlrfsystementerpriseservicesregistrationhelperclassInstallAssemblyFromConfigTopic.htm" ismsdn="true" />
      <HelpTopic name="UninstallAssembly(System.String, System.String)" link="ms-help://MS.NETFrameworkSDKv1.1/cpref/html/frlrfsystementerpriseservicesregistrationhelperclassUninstallAssemblyTopic1.htm" ismsdn="true" />
      <HelpTopic name="UninstallAssembly(System.String, System.String, System.String)" link="ms-help://MS.NETFrameworkSDKv1.1/cpref/html/frlrfsystementerpriseservicesregistrationhelperclassUninstallAssemblyTopic2.htm" ismsdn="true" />
      <HelpTopic name="UninstallAssemblyFromConfig(System.EnterpriseServices.RegistrationConfig&amp;)" link="ms-help://MS.NETFrameworkSDKv1.1/cpref/html/frlrfsystementerpriseservicesregistrationhelperclassUninstallAssemblyFromConfigTopic.htm" ismsdn="true" />
    </HelpFolder>
  </HelpFolder>
  <HelpFolder name="RegistrationHelperTx class" link="ms-help://MS.NETFrameworkSDKv1.1/cpref/html/frlrfsystementerpriseservicesregistrationhelpertxClassTopic.htm" ismsdn="true">
    <HelpTopic name="RegistrationHelperTx members" link="ms-help://MS.NETFrameworkSDKv1.1/cpref/html/frlrfsystementerpriseservicesregistrationhelpertxMembersTopic.htm" ismsdn="true" />
    <HelpFolder name="Constructors" link="ms-help://MS.NETFrameworkSDKv1.1/cpref/html/frlrfsystementerpriseservicesregistrationhelpertxclassctorTopic.htm" ismsdn="true">
      <HelpTopic name=".ctor()" link="ms-help://MS.NETFrameworkSDKv1.1/cpref/html/frlrfsystementerpriseservicesregistrationhelpertxclassctorTopic.htm" ismsdn="true" />
    </HelpFolder>
    <HelpFolder name="Methods" link="ms-help://MS.NETFrameworkSDKv1.1/cpref/html/frlrfsystementerpriseservicesregistrationhelpertxMethodsTopic.htm" ismsdn="true">
      <HelpTopic name="InstallAssembly(System.String, System.String&amp;, System.String&amp;, System.EnterpriseServices.InstallationFlags, System.Object)" link="ms-help://MS.NETFrameworkSDKv1.1/cpref/html/frlrfsystementerpriseservicesregistrationhelpertxclassInstallAssemblyTopic0.htm" ismsdn="true" />
      <HelpTopic name="InstallAssembly(System.String, System.String&amp;, System.String, System.String&amp;, System.EnterpriseServices.InstallationFlags, System.Object)" link="ms-help://MS.NETFrameworkSDKv1.1/cpref/html/frlrfsystementerpriseservicesregistrationhelpertxclassInstallAssemblyTopic1.htm" ismsdn="true" />
      <HelpTopic name="InstallAssemblyFromConfig(System.EnterpriseServices.RegistrationConfig&amp;, System.Object)" link="ms-help://MS.NETFrameworkSDKv1.1/cpref/html/frlrfsystementerpriseservicesregistrationhelpertxclassInstallAssemblyFromConfigTopic.htm" ismsdn="true" />
      <HelpTopic name="UninstallAssembly(System.String, System.String, System.Object)" link="ms-help://MS.NETFrameworkSDKv1.1/cpref/html/frlrfsystementerpriseservicesregistrationhelpertxclassUninstallAssemblyTopic1.htm" ismsdn="true" />
      <HelpTopic name="UninstallAssembly(System.String, System.String, System.String, System.Object)" link="ms-help://MS.NETFrameworkSDKv1.1/cpref/html/frlrfsystementerpriseservicesregistrationhelpertxclassUninstallAssemblyTopic2.htm" ismsdn="true" />
      <HelpTopic name="UninstallAssemblyFromConfig(System.EnterpriseServices.RegistrationConfig&amp;, System.Object)" link="ms-help://MS.NETFrameworkSDKv1.1/cpref/html/frlrfsystementerpriseservicesregistrationhelpertxclassUninstallAssemblyFromConfigTopic.htm" ismsdn="true" />
      <HelpTopic name="IsInTransaction()" link="ms-help://MS.NETFrameworkSDKv1.1/cpref/html/frlrfsystementerpriseservicesregistrationhelpertxclassIsInTransactionTopic.htm" ismsdn="true" />
    </HelpFolder>
  </HelpFolder>
  <HelpFolder name="ResourcePool class" link="ms-help://MS.NETFrameworkSDKv1.1/cpref/html/frlrfsystementerpriseservicesresourcepoolClassTopic.htm" ismsdn="true">
    <HelpTopic name="ResourcePool members" link="ms-help://MS.NETFrameworkSDKv1.1/cpref/html/frlrfsystementerpriseservicesresourcepoolMembersTopic.htm" ismsdn="true" />
    <HelpFolder name="Constructors" link="ms-help://MS.NETFrameworkSDKv1.1/cpref/html/frlrfsystementerpriseservicesresourcepoolclassctorTopic.htm" ismsdn="true">
      <HelpTopic name=".ctor(System.EnterpriseServices.ResourcePool+TransactionEndDelegate)" link="ms-help://MS.NETFrameworkSDKv1.1/cpref/html/frlrfsystementerpriseservicesresourcepoolclassctorTopic.htm" ismsdn="true" />
    </HelpFolder>
    <HelpFolder name="Methods" link="ms-help://MS.NETFrameworkSDKv1.1/cpref/html/frlrfsystementerpriseservicesresourcepoolMethodsTopic.htm" ismsdn="true">
      <HelpTopic name="PutResource(System.Object)" link="ms-help://MS.NETFrameworkSDKv1.1/cpref/html/frlrfsystementerpriseservicesresourcepoolclassPutResourceTopic.htm" ismsdn="true" />
      <HelpTopic name="GetResource()" link="ms-help://MS.NETFrameworkSDKv1.1/cpref/html/frlrfsystementerpriseservicesresourcepoolclassGetResourceTopic.htm" ismsdn="true" />
    </HelpFolder>
  </HelpFolder>
  <HelpFolder name="SecureMethodAttribute class" link="ms-help://MS.NETFrameworkSDKv1.1/cpref/html/frlrfsystementerpriseservicessecuremethodattributeClassTopic.htm" ismsdn="true">
    <HelpTopic name="SecureMethodAttribute members" link="ms-help://MS.NETFrameworkSDKv1.1/cpref/html/frlrfsystementerpriseservicessecuremethodattributeMembersTopic.htm" ismsdn="true" />
    <HelpFolder name="Constructors" link="ms-help://MS.NETFrameworkSDKv1.1/cpref/html/frlrfsystementerpriseservicessecuremethodattributeclassctorTopic.htm" ismsdn="true">
      <HelpTopic name=".ctor()" link="ms-help://MS.NETFrameworkSDKv1.1/cpref/html/frlrfsystementerpriseservicessecuremethodattributeclassctorTopic.htm" ismsdn="true" />
    </HelpFolder>
  </HelpFolder>
  <HelpFolder name="SecurityCallContext class" link="ms-help://MS.NETFrameworkSDKv1.1/cpref/html/frlrfsystementerpriseservicessecuritycallcontextClassTopic.htm" ismsdn="true">
    <HelpTopic name="SecurityCallContext members" link="ms-help://MS.NETFrameworkSDKv1.1/cpref/html/frlrfsystementerpriseservicessecuritycallcontextMembersTopic.htm" ismsdn="true" />
    <HelpFolder name="Methods" link="ms-help://MS.NETFrameworkSDKv1.1/cpref/html/frlrfsystementerpriseservicessecuritycallcontextMethodsTopic.htm" ismsdn="true">
      <HelpTopic name="IsCallerInRole(System.String)" link="ms-help://MS.NETFrameworkSDKv1.1/cpref/html/frlrfsystementerpriseservicessecuritycallcontextclassIsCallerInRoleTopic.htm" ismsdn="true" />
      <HelpTopic name="IsUserInRole(System.String, System.String)" link="ms-help://MS.NETFrameworkSDKv1.1/cpref/html/frlrfsystementerpriseservicessecuritycallcontextclassIsUserInRoleTopic.htm" ismsdn="true" />
    </HelpFolder>
    <HelpFolder name="Properties" link="ms-help://MS.NETFrameworkSDKv1.1/cpref/html/frlrfsystementerpriseservicessecuritycallcontextPropertiesTopic.htm" ismsdn="true">
      <HelpTopic name="CurrentCall" link="ms-help://MS.NETFrameworkSDKv1.1/cpref/html/frlrfsystementerpriseservicessecuritycallcontextclassCurrentCallTopic.htm" ismsdn="true" />
      <HelpTopic name="IsSecurityEnabled" link="ms-help://MS.NETFrameworkSDKv1.1/cpref/html/frlrfsystementerpriseservicessecuritycallcontextclassIsSecurityEnabledTopic.htm" ismsdn="true" />
      <HelpTopic name="DirectCaller" link="ms-help://MS.NETFrameworkSDKv1.1/cpref/html/frlrfsystementerpriseservicessecuritycallcontextclassDirectCallerTopic.htm" ismsdn="true" />
      <HelpTopic name="OriginalCaller" link="ms-help://MS.NETFrameworkSDKv1.1/cpref/html/frlrfsystementerpriseservicessecuritycallcontextclassOriginalCallerTopic.htm" ismsdn="true" />
      <HelpTopic name="NumCallers" link="ms-help://MS.NETFrameworkSDKv1.1/cpref/html/frlrfsystementerpriseservicessecuritycallcontextclassNumCallersTopic.htm" ismsdn="true" />
      <HelpTopic name="MinAuthenticationLevel" link="ms-help://MS.NETFrameworkSDKv1.1/cpref/html/frlrfsystementerpriseservicessecuritycallcontextclassMinAuthenticationLevelTopic.htm" ismsdn="true" />
      <HelpTopic name="Callers" link="ms-help://MS.NETFrameworkSDKv1.1/cpref/html/frlrfsystementerpriseservicessecuritycallcontextclassCallersTopic.htm" ismsdn="true" />
    </HelpFolder>
  </HelpFolder>
  <HelpFolder name="SecurityCallers class" link="ms-help://MS.NETFrameworkSDKv1.1/cpref/html/frlrfsystementerpriseservicessecuritycallersClassTopic.htm" ismsdn="true">
    <HelpTopic name="SecurityCallers members" link="ms-help://MS.NETFrameworkSDKv1.1/cpref/html/frlrfsystementerpriseservicessecuritycallersMembersTopic.htm" ismsdn="true" />
    <HelpFolder name="Methods" link="ms-help://MS.NETFrameworkSDKv1.1/cpref/html/frlrfsystementerpriseservicessecuritycallersMethodsTopic.htm" ismsdn="true">
      <HelpTopic name="GetEnumerator()" link="ms-help://MS.NETFrameworkSDKv1.1/cpref/html/frlrfsystementerpriseservicessecuritycallersclassGetEnumeratorTopic.htm" ismsdn="true" />
    </HelpFolder>
    <HelpFolder name="Properties" link="ms-help://MS.NETFrameworkSDKv1.1/cpref/html/frlrfsystementerpriseservicessecuritycallersPropertiesTopic.htm" ismsdn="true">
      <HelpTopic name="Count" link="ms-help://MS.NETFrameworkSDKv1.1/cpref/html/frlrfsystementerpriseservicessecuritycallersclassCountTopic.htm" ismsdn="true" />
      <HelpTopic name="Item" link="ms-help://MS.NETFrameworkSDKv1.1/cpref/html/frlrfsystementerpriseservicessecuritycallersclassItemTopic.htm" ismsdn="true" />
    </HelpFolder>
  </HelpFolder>
  <HelpFolder name="SecurityIdentity class" link="ms-help://MS.NETFrameworkSDKv1.1/cpref/html/frlrfsystementerpriseservicessecurityidentityClassTopic.htm" ismsdn="true">
    <HelpTopic name="SecurityIdentity members" link="ms-help://MS.NETFrameworkSDKv1.1/cpref/html/frlrfsystementerpriseservicessecurityidentityMembersTopic.htm" ismsdn="true" />
    <HelpFolder name="Properties" link="ms-help://MS.NETFrameworkSDKv1.1/cpref/html/frlrfsystementerpriseservicessecurityidentityPropertiesTopic.htm" ismsdn="true">
      <HelpTopic name="AccountName" link="ms-help://MS.NETFrameworkSDKv1.1/cpref/html/frlrfsystementerpriseservicessecurityidentityclassAccountNameTopic.htm" ismsdn="true" />
      <HelpTopic name="AuthenticationService" link="ms-help://MS.NETFrameworkSDKv1.1/cpref/html/frlrfsystementerpriseservicessecurityidentityclassAuthenticationServiceTopic.htm" ismsdn="true" />
      <HelpTopic name="ImpersonationLevel" link="ms-help://MS.NETFrameworkSDKv1.1/cpref/html/frlrfsystementerpriseservicessecurityidentityclassImpersonationLevelTopic.htm" ismsdn="true" />
      <HelpTopic name="AuthenticationLevel" link="ms-help://MS.NETFrameworkSDKv1.1/cpref/html/frlrfsystementerpriseservicessecurityidentityclassAuthenticationLevelTopic.htm" ismsdn="true" />
    </HelpFolder>
  </HelpFolder>
  <HelpFolder name="SecurityRoleAttribute class" link="ms-help://MS.NETFrameworkSDKv1.1/cpref/html/frlrfsystementerpriseservicessecurityroleattributeClassTopic.htm" ismsdn="true">
    <HelpTopic name="SecurityRoleAttribute members" link="ms-help://MS.NETFrameworkSDKv1.1/cpref/html/frlrfsystementerpriseservicessecurityroleattributeMembersTopic.htm" ismsdn="true" />
    <HelpFolder name="Constructors" link="ms-help://MS.NETFrameworkSDKv1.1/cpref/html/frlrfsystementerpriseservicessecurityroleattributeclassctorTopic.htm" ismsdn="true">
      <HelpTopic name=".ctor(System.String)" link="ms-help://MS.NETFrameworkSDKv1.1/cpref/html/frlrfsystementerpriseservicessecurityroleattributeclassctorTopic1.htm" ismsdn="true" />
      <HelpTopic name=".ctor(System.String, System.Boolean)" link="ms-help://MS.NETFrameworkSDKv1.1/cpref/html/frlrfsystementerpriseservicessecurityroleattributeclassctorTopic1.htm" ismsdn="true" />
    </HelpFolder>
    <HelpFolder name="Properties" link="ms-help://MS.NETFrameworkSDKv1.1/cpref/html/frlrfsystementerpriseservicessecurityroleattributePropertiesTopic.htm" ismsdn="true">
      <HelpTopic name="Role" link="ms-help://MS.NETFrameworkSDKv1.1/cpref/html/frlrfsystementerpriseservicessecurityroleattributeclassRoleTopic.htm" ismsdn="true" />
      <HelpTopic name="SetEveryoneAccess" link="ms-help://MS.NETFrameworkSDKv1.1/cpref/html/frlrfsystementerpriseservicessecurityroleattributeclassSetEveryoneAccessTopic.htm" ismsdn="true" />
      <HelpTopic name="Description" link="ms-help://MS.NETFrameworkSDKv1.1/cpref/html/frlrfsystementerpriseservicessecurityroleattributeclassDescriptionTopic.htm" ismsdn="true" />
    </HelpFolder>
  </HelpFolder>
  <HelpFolder name="ServiceConfig class" link="ms-help://MS.NETFrameworkSDKv1.1/cpref/html/frlrfsystementerpriseservicesserviceconfigClassTopic.htm" ismsdn="true">
    <HelpTopic name="ServiceConfig members" link="ms-help://MS.NETFrameworkSDKv1.1/cpref/html/frlrfsystementerpriseservicesserviceconfigMembersTopic.htm" ismsdn="true" />
    <HelpFolder name="Constructors" link="ms-help://MS.NETFrameworkSDKv1.1/cpref/html/frlrfsystementerpriseservicesserviceconfigclassctorTopic.htm" ismsdn="true">
      <HelpTopic name=".ctor()" link="ms-help://MS.NETFrameworkSDKv1.1/cpref/html/frlrfsystementerpriseservicesserviceconfigclassctorTopic.htm" ismsdn="true" />
    </HelpFolder>
    <HelpFolder name="Properties" link="ms-help://MS.NETFrameworkSDKv1.1/cpref/html/frlrfsystementerpriseservicesserviceconfigPropertiesTopic.htm" ismsdn="true">
      <HelpTopic name="ThreadPool" link="ms-help://MS.NETFrameworkSDKv1.1/cpref/html/frlrfsystementerpriseservicesserviceconfigclassThreadPoolTopic.htm" ismsdn="true" />
      <HelpTopic name="Inheritance" link="ms-help://MS.NETFrameworkSDKv1.1/cpref/html/frlrfsystementerpriseservicesserviceconfigclassInheritanceTopic.htm" ismsdn="true" />
      <HelpTopic name="Binding" link="ms-help://MS.NETFrameworkSDKv1.1/cpref/html/frlrfsystementerpriseservicesserviceconfigclassBindingTopic.htm" ismsdn="true" />
      <HelpTopic name="Transaction" link="ms-help://MS.NETFrameworkSDKv1.1/cpref/html/frlrfsystementerpriseservicesserviceconfigclassTransactionTopic.htm" ismsdn="true" />
      <HelpTopic name="IsolationLevel" link="ms-help://MS.NETFrameworkSDKv1.1/cpref/html/frlrfsystementerpriseservicesserviceconfigclassIsolationLevelTopic.htm" ismsdn="true" />
      <HelpTopic name="TransactionTimeout" link="ms-help://MS.NETFrameworkSDKv1.1/cpref/html/frlrfsystementerpriseservicesserviceconfigclassTransactionTimeoutTopic.htm" ismsdn="true" />
      <HelpTopic name="TipUrl" link="ms-help://MS.NETFrameworkSDKv1.1/cpref/html/frlrfsystementerpriseservicesserviceconfigclassTipUrlTopic.htm" ismsdn="true" />
      <HelpTopic name="TransactionDescription" link="ms-help://MS.NETFrameworkSDKv1.1/cpref/html/frlrfsystementerpriseservicesserviceconfigclassTransactionDescriptionTopic.htm" ismsdn="true" />
      <HelpTopic name="BringYourOwnTransaction" link="ms-help://MS.NETFrameworkSDKv1.1/cpref/html/frlrfsystementerpriseservicesserviceconfigclassBringYourOwnTransactionTopic.htm" ismsdn="true" />
      <HelpTopic name="BringYourOwnSystemTransaction" link="ms-help://MS.NETFrameworkSDKv1.1/cpref/html/frlrfsystementerpriseservicesserviceconfigclassBringYourOwnSystemTransactionTopic.htm" ismsdn="true" />
      <HelpTopic name="Synchronization" link="ms-help://MS.NETFrameworkSDKv1.1/cpref/html/frlrfsystementerpriseservicesserviceconfigclassSynchronizationTopic.htm" ismsdn="true" />
      <HelpTopic name="IISIntrinsicsEnabled" link="ms-help://MS.NETFrameworkSDKv1.1/cpref/html/frlrfsystementerpriseservicesserviceconfigclassIISIntrinsicsEnabledTopic.htm" ismsdn="true" />
      <HelpTopic name="COMTIIntrinsicsEnabled" link="ms-help://MS.NETFrameworkSDKv1.1/cpref/html/frlrfsystementerpriseservicesserviceconfigclassCOMTIIntrinsicsEnabledTopic.htm" ismsdn="true" />
      <HelpTopic name="TrackingEnabled" link="ms-help://MS.NETFrameworkSDKv1.1/cpref/html/frlrfsystementerpriseservicesserviceconfigclassTrackingEnabledTopic.htm" ismsdn="true" />
      <HelpTopic name="TrackingAppName" link="ms-help://MS.NETFrameworkSDKv1.1/cpref/html/frlrfsystementerpriseservicesserviceconfigclassTrackingAppNameTopic.htm" ismsdn="true" />
      <HelpTopic name="TrackingComponentName" link="ms-help://MS.NETFrameworkSDKv1.1/cpref/html/frlrfsystementerpriseservicesserviceconfigclassTrackingComponentNameTopic.htm" ismsdn="true" />
      <HelpTopic name="SxsOption" link="ms-help://MS.NETFrameworkSDKv1.1/cpref/html/frlrfsystementerpriseservicesserviceconfigclassSxsOptionTopic.htm" ismsdn="true" />
      <HelpTopic name="SxsDirectory" link="ms-help://MS.NETFrameworkSDKv1.1/cpref/html/frlrfsystementerpriseservicesserviceconfigclassSxsDirectoryTopic.htm" ismsdn="true" />
      <HelpTopic name="SxsName" link="ms-help://MS.NETFrameworkSDKv1.1/cpref/html/frlrfsystementerpriseservicesserviceconfigclassSxsNameTopic.htm" ismsdn="true" />
      <HelpTopic name="PartitionOption" link="ms-help://MS.NETFrameworkSDKv1.1/cpref/html/frlrfsystementerpriseservicesserviceconfigclassPartitionOptionTopic.htm" ismsdn="true" />
      <HelpTopic name="PartitionId" link="ms-help://MS.NETFrameworkSDKv1.1/cpref/html/frlrfsystementerpriseservicesserviceconfigclassPartitionIdTopic.htm" ismsdn="true" />
    </HelpFolder>
  </HelpFolder>
  <HelpFolder name="ServicedComponent class" link="ms-help://MS.NETFrameworkSDKv1.1/cpref/html/frlrfsystementerpriseservicesservicedcomponentClassTopic.htm" ismsdn="true">
    <HelpTopic name="ServicedComponent members" link="ms-help://MS.NETFrameworkSDKv1.1/cpref/html/frlrfsystementerpriseservicesservicedcomponentMembersTopic.htm" ismsdn="true" />
    <HelpFolder name="Constructors" link="ms-help://MS.NETFrameworkSDKv1.1/cpref/html/frlrfsystementerpriseservicesservicedcomponentclassctorTopic.htm" ismsdn="true">
      <HelpTopic name=".ctor()" link="ms-help://MS.NETFrameworkSDKv1.1/cpref/html/frlrfsystementerpriseservicesservicedcomponentclassctorTopic.htm" ismsdn="true" />
    </HelpFolder>
    <HelpFolder name="Methods" link="ms-help://MS.NETFrameworkSDKv1.1/cpref/html/frlrfsystementerpriseservicesservicedcomponentMethodsTopic.htm" ismsdn="true">
      <HelpTopic name="DisposeObject(System.EnterpriseServices.ServicedComponent)" link="ms-help://MS.NETFrameworkSDKv1.1/cpref/html/frlrfsystementerpriseservicesservicedcomponentclassDisposeObjectTopic.htm" ismsdn="true" />
      <HelpTopic name="Dispose()" link="ms-help://MS.NETFrameworkSDKv1.1/cpref/html/frlrfsystementerpriseservicesservicedcomponentclassDisposeTopic.htm" ismsdn="true" />
    </HelpFolder>
  </HelpFolder>
  <HelpFolder name="ServicedComponentException class" link="ms-help://MS.NETFrameworkSDKv1.1/cpref/html/frlrfsystementerpriseservicesservicedcomponentexceptionClassTopic.htm" ismsdn="true">
    <HelpTopic name="ServicedComponentException members" link="ms-help://MS.NETFrameworkSDKv1.1/cpref/html/frlrfsystementerpriseservicesservicedcomponentexceptionMembersTopic.htm" ismsdn="true" />
    <HelpFolder name="Constructors" link="ms-help://MS.NETFrameworkSDKv1.1/cpref/html/frlrfsystementerpriseservicesservicedcomponentexceptionclassctorTopic.htm" ismsdn="true">
      <HelpTopic name=".ctor()" link="ms-help://MS.NETFrameworkSDKv1.1/cpref/html/frlrfsystementerpriseservicesservicedcomponentexceptionclassctorTopic1.htm" ismsdn="true" />
      <HelpTopic name=".ctor(System.String)" link="ms-help://MS.NETFrameworkSDKv1.1/cpref/html/frlrfsystementerpriseservicesservicedcomponentexceptionclassctorTopic1.htm" ismsdn="true" />
      <HelpTopic name=".ctor(System.String, System.Exception)" link="ms-help://MS.NETFrameworkSDKv1.1/cpref/html/frlrfsystementerpriseservicesservicedcomponentexceptionclassctorTopic2.htm" ismsdn="true" />
    </HelpFolder>
  </HelpFolder>
  <HelpFolder name="ServiceDomain class" link="ms-help://MS.NETFrameworkSDKv1.1/cpref/html/frlrfsystementerpriseservicesservicedomainClassTopic.htm" ismsdn="true">
    <HelpTopic name="ServiceDomain members" link="ms-help://MS.NETFrameworkSDKv1.1/cpref/html/frlrfsystementerpriseservicesservicedomainMembersTopic.htm" ismsdn="true" />
    <HelpFolder name="Methods" link="ms-help://MS.NETFrameworkSDKv1.1/cpref/html/frlrfsystementerpriseservicesservicedomainMethodsTopic.htm" ismsdn="true">
      <HelpTopic name="Enter(System.EnterpriseServices.ServiceConfig)" link="ms-help://MS.NETFrameworkSDKv1.1/cpref/html/frlrfsystementerpriseservicesservicedomainclassEnterTopic.htm" ismsdn="true" />
      <HelpTopic name="Leave()" link="ms-help://MS.NETFrameworkSDKv1.1/cpref/html/frlrfsystementerpriseservicesservicedomainclassLeaveTopic.htm" ismsdn="true" />
    </HelpFolder>
  </HelpFolder>
  <HelpFolder name="SharedProperty class" link="ms-help://MS.NETFrameworkSDKv1.1/cpref/html/frlrfsystementerpriseservicessharedpropertyClassTopic.htm" ismsdn="true">
    <HelpTopic name="SharedProperty members" link="ms-help://MS.NETFrameworkSDKv1.1/cpref/html/frlrfsystementerpriseservicessharedpropertyMembersTopic.htm" ismsdn="true" />
    <HelpFolder name="Properties" link="ms-help://MS.NETFrameworkSDKv1.1/cpref/html/frlrfsystementerpriseservicessharedpropertyPropertiesTopic.htm" ismsdn="true">
      <HelpTopic name="Value" link="ms-help://MS.NETFrameworkSDKv1.1/cpref/html/frlrfsystementerpriseservicessharedpropertyclassValueTopic.htm" ismsdn="true" />
    </HelpFolder>
  </HelpFolder>
  <HelpFolder name="SharedPropertyGroup class" link="ms-help://MS.NETFrameworkSDKv1.1/cpref/html/frlrfsystementerpriseservicessharedpropertygroupClassTopic.htm" ismsdn="true">
    <HelpTopic name="SharedPropertyGroup members" link="ms-help://MS.NETFrameworkSDKv1.1/cpref/html/frlrfsystementerpriseservicessharedpropertygroupMembersTopic.htm" ismsdn="true" />
    <HelpFolder name="Methods" link="ms-help://MS.NETFrameworkSDKv1.1/cpref/html/frlrfsystementerpriseservicessharedpropertygroupMethodsTopic.htm" ismsdn="true">
      <HelpTopic name="CreatePropertyByPosition(System.Int32, System.Boolean&amp;)" link="ms-help://MS.NETFrameworkSDKv1.1/cpref/html/frlrfsystementerpriseservicessharedpropertygroupclassCreatePropertyByPositionTopic.htm" ismsdn="true" />
      <HelpTopic name="PropertyByPosition(System.Int32)" link="ms-help://MS.NETFrameworkSDKv1.1/cpref/html/frlrfsystementerpriseservicessharedpropertygroupclassPropertyByPositionTopic.htm" ismsdn="true" />
      <HelpTopic name="CreateProperty(System.String, System.Boolean&amp;)" link="ms-help://MS.NETFrameworkSDKv1.1/cpref/html/frlrfsystementerpriseservicessharedpropertygroupclassCreatePropertyTopic.htm" ismsdn="true" />
      <HelpTopic name="Property(System.String)" link="ms-help://MS.NETFrameworkSDKv1.1/cpref/html/frlrfsystementerpriseservicessharedpropertygroupclassPropertyTopic.htm" ismsdn="true" />
    </HelpFolder>
  </HelpFolder>
  <HelpFolder name="SharedPropertyGroupManager class" link="ms-help://MS.NETFrameworkSDKv1.1/cpref/html/frlrfsystementerpriseservicessharedpropertygroupmanagerClassTopic.htm" ismsdn="true">
    <HelpTopic name="SharedPropertyGroupManager members" link="ms-help://MS.NETFrameworkSDKv1.1/cpref/html/frlrfsystementerpriseservicessharedpropertygroupmanagerMembersTopic.htm" ismsdn="true" />
    <HelpFolder name="Constructors" link="ms-help://MS.NETFrameworkSDKv1.1/cpref/html/frlrfsystementerpriseservicessharedpropertygroupmanagerclassctorTopic.htm" ismsdn="true">
      <HelpTopic name=".ctor()" link="ms-help://MS.NETFrameworkSDKv1.1/cpref/html/frlrfsystementerpriseservicessharedpropertygroupmanagerclassctorTopic.htm" ismsdn="true" />
    </HelpFolder>
    <HelpFolder name="Methods" link="ms-help://MS.NETFrameworkSDKv1.1/cpref/html/frlrfsystementerpriseservicessharedpropertygroupmanagerMethodsTopic.htm" ismsdn="true">
      <HelpTopic name="CreatePropertyGroup(System.String, System.EnterpriseServices.PropertyLockMode&amp;, System.EnterpriseServices.PropertyReleaseMode&amp;, System.Boolean&amp;)" link="ms-help://MS.NETFrameworkSDKv1.1/cpref/html/frlrfsystementerpriseservicessharedpropertygroupmanagerclassCreatePropertyGroupTopic.htm" ismsdn="true" />
      <HelpTopic name="Group(System.String)" link="ms-help://MS.NETFrameworkSDKv1.1/cpref/html/frlrfsystementerpriseservicessharedpropertygroupmanagerclassGroupTopic.htm" ismsdn="true" />
      <HelpTopic name="GetEnumerator()" link="ms-help://MS.NETFrameworkSDKv1.1/cpref/html/frlrfsystementerpriseservicessharedpropertygroupmanagerclassGetEnumeratorTopic.htm" ismsdn="true" />
    </HelpFolder>
  </HelpFolder>
  <HelpTopic name="SxsOption enumeration" link="ms-help://MS.NETFrameworkSDKv1.1/cpref/html/frlrfsystementerpriseservicessxsoptionClassTopic.htm" ismsdn="true" />
  <HelpFolder name="SynchronizationAttribute class" link="ms-help://MS.NETFrameworkSDKv1.1/cpref/html/frlrfsystementerpriseservicessynchronizationattributeClassTopic.htm" ismsdn="true">
    <HelpTopic name="SynchronizationAttribute members" link="ms-help://MS.NETFrameworkSDKv1.1/cpref/html/frlrfsystementerpriseservicessynchronizationattributeMembersTopic.htm" ismsdn="true" />
    <HelpFolder name="Constructors" link="ms-help://MS.NETFrameworkSDKv1.1/cpref/html/frlrfsystementerpriseservicessynchronizationattributeclassctorTopic.htm" ismsdn="true">
      <HelpTopic name=".ctor()" link="ms-help://MS.NETFrameworkSDKv1.1/cpref/html/frlrfsystementerpriseservicessynchronizationattributeclassctorTopic1.htm" ismsdn="true" />
      <HelpTopic name=".ctor(System.EnterpriseServices.SynchronizationOption)" link="ms-help://MS.NETFrameworkSDKv1.1/cpref/html/frlrfsystementerpriseservicessynchronizationattributeclassctorTopic1.htm" ismsdn="true" />
    </HelpFolder>
    <HelpFolder name="Properties" link="ms-help://MS.NETFrameworkSDKv1.1/cpref/html/frlrfsystementerpriseservicessynchronizationattributePropertiesTopic.htm" ismsdn="true">
      <HelpTopic name="Value" link="ms-help://MS.NETFrameworkSDKv1.1/cpref/html/frlrfsystementerpriseservicessynchronizationattributeclassValueTopic.htm" ismsdn="true" />
    </HelpFolder>
  </HelpFolder>
  <HelpTopic name="SynchronizationOption enumeration" link="ms-help://MS.NETFrameworkSDKv1.1/cpref/html/frlrfsystementerpriseservicessynchronizationoptionClassTopic.htm" ismsdn="true" />
  <HelpTopic name="ThreadPoolOption enumeration" link="ms-help://MS.NETFrameworkSDKv1.1/cpref/html/frlrfsystementerpriseservicesthreadpooloptionClassTopic.htm" ismsdn="true" />
  <HelpFolder name="TransactionAttribute class" link="ms-help://MS.NETFrameworkSDKv1.1/cpref/html/frlrfsystementerpriseservicestransactionattributeClassTopic.htm" ismsdn="true">
    <HelpTopic name="TransactionAttribute members" link="ms-help://MS.NETFrameworkSDKv1.1/cpref/html/frlrfsystementerpriseservicestransactionattributeMembersTopic.htm" ismsdn="true" />
    <HelpFolder name="Constructors" link="ms-help://MS.NETFrameworkSDKv1.1/cpref/html/frlrfsystementerpriseservicestransactionattributeclassctorTopic.htm" ismsdn="true">
      <HelpTopic name=".ctor()" link="ms-help://MS.NETFrameworkSDKv1.1/cpref/html/frlrfsystementerpriseservicestransactionattributeclassctorTopic1.htm" ismsdn="true" />
      <HelpTopic name=".ctor(System.EnterpriseServices.TransactionOption)" link="ms-help://MS.NETFrameworkSDKv1.1/cpref/html/frlrfsystementerpriseservicestransactionattributeclassctorTopic1.htm" ismsdn="true" />
    </HelpFolder>
    <HelpFolder name="Properties" link="ms-help://MS.NETFrameworkSDKv1.1/cpref/html/frlrfsystementerpriseservicestransactionattributePropertiesTopic.htm" ismsdn="true">
      <HelpTopic name="Value" link="ms-help://MS.NETFrameworkSDKv1.1/cpref/html/frlrfsystementerpriseservicestransactionattributeclassValueTopic.htm" ismsdn="true" />
      <HelpTopic name="Isolation" link="ms-help://MS.NETFrameworkSDKv1.1/cpref/html/frlrfsystementerpriseservicestransactionattributeclassIsolationTopic.htm" ismsdn="true" />
      <HelpTopic name="Timeout" link="ms-help://MS.NETFrameworkSDKv1.1/cpref/html/frlrfsystementerpriseservicestransactionattributeclassTimeoutTopic.htm" ismsdn="true" />
    </HelpFolder>
  </HelpFolder>
  <HelpTopic name="TransactionIsolationLevel enumeration" link="ms-help://MS.NETFrameworkSDKv1.1/cpref/html/frlrfsystementerpriseservicestransactionisolationlevelClassTopic.htm" ismsdn="true" />
  <HelpTopic name="TransactionOption enumeration" link="ms-help://MS.NETFrameworkSDKv1.1/cpref/html/frlrfsystementerpriseservicestransactionoptionClassTopic.htm" ismsdn="true" />
  <HelpTopic name="TransactionStatus enumeration" link="ms-help://MS.NETFrameworkSDKv1.1/cpref/html/frlrfsystementerpriseservicestransactionstatusClassTopic.htm" ismsdn="true" />
  <HelpTopic name="TransactionVote enumeration" link="ms-help://MS.NETFrameworkSDKv1.1/cpref/html/frlrfsystementerpriseservicestransactionvoteClassTopic.htm" ismsdn="true" />
  <HelpFolder name="XACTTRANSINFO structure" link="ms-help://MS.NETFrameworkSDKv1.1/cpref/html/frlrfsystementerpriseservicesxacttransinfoClassTopic.htm" ismsdn="true">
    <HelpTopic name="XACTTRANSINFO members" link="ms-help://MS.NETFrameworkSDKv1.1/cpref/html/frlrfsystementerpriseservicesxacttransinfoMembersTopic.htm" ismsdn="true" />
    <HelpFolder name="Fields" link="ms-help://MS.NETFrameworkSDKv1.1/cpref/html/frlrfsystementerpriseservicesxacttransinfoFieldsTopic.htm" ismsdn="true">
      <HelpTopic name="uow" link="ms-help://MS.NETFrameworkSDKv1.1/cpref/html/frlrfsystementerpriseservicesxacttransinfoclassuowTopic.htm" ismsdn="true" />
      <HelpTopic name="isoLevel" link="ms-help://MS.NETFrameworkSDKv1.1/cpref/html/frlrfsystementerpriseservicesxacttransinfoclassisoLevelTopic.htm" ismsdn="true" />
      <HelpTopic name="isoFlags" link="ms-help://MS.NETFrameworkSDKv1.1/cpref/html/frlrfsystementerpriseservicesxacttransinfoclassisoFlagsTopic.htm" ismsdn="true" />
      <HelpTopic name="grfTCSupported" link="ms-help://MS.NETFrameworkSDKv1.1/cpref/html/frlrfsystementerpriseservicesxacttransinfoclassgrfTCSupportedTopic.htm" ismsdn="true" />
      <HelpTopic name="grfRMSupported" link="ms-help://MS.NETFrameworkSDKv1.1/cpref/html/frlrfsystementerpriseservicesxacttransinfoclassgrfRMSupportedTopic.htm" ismsdn="true" />
      <HelpTopic name="grfTCSupportedRetaining" link="ms-help://MS.NETFrameworkSDKv1.1/cpref/html/frlrfsystementerpriseservicesxacttransinfoclassgrfTCSupportedRetainingTopic.htm" ismsdn="true" />
      <HelpTopic name="grfRMSupportedRetaining" link="ms-help://MS.NETFrameworkSDKv1.1/cpref/html/frlrfsystementerpriseservicesxacttransinfoclassgrfRMSupportedRetainingTopic.htm" ismsdn="true" />
    </HelpFolder>
  </HelpFolder>
</HelpCollection>