<HelpCollection>
  <HelpFolder name="AppSettingsReader class" link="ms-help://MS.NETFrameworkSDKv1.1/cpref/html/frlrfsystemconfigurationappsettingsreaderClassTopic.htm" ismsdn="true">
    <HelpTopic name="AppSettingsReader members" link="ms-help://MS.NETFrameworkSDKv1.1/cpref/html/frlrfsystemconfigurationappsettingsreaderMembersTopic.htm" ismsdn="true" />
    <HelpFolder name="Constructors" link="ms-help://MS.NETFrameworkSDKv1.1/cpref/html/frlrfsystemconfigurationappsettingsreaderclassctorTopic.htm" ismsdn="true">
      <HelpTopic name=".ctor()" link="ms-help://MS.NETFrameworkSDKv1.1/cpref/html/frlrfsystemconfigurationappsettingsreaderclassctorTopic.htm" ismsdn="true" />
    </HelpFolder>
    <HelpFolder name="Methods" link="ms-help://MS.NETFrameworkSDKv1.1/cpref/html/frlrfsystemconfigurationappsettingsreaderMethodsTopic.htm" ismsdn="true">
      <HelpTopic name="GetValue(System.String, System.Type)" link="ms-help://MS.NETFrameworkSDKv1.1/cpref/html/frlrfsystemconfigurationappsettingsreaderclassGetValueTopic.htm" ismsdn="true" />
    </HelpFolder>
  </HelpFolder>
  <HelpFolder name="ConfigurationException class" link="ms-help://MS.NETFrameworkSDKv1.1/cpref/html/frlrfsystemconfigurationconfigurationexceptionClassTopic.htm" ismsdn="true">
    <HelpTopic name="ConfigurationException members" link="ms-help://MS.NETFrameworkSDKv1.1/cpref/html/frlrfsystemconfigurationconfigurationexceptionMembersTopic.htm" ismsdn="true" />
    <HelpFolder name="Constructors" link="ms-help://MS.NETFrameworkSDKv1.1/cpref/html/frlrfsystemconfigurationconfigurationexceptionclassctorTopic.htm" ismsdn="true">
      <HelpTopic name=".ctor()" link="ms-help://MS.NETFrameworkSDKv1.1/cpref/html/frlrfsystemconfigurationconfigurationexceptionclassctorTopic1.htm" ismsdn="true" />
      <HelpTopic name=".ctor(System.String)" link="ms-help://MS.NETFrameworkSDKv1.1/cpref/html/frlrfsystemconfigurationconfigurationexceptionclassctorTopic1.htm" ismsdn="true" />
      <HelpTopic name=".ctor(System.String, System.Exception)" link="ms-help://MS.NETFrameworkSDKv1.1/cpref/html/frlrfsystemconfigurationconfigurationexceptionclassctorTopic2.htm" ismsdn="true" />
      <HelpTopic name=".ctor(System.String, System.Xml.XmlNode)" link="ms-help://MS.NETFrameworkSDKv1.1/cpref/html/frlrfsystemconfigurationconfigurationexceptionclassctorTopic3.htm" ismsdn="true" />
      <HelpTopic name=".ctor(System.String, System.Exception, System.Xml.XmlNode)" link="ms-help://MS.NETFrameworkSDKv1.1/cpref/html/frlrfsystemconfigurationconfigurationexceptionclassctorTopic4.htm" ismsdn="true" />
      <HelpTopic name=".ctor(System.String, System.String, System.Int32)" link="ms-help://MS.NETFrameworkSDKv1.1/cpref/html/frlrfsystemconfigurationconfigurationexceptionclassctorTopic5.htm" ismsdn="true" />
      <HelpTopic name=".ctor(System.String, System.Exception, System.String, System.Int32)" link="ms-help://MS.NETFrameworkSDKv1.1/cpref/html/frlrfsystemconfigurationconfigurationexceptionclassctorTopic6.htm" ismsdn="true" />
    </HelpFolder>
    <HelpFolder name="Methods" link="ms-help://MS.NETFrameworkSDKv1.1/cpref/html/frlrfsystemconfigurationconfigurationexceptionMethodsTopic.htm" ismsdn="true">
      <HelpTopic name="GetObjectData(System.Runtime.Serialization.SerializationInfo, System.Runtime.Serialization.StreamingContext)" link="ms-help://MS.NETFrameworkSDKv1.1/cpref/html/frlrfsystemconfigurationconfigurationexceptionclassGetObjectDataTopic.htm" ismsdn="true" />
      <HelpTopic name="GetXmlNodeLineNumber(System.Xml.XmlNode)" link="ms-help://MS.NETFrameworkSDKv1.1/cpref/html/frlrfsystemconfigurationconfigurationexceptionclassGetXmlNodeLineNumberTopic.htm" ismsdn="true" />
      <HelpTopic name="GetXmlNodeFilename(System.Xml.XmlNode)" link="ms-help://MS.NETFrameworkSDKv1.1/cpref/html/frlrfsystemconfigurationconfigurationexceptionclassGetXmlNodeFilenameTopic.htm" ismsdn="true" />
    </HelpFolder>
    <HelpFolder name="Properties" link="ms-help://MS.NETFrameworkSDKv1.1/cpref/html/frlrfsystemconfigurationconfigurationexceptionPropertiesTopic.htm" ismsdn="true">
      <HelpTopic name="Message" link="ms-help://MS.NETFrameworkSDKv1.1/cpref/html/frlrfsystemconfigurationconfigurationexceptionclassMessageTopic.htm" ismsdn="true" />
      <HelpTopic name="BareMessage" link="ms-help://MS.NETFrameworkSDKv1.1/cpref/html/frlrfsystemconfigurationconfigurationexceptionclassBareMessageTopic.htm" ismsdn="true" />
      <HelpTopic name="Filename" link="ms-help://MS.NETFrameworkSDKv1.1/cpref/html/frlrfsystemconfigurationconfigurationexceptionclassFilenameTopic.htm" ismsdn="true" />
      <HelpTopic name="Line" link="ms-help://MS.NETFrameworkSDKv1.1/cpref/html/frlrfsystemconfigurationconfigurationexceptionclassLineTopic.htm" ismsdn="true" />
    </HelpFolder>
  </HelpFolder>
  <HelpFolder name="ConfigurationSettings class" link="ms-help://MS.NETFrameworkSDKv1.1/cpref/html/frlrfsystemconfigurationconfigurationsettingsClassTopic.htm" ismsdn="true">
    <HelpTopic name="ConfigurationSettings members" link="ms-help://MS.NETFrameworkSDKv1.1/cpref/html/frlrfsystemconfigurationconfigurationsettingsMembersTopic.htm" ismsdn="true" />
    <HelpFolder name="Methods" link="ms-help://MS.NETFrameworkSDKv1.1/cpref/html/frlrfsystemconfigurationconfigurationsettingsMethodsTopic.htm" ismsdn="true">
      <HelpTopic name="GetConfig(System.String)" link="ms-help://MS.NETFrameworkSDKv1.1/cpref/html/frlrfsystemconfigurationconfigurationsettingsclassGetConfigTopic.htm" ismsdn="true" />
    </HelpFolder>
    <HelpFolder name="Properties" link="ms-help://MS.NETFrameworkSDKv1.1/cpref/html/frlrfsystemconfigurationconfigurationsettingsPropertiesTopic.htm" ismsdn="true">
      <HelpTopic name="AppSettings" link="ms-help://MS.NETFrameworkSDKv1.1/cpref/html/frlrfsystemconfigurationconfigurationsettingsclassAppSettingsTopic.htm" ismsdn="true" />
    </HelpFolder>
  </HelpFolder>
  <HelpFolder name="ConfigXmlDocument class" link="ms-help://MS.NETFrameworkSDKv1.1/cpref/html/frlrfsystemconfigurationconfigxmldocumentClassTopic.htm" ismsdn="true">
    <HelpTopic name="ConfigXmlDocument members" link="ms-help://MS.NETFrameworkSDKv1.1/cpref/html/frlrfsystemconfigurationconfigxmldocumentMembersTopic.htm" ismsdn="true" />
    <HelpFolder name="Constructors" link="ms-help://MS.NETFrameworkSDKv1.1/cpref/html/frlrfsystemconfigurationconfigxmldocumentclassctorTopic.htm" ismsdn="true">
      <HelpTopic name=".ctor()" link="ms-help://MS.NETFrameworkSDKv1.1/cpref/html/frlrfsystemconfigurationconfigxmldocumentclassctorTopic.htm" ismsdn="true" />
    </HelpFolder>
    <HelpFolder name="Methods" link="ms-help://MS.NETFrameworkSDKv1.1/cpref/html/frlrfsystemconfigurationconfigxmldocumentMethodsTopic.htm" ismsdn="true">
      <HelpTopic name="Load(System.String)" link="ms-help://MS.NETFrameworkSDKv1.1/cpref/html/frlrfsystemconfigurationconfigxmldocumentclassLoadTopic.htm" ismsdn="true" />
      <HelpTopic name="CreateElement(System.String, System.String, System.String)" link="ms-help://MS.NETFrameworkSDKv1.1/cpref/html/frlrfsystemconfigurationconfigxmldocumentclassCreateElementTopic.htm" ismsdn="true" />
      <HelpTopic name="CreateAttribute(System.String, System.String, System.String)" link="ms-help://MS.NETFrameworkSDKv1.1/cpref/html/frlrfsystemconfigurationconfigxmldocumentclassCreateAttributeTopic.htm" ismsdn="true" />
      <HelpTopic name="CreateWhitespace(System.String)" link="ms-help://MS.NETFrameworkSDKv1.1/cpref/html/frlrfsystemconfigurationconfigxmldocumentclassCreateWhitespaceTopic.htm" ismsdn="true" />
      <HelpTopic name="CreateSignificantWhitespace(System.String)" link="ms-help://MS.NETFrameworkSDKv1.1/cpref/html/frlrfsystemconfigurationconfigxmldocumentclassCreateSignificantWhitespaceTopic.htm" ismsdn="true" />
      <HelpTopic name="CreateTextNode(System.String)" link="ms-help://MS.NETFrameworkSDKv1.1/cpref/html/frlrfsystemconfigurationconfigxmldocumentclassCreateTextNodeTopic.htm" ismsdn="true" />
      <HelpTopic name="CreateComment(System.String)" link="ms-help://MS.NETFrameworkSDKv1.1/cpref/html/frlrfsystemconfigurationconfigxmldocumentclassCreateCommentTopic.htm" ismsdn="true" />
      <HelpTopic name="CreateCDataSection(System.String)" link="ms-help://MS.NETFrameworkSDKv1.1/cpref/html/frlrfsystemconfigurationconfigxmldocumentclassCreateCDataSectionTopic.htm" ismsdn="true" />
      <HelpTopic name="LoadSingleElement(System.String, System.Xml.XmlTextReader)" link="ms-help://MS.NETFrameworkSDKv1.1/cpref/html/frlrfsystemconfigurationconfigxmldocumentclassLoadSingleElementTopic.htm" ismsdn="true" />
    </HelpFolder>
    <HelpFolder name="Properties" link="ms-help://MS.NETFrameworkSDKv1.1/cpref/html/frlrfsystemconfigurationconfigxmldocumentPropertiesTopic.htm" ismsdn="true">
      <HelpTopic name="LineNumber" link="ms-help://MS.NETFrameworkSDKv1.1/cpref/html/frlrfsystemconfigurationconfigxmldocumentclassLineNumberTopic.htm" ismsdn="true" />
      <HelpTopic name="Filename" link="ms-help://MS.NETFrameworkSDKv1.1/cpref/html/frlrfsystemconfigurationconfigxmldocumentclassFilenameTopic.htm" ismsdn="true" />
    </HelpFolder>
  </HelpFolder>
  <HelpFolder name="DictionarySectionHandler class" link="ms-help://MS.NETFrameworkSDKv1.1/cpref/html/frlrfsystemconfigurationdictionarysectionhandlerClassTopic.htm" ismsdn="true">
    <HelpTopic name="DictionarySectionHandler members" link="ms-help://MS.NETFrameworkSDKv1.1/cpref/html/frlrfsystemconfigurationdictionarysectionhandlerMembersTopic.htm" ismsdn="true" />
    <HelpFolder name="Constructors" link="ms-help://MS.NETFrameworkSDKv1.1/cpref/html/frlrfsystemconfigurationdictionarysectionhandlerclassctorTopic.htm" ismsdn="true">
      <HelpTopic name=".ctor()" link="ms-help://MS.NETFrameworkSDKv1.1/cpref/html/frlrfsystemconfigurationdictionarysectionhandlerclassctorTopic.htm" ismsdn="true" />
    </HelpFolder>
    <HelpFolder name="Methods" link="ms-help://MS.NETFrameworkSDKv1.1/cpref/html/frlrfsystemconfigurationdictionarysectionhandlerMethodsTopic.htm" ismsdn="true">
      <HelpTopic name="Create(System.Object, System.Object, System.Xml.XmlNode)" link="ms-help://MS.NETFrameworkSDKv1.1/cpref/html/frlrfsystemconfigurationdictionarysectionhandlerclassCreateTopic.htm" ismsdn="true" />
    </HelpFolder>
  </HelpFolder>
  <HelpFolder name="IConfigurationSectionHandler interface" link="ms-help://MS.NETFrameworkSDKv1.1/cpref/html/frlrfsystemconfigurationiconfigurationsectionhandlerClassTopic.htm" ismsdn="true">
    <HelpTopic name="IConfigurationSectionHandler members" link="ms-help://MS.NETFrameworkSDKv1.1/cpref/html/frlrfsystemconfigurationiconfigurationsectionhandlerMembersTopic.htm" ismsdn="true" />
    <HelpFolder name="Methods" link="ms-help://MS.NETFrameworkSDKv1.1/cpref/html/frlrfsystemconfigurationiconfigurationsectionhandlerMethodsTopic.htm" ismsdn="true">
      <HelpTopic name="Create(System.Object, System.Object, System.Xml.XmlNode)" link="ms-help://MS.NETFrameworkSDKv1.1/cpref/html/frlrfsystemconfigurationiconfigurationsectionhandlerclassCreateTopic.htm" ismsdn="true" />
    </HelpFolder>
  </HelpFolder>
  <HelpFolder name="IConfigurationSystem interface" link="ms-help://MS.NETFrameworkSDKv1.1/cpref/html/frlrfsystemconfigurationiconfigurationsystemClassTopic.htm" ismsdn="true">
    <HelpTopic name="IConfigurationSystem members" link="ms-help://MS.NETFrameworkSDKv1.1/cpref/html/frlrfsystemconfigurationiconfigurationsystemMembersTopic.htm" ismsdn="true" />
    <HelpFolder name="Methods" link="ms-help://MS.NETFrameworkSDKv1.1/cpref/html/frlrfsystemconfigurationiconfigurationsystemMethodsTopic.htm" ismsdn="true">
      <HelpTopic name="Init()" link="ms-help://MS.NETFrameworkSDKv1.1/cpref/html/frlrfsystemconfigurationiconfigurationsystemclassInitTopic.htm" ismsdn="true" />
      <HelpTopic name="GetConfig(System.String)" link="ms-help://MS.NETFrameworkSDKv1.1/cpref/html/frlrfsystemconfigurationiconfigurationsystemclassGetConfigTopic.htm" ismsdn="true" />
    </HelpFolder>
  </HelpFolder>
  <HelpFolder name="IgnoreSectionHandler class" link="ms-help://MS.NETFrameworkSDKv1.1/cpref/html/frlrfsystemconfigurationignoresectionhandlerClassTopic.htm" ismsdn="true">
    <HelpTopic name="IgnoreSectionHandler members" link="ms-help://MS.NETFrameworkSDKv1.1/cpref/html/frlrfsystemconfigurationignoresectionhandlerMembersTopic.htm" ismsdn="true" />
    <HelpFolder name="Constructors" link="ms-help://MS.NETFrameworkSDKv1.1/cpref/html/frlrfsystemconfigurationignoresectionhandlerclassctorTopic.htm" ismsdn="true">
      <HelpTopic name=".ctor()" link="ms-help://MS.NETFrameworkSDKv1.1/cpref/html/frlrfsystemconfigurationignoresectionhandlerclassctorTopic.htm" ismsdn="true" />
    </HelpFolder>
    <HelpFolder name="Methods" link="ms-help://MS.NETFrameworkSDKv1.1/cpref/html/frlrfsystemconfigurationignoresectionhandlerMethodsTopic.htm" ismsdn="true">
      <HelpTopic name="Create(System.Object, System.Object, System.Xml.XmlNode)" link="ms-help://MS.NETFrameworkSDKv1.1/cpref/html/frlrfsystemconfigurationignoresectionhandlerclassCreateTopic.htm" ismsdn="true" />
    </HelpFolder>
  </HelpFolder>
  <HelpFolder name="NameValueFileSectionHandler class" link="ms-help://MS.NETFrameworkSDKv1.1/cpref/html/frlrfsystemconfigurationnamevaluefilesectionhandlerClassTopic.htm" ismsdn="true">
    <HelpTopic name="NameValueFileSectionHandler members" link="ms-help://MS.NETFrameworkSDKv1.1/cpref/html/frlrfsystemconfigurationnamevaluefilesectionhandlerMembersTopic.htm" ismsdn="true" />
    <HelpFolder name="Constructors" link="ms-help://MS.NETFrameworkSDKv1.1/cpref/html/frlrfsystemconfigurationnamevaluefilesectionhandlerclassctorTopic.htm" ismsdn="true">
      <HelpTopic name=".ctor()" link="ms-help://MS.NETFrameworkSDKv1.1/cpref/html/frlrfsystemconfigurationnamevaluefilesectionhandlerclassctorTopic.htm" ismsdn="true" />
    </HelpFolder>
    <HelpFolder name="Methods" link="ms-help://MS.NETFrameworkSDKv1.1/cpref/html/frlrfsystemconfigurationnamevaluefilesectionhandlerMethodsTopic.htm" ismsdn="true">
      <HelpTopic name="Create(System.Object, System.Object, System.Xml.XmlNode)" link="ms-help://MS.NETFrameworkSDKv1.1/cpref/html/frlrfsystemconfigurationnamevaluefilesectionhandlerclassCreateTopic.htm" ismsdn="true" />
    </HelpFolder>
  </HelpFolder>
  <HelpFolder name="NameValueSectionHandler class" link="ms-help://MS.NETFrameworkSDKv1.1/cpref/html/frlrfsystemconfigurationnamevaluesectionhandlerClassTopic.htm" ismsdn="true">
    <HelpTopic name="NameValueSectionHandler members" link="ms-help://MS.NETFrameworkSDKv1.1/cpref/html/frlrfsystemconfigurationnamevaluesectionhandlerMembersTopic.htm" ismsdn="true" />
    <HelpFolder name="Constructors" link="ms-help://MS.NETFrameworkSDKv1.1/cpref/html/frlrfsystemconfigurationnamevaluesectionhandlerclassctorTopic.htm" ismsdn="true">
      <HelpTopic name=".ctor()" link="ms-help://MS.NETFrameworkSDKv1.1/cpref/html/frlrfsystemconfigurationnamevaluesectionhandlerclassctorTopic.htm" ismsdn="true" />
    </HelpFolder>
    <HelpFolder name="Methods" link="ms-help://MS.NETFrameworkSDKv1.1/cpref/html/frlrfsystemconfigurationnamevaluesectionhandlerMethodsTopic.htm" ismsdn="true">
      <HelpTopic name="Create(System.Object, System.Object, System.Xml.XmlNode)" link="ms-help://MS.NETFrameworkSDKv1.1/cpref/html/frlrfsystemconfigurationnamevaluesectionhandlerclassCreateTopic.htm" ismsdn="true" />
    </HelpFolder>
  </HelpFolder>
  <HelpFolder name="SingleTagSectionHandler class" link="ms-help://MS.NETFrameworkSDKv1.1/cpref/html/frlrfsystemconfigurationsingletagsectionhandlerClassTopic.htm" ismsdn="true">
    <HelpTopic name="SingleTagSectionHandler members" link="ms-help://MS.NETFrameworkSDKv1.1/cpref/html/frlrfsystemconfigurationsingletagsectionhandlerMembersTopic.htm" ismsdn="true" />
    <HelpFolder name="Constructors" link="ms-help://MS.NETFrameworkSDKv1.1/cpref/html/frlrfsystemconfigurationsingletagsectionhandlerclassctorTopic.htm" ismsdn="true">
      <HelpTopic name=".ctor()" link="ms-help://MS.NETFrameworkSDKv1.1/cpref/html/frlrfsystemconfigurationsingletagsectionhandlerclassctorTopic.htm" ismsdn="true" />
    </HelpFolder>
    <HelpFolder name="Methods" link="ms-help://MS.NETFrameworkSDKv1.1/cpref/html/frlrfsystemconfigurationsingletagsectionhandlerMethodsTopic.htm" ismsdn="true">
      <HelpTopic name="Create(System.Object, System.Object, System.Xml.XmlNode)" link="ms-help://MS.NETFrameworkSDKv1.1/cpref/html/frlrfsystemconfigurationsingletagsectionhandlerclassCreateTopic.htm" ismsdn="true" />
    </HelpFolder>
  </HelpFolder>
</HelpCollection>