<HelpCollection>
  <HelpFolder name="AuthenticationManager class" link="ms-help://MS.NETFrameworkSDKv1.1/cpref/html/frlrfsystemnetauthenticationmanagerClassTopic.htm" ismsdn="true">
    <HelpTopic name="AuthenticationManager members" link="ms-help://MS.NETFrameworkSDKv1.1/cpref/html/frlrfsystemnetauthenticationmanagerMembersTopic.htm" ismsdn="true" />
    <HelpFolder name="Methods" link="ms-help://MS.NETFrameworkSDKv1.1/cpref/html/frlrfsystemnetauthenticationmanagerMethodsTopic.htm" ismsdn="true">
      <HelpTopic name="Authenticate(System.String, System.Net.WebRequest, System.Net.ICredentials)" link="ms-help://MS.NETFrameworkSDKv1.1/cpref/html/frlrfsystemnetauthenticationmanagerclassAuthenticateTopic.htm" ismsdn="true" />
      <HelpTopic name="PreAuthenticate(System.Net.WebRequest, System.Net.ICredentials)" link="ms-help://MS.NETFrameworkSDKv1.1/cpref/html/frlrfsystemnetauthenticationmanagerclassPreAuthenticateTopic.htm" ismsdn="true" />
      <HelpTopic name="Register(System.Net.IAuthenticationModule)" link="ms-help://MS.NETFrameworkSDKv1.1/cpref/html/frlrfsystemnetauthenticationmanagerclassRegisterTopic.htm" ismsdn="true" />
      <HelpTopic name="Unregister(System.Net.IAuthenticationModule)" link="ms-help://MS.NETFrameworkSDKv1.1/cpref/html/frlrfsystemnetauthenticationmanagerclassUnregisterTopic1.htm" ismsdn="true" />
      <HelpTopic name="Unregister(System.String)" link="ms-help://MS.NETFrameworkSDKv1.1/cpref/html/frlrfsystemnetauthenticationmanagerclassUnregisterTopic2.htm" ismsdn="true" />
    </HelpFolder>
    <HelpFolder name="Properties" link="ms-help://MS.NETFrameworkSDKv1.1/cpref/html/frlrfsystemnetauthenticationmanagerPropertiesTopic.htm" ismsdn="true">
      <HelpTopic name="RegisteredModules" link="ms-help://MS.NETFrameworkSDKv1.1/cpref/html/frlrfsystemnetauthenticationmanagerclassRegisteredModulesTopic.htm" ismsdn="true" />
    </HelpFolder>
  </HelpFolder>
  <HelpFolder name="Authorization class" link="ms-help://MS.NETFrameworkSDKv1.1/cpref/html/frlrfsystemnetauthorizationClassTopic.htm" ismsdn="true">
    <HelpTopic name="Authorization members" link="ms-help://MS.NETFrameworkSDKv1.1/cpref/html/frlrfsystemnetauthorizationMembersTopic.htm" ismsdn="true" />
    <HelpFolder name="Constructors" link="ms-help://MS.NETFrameworkSDKv1.1/cpref/html/frlrfsystemnetauthorizationclassctorTopic.htm" ismsdn="true">
      <HelpTopic name=".ctor(System.String)" link="ms-help://MS.NETFrameworkSDKv1.1/cpref/html/frlrfsystemnetauthorizationclassctorTopic1.htm" ismsdn="true" />
      <HelpTopic name=".ctor(System.String, System.Boolean)" link="ms-help://MS.NETFrameworkSDKv1.1/cpref/html/frlrfsystemnetauthorizationclassctorTopic1.htm" ismsdn="true" />
      <HelpTopic name=".ctor(System.String, System.Boolean, System.String)" link="ms-help://MS.NETFrameworkSDKv1.1/cpref/html/frlrfsystemnetauthorizationclassctorTopic2.htm" ismsdn="true" />
    </HelpFolder>
    <HelpFolder name="Properties" link="ms-help://MS.NETFrameworkSDKv1.1/cpref/html/frlrfsystemnetauthorizationPropertiesTopic.htm" ismsdn="true">
      <HelpTopic name="Message" link="ms-help://MS.NETFrameworkSDKv1.1/cpref/html/frlrfsystemnetauthorizationclassMessageTopic.htm" ismsdn="true" />
      <HelpTopic name="ConnectionGroupId" link="ms-help://MS.NETFrameworkSDKv1.1/cpref/html/frlrfsystemnetauthorizationclassConnectionGroupIdTopic.htm" ismsdn="true" />
      <HelpTopic name="Complete" link="ms-help://MS.NETFrameworkSDKv1.1/cpref/html/frlrfsystemnetauthorizationclassCompleteTopic.htm" ismsdn="true" />
      <HelpTopic name="ProtectionRealm" link="ms-help://MS.NETFrameworkSDKv1.1/cpref/html/frlrfsystemnetauthorizationclassProtectionRealmTopic.htm" ismsdn="true" />
    </HelpFolder>
  </HelpFolder>
  <HelpFolder name="Cookie class" link="ms-help://MS.NETFrameworkSDKv1.1/cpref/html/frlrfsystemnetcookieClassTopic.htm" ismsdn="true">
    <HelpTopic name="Cookie members" link="ms-help://MS.NETFrameworkSDKv1.1/cpref/html/frlrfsystemnetcookieMembersTopic.htm" ismsdn="true" />
    <HelpFolder name="Constructors" link="ms-help://MS.NETFrameworkSDKv1.1/cpref/html/frlrfsystemnetcookieclassctorTopic.htm" ismsdn="true">
      <HelpTopic name=".ctor()" link="ms-help://MS.NETFrameworkSDKv1.1/cpref/html/frlrfsystemnetcookieclassctorTopic1.htm" ismsdn="true" />
      <HelpTopic name=".ctor(System.String, System.String)" link="ms-help://MS.NETFrameworkSDKv1.1/cpref/html/frlrfsystemnetcookieclassctorTopic1.htm" ismsdn="true" />
      <HelpTopic name=".ctor(System.String, System.String, System.String)" link="ms-help://MS.NETFrameworkSDKv1.1/cpref/html/frlrfsystemnetcookieclassctorTopic2.htm" ismsdn="true" />
      <HelpTopic name=".ctor(System.String, System.String, System.String, System.String)" link="ms-help://MS.NETFrameworkSDKv1.1/cpref/html/frlrfsystemnetcookieclassctorTopic3.htm" ismsdn="true" />
    </HelpFolder>
    <HelpFolder name="Methods" link="ms-help://MS.NETFrameworkSDKv1.1/cpref/html/frlrfsystemnetcookieMethodsTopic.htm" ismsdn="true">
      <HelpTopic name="GetHashCode()" link="ms-help://MS.NETFrameworkSDKv1.1/cpref/html/frlrfsystemnetcookieclassGetHashCodeTopic.htm" ismsdn="true" />
      <HelpTopic name="Equals(System.Object)" link="ms-help://MS.NETFrameworkSDKv1.1/cpref/html/frlrfsystemnetcookieclassEqualsTopic.htm" ismsdn="true" />
      <HelpTopic name="ToString()" link="ms-help://MS.NETFrameworkSDKv1.1/cpref/html/frlrfsystemnetcookieclassToStringTopic.htm" ismsdn="true" />
    </HelpFolder>
    <HelpFolder name="Properties" link="ms-help://MS.NETFrameworkSDKv1.1/cpref/html/frlrfsystemnetcookiePropertiesTopic.htm" ismsdn="true">
      <HelpTopic name="Comment" link="ms-help://MS.NETFrameworkSDKv1.1/cpref/html/frlrfsystemnetcookieclassCommentTopic.htm" ismsdn="true" />
      <HelpTopic name="CommentUri" link="ms-help://MS.NETFrameworkSDKv1.1/cpref/html/frlrfsystemnetcookieclassCommentUriTopic.htm" ismsdn="true" />
      <HelpTopic name="Discard" link="ms-help://MS.NETFrameworkSDKv1.1/cpref/html/frlrfsystemnetcookieclassDiscardTopic.htm" ismsdn="true" />
      <HelpTopic name="Domain" link="ms-help://MS.NETFrameworkSDKv1.1/cpref/html/frlrfsystemnetcookieclassDomainTopic.htm" ismsdn="true" />
      <HelpTopic name="Expired" link="ms-help://MS.NETFrameworkSDKv1.1/cpref/html/frlrfsystemnetcookieclassExpiredTopic.htm" ismsdn="true" />
      <HelpTopic name="Expires" link="ms-help://MS.NETFrameworkSDKv1.1/cpref/html/frlrfsystemnetcookieclassExpiresTopic.htm" ismsdn="true" />
      <HelpTopic name="Name" link="ms-help://MS.NETFrameworkSDKv1.1/cpref/html/frlrfsystemnetcookieclassNameTopic.htm" ismsdn="true" />
      <HelpTopic name="Path" link="ms-help://MS.NETFrameworkSDKv1.1/cpref/html/frlrfsystemnetcookieclassPathTopic.htm" ismsdn="true" />
      <HelpTopic name="Port" link="ms-help://MS.NETFrameworkSDKv1.1/cpref/html/frlrfsystemnetcookieclassPortTopic.htm" ismsdn="true" />
      <HelpTopic name="Secure" link="ms-help://MS.NETFrameworkSDKv1.1/cpref/html/frlrfsystemnetcookieclassSecureTopic.htm" ismsdn="true" />
      <HelpTopic name="TimeStamp" link="ms-help://MS.NETFrameworkSDKv1.1/cpref/html/frlrfsystemnetcookieclassTimeStampTopic.htm" ismsdn="true" />
      <HelpTopic name="Value" link="ms-help://MS.NETFrameworkSDKv1.1/cpref/html/frlrfsystemnetcookieclassValueTopic.htm" ismsdn="true" />
      <HelpTopic name="Version" link="ms-help://MS.NETFrameworkSDKv1.1/cpref/html/frlrfsystemnetcookieclassVersionTopic.htm" ismsdn="true" />
    </HelpFolder>
  </HelpFolder>
  <HelpFolder name="CookieCollection class" link="ms-help://MS.NETFrameworkSDKv1.1/cpref/html/frlrfsystemnetcookiecollectionClassTopic.htm" ismsdn="true">
    <HelpTopic name="CookieCollection members" link="ms-help://MS.NETFrameworkSDKv1.1/cpref/html/frlrfsystemnetcookiecollectionMembersTopic.htm" ismsdn="true" />
    <HelpFolder name="Constructors" link="ms-help://MS.NETFrameworkSDKv1.1/cpref/html/frlrfsystemnetcookiecollectionclassctorTopic.htm" ismsdn="true">
      <HelpTopic name=".ctor()" link="ms-help://MS.NETFrameworkSDKv1.1/cpref/html/frlrfsystemnetcookiecollectionclassctorTopic.htm" ismsdn="true" />
    </HelpFolder>
    <HelpFolder name="Methods" link="ms-help://MS.NETFrameworkSDKv1.1/cpref/html/frlrfsystemnetcookiecollectionMethodsTopic.htm" ismsdn="true">
      <HelpTopic name="GetEnumerator()" link="ms-help://MS.NETFrameworkSDKv1.1/cpref/html/frlrfsystemnetcookiecollectionclassGetEnumeratorTopic.htm" ismsdn="true" />
      <HelpTopic name="CopyTo(System.Array, System.Int32)" link="ms-help://MS.NETFrameworkSDKv1.1/cpref/html/frlrfsystemnetcookiecollectionclassCopyToTopic.htm" ismsdn="true" />
      <HelpTopic name="Add(System.Net.Cookie)" link="ms-help://MS.NETFrameworkSDKv1.1/cpref/html/frlrfsystemnetcookiecollectionclassAddTopic1.htm" ismsdn="true" />
      <HelpTopic name="Add(System.Net.CookieCollection)" link="ms-help://MS.NETFrameworkSDKv1.1/cpref/html/frlrfsystemnetcookiecollectionclassAddTopic2.htm" ismsdn="true" />
    </HelpFolder>
    <HelpFolder name="Properties" link="ms-help://MS.NETFrameworkSDKv1.1/cpref/html/frlrfsystemnetcookiecollectionPropertiesTopic.htm" ismsdn="true">
      <HelpTopic name="IsReadOnly" link="ms-help://MS.NETFrameworkSDKv1.1/cpref/html/frlrfsystemnetcookiecollectionclassIsReadOnlyTopic.htm" ismsdn="true" />
      <HelpTopic name="Item" link="ms-help://MS.NETFrameworkSDKv1.1/cpref/html/frlrfsystemnetcookiecollectionclassItemTopic.htm" ismsdn="true" />
      <HelpTopic name="Item" link="ms-help://MS.NETFrameworkSDKv1.1/cpref/html/frlrfsystemnetcookiecollectionclassItemTopic.htm" ismsdn="true" />
      <HelpTopic name="Count" link="ms-help://MS.NETFrameworkSDKv1.1/cpref/html/frlrfsystemnetcookiecollectionclassCountTopic.htm" ismsdn="true" />
      <HelpTopic name="IsSynchronized" link="ms-help://MS.NETFrameworkSDKv1.1/cpref/html/frlrfsystemnetcookiecollectionclassIsSynchronizedTopic.htm" ismsdn="true" />
      <HelpTopic name="SyncRoot" link="ms-help://MS.NETFrameworkSDKv1.1/cpref/html/frlrfsystemnetcookiecollectionclassSyncRootTopic.htm" ismsdn="true" />
    </HelpFolder>
  </HelpFolder>
  <HelpFolder name="CookieContainer class" link="ms-help://MS.NETFrameworkSDKv1.1/cpref/html/frlrfsystemnetcookiecontainerClassTopic.htm" ismsdn="true">
    <HelpTopic name="CookieContainer members" link="ms-help://MS.NETFrameworkSDKv1.1/cpref/html/frlrfsystemnetcookiecontainerMembersTopic.htm" ismsdn="true" />
    <HelpFolder name="Constructors" link="ms-help://MS.NETFrameworkSDKv1.1/cpref/html/frlrfsystemnetcookiecontainerclassctorTopic.htm" ismsdn="true">
      <HelpTopic name=".ctor()" link="ms-help://MS.NETFrameworkSDKv1.1/cpref/html/frlrfsystemnetcookiecontainerclassctorTopic1.htm" ismsdn="true" />
      <HelpTopic name=".ctor(System.Int32)" link="ms-help://MS.NETFrameworkSDKv1.1/cpref/html/frlrfsystemnetcookiecontainerclassctorTopic1.htm" ismsdn="true" />
      <HelpTopic name=".ctor(System.Int32, System.Int32, System.Int32)" link="ms-help://MS.NETFrameworkSDKv1.1/cpref/html/frlrfsystemnetcookiecontainerclassctorTopic2.htm" ismsdn="true" />
    </HelpFolder>
    <HelpFolder name="Fields" link="ms-help://MS.NETFrameworkSDKv1.1/cpref/html/frlrfsystemnetcookiecontainerFieldsTopic.htm" ismsdn="true">
      <HelpTopic name="DefaultCookieLimit" link="ms-help://MS.NETFrameworkSDKv1.1/cpref/html/frlrfsystemnetcookiecontainerclassDefaultCookieLimitTopic.htm" ismsdn="true" />
      <HelpTopic name="DefaultPerDomainCookieLimit" link="ms-help://MS.NETFrameworkSDKv1.1/cpref/html/frlrfsystemnetcookiecontainerclassDefaultPerDomainCookieLimitTopic.htm" ismsdn="true" />
      <HelpTopic name="DefaultCookieLengthLimit" link="ms-help://MS.NETFrameworkSDKv1.1/cpref/html/frlrfsystemnetcookiecontainerclassDefaultCookieLengthLimitTopic.htm" ismsdn="true" />
    </HelpFolder>
    <HelpFolder name="Methods" link="ms-help://MS.NETFrameworkSDKv1.1/cpref/html/frlrfsystemnetcookiecontainerMethodsTopic.htm" ismsdn="true">
      <HelpTopic name="Add(System.Net.Cookie)" link="ms-help://MS.NETFrameworkSDKv1.1/cpref/html/frlrfsystemnetcookiecontainerclassAddTopic1.htm" ismsdn="true" />
      <HelpTopic name="Add(System.Net.CookieCollection)" link="ms-help://MS.NETFrameworkSDKv1.1/cpref/html/frlrfsystemnetcookiecontainerclassAddTopic2.htm" ismsdn="true" />
      <HelpTopic name="Add(System.Uri, System.Net.Cookie)" link="ms-help://MS.NETFrameworkSDKv1.1/cpref/html/frlrfsystemnetcookiecontainerclassAddTopic3.htm" ismsdn="true" />
      <HelpTopic name="Add(System.Uri, System.Net.CookieCollection)" link="ms-help://MS.NETFrameworkSDKv1.1/cpref/html/frlrfsystemnetcookiecontainerclassAddTopic4.htm" ismsdn="true" />
      <HelpTopic name="GetCookies(System.Uri)" link="ms-help://MS.NETFrameworkSDKv1.1/cpref/html/frlrfsystemnetcookiecontainerclassGetCookiesTopic.htm" ismsdn="true" />
      <HelpTopic name="GetCookieHeader(System.Uri)" link="ms-help://MS.NETFrameworkSDKv1.1/cpref/html/frlrfsystemnetcookiecontainerclassGetCookieHeaderTopic.htm" ismsdn="true" />
      <HelpTopic name="SetCookies(System.Uri, System.String)" link="ms-help://MS.NETFrameworkSDKv1.1/cpref/html/frlrfsystemnetcookiecontainerclassSetCookiesTopic.htm" ismsdn="true" />
    </HelpFolder>
    <HelpFolder name="Properties" link="ms-help://MS.NETFrameworkSDKv1.1/cpref/html/frlrfsystemnetcookiecontainerPropertiesTopic.htm" ismsdn="true">
      <HelpTopic name="Capacity" link="ms-help://MS.NETFrameworkSDKv1.1/cpref/html/frlrfsystemnetcookiecontainerclassCapacityTopic.htm" ismsdn="true" />
      <HelpTopic name="Count" link="ms-help://MS.NETFrameworkSDKv1.1/cpref/html/frlrfsystemnetcookiecontainerclassCountTopic.htm" ismsdn="true" />
      <HelpTopic name="MaxCookieSize" link="ms-help://MS.NETFrameworkSDKv1.1/cpref/html/frlrfsystemnetcookiecontainerclassMaxCookieSizeTopic.htm" ismsdn="true" />
      <HelpTopic name="PerDomainCapacity" link="ms-help://MS.NETFrameworkSDKv1.1/cpref/html/frlrfsystemnetcookiecontainerclassPerDomainCapacityTopic.htm" ismsdn="true" />
    </HelpFolder>
  </HelpFolder>
  <HelpFolder name="CookieException class" link="ms-help://MS.NETFrameworkSDKv1.1/cpref/html/frlrfsystemnetcookieexceptionClassTopic.htm" ismsdn="true">
    <HelpTopic name="CookieException members" link="ms-help://MS.NETFrameworkSDKv1.1/cpref/html/frlrfsystemnetcookieexceptionMembersTopic.htm" ismsdn="true" />
    <HelpFolder name="Constructors" link="ms-help://MS.NETFrameworkSDKv1.1/cpref/html/frlrfsystemnetcookieexceptionclassctorTopic.htm" ismsdn="true">
      <HelpTopic name=".ctor()" link="ms-help://MS.NETFrameworkSDKv1.1/cpref/html/frlrfsystemnetcookieexceptionclassctorTopic.htm" ismsdn="true" />
    </HelpFolder>
  </HelpFolder>
  <HelpFolder name="CredentialCache class" link="ms-help://MS.NETFrameworkSDKv1.1/cpref/html/frlrfsystemnetcredentialcacheClassTopic.htm" ismsdn="true">
    <HelpTopic name="CredentialCache members" link="ms-help://MS.NETFrameworkSDKv1.1/cpref/html/frlrfsystemnetcredentialcacheMembersTopic.htm" ismsdn="true" />
    <HelpFolder name="Constructors" link="ms-help://MS.NETFrameworkSDKv1.1/cpref/html/frlrfsystemnetcredentialcacheclassctorTopic.htm" ismsdn="true">
      <HelpTopic name=".ctor()" link="ms-help://MS.NETFrameworkSDKv1.1/cpref/html/frlrfsystemnetcredentialcacheclassctorTopic.htm" ismsdn="true" />
    </HelpFolder>
    <HelpFolder name="Methods" link="ms-help://MS.NETFrameworkSDKv1.1/cpref/html/frlrfsystemnetcredentialcacheMethodsTopic.htm" ismsdn="true">
      <HelpTopic name="GetEnumerator()" link="ms-help://MS.NETFrameworkSDKv1.1/cpref/html/frlrfsystemnetcredentialcacheclassGetEnumeratorTopic.htm" ismsdn="true" />
      <HelpTopic name="GetCredential(System.Uri, System.String)" link="ms-help://MS.NETFrameworkSDKv1.1/cpref/html/frlrfsystemnetcredentialcacheclassGetCredentialTopic.htm" ismsdn="true" />
      <HelpTopic name="Add(System.Uri, System.String, System.Net.NetworkCredential)" link="ms-help://MS.NETFrameworkSDKv1.1/cpref/html/frlrfsystemnetcredentialcacheclassAddTopic.htm" ismsdn="true" />
      <HelpTopic name="Remove(System.Uri, System.String)" link="ms-help://MS.NETFrameworkSDKv1.1/cpref/html/frlrfsystemnetcredentialcacheclassRemoveTopic.htm" ismsdn="true" />
    </HelpFolder>
    <HelpFolder name="Properties" link="ms-help://MS.NETFrameworkSDKv1.1/cpref/html/frlrfsystemnetcredentialcachePropertiesTopic.htm" ismsdn="true">
      <HelpTopic name="DefaultCredentials" link="ms-help://MS.NETFrameworkSDKv1.1/cpref/html/frlrfsystemnetcredentialcacheclassDefaultCredentialsTopic.htm" ismsdn="true" />
    </HelpFolder>
  </HelpFolder>
  <HelpFolder name="Dns class" link="ms-help://MS.NETFrameworkSDKv1.1/cpref/html/frlrfsystemnetdnsClassTopic.htm" ismsdn="true">
    <HelpTopic name="Dns members" link="ms-help://MS.NETFrameworkSDKv1.1/cpref/html/frlrfsystemnetdnsMembersTopic.htm" ismsdn="true" />
    <HelpFolder name="Methods" link="ms-help://MS.NETFrameworkSDKv1.1/cpref/html/frlrfsystemnetdnsMethodsTopic.htm" ismsdn="true">
      <HelpTopic name="GetHostByName(System.String)" link="ms-help://MS.NETFrameworkSDKv1.1/cpref/html/frlrfsystemnetdnsclassGetHostByNameTopic.htm" ismsdn="true" />
      <HelpTopic name="GetHostByAddress(System.String)" link="ms-help://MS.NETFrameworkSDKv1.1/cpref/html/frlrfsystemnetdnsclassGetHostByAddressTopic1.htm" ismsdn="true" />
      <HelpTopic name="GetHostByAddress(System.Net.IPAddress)" link="ms-help://MS.NETFrameworkSDKv1.1/cpref/html/frlrfsystemnetdnsclassGetHostByAddressTopic2.htm" ismsdn="true" />
      <HelpTopic name="GetHostName()" link="ms-help://MS.NETFrameworkSDKv1.1/cpref/html/frlrfsystemnetdnsclassGetHostNameTopic.htm" ismsdn="true" />
      <HelpTopic name="Resolve(System.String)" link="ms-help://MS.NETFrameworkSDKv1.1/cpref/html/frlrfsystemnetdnsclassResolveTopic.htm" ismsdn="true" />
      <HelpTopic name="BeginGetHostByName(System.String, System.AsyncCallback, System.Object)" link="ms-help://MS.NETFrameworkSDKv1.1/cpref/html/frlrfsystemnetdnsclassBeginGetHostByNameTopic.htm" ismsdn="true" />
      <HelpTopic name="EndGetHostByName(System.IAsyncResult)" link="ms-help://MS.NETFrameworkSDKv1.1/cpref/html/frlrfsystemnetdnsclassEndGetHostByNameTopic.htm" ismsdn="true" />
      <HelpTopic name="BeginResolve(System.String, System.AsyncCallback, System.Object)" link="ms-help://MS.NETFrameworkSDKv1.1/cpref/html/frlrfsystemnetdnsclassBeginResolveTopic.htm" ismsdn="true" />
      <HelpTopic name="EndResolve(System.IAsyncResult)" link="ms-help://MS.NETFrameworkSDKv1.1/cpref/html/frlrfsystemnetdnsclassEndResolveTopic.htm" ismsdn="true" />
    </HelpFolder>
  </HelpFolder>
  <HelpFolder name="DnsPermission class" link="ms-help://MS.NETFrameworkSDKv1.1/cpref/html/frlrfsystemnetdnspermissionClassTopic.htm" ismsdn="true">
    <HelpTopic name="DnsPermission members" link="ms-help://MS.NETFrameworkSDKv1.1/cpref/html/frlrfsystemnetdnspermissionMembersTopic.htm" ismsdn="true" />
    <HelpFolder name="Constructors" link="ms-help://MS.NETFrameworkSDKv1.1/cpref/html/frlrfsystemnetdnspermissionclassctorTopic.htm" ismsdn="true">
      <HelpTopic name=".ctor(System.Security.Permissions.PermissionState)" link="ms-help://MS.NETFrameworkSDKv1.1/cpref/html/frlrfsystemnetdnspermissionclassctorTopic.htm" ismsdn="true" />
    </HelpFolder>
    <HelpFolder name="Methods" link="ms-help://MS.NETFrameworkSDKv1.1/cpref/html/frlrfsystemnetdnspermissionMethodsTopic.htm" ismsdn="true">
      <HelpTopic name="IsUnrestricted()" link="ms-help://MS.NETFrameworkSDKv1.1/cpref/html/frlrfsystemnetdnspermissionclassIsUnrestrictedTopic.htm" ismsdn="true" />
      <HelpTopic name="FromXml(System.Security.SecurityElement)" link="ms-help://MS.NETFrameworkSDKv1.1/cpref/html/frlrfsystemnetdnspermissionclassFromXmlTopic.htm" ismsdn="true" />
      <HelpTopic name="ToXml()" link="ms-help://MS.NETFrameworkSDKv1.1/cpref/html/frlrfsystemnetdnspermissionclassToXmlTopic.htm" ismsdn="true" />
      <HelpTopic name="IsSubsetOf(System.Security.IPermission)" link="ms-help://MS.NETFrameworkSDKv1.1/cpref/html/frlrfsystemnetdnspermissionclassIsSubsetOfTopic.htm" ismsdn="true" />
      <HelpTopic name="Union(System.Security.IPermission)" link="ms-help://MS.NETFrameworkSDKv1.1/cpref/html/frlrfsystemnetdnspermissionclassUnionTopic.htm" ismsdn="true" />
      <HelpTopic name="Intersect(System.Security.IPermission)" link="ms-help://MS.NETFrameworkSDKv1.1/cpref/html/frlrfsystemnetdnspermissionclassIntersectTopic.htm" ismsdn="true" />
      <HelpTopic name="Copy()" link="ms-help://MS.NETFrameworkSDKv1.1/cpref/html/frlrfsystemnetdnspermissionclassCopyTopic.htm" ismsdn="true" />
    </HelpFolder>
  </HelpFolder>
  <HelpFolder name="DnsPermissionAttribute class" link="ms-help://MS.NETFrameworkSDKv1.1/cpref/html/frlrfsystemnetdnspermissionattributeClassTopic.htm" ismsdn="true">
    <HelpTopic name="DnsPermissionAttribute members" link="ms-help://MS.NETFrameworkSDKv1.1/cpref/html/frlrfsystemnetdnspermissionattributeMembersTopic.htm" ismsdn="true" />
    <HelpFolder name="Constructors" link="ms-help://MS.NETFrameworkSDKv1.1/cpref/html/frlrfsystemnetdnspermissionattributeclassctorTopic.htm" ismsdn="true">
      <HelpTopic name=".ctor(System.Security.Permissions.SecurityAction)" link="ms-help://MS.NETFrameworkSDKv1.1/cpref/html/frlrfsystemnetdnspermissionattributeclassctorTopic.htm" ismsdn="true" />
    </HelpFolder>
    <HelpFolder name="Methods" link="ms-help://MS.NETFrameworkSDKv1.1/cpref/html/frlrfsystemnetdnspermissionattributeMethodsTopic.htm" ismsdn="true">
      <HelpTopic name="CreatePermission()" link="ms-help://MS.NETFrameworkSDKv1.1/cpref/html/frlrfsystemnetdnspermissionattributeclassCreatePermissionTopic.htm" ismsdn="true" />
    </HelpFolder>
  </HelpFolder>
  <HelpFolder name="EndPoint class" link="ms-help://MS.NETFrameworkSDKv1.1/cpref/html/frlrfsystemnetendpointClassTopic.htm" ismsdn="true">
    <HelpTopic name="EndPoint members" link="ms-help://MS.NETFrameworkSDKv1.1/cpref/html/frlrfsystemnetendpointMembersTopic.htm" ismsdn="true" />
    <HelpFolder name="Methods" link="ms-help://MS.NETFrameworkSDKv1.1/cpref/html/frlrfsystemnetendpointMethodsTopic.htm" ismsdn="true">
      <HelpTopic name="Create(System.Net.SocketAddress)" link="ms-help://MS.NETFrameworkSDKv1.1/cpref/html/frlrfsystemnetendpointclassCreateTopic.htm" ismsdn="true" />
      <HelpTopic name="Serialize()" link="ms-help://MS.NETFrameworkSDKv1.1/cpref/html/frlrfsystemnetendpointclassSerializeTopic.htm" ismsdn="true" />
    </HelpFolder>
    <HelpFolder name="Properties" link="ms-help://MS.NETFrameworkSDKv1.1/cpref/html/frlrfsystemnetendpointPropertiesTopic.htm" ismsdn="true">
      <HelpTopic name="AddressFamily" link="ms-help://MS.NETFrameworkSDKv1.1/cpref/html/frlrfsystemnetendpointclassAddressFamilyTopic.htm" ismsdn="true" />
    </HelpFolder>
  </HelpFolder>
  <HelpFolder name="EndpointPermission class" link="ms-help://MS.NETFrameworkSDKv1.1/cpref/html/frlrfsystemnetendpointpermissionClassTopic.htm" ismsdn="true">
    <HelpTopic name="EndpointPermission members" link="ms-help://MS.NETFrameworkSDKv1.1/cpref/html/frlrfsystemnetendpointpermissionMembersTopic.htm" ismsdn="true" />
    <HelpFolder name="Methods" link="ms-help://MS.NETFrameworkSDKv1.1/cpref/html/frlrfsystemnetendpointpermissionMethodsTopic.htm" ismsdn="true">
      <HelpTopic name="GetHashCode()" link="ms-help://MS.NETFrameworkSDKv1.1/cpref/html/frlrfsystemnetendpointpermissionclassGetHashCodeTopic.htm" ismsdn="true" />
      <HelpTopic name="Equals(System.Object)" link="ms-help://MS.NETFrameworkSDKv1.1/cpref/html/frlrfsystemnetendpointpermissionclassEqualsTopic.htm" ismsdn="true" />
      <HelpTopic name="ToString()" link="ms-help://MS.NETFrameworkSDKv1.1/cpref/html/frlrfsystemnetendpointpermissionclassToStringTopic.htm" ismsdn="true" />
    </HelpFolder>
    <HelpFolder name="Properties" link="ms-help://MS.NETFrameworkSDKv1.1/cpref/html/frlrfsystemnetendpointpermissionPropertiesTopic.htm" ismsdn="true">
      <HelpTopic name="Hostname" link="ms-help://MS.NETFrameworkSDKv1.1/cpref/html/frlrfsystemnetendpointpermissionclassHostnameTopic.htm" ismsdn="true" />
      <HelpTopic name="Transport" link="ms-help://MS.NETFrameworkSDKv1.1/cpref/html/frlrfsystemnetendpointpermissionclassTransportTopic.htm" ismsdn="true" />
      <HelpTopic name="Port" link="ms-help://MS.NETFrameworkSDKv1.1/cpref/html/frlrfsystemnetendpointpermissionclassPortTopic.htm" ismsdn="true" />
    </HelpFolder>
  </HelpFolder>
  <HelpFolder name="FileWebRequest class" link="ms-help://MS.NETFrameworkSDKv1.1/cpref/html/frlrfsystemnetfilewebrequestClassTopic.htm" ismsdn="true">
    <HelpTopic name="FileWebRequest members" link="ms-help://MS.NETFrameworkSDKv1.1/cpref/html/frlrfsystemnetfilewebrequestMembersTopic.htm" ismsdn="true" />
    <HelpFolder name="Methods" link="ms-help://MS.NETFrameworkSDKv1.1/cpref/html/frlrfsystemnetfilewebrequestMethodsTopic.htm" ismsdn="true">
      <HelpTopic name="EndGetRequestStream(System.IAsyncResult)" link="ms-help://MS.NETFrameworkSDKv1.1/cpref/html/frlrfsystemnetfilewebrequestclassEndGetRequestStreamTopic.htm" ismsdn="true" />
      <HelpTopic name="BeginGetRequestStream(System.AsyncCallback, System.Object)" link="ms-help://MS.NETFrameworkSDKv1.1/cpref/html/frlrfsystemnetfilewebrequestclassBeginGetRequestStreamTopic.htm" ismsdn="true" />
      <HelpTopic name="EndGetResponse(System.IAsyncResult)" link="ms-help://MS.NETFrameworkSDKv1.1/cpref/html/frlrfsystemnetfilewebrequestclassEndGetResponseTopic.htm" ismsdn="true" />
      <HelpTopic name="BeginGetResponse(System.AsyncCallback, System.Object)" link="ms-help://MS.NETFrameworkSDKv1.1/cpref/html/frlrfsystemnetfilewebrequestclassBeginGetResponseTopic.htm" ismsdn="true" />
      <HelpTopic name="GetResponse()" link="ms-help://MS.NETFrameworkSDKv1.1/cpref/html/frlrfsystemnetfilewebrequestclassGetResponseTopic.htm" ismsdn="true" />
      <HelpTopic name="GetRequestStream()" link="ms-help://MS.NETFrameworkSDKv1.1/cpref/html/frlrfsystemnetfilewebrequestclassGetRequestStreamTopic.htm" ismsdn="true" />
    </HelpFolder>
    <HelpFolder name="Properties" link="ms-help://MS.NETFrameworkSDKv1.1/cpref/html/frlrfsystemnetfilewebrequestPropertiesTopic.htm" ismsdn="true">
      <HelpTopic name="ConnectionGroupName" link="ms-help://MS.NETFrameworkSDKv1.1/cpref/html/frlrfsystemnetfilewebrequestclassConnectionGroupNameTopic.htm" ismsdn="true" />
      <HelpTopic name="ContentLength" link="ms-help://MS.NETFrameworkSDKv1.1/cpref/html/frlrfsystemnetfilewebrequestclassContentLengthTopic.htm" ismsdn="true" />
      <HelpTopic name="ContentType" link="ms-help://MS.NETFrameworkSDKv1.1/cpref/html/frlrfsystemnetfilewebrequestclassContentTypeTopic.htm" ismsdn="true" />
      <HelpTopic name="Credentials" link="ms-help://MS.NETFrameworkSDKv1.1/cpref/html/frlrfsystemnetfilewebrequestclassCredentialsTopic.htm" ismsdn="true" />
      <HelpTopic name="Headers" link="ms-help://MS.NETFrameworkSDKv1.1/cpref/html/frlrfsystemnetfilewebrequestclassHeadersTopic.htm" ismsdn="true" />
      <HelpTopic name="Method" link="ms-help://MS.NETFrameworkSDKv1.1/cpref/html/frlrfsystemnetfilewebrequestclassMethodTopic.htm" ismsdn="true" />
      <HelpTopic name="PreAuthenticate" link="ms-help://MS.NETFrameworkSDKv1.1/cpref/html/frlrfsystemnetfilewebrequestclassPreAuthenticateTopic.htm" ismsdn="true" />
      <HelpTopic name="Proxy" link="ms-help://MS.NETFrameworkSDKv1.1/cpref/html/frlrfsystemnetfilewebrequestclassProxyTopic.htm" ismsdn="true" />
      <HelpTopic name="Timeout" link="ms-help://MS.NETFrameworkSDKv1.1/cpref/html/frlrfsystemnetfilewebrequestclassTimeoutTopic.htm" ismsdn="true" />
      <HelpTopic name="RequestUri" link="ms-help://MS.NETFrameworkSDKv1.1/cpref/html/frlrfsystemnetfilewebrequestclassRequestUriTopic.htm" ismsdn="true" />
    </HelpFolder>
  </HelpFolder>
  <HelpFolder name="FileWebResponse class" link="ms-help://MS.NETFrameworkSDKv1.1/cpref/html/frlrfsystemnetfilewebresponseClassTopic.htm" ismsdn="true">
    <HelpTopic name="FileWebResponse members" link="ms-help://MS.NETFrameworkSDKv1.1/cpref/html/frlrfsystemnetfilewebresponseMembersTopic.htm" ismsdn="true" />
    <HelpFolder name="Methods" link="ms-help://MS.NETFrameworkSDKv1.1/cpref/html/frlrfsystemnetfilewebresponseMethodsTopic.htm" ismsdn="true">
      <HelpTopic name="GetResponseStream()" link="ms-help://MS.NETFrameworkSDKv1.1/cpref/html/frlrfsystemnetfilewebresponseclassGetResponseStreamTopic.htm" ismsdn="true" />
      <HelpTopic name="Close()" link="ms-help://MS.NETFrameworkSDKv1.1/cpref/html/frlrfsystemnetfilewebresponseclassCloseTopic.htm" ismsdn="true" />
    </HelpFolder>
    <HelpFolder name="Properties" link="ms-help://MS.NETFrameworkSDKv1.1/cpref/html/frlrfsystemnetfilewebresponsePropertiesTopic.htm" ismsdn="true">
      <HelpTopic name="ContentLength" link="ms-help://MS.NETFrameworkSDKv1.1/cpref/html/frlrfsystemnetfilewebresponseclassContentLengthTopic.htm" ismsdn="true" />
      <HelpTopic name="ContentType" link="ms-help://MS.NETFrameworkSDKv1.1/cpref/html/frlrfsystemnetfilewebresponseclassContentTypeTopic.htm" ismsdn="true" />
      <HelpTopic name="Headers" link="ms-help://MS.NETFrameworkSDKv1.1/cpref/html/frlrfsystemnetfilewebresponseclassHeadersTopic.htm" ismsdn="true" />
      <HelpTopic name="ResponseUri" link="ms-help://MS.NETFrameworkSDKv1.1/cpref/html/frlrfsystemnetfilewebresponseclassResponseUriTopic.htm" ismsdn="true" />
    </HelpFolder>
  </HelpFolder>
  <HelpFolder name="GlobalProxySelection class" link="ms-help://MS.NETFrameworkSDKv1.1/cpref/html/frlrfsystemnetglobalproxyselectionClassTopic.htm" ismsdn="true">
    <HelpTopic name="GlobalProxySelection members" link="ms-help://MS.NETFrameworkSDKv1.1/cpref/html/frlrfsystemnetglobalproxyselectionMembersTopic.htm" ismsdn="true" />
    <HelpFolder name="Constructors" link="ms-help://MS.NETFrameworkSDKv1.1/cpref/html/frlrfsystemnetglobalproxyselectionclassctorTopic.htm" ismsdn="true">
      <HelpTopic name=".ctor()" link="ms-help://MS.NETFrameworkSDKv1.1/cpref/html/frlrfsystemnetglobalproxyselectionclassctorTopic.htm" ismsdn="true" />
    </HelpFolder>
    <HelpFolder name="Methods" link="ms-help://MS.NETFrameworkSDKv1.1/cpref/html/frlrfsystemnetglobalproxyselectionMethodsTopic.htm" ismsdn="true">
      <HelpTopic name="GetEmptyWebProxy()" link="ms-help://MS.NETFrameworkSDKv1.1/cpref/html/frlrfsystemnetglobalproxyselectionclassGetEmptyWebProxyTopic.htm" ismsdn="true" />
    </HelpFolder>
    <HelpFolder name="Properties" link="ms-help://MS.NETFrameworkSDKv1.1/cpref/html/frlrfsystemnetglobalproxyselectionPropertiesTopic.htm" ismsdn="true">
      <HelpTopic name="Select" link="ms-help://MS.NETFrameworkSDKv1.1/cpref/html/frlrfsystemnetglobalproxyselectionclassSelectTopic.htm" ismsdn="true" />
    </HelpFolder>
  </HelpFolder>
  <HelpTopic name="HttpContinueDelegate delegate" link="ms-help://MS.NETFrameworkSDKv1.1/cpref/html/frlrfsystemnethttpcontinuedelegateClassTopic.htm" ismsdn="true" />
  <HelpTopic name="HttpStatusCode enumeration" link="ms-help://MS.NETFrameworkSDKv1.1/cpref/html/frlrfsystemnethttpstatuscodeClassTopic.htm" ismsdn="true" />
  <HelpFolder name="HttpVersion class" link="ms-help://MS.NETFrameworkSDKv1.1/cpref/html/frlrfsystemnethttpversionClassTopic.htm" ismsdn="true">
    <HelpTopic name="HttpVersion members" link="ms-help://MS.NETFrameworkSDKv1.1/cpref/html/frlrfsystemnethttpversionMembersTopic.htm" ismsdn="true" />
    <HelpFolder name="Constructors" link="ms-help://MS.NETFrameworkSDKv1.1/cpref/html/frlrfsystemnethttpversionclassctorTopic.htm" ismsdn="true">
      <HelpTopic name=".ctor()" link="ms-help://MS.NETFrameworkSDKv1.1/cpref/html/frlrfsystemnethttpversionclassctorTopic.htm" ismsdn="true" />
    </HelpFolder>
    <HelpFolder name="Fields" link="ms-help://MS.NETFrameworkSDKv1.1/cpref/html/frlrfsystemnethttpversionFieldsTopic.htm" ismsdn="true">
      <HelpTopic name="Version10" link="ms-help://MS.NETFrameworkSDKv1.1/cpref/html/frlrfsystemnethttpversionclassVersion10Topic.htm" ismsdn="true" />
      <HelpTopic name="Version11" link="ms-help://MS.NETFrameworkSDKv1.1/cpref/html/frlrfsystemnethttpversionclassVersion11Topic.htm" ismsdn="true" />
    </HelpFolder>
  </HelpFolder>
  <HelpFolder name="HttpWebRequest class" link="ms-help://MS.NETFrameworkSDKv1.1/cpref/html/frlrfsystemnethttpwebrequestClassTopic.htm" ismsdn="true">
    <HelpTopic name="HttpWebRequest members" link="ms-help://MS.NETFrameworkSDKv1.1/cpref/html/frlrfsystemnethttpwebrequestMembersTopic.htm" ismsdn="true" />
    <HelpFolder name="Methods" link="ms-help://MS.NETFrameworkSDKv1.1/cpref/html/frlrfsystemnethttpwebrequestMethodsTopic.htm" ismsdn="true">
      <HelpTopic name="Abort()" link="ms-help://MS.NETFrameworkSDKv1.1/cpref/html/frlrfsystemnethttpwebrequestclassAbortTopic.htm" ismsdn="true" />
      <HelpTopic name="EndGetRequestStream(System.IAsyncResult)" link="ms-help://MS.NETFrameworkSDKv1.1/cpref/html/frlrfsystemnethttpwebrequestclassEndGetRequestStreamTopic.htm" ismsdn="true" />
      <HelpTopic name="BeginGetRequestStream(System.AsyncCallback, System.Object)" link="ms-help://MS.NETFrameworkSDKv1.1/cpref/html/frlrfsystemnethttpwebrequestclassBeginGetRequestStreamTopic.htm" ismsdn="true" />
      <HelpTopic name="EndGetResponse(System.IAsyncResult)" link="ms-help://MS.NETFrameworkSDKv1.1/cpref/html/frlrfsystemnethttpwebrequestclassEndGetResponseTopic.htm" ismsdn="true" />
      <HelpTopic name="BeginGetResponse(System.AsyncCallback, System.Object)" link="ms-help://MS.NETFrameworkSDKv1.1/cpref/html/frlrfsystemnethttpwebrequestclassBeginGetResponseTopic.htm" ismsdn="true" />
      <HelpTopic name="GetResponse()" link="ms-help://MS.NETFrameworkSDKv1.1/cpref/html/frlrfsystemnethttpwebrequestclassGetResponseTopic.htm" ismsdn="true" />
      <HelpTopic name="GetRequestStream()" link="ms-help://MS.NETFrameworkSDKv1.1/cpref/html/frlrfsystemnethttpwebrequestclassGetRequestStreamTopic.htm" ismsdn="true" />
      <HelpTopic name="GetHashCode()" link="ms-help://MS.NETFrameworkSDKv1.1/cpref/html/frlrfsystemnethttpwebrequestclassGetHashCodeTopic.htm" ismsdn="true" />
      <HelpTopic name="AddRange(System.Int32, System.Int32)" link="ms-help://MS.NETFrameworkSDKv1.1/cpref/html/frlrfsystemnethttpwebrequestclassAddRangeTopic1.htm" ismsdn="true" />
      <HelpTopic name="AddRange(System.Int32)" link="ms-help://MS.NETFrameworkSDKv1.1/cpref/html/frlrfsystemnethttpwebrequestclassAddRangeTopic2.htm" ismsdn="true" />
      <HelpTopic name="AddRange(System.String, System.Int32, System.Int32)" link="ms-help://MS.NETFrameworkSDKv1.1/cpref/html/frlrfsystemnethttpwebrequestclassAddRangeTopic3.htm" ismsdn="true" />
      <HelpTopic name="AddRange(System.String, System.Int32)" link="ms-help://MS.NETFrameworkSDKv1.1/cpref/html/frlrfsystemnethttpwebrequestclassAddRangeTopic4.htm" ismsdn="true" />
    </HelpFolder>
    <HelpFolder name="Properties" link="ms-help://MS.NETFrameworkSDKv1.1/cpref/html/frlrfsystemnethttpwebrequestPropertiesTopic.htm" ismsdn="true">
      <HelpTopic name="DefaultMaximumResponseHeadersLength" link="ms-help://MS.NETFrameworkSDKv1.1/cpref/html/frlrfsystemnethttpwebrequestclassDefaultMaximumResponseHeadersLengthTopic.htm" ismsdn="true" />
      <HelpTopic name="MaximumResponseHeadersLength" link="ms-help://MS.NETFrameworkSDKv1.1/cpref/html/frlrfsystemnethttpwebrequestclassMaximumResponseHeadersLengthTopic.htm" ismsdn="true" />
      <HelpTopic name="CookieContainer" link="ms-help://MS.NETFrameworkSDKv1.1/cpref/html/frlrfsystemnethttpwebrequestclassCookieContainerTopic.htm" ismsdn="true" />
      <HelpTopic name="UnsafeAuthenticatedConnectionSharing" link="ms-help://MS.NETFrameworkSDKv1.1/cpref/html/frlrfsystemnethttpwebrequestclassUnsafeAuthenticatedConnectionSharingTopic.htm" ismsdn="true" />
      <HelpTopic name="RequestUri" link="ms-help://MS.NETFrameworkSDKv1.1/cpref/html/frlrfsystemnethttpwebrequestclassRequestUriTopic.htm" ismsdn="true" />
      <HelpTopic name="AllowWriteStreamBuffering" link="ms-help://MS.NETFrameworkSDKv1.1/cpref/html/frlrfsystemnethttpwebrequestclassAllowWriteStreamBufferingTopic.htm" ismsdn="true" />
      <HelpTopic name="ContentLength" link="ms-help://MS.NETFrameworkSDKv1.1/cpref/html/frlrfsystemnethttpwebrequestclassContentLengthTopic.htm" ismsdn="true" />
      <HelpTopic name="Timeout" link="ms-help://MS.NETFrameworkSDKv1.1/cpref/html/frlrfsystemnethttpwebrequestclassTimeoutTopic.htm" ismsdn="true" />
      <HelpTopic name="ReadWriteTimeout" link="ms-help://MS.NETFrameworkSDKv1.1/cpref/html/frlrfsystemnethttpwebrequestclassReadWriteTimeoutTopic.htm" ismsdn="true" />
      <HelpTopic name="ClientCertificates" link="ms-help://MS.NETFrameworkSDKv1.1/cpref/html/frlrfsystemnethttpwebrequestclassClientCertificatesTopic.htm" ismsdn="true" />
      <HelpTopic name="Address" link="ms-help://MS.NETFrameworkSDKv1.1/cpref/html/frlrfsystemnethttpwebrequestclassAddressTopic.htm" ismsdn="true" />
      <HelpTopic name="ContinueDelegate" link="ms-help://MS.NETFrameworkSDKv1.1/cpref/html/frlrfsystemnethttpwebrequestclassContinueDelegateTopic.htm" ismsdn="true" />
      <HelpTopic name="ServicePoint" link="ms-help://MS.NETFrameworkSDKv1.1/cpref/html/frlrfsystemnethttpwebrequestclassServicePointTopic.htm" ismsdn="true" />
      <HelpTopic name="AllowAutoRedirect" link="ms-help://MS.NETFrameworkSDKv1.1/cpref/html/frlrfsystemnethttpwebrequestclassAllowAutoRedirectTopic.htm" ismsdn="true" />
      <HelpTopic name="MaximumAutomaticRedirections" link="ms-help://MS.NETFrameworkSDKv1.1/cpref/html/frlrfsystemnethttpwebrequestclassMaximumAutomaticRedirectionsTopic.htm" ismsdn="true" />
      <HelpTopic name="Method" link="ms-help://MS.NETFrameworkSDKv1.1/cpref/html/frlrfsystemnethttpwebrequestclassMethodTopic.htm" ismsdn="true" />
      <HelpTopic name="KeepAlive" link="ms-help://MS.NETFrameworkSDKv1.1/cpref/html/frlrfsystemnethttpwebrequestclassKeepAliveTopic.htm" ismsdn="true" />
      <HelpTopic name="Pipelined" link="ms-help://MS.NETFrameworkSDKv1.1/cpref/html/frlrfsystemnethttpwebrequestclassPipelinedTopic.htm" ismsdn="true" />
      <HelpTopic name="Credentials" link="ms-help://MS.NETFrameworkSDKv1.1/cpref/html/frlrfsystemnethttpwebrequestclassCredentialsTopic.htm" ismsdn="true" />
      <HelpTopic name="PreAuthenticate" link="ms-help://MS.NETFrameworkSDKv1.1/cpref/html/frlrfsystemnethttpwebrequestclassPreAuthenticateTopic.htm" ismsdn="true" />
      <HelpTopic name="ConnectionGroupName" link="ms-help://MS.NETFrameworkSDKv1.1/cpref/html/frlrfsystemnethttpwebrequestclassConnectionGroupNameTopic.htm" ismsdn="true" />
      <HelpTopic name="Headers" link="ms-help://MS.NETFrameworkSDKv1.1/cpref/html/frlrfsystemnethttpwebrequestclassHeadersTopic.htm" ismsdn="true" />
      <HelpTopic name="Proxy" link="ms-help://MS.NETFrameworkSDKv1.1/cpref/html/frlrfsystemnethttpwebrequestclassProxyTopic.htm" ismsdn="true" />
      <HelpTopic name="SendChunked" link="ms-help://MS.NETFrameworkSDKv1.1/cpref/html/frlrfsystemnethttpwebrequestclassSendChunkedTopic.htm" ismsdn="true" />
      <HelpTopic name="ProtocolVersion" link="ms-help://MS.NETFrameworkSDKv1.1/cpref/html/frlrfsystemnethttpwebrequestclassProtocolVersionTopic.htm" ismsdn="true" />
      <HelpTopic name="ContentType" link="ms-help://MS.NETFrameworkSDKv1.1/cpref/html/frlrfsystemnethttpwebrequestclassContentTypeTopic.htm" ismsdn="true" />
      <HelpTopic name="MediaType" link="ms-help://MS.NETFrameworkSDKv1.1/cpref/html/frlrfsystemnethttpwebrequestclassMediaTypeTopic.htm" ismsdn="true" />
      <HelpTopic name="TransferEncoding" link="ms-help://MS.NETFrameworkSDKv1.1/cpref/html/frlrfsystemnethttpwebrequestclassTransferEncodingTopic.htm" ismsdn="true" />
      <HelpTopic name="Connection" link="ms-help://MS.NETFrameworkSDKv1.1/cpref/html/frlrfsystemnethttpwebrequestclassConnectionTopic.htm" ismsdn="true" />
      <HelpTopic name="Accept" link="ms-help://MS.NETFrameworkSDKv1.1/cpref/html/frlrfsystemnethttpwebrequestclassAcceptTopic.htm" ismsdn="true" />
      <HelpTopic name="Referer" link="ms-help://MS.NETFrameworkSDKv1.1/cpref/html/frlrfsystemnethttpwebrequestclassRefererTopic.htm" ismsdn="true" />
      <HelpTopic name="UserAgent" link="ms-help://MS.NETFrameworkSDKv1.1/cpref/html/frlrfsystemnethttpwebrequestclassUserAgentTopic.htm" ismsdn="true" />
      <HelpTopic name="Expect" link="ms-help://MS.NETFrameworkSDKv1.1/cpref/html/frlrfsystemnethttpwebrequestclassExpectTopic.htm" ismsdn="true" />
      <HelpTopic name="IfModifiedSince" link="ms-help://MS.NETFrameworkSDKv1.1/cpref/html/frlrfsystemnethttpwebrequestclassIfModifiedSinceTopic.htm" ismsdn="true" />
      <HelpTopic name="HaveResponse" link="ms-help://MS.NETFrameworkSDKv1.1/cpref/html/frlrfsystemnethttpwebrequestclassHaveResponseTopic.htm" ismsdn="true" />
    </HelpFolder>
  </HelpFolder>
  <HelpFolder name="HttpWebResponse class" link="ms-help://MS.NETFrameworkSDKv1.1/cpref/html/frlrfsystemnethttpwebresponseClassTopic.htm" ismsdn="true">
    <HelpTopic name="HttpWebResponse members" link="ms-help://MS.NETFrameworkSDKv1.1/cpref/html/frlrfsystemnethttpwebresponseMembersTopic.htm" ismsdn="true" />
    <HelpFolder name="Methods" link="ms-help://MS.NETFrameworkSDKv1.1/cpref/html/frlrfsystemnethttpwebresponseMethodsTopic.htm" ismsdn="true">
      <HelpTopic name="GetResponseStream()" link="ms-help://MS.NETFrameworkSDKv1.1/cpref/html/frlrfsystemnethttpwebresponseclassGetResponseStreamTopic.htm" ismsdn="true" />
      <HelpTopic name="Close()" link="ms-help://MS.NETFrameworkSDKv1.1/cpref/html/frlrfsystemnethttpwebresponseclassCloseTopic.htm" ismsdn="true" />
      <HelpTopic name="GetHashCode()" link="ms-help://MS.NETFrameworkSDKv1.1/cpref/html/frlrfsystemnethttpwebresponseclassGetHashCodeTopic.htm" ismsdn="true" />
      <HelpTopic name="GetResponseHeader(System.String)" link="ms-help://MS.NETFrameworkSDKv1.1/cpref/html/frlrfsystemnethttpwebresponseclassGetResponseHeaderTopic.htm" ismsdn="true" />
    </HelpFolder>
    <HelpFolder name="Properties" link="ms-help://MS.NETFrameworkSDKv1.1/cpref/html/frlrfsystemnethttpwebresponsePropertiesTopic.htm" ismsdn="true">
      <HelpTopic name="Cookies" link="ms-help://MS.NETFrameworkSDKv1.1/cpref/html/frlrfsystemnethttpwebresponseclassCookiesTopic.htm" ismsdn="true" />
      <HelpTopic name="Headers" link="ms-help://MS.NETFrameworkSDKv1.1/cpref/html/frlrfsystemnethttpwebresponseclassHeadersTopic.htm" ismsdn="true" />
      <HelpTopic name="ContentLength" link="ms-help://MS.NETFrameworkSDKv1.1/cpref/html/frlrfsystemnethttpwebresponseclassContentLengthTopic.htm" ismsdn="true" />
      <HelpTopic name="ContentEncoding" link="ms-help://MS.NETFrameworkSDKv1.1/cpref/html/frlrfsystemnethttpwebresponseclassContentEncodingTopic.htm" ismsdn="true" />
      <HelpTopic name="ContentType" link="ms-help://MS.NETFrameworkSDKv1.1/cpref/html/frlrfsystemnethttpwebresponseclassContentTypeTopic.htm" ismsdn="true" />
      <HelpTopic name="CharacterSet" link="ms-help://MS.NETFrameworkSDKv1.1/cpref/html/frlrfsystemnethttpwebresponseclassCharacterSetTopic.htm" ismsdn="true" />
      <HelpTopic name="Server" link="ms-help://MS.NETFrameworkSDKv1.1/cpref/html/frlrfsystemnethttpwebresponseclassServerTopic.htm" ismsdn="true" />
      <HelpTopic name="LastModified" link="ms-help://MS.NETFrameworkSDKv1.1/cpref/html/frlrfsystemnethttpwebresponseclassLastModifiedTopic.htm" ismsdn="true" />
      <HelpTopic name="StatusCode" link="ms-help://MS.NETFrameworkSDKv1.1/cpref/html/frlrfsystemnethttpwebresponseclassStatusCodeTopic.htm" ismsdn="true" />
      <HelpTopic name="StatusDescription" link="ms-help://MS.NETFrameworkSDKv1.1/cpref/html/frlrfsystemnethttpwebresponseclassStatusDescriptionTopic.htm" ismsdn="true" />
      <HelpTopic name="ProtocolVersion" link="ms-help://MS.NETFrameworkSDKv1.1/cpref/html/frlrfsystemnethttpwebresponseclassProtocolVersionTopic.htm" ismsdn="true" />
      <HelpTopic name="ResponseUri" link="ms-help://MS.NETFrameworkSDKv1.1/cpref/html/frlrfsystemnethttpwebresponseclassResponseUriTopic.htm" ismsdn="true" />
      <HelpTopic name="Method" link="ms-help://MS.NETFrameworkSDKv1.1/cpref/html/frlrfsystemnethttpwebresponseclassMethodTopic.htm" ismsdn="true" />
    </HelpFolder>
  </HelpFolder>
  <HelpFolder name="IAuthenticationModule interface" link="ms-help://MS.NETFrameworkSDKv1.1/cpref/html/frlrfsystemnetiauthenticationmoduleClassTopic.htm" ismsdn="true">
    <HelpTopic name="IAuthenticationModule members" link="ms-help://MS.NETFrameworkSDKv1.1/cpref/html/frlrfsystemnetiauthenticationmoduleMembersTopic.htm" ismsdn="true" />
    <HelpFolder name="Methods" link="ms-help://MS.NETFrameworkSDKv1.1/cpref/html/frlrfsystemnetiauthenticationmoduleMethodsTopic.htm" ismsdn="true">
      <HelpTopic name="PreAuthenticate(System.Net.WebRequest, System.Net.ICredentials)" link="ms-help://MS.NETFrameworkSDKv1.1/cpref/html/frlrfsystemnetiauthenticationmoduleclassPreAuthenticateTopic.htm" ismsdn="true" />
      <HelpTopic name="Authenticate(System.String, System.Net.WebRequest, System.Net.ICredentials)" link="ms-help://MS.NETFrameworkSDKv1.1/cpref/html/frlrfsystemnetiauthenticationmoduleclassAuthenticateTopic.htm" ismsdn="true" />
    </HelpFolder>
    <HelpFolder name="Properties" link="ms-help://MS.NETFrameworkSDKv1.1/cpref/html/frlrfsystemnetiauthenticationmodulePropertiesTopic.htm" ismsdn="true">
      <HelpTopic name="CanPreAuthenticate" link="ms-help://MS.NETFrameworkSDKv1.1/cpref/html/frlrfsystemnetiauthenticationmoduleclassCanPreAuthenticateTopic.htm" ismsdn="true" />
      <HelpTopic name="AuthenticationType" link="ms-help://MS.NETFrameworkSDKv1.1/cpref/html/frlrfsystemnetiauthenticationmoduleclassAuthenticationTypeTopic.htm" ismsdn="true" />
    </HelpFolder>
  </HelpFolder>
  <HelpFolder name="ICertificatePolicy interface" link="ms-help://MS.NETFrameworkSDKv1.1/cpref/html/frlrfsystemneticertificatepolicyClassTopic.htm" ismsdn="true">
    <HelpTopic name="ICertificatePolicy members" link="ms-help://MS.NETFrameworkSDKv1.1/cpref/html/frlrfsystemneticertificatepolicyMembersTopic.htm" ismsdn="true" />
    <HelpFolder name="Methods" link="ms-help://MS.NETFrameworkSDKv1.1/cpref/html/frlrfsystemneticertificatepolicyMethodsTopic.htm" ismsdn="true">
      <HelpTopic name="CheckValidationResult(System.Net.ServicePoint, System.Security.Cryptography.X509Certificates.X509Certificate, System.Net.WebRequest, System.Int32)" link="ms-help://MS.NETFrameworkSDKv1.1/cpref/html/frlrfsystemneticertificatepolicyclassCheckValidationResultTopic.htm" ismsdn="true" />
    </HelpFolder>
  </HelpFolder>
  <HelpFolder name="ICredentials interface" link="ms-help://MS.NETFrameworkSDKv1.1/cpref/html/frlrfsystemneticredentialsClassTopic.htm" ismsdn="true">
    <HelpTopic name="ICredentials members" link="ms-help://MS.NETFrameworkSDKv1.1/cpref/html/frlrfsystemneticredentialsMembersTopic.htm" ismsdn="true" />
    <HelpFolder name="Methods" link="ms-help://MS.NETFrameworkSDKv1.1/cpref/html/frlrfsystemneticredentialsMethodsTopic.htm" ismsdn="true">
      <HelpTopic name="GetCredential(System.Uri, System.String)" link="ms-help://MS.NETFrameworkSDKv1.1/cpref/html/frlrfsystemneticredentialsclassGetCredentialTopic.htm" ismsdn="true" />
    </HelpFolder>
  </HelpFolder>
  <HelpFolder name="IPAddress class" link="ms-help://MS.NETFrameworkSDKv1.1/cpref/html/frlrfsystemnetipaddressClassTopic.htm" ismsdn="true">
    <HelpTopic name="IPAddress members" link="ms-help://MS.NETFrameworkSDKv1.1/cpref/html/frlrfsystemnetipaddressMembersTopic.htm" ismsdn="true" />
    <HelpFolder name="Constructors" link="ms-help://MS.NETFrameworkSDKv1.1/cpref/html/frlrfsystemnetipaddressclassctorTopic.htm" ismsdn="true">
      <HelpTopic name=".ctor(System.Int64)" link="ms-help://MS.NETFrameworkSDKv1.1/cpref/html/frlrfsystemnetipaddressclassctorTopic1.htm" ismsdn="true" />
      <HelpTopic name=".ctor(System.Byte[], System.Int64)" link="ms-help://MS.NETFrameworkSDKv1.1/cpref/html/frlrfsystemnetipaddressclassctorTopic1.htm" ismsdn="true" />
      <HelpTopic name=".ctor(System.Byte[])" link="ms-help://MS.NETFrameworkSDKv1.1/cpref/html/frlrfsystemnetipaddressclassctorTopic2.htm" ismsdn="true" />
    </HelpFolder>
    <HelpFolder name="Fields" link="ms-help://MS.NETFrameworkSDKv1.1/cpref/html/frlrfsystemnetipaddressFieldsTopic.htm" ismsdn="true">
      <HelpTopic name="Any" link="ms-help://MS.NETFrameworkSDKv1.1/cpref/html/frlrfsystemnetipaddressclassAnyTopic.htm" ismsdn="true" />
      <HelpTopic name="Loopback" link="ms-help://MS.NETFrameworkSDKv1.1/cpref/html/frlrfsystemnetipaddressclassLoopbackTopic.htm" ismsdn="true" />
      <HelpTopic name="Broadcast" link="ms-help://MS.NETFrameworkSDKv1.1/cpref/html/frlrfsystemnetipaddressclassBroadcastTopic.htm" ismsdn="true" />
      <HelpTopic name="None" link="ms-help://MS.NETFrameworkSDKv1.1/cpref/html/frlrfsystemnetipaddressclassNoneTopic.htm" ismsdn="true" />
      <HelpTopic name="IPv6Any" link="ms-help://MS.NETFrameworkSDKv1.1/cpref/html/frlrfsystemnetipaddressclassIPv6AnyTopic.htm" ismsdn="true" />
      <HelpTopic name="IPv6Loopback" link="ms-help://MS.NETFrameworkSDKv1.1/cpref/html/frlrfsystemnetipaddressclassIPv6LoopbackTopic.htm" ismsdn="true" />
      <HelpTopic name="IPv6None" link="ms-help://MS.NETFrameworkSDKv1.1/cpref/html/frlrfsystemnetipaddressclassIPv6NoneTopic.htm" ismsdn="true" />
    </HelpFolder>
    <HelpFolder name="Methods" link="ms-help://MS.NETFrameworkSDKv1.1/cpref/html/frlrfsystemnetipaddressMethodsTopic.htm" ismsdn="true">
      <HelpTopic name="GetHashCode()" link="ms-help://MS.NETFrameworkSDKv1.1/cpref/html/frlrfsystemnetipaddressclassGetHashCodeTopic.htm" ismsdn="true" />
      <HelpTopic name="Equals(System.Object)" link="ms-help://MS.NETFrameworkSDKv1.1/cpref/html/frlrfsystemnetipaddressclassEqualsTopic.htm" ismsdn="true" />
      <HelpTopic name="ToString()" link="ms-help://MS.NETFrameworkSDKv1.1/cpref/html/frlrfsystemnetipaddressclassToStringTopic.htm" ismsdn="true" />
      <HelpTopic name="Parse(System.String)" link="ms-help://MS.NETFrameworkSDKv1.1/cpref/html/frlrfsystemnetipaddressclassParseTopic.htm" ismsdn="true" />
      <HelpTopic name="GetAddressBytes()" link="ms-help://MS.NETFrameworkSDKv1.1/cpref/html/frlrfsystemnetipaddressclassGetAddressBytesTopic.htm" ismsdn="true" />
      <HelpTopic name="HostToNetworkOrder(System.Int64)" link="ms-help://MS.NETFrameworkSDKv1.1/cpref/html/frlrfsystemnetipaddressclassHostToNetworkOrderTopic1.htm" ismsdn="true" />
      <HelpTopic name="HostToNetworkOrder(System.Int32)" link="ms-help://MS.NETFrameworkSDKv1.1/cpref/html/frlrfsystemnetipaddressclassHostToNetworkOrderTopic2.htm" ismsdn="true" />
      <HelpTopic name="HostToNetworkOrder(System.Int16)" link="ms-help://MS.NETFrameworkSDKv1.1/cpref/html/frlrfsystemnetipaddressclassHostToNetworkOrderTopic3.htm" ismsdn="true" />
      <HelpTopic name="NetworkToHostOrder(System.Int64)" link="ms-help://MS.NETFrameworkSDKv1.1/cpref/html/frlrfsystemnetipaddressclassNetworkToHostOrderTopic1.htm" ismsdn="true" />
      <HelpTopic name="NetworkToHostOrder(System.Int32)" link="ms-help://MS.NETFrameworkSDKv1.1/cpref/html/frlrfsystemnetipaddressclassNetworkToHostOrderTopic2.htm" ismsdn="true" />
      <HelpTopic name="NetworkToHostOrder(System.Int16)" link="ms-help://MS.NETFrameworkSDKv1.1/cpref/html/frlrfsystemnetipaddressclassNetworkToHostOrderTopic3.htm" ismsdn="true" />
      <HelpTopic name="IsLoopback(System.Net.IPAddress)" link="ms-help://MS.NETFrameworkSDKv1.1/cpref/html/frlrfsystemnetipaddressclassIsLoopbackTopic.htm" ismsdn="true" />
    </HelpFolder>
    <HelpFolder name="Properties" link="ms-help://MS.NETFrameworkSDKv1.1/cpref/html/frlrfsystemnetipaddressPropertiesTopic.htm" ismsdn="true">
      <HelpTopic name="Address" link="ms-help://MS.NETFrameworkSDKv1.1/cpref/html/frlrfsystemnetipaddressclassAddressTopic.htm" ismsdn="true" />
      <HelpTopic name="AddressFamily" link="ms-help://MS.NETFrameworkSDKv1.1/cpref/html/frlrfsystemnetipaddressclassAddressFamilyTopic.htm" ismsdn="true" />
      <HelpTopic name="ScopeId" link="ms-help://MS.NETFrameworkSDKv1.1/cpref/html/frlrfsystemnetipaddressclassScopeIdTopic.htm" ismsdn="true" />
    </HelpFolder>
  </HelpFolder>
  <HelpFolder name="IPEndPoint class" link="ms-help://MS.NETFrameworkSDKv1.1/cpref/html/frlrfsystemnetipendpointClassTopic.htm" ismsdn="true">
    <HelpTopic name="IPEndPoint members" link="ms-help://MS.NETFrameworkSDKv1.1/cpref/html/frlrfsystemnetipendpointMembersTopic.htm" ismsdn="true" />
    <HelpFolder name="Constructors" link="ms-help://MS.NETFrameworkSDKv1.1/cpref/html/frlrfsystemnetipendpointclassctorTopic.htm" ismsdn="true">
      <HelpTopic name=".ctor(System.Int64, System.Int32)" link="ms-help://MS.NETFrameworkSDKv1.1/cpref/html/frlrfsystemnetipendpointclassctorTopic1.htm" ismsdn="true" />
      <HelpTopic name=".ctor(System.Net.IPAddress, System.Int32)" link="ms-help://MS.NETFrameworkSDKv1.1/cpref/html/frlrfsystemnetipendpointclassctorTopic1.htm" ismsdn="true" />
    </HelpFolder>
    <HelpFolder name="Fields" link="ms-help://MS.NETFrameworkSDKv1.1/cpref/html/frlrfsystemnetipendpointFieldsTopic.htm" ismsdn="true">
      <HelpTopic name="MinPort" link="ms-help://MS.NETFrameworkSDKv1.1/cpref/html/frlrfsystemnetipendpointclassMinPortTopic.htm" ismsdn="true" />
      <HelpTopic name="MaxPort" link="ms-help://MS.NETFrameworkSDKv1.1/cpref/html/frlrfsystemnetipendpointclassMaxPortTopic.htm" ismsdn="true" />
    </HelpFolder>
    <HelpFolder name="Methods" link="ms-help://MS.NETFrameworkSDKv1.1/cpref/html/frlrfsystemnetipendpointMethodsTopic.htm" ismsdn="true">
      <HelpTopic name="Create(System.Net.SocketAddress)" link="ms-help://MS.NETFrameworkSDKv1.1/cpref/html/frlrfsystemnetipendpointclassCreateTopic.htm" ismsdn="true" />
      <HelpTopic name="Serialize()" link="ms-help://MS.NETFrameworkSDKv1.1/cpref/html/frlrfsystemnetipendpointclassSerializeTopic.htm" ismsdn="true" />
      <HelpTopic name="GetHashCode()" link="ms-help://MS.NETFrameworkSDKv1.1/cpref/html/frlrfsystemnetipendpointclassGetHashCodeTopic.htm" ismsdn="true" />
      <HelpTopic name="Equals(System.Object)" link="ms-help://MS.NETFrameworkSDKv1.1/cpref/html/frlrfsystemnetipendpointclassEqualsTopic.htm" ismsdn="true" />
      <HelpTopic name="ToString()" link="ms-help://MS.NETFrameworkSDKv1.1/cpref/html/frlrfsystemnetipendpointclassToStringTopic.htm" ismsdn="true" />
    </HelpFolder>
    <HelpFolder name="Properties" link="ms-help://MS.NETFrameworkSDKv1.1/cpref/html/frlrfsystemnetipendpointPropertiesTopic.htm" ismsdn="true">
      <HelpTopic name="AddressFamily" link="ms-help://MS.NETFrameworkSDKv1.1/cpref/html/frlrfsystemnetipendpointclassAddressFamilyTopic.htm" ismsdn="true" />
      <HelpTopic name="Address" link="ms-help://MS.NETFrameworkSDKv1.1/cpref/html/frlrfsystemnetipendpointclassAddressTopic.htm" ismsdn="true" />
      <HelpTopic name="Port" link="ms-help://MS.NETFrameworkSDKv1.1/cpref/html/frlrfsystemnetipendpointclassPortTopic.htm" ismsdn="true" />
    </HelpFolder>
  </HelpFolder>
  <HelpFolder name="IPHostEntry class" link="ms-help://MS.NETFrameworkSDKv1.1/cpref/html/frlrfsystemnetiphostentryClassTopic.htm" ismsdn="true">
    <HelpTopic name="IPHostEntry members" link="ms-help://MS.NETFrameworkSDKv1.1/cpref/html/frlrfsystemnetiphostentryMembersTopic.htm" ismsdn="true" />
    <HelpFolder name="Constructors" link="ms-help://MS.NETFrameworkSDKv1.1/cpref/html/frlrfsystemnetiphostentryclassctorTopic.htm" ismsdn="true">
      <HelpTopic name=".ctor()" link="ms-help://MS.NETFrameworkSDKv1.1/cpref/html/frlrfsystemnetiphostentryclassctorTopic.htm" ismsdn="true" />
    </HelpFolder>
    <HelpFolder name="Properties" link="ms-help://MS.NETFrameworkSDKv1.1/cpref/html/frlrfsystemnetiphostentryPropertiesTopic.htm" ismsdn="true">
      <HelpTopic name="HostName" link="ms-help://MS.NETFrameworkSDKv1.1/cpref/html/frlrfsystemnetiphostentryclassHostNameTopic.htm" ismsdn="true" />
      <HelpTopic name="Aliases" link="ms-help://MS.NETFrameworkSDKv1.1/cpref/html/frlrfsystemnetiphostentryclassAliasesTopic.htm" ismsdn="true" />
      <HelpTopic name="AddressList" link="ms-help://MS.NETFrameworkSDKv1.1/cpref/html/frlrfsystemnetiphostentryclassAddressListTopic.htm" ismsdn="true" />
    </HelpFolder>
  </HelpFolder>
  <HelpFolder name="IWebProxy interface" link="ms-help://MS.NETFrameworkSDKv1.1/cpref/html/frlrfsystemnetiwebproxyClassTopic.htm" ismsdn="true">
    <HelpTopic name="IWebProxy members" link="ms-help://MS.NETFrameworkSDKv1.1/cpref/html/frlrfsystemnetiwebproxyMembersTopic.htm" ismsdn="true" />
    <HelpFolder name="Methods" link="ms-help://MS.NETFrameworkSDKv1.1/cpref/html/frlrfsystemnetiwebproxyMethodsTopic.htm" ismsdn="true">
      <HelpTopic name="IsBypassed(System.Uri)" link="ms-help://MS.NETFrameworkSDKv1.1/cpref/html/frlrfsystemnetiwebproxyclassIsBypassedTopic.htm" ismsdn="true" />
      <HelpTopic name="GetProxy(System.Uri)" link="ms-help://MS.NETFrameworkSDKv1.1/cpref/html/frlrfsystemnetiwebproxyclassGetProxyTopic.htm" ismsdn="true" />
    </HelpFolder>
    <HelpFolder name="Properties" link="ms-help://MS.NETFrameworkSDKv1.1/cpref/html/frlrfsystemnetiwebproxyPropertiesTopic.htm" ismsdn="true">
      <HelpTopic name="Credentials" link="ms-help://MS.NETFrameworkSDKv1.1/cpref/html/frlrfsystemnetiwebproxyclassCredentialsTopic.htm" ismsdn="true" />
    </HelpFolder>
  </HelpFolder>
  <HelpFolder name="IWebRequestCreate interface" link="ms-help://MS.NETFrameworkSDKv1.1/cpref/html/frlrfsystemnetiwebrequestcreateClassTopic.htm" ismsdn="true">
    <HelpTopic name="IWebRequestCreate members" link="ms-help://MS.NETFrameworkSDKv1.1/cpref/html/frlrfsystemnetiwebrequestcreateMembersTopic.htm" ismsdn="true" />
    <HelpFolder name="Methods" link="ms-help://MS.NETFrameworkSDKv1.1/cpref/html/frlrfsystemnetiwebrequestcreateMethodsTopic.htm" ismsdn="true">
      <HelpTopic name="Create(System.Uri)" link="ms-help://MS.NETFrameworkSDKv1.1/cpref/html/frlrfsystemnetiwebrequestcreateclassCreateTopic.htm" ismsdn="true" />
    </HelpFolder>
  </HelpFolder>
  <HelpTopic name="NetworkAccess enumeration" link="ms-help://MS.NETFrameworkSDKv1.1/cpref/html/frlrfsystemnetnetworkaccessClassTopic.htm" ismsdn="true" />
  <HelpFolder name="NetworkCredential class" link="ms-help://MS.NETFrameworkSDKv1.1/cpref/html/frlrfsystemnetnetworkcredentialClassTopic.htm" ismsdn="true">
    <HelpTopic name="NetworkCredential members" link="ms-help://MS.NETFrameworkSDKv1.1/cpref/html/frlrfsystemnetnetworkcredentialMembersTopic.htm" ismsdn="true" />
    <HelpFolder name="Constructors" link="ms-help://MS.NETFrameworkSDKv1.1/cpref/html/frlrfsystemnetnetworkcredentialclassctorTopic.htm" ismsdn="true">
      <HelpTopic name=".ctor()" link="ms-help://MS.NETFrameworkSDKv1.1/cpref/html/frlrfsystemnetnetworkcredentialclassctorTopic1.htm" ismsdn="true" />
      <HelpTopic name=".ctor(System.String, System.String)" link="ms-help://MS.NETFrameworkSDKv1.1/cpref/html/frlrfsystemnetnetworkcredentialclassctorTopic1.htm" ismsdn="true" />
      <HelpTopic name=".ctor(System.String, System.String, System.String)" link="ms-help://MS.NETFrameworkSDKv1.1/cpref/html/frlrfsystemnetnetworkcredentialclassctorTopic2.htm" ismsdn="true" />
    </HelpFolder>
    <HelpFolder name="Methods" link="ms-help://MS.NETFrameworkSDKv1.1/cpref/html/frlrfsystemnetnetworkcredentialMethodsTopic.htm" ismsdn="true">
      <HelpTopic name="GetCredential(System.Uri, System.String)" link="ms-help://MS.NETFrameworkSDKv1.1/cpref/html/frlrfsystemnetnetworkcredentialclassGetCredentialTopic.htm" ismsdn="true" />
    </HelpFolder>
    <HelpFolder name="Properties" link="ms-help://MS.NETFrameworkSDKv1.1/cpref/html/frlrfsystemnetnetworkcredentialPropertiesTopic.htm" ismsdn="true">
      <HelpTopic name="UserName" link="ms-help://MS.NETFrameworkSDKv1.1/cpref/html/frlrfsystemnetnetworkcredentialclassUserNameTopic.htm" ismsdn="true" />
      <HelpTopic name="Password" link="ms-help://MS.NETFrameworkSDKv1.1/cpref/html/frlrfsystemnetnetworkcredentialclassPasswordTopic.htm" ismsdn="true" />
      <HelpTopic name="Domain" link="ms-help://MS.NETFrameworkSDKv1.1/cpref/html/frlrfsystemnetnetworkcredentialclassDomainTopic.htm" ismsdn="true" />
    </HelpFolder>
  </HelpFolder>
  <HelpFolder name="ProtocolViolationException class" link="ms-help://MS.NETFrameworkSDKv1.1/cpref/html/frlrfsystemnetprotocolviolationexceptionClassTopic.htm" ismsdn="true">
    <HelpTopic name="ProtocolViolationException members" link="ms-help://MS.NETFrameworkSDKv1.1/cpref/html/frlrfsystemnetprotocolviolationexceptionMembersTopic.htm" ismsdn="true" />
    <HelpFolder name="Constructors" link="ms-help://MS.NETFrameworkSDKv1.1/cpref/html/frlrfsystemnetprotocolviolationexceptionclassctorTopic.htm" ismsdn="true">
      <HelpTopic name=".ctor()" link="ms-help://MS.NETFrameworkSDKv1.1/cpref/html/frlrfsystemnetprotocolviolationexceptionclassctorTopic1.htm" ismsdn="true" />
      <HelpTopic name=".ctor(System.String)" link="ms-help://MS.NETFrameworkSDKv1.1/cpref/html/frlrfsystemnetprotocolviolationexceptionclassctorTopic1.htm" ismsdn="true" />
    </HelpFolder>
  </HelpFolder>
  <HelpTopic name="SecurityProtocolType enumeration" link="ms-help://MS.NETFrameworkSDKv1.1/cpref/html/frlrfsystemnetsecurityprotocoltypeClassTopic.htm" ismsdn="true" />
  <HelpFolder name="ServicePoint class" link="ms-help://MS.NETFrameworkSDKv1.1/cpref/html/frlrfsystemnetservicepointClassTopic.htm" ismsdn="true">
    <HelpTopic name="ServicePoint members" link="ms-help://MS.NETFrameworkSDKv1.1/cpref/html/frlrfsystemnetservicepointMembersTopic.htm" ismsdn="true" />
    <HelpFolder name="Methods" link="ms-help://MS.NETFrameworkSDKv1.1/cpref/html/frlrfsystemnetservicepointMethodsTopic.htm" ismsdn="true">
      <HelpTopic name="GetHashCode()" link="ms-help://MS.NETFrameworkSDKv1.1/cpref/html/frlrfsystemnetservicepointclassGetHashCodeTopic.htm" ismsdn="true" />
    </HelpFolder>
    <HelpFolder name="Properties" link="ms-help://MS.NETFrameworkSDKv1.1/cpref/html/frlrfsystemnetservicepointPropertiesTopic.htm" ismsdn="true">
      <HelpTopic name="Address" link="ms-help://MS.NETFrameworkSDKv1.1/cpref/html/frlrfsystemnetservicepointclassAddressTopic.htm" ismsdn="true" />
      <HelpTopic name="MaxIdleTime" link="ms-help://MS.NETFrameworkSDKv1.1/cpref/html/frlrfsystemnetservicepointclassMaxIdleTimeTopic.htm" ismsdn="true" />
      <HelpTopic name="UseNagleAlgorithm" link="ms-help://MS.NETFrameworkSDKv1.1/cpref/html/frlrfsystemnetservicepointclassUseNagleAlgorithmTopic.htm" ismsdn="true" />
      <HelpTopic name="Expect100Continue" link="ms-help://MS.NETFrameworkSDKv1.1/cpref/html/frlrfsystemnetservicepointclassExpect100ContinueTopic.htm" ismsdn="true" />
      <HelpTopic name="IdleSince" link="ms-help://MS.NETFrameworkSDKv1.1/cpref/html/frlrfsystemnetservicepointclassIdleSinceTopic.htm" ismsdn="true" />
      <HelpTopic name="ProtocolVersion" link="ms-help://MS.NETFrameworkSDKv1.1/cpref/html/frlrfsystemnetservicepointclassProtocolVersionTopic.htm" ismsdn="true" />
      <HelpTopic name="ConnectionName" link="ms-help://MS.NETFrameworkSDKv1.1/cpref/html/frlrfsystemnetservicepointclassConnectionNameTopic.htm" ismsdn="true" />
      <HelpTopic name="ConnectionLimit" link="ms-help://MS.NETFrameworkSDKv1.1/cpref/html/frlrfsystemnetservicepointclassConnectionLimitTopic.htm" ismsdn="true" />
      <HelpTopic name="CurrentConnections" link="ms-help://MS.NETFrameworkSDKv1.1/cpref/html/frlrfsystemnetservicepointclassCurrentConnectionsTopic.htm" ismsdn="true" />
      <HelpTopic name="Certificate" link="ms-help://MS.NETFrameworkSDKv1.1/cpref/html/frlrfsystemnetservicepointclassCertificateTopic.htm" ismsdn="true" />
      <HelpTopic name="ClientCertificate" link="ms-help://MS.NETFrameworkSDKv1.1/cpref/html/frlrfsystemnetservicepointclassClientCertificateTopic.htm" ismsdn="true" />
      <HelpTopic name="SupportsPipelining" link="ms-help://MS.NETFrameworkSDKv1.1/cpref/html/frlrfsystemnetservicepointclassSupportsPipeliningTopic.htm" ismsdn="true" />
    </HelpFolder>
  </HelpFolder>
  <HelpFolder name="ServicePointManager class" link="ms-help://MS.NETFrameworkSDKv1.1/cpref/html/frlrfsystemnetservicepointmanagerClassTopic.htm" ismsdn="true">
    <HelpTopic name="ServicePointManager members" link="ms-help://MS.NETFrameworkSDKv1.1/cpref/html/frlrfsystemnetservicepointmanagerMembersTopic.htm" ismsdn="true" />
    <HelpFolder name="Fields" link="ms-help://MS.NETFrameworkSDKv1.1/cpref/html/frlrfsystemnetservicepointmanagerFieldsTopic.htm" ismsdn="true">
      <HelpTopic name="DefaultNonPersistentConnectionLimit" link="ms-help://MS.NETFrameworkSDKv1.1/cpref/html/frlrfsystemnetservicepointmanagerclassDefaultNonPersistentConnectionLimitTopic.htm" ismsdn="true" />
      <HelpTopic name="DefaultPersistentConnectionLimit" link="ms-help://MS.NETFrameworkSDKv1.1/cpref/html/frlrfsystemnetservicepointmanagerclassDefaultPersistentConnectionLimitTopic.htm" ismsdn="true" />
    </HelpFolder>
    <HelpFolder name="Methods" link="ms-help://MS.NETFrameworkSDKv1.1/cpref/html/frlrfsystemnetservicepointmanagerMethodsTopic.htm" ismsdn="true">
      <HelpTopic name="FindServicePoint(System.Uri)" link="ms-help://MS.NETFrameworkSDKv1.1/cpref/html/frlrfsystemnetservicepointmanagerclassFindServicePointTopic1.htm" ismsdn="true" />
      <HelpTopic name="FindServicePoint(System.String, System.Net.IWebProxy)" link="ms-help://MS.NETFrameworkSDKv1.1/cpref/html/frlrfsystemnetservicepointmanagerclassFindServicePointTopic2.htm" ismsdn="true" />
      <HelpTopic name="FindServicePoint(System.Uri, System.Net.IWebProxy)" link="ms-help://MS.NETFrameworkSDKv1.1/cpref/html/frlrfsystemnetservicepointmanagerclassFindServicePointTopic3.htm" ismsdn="true" />
    </HelpFolder>
    <HelpFolder name="Properties" link="ms-help://MS.NETFrameworkSDKv1.1/cpref/html/frlrfsystemnetservicepointmanagerPropertiesTopic.htm" ismsdn="true">
      <HelpTopic name="SecurityProtocol" link="ms-help://MS.NETFrameworkSDKv1.1/cpref/html/frlrfsystemnetservicepointmanagerclassSecurityProtocolTopic.htm" ismsdn="true" />
      <HelpTopic name="MaxServicePoints" link="ms-help://MS.NETFrameworkSDKv1.1/cpref/html/frlrfsystemnetservicepointmanagerclassMaxServicePointsTopic.htm" ismsdn="true" />
      <HelpTopic name="DefaultConnectionLimit" link="ms-help://MS.NETFrameworkSDKv1.1/cpref/html/frlrfsystemnetservicepointmanagerclassDefaultConnectionLimitTopic.htm" ismsdn="true" />
      <HelpTopic name="MaxServicePointIdleTime" link="ms-help://MS.NETFrameworkSDKv1.1/cpref/html/frlrfsystemnetservicepointmanagerclassMaxServicePointIdleTimeTopic.htm" ismsdn="true" />
      <HelpTopic name="UseNagleAlgorithm" link="ms-help://MS.NETFrameworkSDKv1.1/cpref/html/frlrfsystemnetservicepointmanagerclassUseNagleAlgorithmTopic.htm" ismsdn="true" />
      <HelpTopic name="Expect100Continue" link="ms-help://MS.NETFrameworkSDKv1.1/cpref/html/frlrfsystemnetservicepointmanagerclassExpect100ContinueTopic.htm" ismsdn="true" />
      <HelpTopic name="CertificatePolicy" link="ms-help://MS.NETFrameworkSDKv1.1/cpref/html/frlrfsystemnetservicepointmanagerclassCertificatePolicyTopic.htm" ismsdn="true" />
      <HelpTopic name="CheckCertificateRevocationList" link="ms-help://MS.NETFrameworkSDKv1.1/cpref/html/frlrfsystemnetservicepointmanagerclassCheckCertificateRevocationListTopic.htm" ismsdn="true" />
    </HelpFolder>
  </HelpFolder>
  <HelpFolder name="SocketAddress class" link="ms-help://MS.NETFrameworkSDKv1.1/cpref/html/frlrfsystemnetsocketaddressClassTopic.htm" ismsdn="true">
    <HelpTopic name="SocketAddress members" link="ms-help://MS.NETFrameworkSDKv1.1/cpref/html/frlrfsystemnetsocketaddressMembersTopic.htm" ismsdn="true" />
    <HelpFolder name="Constructors" link="ms-help://MS.NETFrameworkSDKv1.1/cpref/html/frlrfsystemnetsocketaddressclassctorTopic.htm" ismsdn="true">
      <HelpTopic name=".ctor(System.Net.Sockets.AddressFamily)" link="ms-help://MS.NETFrameworkSDKv1.1/cpref/html/frlrfsystemnetsocketaddressclassctorTopic1.htm" ismsdn="true" />
      <HelpTopic name=".ctor(System.Net.Sockets.AddressFamily, System.Int32)" link="ms-help://MS.NETFrameworkSDKv1.1/cpref/html/frlrfsystemnetsocketaddressclassctorTopic1.htm" ismsdn="true" />
    </HelpFolder>
    <HelpFolder name="Methods" link="ms-help://MS.NETFrameworkSDKv1.1/cpref/html/frlrfsystemnetsocketaddressMethodsTopic.htm" ismsdn="true">
      <HelpTopic name="GetHashCode()" link="ms-help://MS.NETFrameworkSDKv1.1/cpref/html/frlrfsystemnetsocketaddressclassGetHashCodeTopic.htm" ismsdn="true" />
      <HelpTopic name="Equals(System.Object)" link="ms-help://MS.NETFrameworkSDKv1.1/cpref/html/frlrfsystemnetsocketaddressclassEqualsTopic.htm" ismsdn="true" />
      <HelpTopic name="ToString()" link="ms-help://MS.NETFrameworkSDKv1.1/cpref/html/frlrfsystemnetsocketaddressclassToStringTopic.htm" ismsdn="true" />
    </HelpFolder>
    <HelpFolder name="Properties" link="ms-help://MS.NETFrameworkSDKv1.1/cpref/html/frlrfsystemnetsocketaddressPropertiesTopic.htm" ismsdn="true">
      <HelpTopic name="Family" link="ms-help://MS.NETFrameworkSDKv1.1/cpref/html/frlrfsystemnetsocketaddressclassFamilyTopic.htm" ismsdn="true" />
      <HelpTopic name="Size" link="ms-help://MS.NETFrameworkSDKv1.1/cpref/html/frlrfsystemnetsocketaddressclassSizeTopic.htm" ismsdn="true" />
      <HelpTopic name="Item" link="ms-help://MS.NETFrameworkSDKv1.1/cpref/html/frlrfsystemnetsocketaddressclassItemTopic.htm" ismsdn="true" />
    </HelpFolder>
  </HelpFolder>
  <HelpFolder name="SocketPermission class" link="ms-help://MS.NETFrameworkSDKv1.1/cpref/html/frlrfsystemnetsocketpermissionClassTopic.htm" ismsdn="true">
    <HelpTopic name="SocketPermission members" link="ms-help://MS.NETFrameworkSDKv1.1/cpref/html/frlrfsystemnetsocketpermissionMembersTopic.htm" ismsdn="true" />
    <HelpFolder name="Constructors" link="ms-help://MS.NETFrameworkSDKv1.1/cpref/html/frlrfsystemnetsocketpermissionclassctorTopic.htm" ismsdn="true">
      <HelpTopic name=".ctor(System.Security.Permissions.PermissionState)" link="ms-help://MS.NETFrameworkSDKv1.1/cpref/html/frlrfsystemnetsocketpermissionclassctorTopic1.htm" ismsdn="true" />
      <HelpTopic name=".ctor(System.Net.NetworkAccess, System.Net.TransportType, System.String, System.Int32)" link="ms-help://MS.NETFrameworkSDKv1.1/cpref/html/frlrfsystemnetsocketpermissionclassctorTopic1.htm" ismsdn="true" />
    </HelpFolder>
    <HelpFolder name="Fields" link="ms-help://MS.NETFrameworkSDKv1.1/cpref/html/frlrfsystemnetsocketpermissionFieldsTopic.htm" ismsdn="true">
      <HelpTopic name="AllPorts" link="ms-help://MS.NETFrameworkSDKv1.1/cpref/html/frlrfsystemnetsocketpermissionclassAllPortsTopic.htm" ismsdn="true" />
    </HelpFolder>
    <HelpFolder name="Methods" link="ms-help://MS.NETFrameworkSDKv1.1/cpref/html/frlrfsystemnetsocketpermissionMethodsTopic.htm" ismsdn="true">
      <HelpTopic name="IsUnrestricted()" link="ms-help://MS.NETFrameworkSDKv1.1/cpref/html/frlrfsystemnetsocketpermissionclassIsUnrestrictedTopic.htm" ismsdn="true" />
      <HelpTopic name="FromXml(System.Security.SecurityElement)" link="ms-help://MS.NETFrameworkSDKv1.1/cpref/html/frlrfsystemnetsocketpermissionclassFromXmlTopic.htm" ismsdn="true" />
      <HelpTopic name="ToXml()" link="ms-help://MS.NETFrameworkSDKv1.1/cpref/html/frlrfsystemnetsocketpermissionclassToXmlTopic.htm" ismsdn="true" />
      <HelpTopic name="IsSubsetOf(System.Security.IPermission)" link="ms-help://MS.NETFrameworkSDKv1.1/cpref/html/frlrfsystemnetsocketpermissionclassIsSubsetOfTopic.htm" ismsdn="true" />
      <HelpTopic name="Union(System.Security.IPermission)" link="ms-help://MS.NETFrameworkSDKv1.1/cpref/html/frlrfsystemnetsocketpermissionclassUnionTopic.htm" ismsdn="true" />
      <HelpTopic name="Intersect(System.Security.IPermission)" link="ms-help://MS.NETFrameworkSDKv1.1/cpref/html/frlrfsystemnetsocketpermissionclassIntersectTopic.htm" ismsdn="true" />
      <HelpTopic name="Copy()" link="ms-help://MS.NETFrameworkSDKv1.1/cpref/html/frlrfsystemnetsocketpermissionclassCopyTopic.htm" ismsdn="true" />
      <HelpTopic name="AddPermission(System.Net.NetworkAccess, System.Net.TransportType, System.String, System.Int32)" link="ms-help://MS.NETFrameworkSDKv1.1/cpref/html/frlrfsystemnetsocketpermissionclassAddPermissionTopic.htm" ismsdn="true" />
    </HelpFolder>
    <HelpFolder name="Properties" link="ms-help://MS.NETFrameworkSDKv1.1/cpref/html/frlrfsystemnetsocketpermissionPropertiesTopic.htm" ismsdn="true">
      <HelpTopic name="ConnectList" link="ms-help://MS.NETFrameworkSDKv1.1/cpref/html/frlrfsystemnetsocketpermissionclassConnectListTopic.htm" ismsdn="true" />
      <HelpTopic name="AcceptList" link="ms-help://MS.NETFrameworkSDKv1.1/cpref/html/frlrfsystemnetsocketpermissionclassAcceptListTopic.htm" ismsdn="true" />
    </HelpFolder>
  </HelpFolder>
  <HelpFolder name="SocketPermissionAttribute class" link="ms-help://MS.NETFrameworkSDKv1.1/cpref/html/frlrfsystemnetsocketpermissionattributeClassTopic.htm" ismsdn="true">
    <HelpTopic name="SocketPermissionAttribute members" link="ms-help://MS.NETFrameworkSDKv1.1/cpref/html/frlrfsystemnetsocketpermissionattributeMembersTopic.htm" ismsdn="true" />
    <HelpFolder name="Constructors" link="ms-help://MS.NETFrameworkSDKv1.1/cpref/html/frlrfsystemnetsocketpermissionattributeclassctorTopic.htm" ismsdn="true">
      <HelpTopic name=".ctor(System.Security.Permissions.SecurityAction)" link="ms-help://MS.NETFrameworkSDKv1.1/cpref/html/frlrfsystemnetsocketpermissionattributeclassctorTopic.htm" ismsdn="true" />
    </HelpFolder>
    <HelpFolder name="Methods" link="ms-help://MS.NETFrameworkSDKv1.1/cpref/html/frlrfsystemnetsocketpermissionattributeMethodsTopic.htm" ismsdn="true">
      <HelpTopic name="CreatePermission()" link="ms-help://MS.NETFrameworkSDKv1.1/cpref/html/frlrfsystemnetsocketpermissionattributeclassCreatePermissionTopic.htm" ismsdn="true" />
    </HelpFolder>
    <HelpFolder name="Properties" link="ms-help://MS.NETFrameworkSDKv1.1/cpref/html/frlrfsystemnetsocketpermissionattributePropertiesTopic.htm" ismsdn="true">
      <HelpTopic name="Access" link="ms-help://MS.NETFrameworkSDKv1.1/cpref/html/frlrfsystemnetsocketpermissionattributeclassAccessTopic.htm" ismsdn="true" />
      <HelpTopic name="Host" link="ms-help://MS.NETFrameworkSDKv1.1/cpref/html/frlrfsystemnetsocketpermissionattributeclassHostTopic.htm" ismsdn="true" />
      <HelpTopic name="Transport" link="ms-help://MS.NETFrameworkSDKv1.1/cpref/html/frlrfsystemnetsocketpermissionattributeclassTransportTopic.htm" ismsdn="true" />
      <HelpTopic name="Port" link="ms-help://MS.NETFrameworkSDKv1.1/cpref/html/frlrfsystemnetsocketpermissionattributeclassPortTopic.htm" ismsdn="true" />
    </HelpFolder>
  </HelpFolder>
  <HelpTopic name="TransportType enumeration" link="ms-help://MS.NETFrameworkSDKv1.1/cpref/html/frlrfsystemnettransporttypeClassTopic.htm" ismsdn="true" />
  <HelpFolder name="WebClient class" link="ms-help://MS.NETFrameworkSDKv1.1/cpref/html/frlrfsystemnetwebclientClassTopic.htm" ismsdn="true">
    <HelpTopic name="WebClient members" link="ms-help://MS.NETFrameworkSDKv1.1/cpref/html/frlrfsystemnetwebclientMembersTopic.htm" ismsdn="true" />
    <HelpFolder name="Constructors" link="ms-help://MS.NETFrameworkSDKv1.1/cpref/html/frlrfsystemnetwebclientclassctorTopic.htm" ismsdn="true">
      <HelpTopic name=".ctor()" link="ms-help://MS.NETFrameworkSDKv1.1/cpref/html/frlrfsystemnetwebclientclassctorTopic.htm" ismsdn="true" />
    </HelpFolder>
    <HelpFolder name="Methods" link="ms-help://MS.NETFrameworkSDKv1.1/cpref/html/frlrfsystemnetwebclientMethodsTopic.htm" ismsdn="true">
      <HelpTopic name="DownloadData(System.String)" link="ms-help://MS.NETFrameworkSDKv1.1/cpref/html/frlrfsystemnetwebclientclassDownloadDataTopic.htm" ismsdn="true" />
      <HelpTopic name="DownloadFile(System.String, System.String)" link="ms-help://MS.NETFrameworkSDKv1.1/cpref/html/frlrfsystemnetwebclientclassDownloadFileTopic.htm" ismsdn="true" />
      <HelpTopic name="OpenRead(System.String)" link="ms-help://MS.NETFrameworkSDKv1.1/cpref/html/frlrfsystemnetwebclientclassOpenReadTopic.htm" ismsdn="true" />
      <HelpTopic name="OpenWrite(System.String)" link="ms-help://MS.NETFrameworkSDKv1.1/cpref/html/frlrfsystemnetwebclientclassOpenWriteTopic1.htm" ismsdn="true" />
      <HelpTopic name="OpenWrite(System.String, System.String)" link="ms-help://MS.NETFrameworkSDKv1.1/cpref/html/frlrfsystemnetwebclientclassOpenWriteTopic2.htm" ismsdn="true" />
      <HelpTopic name="UploadData(System.String, System.Byte[])" link="ms-help://MS.NETFrameworkSDKv1.1/cpref/html/frlrfsystemnetwebclientclassUploadDataTopic1.htm" ismsdn="true" />
      <HelpTopic name="UploadData(System.String, System.String, System.Byte[])" link="ms-help://MS.NETFrameworkSDKv1.1/cpref/html/frlrfsystemnetwebclientclassUploadDataTopic2.htm" ismsdn="true" />
      <HelpTopic name="UploadFile(System.String, System.String)" link="ms-help://MS.NETFrameworkSDKv1.1/cpref/html/frlrfsystemnetwebclientclassUploadFileTopic1.htm" ismsdn="true" />
      <HelpTopic name="UploadFile(System.String, System.String, System.String)" link="ms-help://MS.NETFrameworkSDKv1.1/cpref/html/frlrfsystemnetwebclientclassUploadFileTopic2.htm" ismsdn="true" />
      <HelpTopic name="UploadValues(System.String, System.Collections.Specialized.NameValueCollection)" link="ms-help://MS.NETFrameworkSDKv1.1/cpref/html/frlrfsystemnetwebclientclassUploadValuesTopic1.htm" ismsdn="true" />
      <HelpTopic name="UploadValues(System.String, System.String, System.Collections.Specialized.NameValueCollection)" link="ms-help://MS.NETFrameworkSDKv1.1/cpref/html/frlrfsystemnetwebclientclassUploadValuesTopic2.htm" ismsdn="true" />
    </HelpFolder>
    <HelpFolder name="Properties" link="ms-help://MS.NETFrameworkSDKv1.1/cpref/html/frlrfsystemnetwebclientPropertiesTopic.htm" ismsdn="true">
      <HelpTopic name="BaseAddress" link="ms-help://MS.NETFrameworkSDKv1.1/cpref/html/frlrfsystemnetwebclientclassBaseAddressTopic.htm" ismsdn="true" />
      <HelpTopic name="Credentials" link="ms-help://MS.NETFrameworkSDKv1.1/cpref/html/frlrfsystemnetwebclientclassCredentialsTopic.htm" ismsdn="true" />
      <HelpTopic name="Headers" link="ms-help://MS.NETFrameworkSDKv1.1/cpref/html/frlrfsystemnetwebclientclassHeadersTopic.htm" ismsdn="true" />
      <HelpTopic name="QueryString" link="ms-help://MS.NETFrameworkSDKv1.1/cpref/html/frlrfsystemnetwebclientclassQueryStringTopic.htm" ismsdn="true" />
      <HelpTopic name="ResponseHeaders" link="ms-help://MS.NETFrameworkSDKv1.1/cpref/html/frlrfsystemnetwebclientclassResponseHeadersTopic.htm" ismsdn="true" />
    </HelpFolder>
  </HelpFolder>
  <HelpFolder name="WebException class" link="ms-help://MS.NETFrameworkSDKv1.1/cpref/html/frlrfsystemnetwebexceptionClassTopic.htm" ismsdn="true">
    <HelpTopic name="WebException members" link="ms-help://MS.NETFrameworkSDKv1.1/cpref/html/frlrfsystemnetwebexceptionMembersTopic.htm" ismsdn="true" />
    <HelpFolder name="Constructors" link="ms-help://MS.NETFrameworkSDKv1.1/cpref/html/frlrfsystemnetwebexceptionclassctorTopic.htm" ismsdn="true">
      <HelpTopic name=".ctor()" link="ms-help://MS.NETFrameworkSDKv1.1/cpref/html/frlrfsystemnetwebexceptionclassctorTopic1.htm" ismsdn="true" />
      <HelpTopic name=".ctor(System.String)" link="ms-help://MS.NETFrameworkSDKv1.1/cpref/html/frlrfsystemnetwebexceptionclassctorTopic1.htm" ismsdn="true" />
      <HelpTopic name=".ctor(System.String, System.Exception)" link="ms-help://MS.NETFrameworkSDKv1.1/cpref/html/frlrfsystemnetwebexceptionclassctorTopic2.htm" ismsdn="true" />
      <HelpTopic name=".ctor(System.String, System.Net.WebExceptionStatus)" link="ms-help://MS.NETFrameworkSDKv1.1/cpref/html/frlrfsystemnetwebexceptionclassctorTopic3.htm" ismsdn="true" />
      <HelpTopic name=".ctor(System.String, System.Exception, System.Net.WebExceptionStatus, System.Net.WebResponse)" link="ms-help://MS.NETFrameworkSDKv1.1/cpref/html/frlrfsystemnetwebexceptionclassctorTopic4.htm" ismsdn="true" />
    </HelpFolder>
    <HelpFolder name="Properties" link="ms-help://MS.NETFrameworkSDKv1.1/cpref/html/frlrfsystemnetwebexceptionPropertiesTopic.htm" ismsdn="true">
      <HelpTopic name="Status" link="ms-help://MS.NETFrameworkSDKv1.1/cpref/html/frlrfsystemnetwebexceptionclassStatusTopic.htm" ismsdn="true" />
      <HelpTopic name="Response" link="ms-help://MS.NETFrameworkSDKv1.1/cpref/html/frlrfsystemnetwebexceptionclassResponseTopic.htm" ismsdn="true" />
    </HelpFolder>
  </HelpFolder>
  <HelpTopic name="WebExceptionStatus enumeration" link="ms-help://MS.NETFrameworkSDKv1.1/cpref/html/frlrfsystemnetwebexceptionstatusClassTopic.htm" ismsdn="true" />
  <HelpFolder name="WebHeaderCollection class" link="ms-help://MS.NETFrameworkSDKv1.1/cpref/html/frlrfsystemnetwebheadercollectionClassTopic.htm" ismsdn="true">
    <HelpTopic name="WebHeaderCollection members" link="ms-help://MS.NETFrameworkSDKv1.1/cpref/html/frlrfsystemnetwebheadercollectionMembersTopic.htm" ismsdn="true" />
    <HelpFolder name="Constructors" link="ms-help://MS.NETFrameworkSDKv1.1/cpref/html/frlrfsystemnetwebheadercollectionclassctorTopic.htm" ismsdn="true">
      <HelpTopic name=".ctor()" link="ms-help://MS.NETFrameworkSDKv1.1/cpref/html/frlrfsystemnetwebheadercollectionclassctorTopic.htm" ismsdn="true" />
    </HelpFolder>
    <HelpFolder name="Methods" link="ms-help://MS.NETFrameworkSDKv1.1/cpref/html/frlrfsystemnetwebheadercollectionMethodsTopic.htm" ismsdn="true">
      <HelpTopic name="Remove(System.String)" link="ms-help://MS.NETFrameworkSDKv1.1/cpref/html/frlrfsystemnetwebheadercollectionclassRemoveTopic.htm" ismsdn="true" />
      <HelpTopic name="Set(System.String, System.String)" link="ms-help://MS.NETFrameworkSDKv1.1/cpref/html/frlrfsystemnetwebheadercollectionclassSetTopic.htm" ismsdn="true" />
      <HelpTopic name="GetValues(System.String)" link="ms-help://MS.NETFrameworkSDKv1.1/cpref/html/frlrfsystemnetwebheadercollectionclassGetValuesTopic.htm" ismsdn="true" />
      <HelpTopic name="Add(System.String, System.String)" link="ms-help://MS.NETFrameworkSDKv1.1/cpref/html/frlrfsystemnetwebheadercollectionclassAddTopic.htm" ismsdn="true" />
      <HelpTopic name="OnDeserialization(System.Object)" link="ms-help://MS.NETFrameworkSDKv1.1/cpref/html/frlrfsystemnetwebheadercollectionclassOnDeserializationTopic.htm" ismsdn="true" />
      <HelpTopic name="ToString()" link="ms-help://MS.NETFrameworkSDKv1.1/cpref/html/frlrfsystemnetwebheadercollectionclassToStringTopic.htm" ismsdn="true" />
      <HelpTopic name="Add(System.String)" link="ms-help://MS.NETFrameworkSDKv1.1/cpref/html/frlrfsystemnetwebheadercollectionclassAddTopic.htm" ismsdn="true" />
      <HelpTopic name="ToByteArray()" link="ms-help://MS.NETFrameworkSDKv1.1/cpref/html/frlrfsystemnetwebheadercollectionclassToByteArrayTopic.htm" ismsdn="true" />
      <HelpTopic name="IsRestricted(System.String)" link="ms-help://MS.NETFrameworkSDKv1.1/cpref/html/frlrfsystemnetwebheadercollectionclassIsRestrictedTopic.htm" ismsdn="true" />
    </HelpFolder>
  </HelpFolder>
  <HelpFolder name="WebPermission class" link="ms-help://MS.NETFrameworkSDKv1.1/cpref/html/frlrfsystemnetwebpermissionClassTopic.htm" ismsdn="true">
    <HelpTopic name="WebPermission members" link="ms-help://MS.NETFrameworkSDKv1.1/cpref/html/frlrfsystemnetwebpermissionMembersTopic.htm" ismsdn="true" />
    <HelpFolder name="Constructors" link="ms-help://MS.NETFrameworkSDKv1.1/cpref/html/frlrfsystemnetwebpermissionclassctorTopic.htm" ismsdn="true">
      <HelpTopic name=".ctor(System.Security.Permissions.PermissionState)" link="ms-help://MS.NETFrameworkSDKv1.1/cpref/html/frlrfsystemnetwebpermissionclassctorTopic1.htm" ismsdn="true" />
      <HelpTopic name=".ctor()" link="ms-help://MS.NETFrameworkSDKv1.1/cpref/html/frlrfsystemnetwebpermissionclassctorTopic1.htm" ismsdn="true" />
      <HelpTopic name=".ctor(System.Net.NetworkAccess, System.Text.RegularExpressions.Regex)" link="ms-help://MS.NETFrameworkSDKv1.1/cpref/html/frlrfsystemnetwebpermissionclassctorTopic2.htm" ismsdn="true" />
      <HelpTopic name=".ctor(System.Net.NetworkAccess, System.String)" link="ms-help://MS.NETFrameworkSDKv1.1/cpref/html/frlrfsystemnetwebpermissionclassctorTopic3.htm" ismsdn="true" />
    </HelpFolder>
    <HelpFolder name="Methods" link="ms-help://MS.NETFrameworkSDKv1.1/cpref/html/frlrfsystemnetwebpermissionMethodsTopic.htm" ismsdn="true">
      <HelpTopic name="IsUnrestricted()" link="ms-help://MS.NETFrameworkSDKv1.1/cpref/html/frlrfsystemnetwebpermissionclassIsUnrestrictedTopic.htm" ismsdn="true" />
      <HelpTopic name="FromXml(System.Security.SecurityElement)" link="ms-help://MS.NETFrameworkSDKv1.1/cpref/html/frlrfsystemnetwebpermissionclassFromXmlTopic.htm" ismsdn="true" />
      <HelpTopic name="ToXml()" link="ms-help://MS.NETFrameworkSDKv1.1/cpref/html/frlrfsystemnetwebpermissionclassToXmlTopic.htm" ismsdn="true" />
      <HelpTopic name="IsSubsetOf(System.Security.IPermission)" link="ms-help://MS.NETFrameworkSDKv1.1/cpref/html/frlrfsystemnetwebpermissionclassIsSubsetOfTopic.htm" ismsdn="true" />
      <HelpTopic name="Union(System.Security.IPermission)" link="ms-help://MS.NETFrameworkSDKv1.1/cpref/html/frlrfsystemnetwebpermissionclassUnionTopic.htm" ismsdn="true" />
      <HelpTopic name="Intersect(System.Security.IPermission)" link="ms-help://MS.NETFrameworkSDKv1.1/cpref/html/frlrfsystemnetwebpermissionclassIntersectTopic.htm" ismsdn="true" />
      <HelpTopic name="Copy()" link="ms-help://MS.NETFrameworkSDKv1.1/cpref/html/frlrfsystemnetwebpermissionclassCopyTopic.htm" ismsdn="true" />
      <HelpTopic name="AddPermission(System.Net.NetworkAccess, System.String)" link="ms-help://MS.NETFrameworkSDKv1.1/cpref/html/frlrfsystemnetwebpermissionclassAddPermissionTopic1.htm" ismsdn="true" />
      <HelpTopic name="AddPermission(System.Net.NetworkAccess, System.Text.RegularExpressions.Regex)" link="ms-help://MS.NETFrameworkSDKv1.1/cpref/html/frlrfsystemnetwebpermissionclassAddPermissionTopic2.htm" ismsdn="true" />
    </HelpFolder>
    <HelpFolder name="Properties" link="ms-help://MS.NETFrameworkSDKv1.1/cpref/html/frlrfsystemnetwebpermissionPropertiesTopic.htm" ismsdn="true">
      <HelpTopic name="ConnectList" link="ms-help://MS.NETFrameworkSDKv1.1/cpref/html/frlrfsystemnetwebpermissionclassConnectListTopic.htm" ismsdn="true" />
      <HelpTopic name="AcceptList" link="ms-help://MS.NETFrameworkSDKv1.1/cpref/html/frlrfsystemnetwebpermissionclassAcceptListTopic.htm" ismsdn="true" />
    </HelpFolder>
  </HelpFolder>
  <HelpFolder name="WebPermissionAttribute class" link="ms-help://MS.NETFrameworkSDKv1.1/cpref/html/frlrfsystemnetwebpermissionattributeClassTopic.htm" ismsdn="true">
    <HelpTopic name="WebPermissionAttribute members" link="ms-help://MS.NETFrameworkSDKv1.1/cpref/html/frlrfsystemnetwebpermissionattributeMembersTopic.htm" ismsdn="true" />
    <HelpFolder name="Constructors" link="ms-help://MS.NETFrameworkSDKv1.1/cpref/html/frlrfsystemnetwebpermissionattributeclassctorTopic.htm" ismsdn="true">
      <HelpTopic name=".ctor(System.Security.Permissions.SecurityAction)" link="ms-help://MS.NETFrameworkSDKv1.1/cpref/html/frlrfsystemnetwebpermissionattributeclassctorTopic.htm" ismsdn="true" />
    </HelpFolder>
    <HelpFolder name="Methods" link="ms-help://MS.NETFrameworkSDKv1.1/cpref/html/frlrfsystemnetwebpermissionattributeMethodsTopic.htm" ismsdn="true">
      <HelpTopic name="CreatePermission()" link="ms-help://MS.NETFrameworkSDKv1.1/cpref/html/frlrfsystemnetwebpermissionattributeclassCreatePermissionTopic.htm" ismsdn="true" />
    </HelpFolder>
    <HelpFolder name="Properties" link="ms-help://MS.NETFrameworkSDKv1.1/cpref/html/frlrfsystemnetwebpermissionattributePropertiesTopic.htm" ismsdn="true">
      <HelpTopic name="Connect" link="ms-help://MS.NETFrameworkSDKv1.1/cpref/html/frlrfsystemnetwebpermissionattributeclassConnectTopic.htm" ismsdn="true" />
      <HelpTopic name="Accept" link="ms-help://MS.NETFrameworkSDKv1.1/cpref/html/frlrfsystemnetwebpermissionattributeclassAcceptTopic.htm" ismsdn="true" />
      <HelpTopic name="ConnectPattern" link="ms-help://MS.NETFrameworkSDKv1.1/cpref/html/frlrfsystemnetwebpermissionattributeclassConnectPatternTopic.htm" ismsdn="true" />
      <HelpTopic name="AcceptPattern" link="ms-help://MS.NETFrameworkSDKv1.1/cpref/html/frlrfsystemnetwebpermissionattributeclassAcceptPatternTopic.htm" ismsdn="true" />
    </HelpFolder>
  </HelpFolder>
  <HelpFolder name="WebProxy class" link="ms-help://MS.NETFrameworkSDKv1.1/cpref/html/frlrfsystemnetwebproxyClassTopic.htm" ismsdn="true">
    <HelpTopic name="WebProxy members" link="ms-help://MS.NETFrameworkSDKv1.1/cpref/html/frlrfsystemnetwebproxyMembersTopic.htm" ismsdn="true" />
    <HelpFolder name="Constructors" link="ms-help://MS.NETFrameworkSDKv1.1/cpref/html/frlrfsystemnetwebproxyclassctorTopic.htm" ismsdn="true">
      <HelpTopic name=".ctor()" link="ms-help://MS.NETFrameworkSDKv1.1/cpref/html/frlrfsystemnetwebproxyclassctorTopic1.htm" ismsdn="true" />
      <HelpTopic name=".ctor(System.Uri)" link="ms-help://MS.NETFrameworkSDKv1.1/cpref/html/frlrfsystemnetwebproxyclassctorTopic1.htm" ismsdn="true" />
      <HelpTopic name=".ctor(System.Uri, System.Boolean)" link="ms-help://MS.NETFrameworkSDKv1.1/cpref/html/frlrfsystemnetwebproxyclassctorTopic2.htm" ismsdn="true" />
      <HelpTopic name=".ctor(System.Uri, System.Boolean, System.String[])" link="ms-help://MS.NETFrameworkSDKv1.1/cpref/html/frlrfsystemnetwebproxyclassctorTopic3.htm" ismsdn="true" />
      <HelpTopic name=".ctor(System.Uri, System.Boolean, System.String[], System.Net.ICredentials)" link="ms-help://MS.NETFrameworkSDKv1.1/cpref/html/frlrfsystemnetwebproxyclassctorTopic4.htm" ismsdn="true" />
      <HelpTopic name=".ctor(System.String, System.Int32)" link="ms-help://MS.NETFrameworkSDKv1.1/cpref/html/frlrfsystemnetwebproxyclassctorTopic5.htm" ismsdn="true" />
      <HelpTopic name=".ctor(System.String)" link="ms-help://MS.NETFrameworkSDKv1.1/cpref/html/frlrfsystemnetwebproxyclassctorTopic6.htm" ismsdn="true" />
      <HelpTopic name=".ctor(System.String, System.Boolean)" link="ms-help://MS.NETFrameworkSDKv1.1/cpref/html/frlrfsystemnetwebproxyclassctorTopic7.htm" ismsdn="true" />
      <HelpTopic name=".ctor(System.String, System.Boolean, System.String[])" link="ms-help://MS.NETFrameworkSDKv1.1/cpref/html/frlrfsystemnetwebproxyclassctorTopic8.htm" ismsdn="true" />
      <HelpTopic name=".ctor(System.String, System.Boolean, System.String[], System.Net.ICredentials)" link="ms-help://MS.NETFrameworkSDKv1.1/cpref/html/frlrfsystemnetwebproxyclassctorTopic9.htm" ismsdn="true" />
    </HelpFolder>
    <HelpFolder name="Methods" link="ms-help://MS.NETFrameworkSDKv1.1/cpref/html/frlrfsystemnetwebproxyMethodsTopic.htm" ismsdn="true">
      <HelpTopic name="IsBypassed(System.Uri)" link="ms-help://MS.NETFrameworkSDKv1.1/cpref/html/frlrfsystemnetwebproxyclassIsBypassedTopic.htm" ismsdn="true" />
      <HelpTopic name="GetProxy(System.Uri)" link="ms-help://MS.NETFrameworkSDKv1.1/cpref/html/frlrfsystemnetwebproxyclassGetProxyTopic.htm" ismsdn="true" />
      <HelpTopic name="GetDefaultProxy()" link="ms-help://MS.NETFrameworkSDKv1.1/cpref/html/frlrfsystemnetwebproxyclassGetDefaultProxyTopic.htm" ismsdn="true" />
    </HelpFolder>
    <HelpFolder name="Properties" link="ms-help://MS.NETFrameworkSDKv1.1/cpref/html/frlrfsystemnetwebproxyPropertiesTopic.htm" ismsdn="true">
      <HelpTopic name="Address" link="ms-help://MS.NETFrameworkSDKv1.1/cpref/html/frlrfsystemnetwebproxyclassAddressTopic.htm" ismsdn="true" />
      <HelpTopic name="BypassProxyOnLocal" link="ms-help://MS.NETFrameworkSDKv1.1/cpref/html/frlrfsystemnetwebproxyclassBypassProxyOnLocalTopic.htm" ismsdn="true" />
      <HelpTopic name="BypassList" link="ms-help://MS.NETFrameworkSDKv1.1/cpref/html/frlrfsystemnetwebproxyclassBypassListTopic.htm" ismsdn="true" />
      <HelpTopic name="Credentials" link="ms-help://MS.NETFrameworkSDKv1.1/cpref/html/frlrfsystemnetwebproxyclassCredentialsTopic.htm" ismsdn="true" />
      <HelpTopic name="BypassArrayList" link="ms-help://MS.NETFrameworkSDKv1.1/cpref/html/frlrfsystemnetwebproxyclassBypassArrayListTopic.htm" ismsdn="true" />
    </HelpFolder>
  </HelpFolder>
  <HelpFolder name="WebRequest class" link="ms-help://MS.NETFrameworkSDKv1.1/cpref/html/frlrfsystemnetwebrequestClassTopic.htm" ismsdn="true">
    <HelpTopic name="WebRequest members" link="ms-help://MS.NETFrameworkSDKv1.1/cpref/html/frlrfsystemnetwebrequestMembersTopic.htm" ismsdn="true" />
    <HelpFolder name="Methods" link="ms-help://MS.NETFrameworkSDKv1.1/cpref/html/frlrfsystemnetwebrequestMethodsTopic.htm" ismsdn="true">
      <HelpTopic name="Abort()" link="ms-help://MS.NETFrameworkSDKv1.1/cpref/html/frlrfsystemnetwebrequestclassAbortTopic.htm" ismsdn="true" />
      <HelpTopic name="EndGetRequestStream(System.IAsyncResult)" link="ms-help://MS.NETFrameworkSDKv1.1/cpref/html/frlrfsystemnetwebrequestclassEndGetRequestStreamTopic.htm" ismsdn="true" />
      <HelpTopic name="BeginGetRequestStream(System.AsyncCallback, System.Object)" link="ms-help://MS.NETFrameworkSDKv1.1/cpref/html/frlrfsystemnetwebrequestclassBeginGetRequestStreamTopic.htm" ismsdn="true" />
      <HelpTopic name="EndGetResponse(System.IAsyncResult)" link="ms-help://MS.NETFrameworkSDKv1.1/cpref/html/frlrfsystemnetwebrequestclassEndGetResponseTopic.htm" ismsdn="true" />
      <HelpTopic name="BeginGetResponse(System.AsyncCallback, System.Object)" link="ms-help://MS.NETFrameworkSDKv1.1/cpref/html/frlrfsystemnetwebrequestclassBeginGetResponseTopic.htm" ismsdn="true" />
      <HelpTopic name="GetResponse()" link="ms-help://MS.NETFrameworkSDKv1.1/cpref/html/frlrfsystemnetwebrequestclassGetResponseTopic.htm" ismsdn="true" />
      <HelpTopic name="GetRequestStream()" link="ms-help://MS.NETFrameworkSDKv1.1/cpref/html/frlrfsystemnetwebrequestclassGetRequestStreamTopic.htm" ismsdn="true" />
      <HelpTopic name="Create(System.String)" link="ms-help://MS.NETFrameworkSDKv1.1/cpref/html/frlrfsystemnetwebrequestclassCreateTopic1.htm" ismsdn="true" />
      <HelpTopic name="Create(System.Uri)" link="ms-help://MS.NETFrameworkSDKv1.1/cpref/html/frlrfsystemnetwebrequestclassCreateTopic2.htm" ismsdn="true" />
      <HelpTopic name="CreateDefault(System.Uri)" link="ms-help://MS.NETFrameworkSDKv1.1/cpref/html/frlrfsystemnetwebrequestclassCreateDefaultTopic.htm" ismsdn="true" />
      <HelpTopic name="RegisterPrefix(System.String, System.Net.IWebRequestCreate)" link="ms-help://MS.NETFrameworkSDKv1.1/cpref/html/frlrfsystemnetwebrequestclassRegisterPrefixTopic.htm" ismsdn="true" />
    </HelpFolder>
    <HelpFolder name="Properties" link="ms-help://MS.NETFrameworkSDKv1.1/cpref/html/frlrfsystemnetwebrequestPropertiesTopic.htm" ismsdn="true">
      <HelpTopic name="Method" link="ms-help://MS.NETFrameworkSDKv1.1/cpref/html/frlrfsystemnetwebrequestclassMethodTopic.htm" ismsdn="true" />
      <HelpTopic name="RequestUri" link="ms-help://MS.NETFrameworkSDKv1.1/cpref/html/frlrfsystemnetwebrequestclassRequestUriTopic.htm" ismsdn="true" />
      <HelpTopic name="ConnectionGroupName" link="ms-help://MS.NETFrameworkSDKv1.1/cpref/html/frlrfsystemnetwebrequestclassConnectionGroupNameTopic.htm" ismsdn="true" />
      <HelpTopic name="Headers" link="ms-help://MS.NETFrameworkSDKv1.1/cpref/html/frlrfsystemnetwebrequestclassHeadersTopic.htm" ismsdn="true" />
      <HelpTopic name="ContentLength" link="ms-help://MS.NETFrameworkSDKv1.1/cpref/html/frlrfsystemnetwebrequestclassContentLengthTopic.htm" ismsdn="true" />
      <HelpTopic name="ContentType" link="ms-help://MS.NETFrameworkSDKv1.1/cpref/html/frlrfsystemnetwebrequestclassContentTypeTopic.htm" ismsdn="true" />
      <HelpTopic name="Credentials" link="ms-help://MS.NETFrameworkSDKv1.1/cpref/html/frlrfsystemnetwebrequestclassCredentialsTopic.htm" ismsdn="true" />
      <HelpTopic name="Proxy" link="ms-help://MS.NETFrameworkSDKv1.1/cpref/html/frlrfsystemnetwebrequestclassProxyTopic.htm" ismsdn="true" />
      <HelpTopic name="PreAuthenticate" link="ms-help://MS.NETFrameworkSDKv1.1/cpref/html/frlrfsystemnetwebrequestclassPreAuthenticateTopic.htm" ismsdn="true" />
      <HelpTopic name="Timeout" link="ms-help://MS.NETFrameworkSDKv1.1/cpref/html/frlrfsystemnetwebrequestclassTimeoutTopic.htm" ismsdn="true" />
    </HelpFolder>
  </HelpFolder>
  <HelpFolder name="WebResponse class" link="ms-help://MS.NETFrameworkSDKv1.1/cpref/html/frlrfsystemnetwebresponseClassTopic.htm" ismsdn="true">
    <HelpTopic name="WebResponse members" link="ms-help://MS.NETFrameworkSDKv1.1/cpref/html/frlrfsystemnetwebresponseMembersTopic.htm" ismsdn="true" />
    <HelpFolder name="Methods" link="ms-help://MS.NETFrameworkSDKv1.1/cpref/html/frlrfsystemnetwebresponseMethodsTopic.htm" ismsdn="true">
      <HelpTopic name="GetResponseStream()" link="ms-help://MS.NETFrameworkSDKv1.1/cpref/html/frlrfsystemnetwebresponseclassGetResponseStreamTopic.htm" ismsdn="true" />
      <HelpTopic name="Close()" link="ms-help://MS.NETFrameworkSDKv1.1/cpref/html/frlrfsystemnetwebresponseclassCloseTopic.htm" ismsdn="true" />
    </HelpFolder>
    <HelpFolder name="Properties" link="ms-help://MS.NETFrameworkSDKv1.1/cpref/html/frlrfsystemnetwebresponsePropertiesTopic.htm" ismsdn="true">
      <HelpTopic name="ContentLength" link="ms-help://MS.NETFrameworkSDKv1.1/cpref/html/frlrfsystemnetwebresponseclassContentLengthTopic.htm" ismsdn="true" />
      <HelpTopic name="ContentType" link="ms-help://MS.NETFrameworkSDKv1.1/cpref/html/frlrfsystemnetwebresponseclassContentTypeTopic.htm" ismsdn="true" />
      <HelpTopic name="ResponseUri" link="ms-help://MS.NETFrameworkSDKv1.1/cpref/html/frlrfsystemnetwebresponseclassResponseUriTopic.htm" ismsdn="true" />
      <HelpTopic name="Headers" link="ms-help://MS.NETFrameworkSDKv1.1/cpref/html/frlrfsystemnetwebresponseclassHeadersTopic.htm" ismsdn="true" />
    </HelpFolder>
  </HelpFolder>
</HelpCollection>