<HelpCollection>
  <HelpFolder name="ClientSponsor class" link="ms-help://MS.NETFrameworkSDKv1.1/cpref/html/frlrfsystemruntimeremotinglifetimeclientsponsorClassTopic.htm" ismsdn="true">
    <HelpTopic name="ClientSponsor members" link="ms-help://MS.NETFrameworkSDKv1.1/cpref/html/frlrfsystemruntimeremotinglifetimeclientsponsorMembersTopic.htm" ismsdn="true" />
    <HelpFolder name="Constructors" link="ms-help://MS.NETFrameworkSDKv1.1/cpref/html/frlrfsystemruntimeremotinglifetimeclientsponsorclassctorTopic.htm" ismsdn="true">
      <HelpTopic name=".ctor()" link="ms-help://MS.NETFrameworkSDKv1.1/cpref/html/frlrfsystemruntimeremotinglifetimeclientsponsorclassctorTopic1.htm" ismsdn="true" />
      <HelpTopic name=".ctor(System.TimeSpan)" link="ms-help://MS.NETFrameworkSDKv1.1/cpref/html/frlrfsystemruntimeremotinglifetimeclientsponsorclassctorTopic1.htm" ismsdn="true" />
    </HelpFolder>
    <HelpFolder name="Methods" link="ms-help://MS.NETFrameworkSDKv1.1/cpref/html/frlrfsystemruntimeremotinglifetimeclientsponsorMethodsTopic.htm" ismsdn="true">
      <HelpTopic name="Renewal(System.Runtime.Remoting.Lifetime.ILease)" link="ms-help://MS.NETFrameworkSDKv1.1/cpref/html/frlrfsystemruntimeremotinglifetimeclientsponsorclassRenewalTopic.htm" ismsdn="true" />
      <HelpTopic name="InitializeLifetimeService()" link="ms-help://MS.NETFrameworkSDKv1.1/cpref/html/frlrfsystemruntimeremotinglifetimeclientsponsorclassInitializeLifetimeServiceTopic.htm" ismsdn="true" />
      <HelpTopic name="Register(System.MarshalByRefObject)" link="ms-help://MS.NETFrameworkSDKv1.1/cpref/html/frlrfsystemruntimeremotinglifetimeclientsponsorclassRegisterTopic.htm" ismsdn="true" />
      <HelpTopic name="Unregister(System.MarshalByRefObject)" link="ms-help://MS.NETFrameworkSDKv1.1/cpref/html/frlrfsystemruntimeremotinglifetimeclientsponsorclassUnregisterTopic.htm" ismsdn="true" />
      <HelpTopic name="Close()" link="ms-help://MS.NETFrameworkSDKv1.1/cpref/html/frlrfsystemruntimeremotinglifetimeclientsponsorclassCloseTopic.htm" ismsdn="true" />
    </HelpFolder>
    <HelpFolder name="Properties" link="ms-help://MS.NETFrameworkSDKv1.1/cpref/html/frlrfsystemruntimeremotinglifetimeclientsponsorPropertiesTopic.htm" ismsdn="true">
      <HelpTopic name="RenewalTime" link="ms-help://MS.NETFrameworkSDKv1.1/cpref/html/frlrfsystemruntimeremotinglifetimeclientsponsorclassRenewalTimeTopic.htm" ismsdn="true" />
    </HelpFolder>
  </HelpFolder>
  <HelpFolder name="ILease interface" link="ms-help://MS.NETFrameworkSDKv1.1/cpref/html/frlrfsystemruntimeremotinglifetimeileaseClassTopic.htm" ismsdn="true">
    <HelpTopic name="ILease members" link="ms-help://MS.NETFrameworkSDKv1.1/cpref/html/frlrfsystemruntimeremotinglifetimeileaseMembersTopic.htm" ismsdn="true" />
    <HelpFolder name="Methods" link="ms-help://MS.NETFrameworkSDKv1.1/cpref/html/frlrfsystemruntimeremotinglifetimeileaseMethodsTopic.htm" ismsdn="true">
      <HelpTopic name="Renew(System.TimeSpan)" link="ms-help://MS.NETFrameworkSDKv1.1/cpref/html/frlrfsystemruntimeremotinglifetimeileaseclassRenewTopic.htm" ismsdn="true" />
      <HelpTopic name="Unregister(System.Runtime.Remoting.Lifetime.ISponsor)" link="ms-help://MS.NETFrameworkSDKv1.1/cpref/html/frlrfsystemruntimeremotinglifetimeileaseclassUnregisterTopic.htm" ismsdn="true" />
      <HelpTopic name="Register(System.Runtime.Remoting.Lifetime.ISponsor)" link="ms-help://MS.NETFrameworkSDKv1.1/cpref/html/frlrfsystemruntimeremotinglifetimeileaseclassRegisterTopic1.htm" ismsdn="true" />
      <HelpTopic name="Register(System.Runtime.Remoting.Lifetime.ISponsor, System.TimeSpan)" link="ms-help://MS.NETFrameworkSDKv1.1/cpref/html/frlrfsystemruntimeremotinglifetimeileaseclassRegisterTopic2.htm" ismsdn="true" />
    </HelpFolder>
    <HelpFolder name="Properties" link="ms-help://MS.NETFrameworkSDKv1.1/cpref/html/frlrfsystemruntimeremotinglifetimeileasePropertiesTopic.htm" ismsdn="true">
      <HelpTopic name="RenewOnCallTime" link="ms-help://MS.NETFrameworkSDKv1.1/cpref/html/frlrfsystemruntimeremotinglifetimeileaseclassRenewOnCallTimeTopic.htm" ismsdn="true" />
      <HelpTopic name="SponsorshipTimeout" link="ms-help://MS.NETFrameworkSDKv1.1/cpref/html/frlrfsystemruntimeremotinglifetimeileaseclassSponsorshipTimeoutTopic.htm" ismsdn="true" />
      <HelpTopic name="InitialLeaseTime" link="ms-help://MS.NETFrameworkSDKv1.1/cpref/html/frlrfsystemruntimeremotinglifetimeileaseclassInitialLeaseTimeTopic.htm" ismsdn="true" />
      <HelpTopic name="CurrentLeaseTime" link="ms-help://MS.NETFrameworkSDKv1.1/cpref/html/frlrfsystemruntimeremotinglifetimeileaseclassCurrentLeaseTimeTopic.htm" ismsdn="true" />
      <HelpTopic name="CurrentState" link="ms-help://MS.NETFrameworkSDKv1.1/cpref/html/frlrfsystemruntimeremotinglifetimeileaseclassCurrentStateTopic.htm" ismsdn="true" />
    </HelpFolder>
  </HelpFolder>
  <HelpFolder name="ISponsor interface" link="ms-help://MS.NETFrameworkSDKv1.1/cpref/html/frlrfsystemruntimeremotinglifetimeisponsorClassTopic.htm" ismsdn="true">
    <HelpTopic name="ISponsor members" link="ms-help://MS.NETFrameworkSDKv1.1/cpref/html/frlrfsystemruntimeremotinglifetimeisponsorMembersTopic.htm" ismsdn="true" />
    <HelpFolder name="Methods" link="ms-help://MS.NETFrameworkSDKv1.1/cpref/html/frlrfsystemruntimeremotinglifetimeisponsorMethodsTopic.htm" ismsdn="true">
      <HelpTopic name="Renewal(System.Runtime.Remoting.Lifetime.ILease)" link="ms-help://MS.NETFrameworkSDKv1.1/cpref/html/frlrfsystemruntimeremotinglifetimeisponsorclassRenewalTopic.htm" ismsdn="true" />
    </HelpFolder>
  </HelpFolder>
  <HelpTopic name="LeaseState enumeration" link="ms-help://MS.NETFrameworkSDKv1.1/cpref/html/frlrfsystemruntimeremotinglifetimeleasestateClassTopic.htm" ismsdn="true" />
  <HelpFolder name="LifetimeServices class" link="ms-help://MS.NETFrameworkSDKv1.1/cpref/html/frlrfsystemruntimeremotinglifetimelifetimeservicesClassTopic.htm" ismsdn="true">
    <HelpTopic name="LifetimeServices members" link="ms-help://MS.NETFrameworkSDKv1.1/cpref/html/frlrfsystemruntimeremotinglifetimelifetimeservicesMembersTopic.htm" ismsdn="true" />
    <HelpFolder name="Constructors" link="ms-help://MS.NETFrameworkSDKv1.1/cpref/html/frlrfsystemruntimeremotinglifetimelifetimeservicesclassctorTopic.htm" ismsdn="true">
      <HelpTopic name=".ctor()" link="ms-help://MS.NETFrameworkSDKv1.1/cpref/html/frlrfsystemruntimeremotinglifetimelifetimeservicesclassctorTopic.htm" ismsdn="true" />
    </HelpFolder>
    <HelpFolder name="Properties" link="ms-help://MS.NETFrameworkSDKv1.1/cpref/html/frlrfsystemruntimeremotinglifetimelifetimeservicesPropertiesTopic.htm" ismsdn="true">
      <HelpTopic name="LeaseTime" link="ms-help://MS.NETFrameworkSDKv1.1/cpref/html/frlrfsystemruntimeremotinglifetimelifetimeservicesclassLeaseTimeTopic.htm" ismsdn="true" />
      <HelpTopic name="RenewOnCallTime" link="ms-help://MS.NETFrameworkSDKv1.1/cpref/html/frlrfsystemruntimeremotinglifetimelifetimeservicesclassRenewOnCallTimeTopic.htm" ismsdn="true" />
      <HelpTopic name="SponsorshipTimeout" link="ms-help://MS.NETFrameworkSDKv1.1/cpref/html/frlrfsystemruntimeremotinglifetimelifetimeservicesclassSponsorshipTimeoutTopic.htm" ismsdn="true" />
      <HelpTopic name="LeaseManagerPollTime" link="ms-help://MS.NETFrameworkSDKv1.1/cpref/html/frlrfsystemruntimeremotinglifetimelifetimeservicesclassLeaseManagerPollTimeTopic.htm" ismsdn="true" />
    </HelpFolder>
  </HelpFolder>
</HelpCollection>