<HelpCollection>
  <HelpTopic name="CatalogLocation enumeration" link="ms-help://MS.NETFrameworkSDKv1.1/cpref/html/frlrfsystemdatacommoncataloglocationClassTopic.htm" ismsdn="true" />
  <HelpFolder name="DataAdapter class" link="ms-help://MS.NETFrameworkSDKv1.1/cpref/html/frlrfsystemdatacommondataadapterClassTopic.htm" ismsdn="true">
    <HelpTopic name="DataAdapter members" link="ms-help://MS.NETFrameworkSDKv1.1/cpref/html/frlrfsystemdatacommondataadapterMembersTopic.htm" ismsdn="true" />
    <HelpFolder name="Methods" link="ms-help://MS.NETFrameworkSDKv1.1/cpref/html/frlrfsystemdatacommondataadapterMethodsTopic.htm" ismsdn="true">
      <HelpTopic name="ShouldSerializeAcceptChangesDuringFill()" link="ms-help://MS.NETFrameworkSDKv1.1/cpref/html/frlrfsystemdatacommondataadapterclassShouldSerializeAcceptChangesDuringFillTopic.htm" ismsdn="true" />
      <HelpTopic name="ResetFillLoadOption()" link="ms-help://MS.NETFrameworkSDKv1.1/cpref/html/frlrfsystemdatacommondataadapterclassResetFillLoadOptionTopic.htm" ismsdn="true" />
      <HelpTopic name="ShouldSerializeFillLoadOption()" link="ms-help://MS.NETFrameworkSDKv1.1/cpref/html/frlrfsystemdatacommondataadapterclassShouldSerializeFillLoadOptionTopic.htm" ismsdn="true" />
      <HelpTopic name="FillSchema(System.Data.DataSet, System.Data.SchemaType)" link="ms-help://MS.NETFrameworkSDKv1.1/cpref/html/frlrfsystemdatacommondataadapterclassFillSchemaTopic.htm" ismsdn="true" />
      <HelpTopic name="Fill(System.Data.DataSet)" link="ms-help://MS.NETFrameworkSDKv1.1/cpref/html/frlrfsystemdatacommondataadapterclassFillTopic.htm" ismsdn="true" />
      <HelpTopic name="GetFillParameters()" link="ms-help://MS.NETFrameworkSDKv1.1/cpref/html/frlrfsystemdatacommondataadapterclassGetFillParametersTopic.htm" ismsdn="true" />
      <HelpTopic name="Update(System.Data.DataSet)" link="ms-help://MS.NETFrameworkSDKv1.1/cpref/html/frlrfsystemdatacommondataadapterclassUpdateTopic.htm" ismsdn="true" />
    </HelpFolder>
    <HelpFolder name="Properties" link="ms-help://MS.NETFrameworkSDKv1.1/cpref/html/frlrfsystemdatacommondataadapterPropertiesTopic.htm" ismsdn="true">
      <HelpTopic name="AcceptChangesDuringFill" link="ms-help://MS.NETFrameworkSDKv1.1/cpref/html/frlrfsystemdatacommondataadapterclassAcceptChangesDuringFillTopic.htm" ismsdn="true" />
      <HelpTopic name="AcceptChangesDuringUpdate" link="ms-help://MS.NETFrameworkSDKv1.1/cpref/html/frlrfsystemdatacommondataadapterclassAcceptChangesDuringUpdateTopic.htm" ismsdn="true" />
      <HelpTopic name="ContinueUpdateOnError" link="ms-help://MS.NETFrameworkSDKv1.1/cpref/html/frlrfsystemdatacommondataadapterclassContinueUpdateOnErrorTopic.htm" ismsdn="true" />
      <HelpTopic name="FillLoadOption" link="ms-help://MS.NETFrameworkSDKv1.1/cpref/html/frlrfsystemdatacommondataadapterclassFillLoadOptionTopic.htm" ismsdn="true" />
      <HelpTopic name="MissingMappingAction" link="ms-help://MS.NETFrameworkSDKv1.1/cpref/html/frlrfsystemdatacommondataadapterclassMissingMappingActionTopic.htm" ismsdn="true" />
      <HelpTopic name="MissingSchemaAction" link="ms-help://MS.NETFrameworkSDKv1.1/cpref/html/frlrfsystemdatacommondataadapterclassMissingSchemaActionTopic.htm" ismsdn="true" />
      <HelpTopic name="ReturnProviderSpecificTypes" link="ms-help://MS.NETFrameworkSDKv1.1/cpref/html/frlrfsystemdatacommondataadapterclassReturnProviderSpecificTypesTopic.htm" ismsdn="true" />
      <HelpTopic name="TableMappings" link="ms-help://MS.NETFrameworkSDKv1.1/cpref/html/frlrfsystemdatacommondataadapterclassTableMappingsTopic.htm" ismsdn="true" />
    </HelpFolder>
    <HelpFolder name="Events" link="ms-help://MS.NETFrameworkSDKv1.1/cpref/html/frlrfsystemdatacommondataadapterEventsTopic.htm" ismsdn="true">
      <HelpTopic name="FillError" link="ms-help://MS.NETFrameworkSDKv1.1/cpref/html/frlrfsystemdatacommondataadapterclassFillErrorTopic.htm" ismsdn="true" />
    </HelpFolder>
  </HelpFolder>
  <HelpFolder name="DataColumnMapping class" link="ms-help://MS.NETFrameworkSDKv1.1/cpref/html/frlrfsystemdatacommondatacolumnmappingClassTopic.htm" ismsdn="true">
    <HelpTopic name="DataColumnMapping members" link="ms-help://MS.NETFrameworkSDKv1.1/cpref/html/frlrfsystemdatacommondatacolumnmappingMembersTopic.htm" ismsdn="true" />
    <HelpFolder name="Constructors" link="ms-help://MS.NETFrameworkSDKv1.1/cpref/html/frlrfsystemdatacommondatacolumnmappingclassctorTopic.htm" ismsdn="true">
      <HelpTopic name=".ctor()" link="ms-help://MS.NETFrameworkSDKv1.1/cpref/html/frlrfsystemdatacommondatacolumnmappingclassctorTopic1.htm" ismsdn="true" />
      <HelpTopic name=".ctor(System.String, System.String)" link="ms-help://MS.NETFrameworkSDKv1.1/cpref/html/frlrfsystemdatacommondatacolumnmappingclassctorTopic1.htm" ismsdn="true" />
    </HelpFolder>
    <HelpFolder name="Methods" link="ms-help://MS.NETFrameworkSDKv1.1/cpref/html/frlrfsystemdatacommondatacolumnmappingMethodsTopic.htm" ismsdn="true">
      <HelpTopic name="GetDataColumnBySchemaAction(System.Data.DataTable, System.Type, System.Data.MissingSchemaAction)" link="ms-help://MS.NETFrameworkSDKv1.1/cpref/html/frlrfsystemdatacommondatacolumnmappingclassGetDataColumnBySchemaActionTopic1.htm" ismsdn="true" />
      <HelpTopic name="GetDataColumnBySchemaAction(System.String, System.String, System.Data.DataTable, System.Type, System.Data.MissingSchemaAction)" link="ms-help://MS.NETFrameworkSDKv1.1/cpref/html/frlrfsystemdatacommondatacolumnmappingclassGetDataColumnBySchemaActionTopic2.htm" ismsdn="true" />
      <HelpTopic name="ToString()" link="ms-help://MS.NETFrameworkSDKv1.1/cpref/html/frlrfsystemdatacommondatacolumnmappingclassToStringTopic.htm" ismsdn="true" />
    </HelpFolder>
    <HelpFolder name="Properties" link="ms-help://MS.NETFrameworkSDKv1.1/cpref/html/frlrfsystemdatacommondatacolumnmappingPropertiesTopic.htm" ismsdn="true">
      <HelpTopic name="DataSetColumn" link="ms-help://MS.NETFrameworkSDKv1.1/cpref/html/frlrfsystemdatacommondatacolumnmappingclassDataSetColumnTopic.htm" ismsdn="true" />
      <HelpTopic name="SourceColumn" link="ms-help://MS.NETFrameworkSDKv1.1/cpref/html/frlrfsystemdatacommondatacolumnmappingclassSourceColumnTopic.htm" ismsdn="true" />
    </HelpFolder>
  </HelpFolder>
  <HelpFolder name="DataColumnMappingCollection class" link="ms-help://MS.NETFrameworkSDKv1.1/cpref/html/frlrfsystemdatacommondatacolumnmappingcollectionClassTopic.htm" ismsdn="true">
    <HelpTopic name="DataColumnMappingCollection members" link="ms-help://MS.NETFrameworkSDKv1.1/cpref/html/frlrfsystemdatacommondatacolumnmappingcollectionMembersTopic.htm" ismsdn="true" />
    <HelpFolder name="Constructors" link="ms-help://MS.NETFrameworkSDKv1.1/cpref/html/frlrfsystemdatacommondatacolumnmappingcollectionclassctorTopic.htm" ismsdn="true">
      <HelpTopic name=".ctor()" link="ms-help://MS.NETFrameworkSDKv1.1/cpref/html/frlrfsystemdatacommondatacolumnmappingcollectionclassctorTopic.htm" ismsdn="true" />
    </HelpFolder>
    <HelpFolder name="Methods" link="ms-help://MS.NETFrameworkSDKv1.1/cpref/html/frlrfsystemdatacommondatacolumnmappingcollectionMethodsTopic.htm" ismsdn="true">
      <HelpTopic name="Add(System.Object)" link="ms-help://MS.NETFrameworkSDKv1.1/cpref/html/frlrfsystemdatacommondatacolumnmappingcollectionclassAddTopic1.htm" ismsdn="true" />
      <HelpTopic name="Add(System.String, System.String)" link="ms-help://MS.NETFrameworkSDKv1.1/cpref/html/frlrfsystemdatacommondatacolumnmappingcollectionclassAddTopic2.htm" ismsdn="true" />
      <HelpTopic name="AddRange(System.Data.Common.DataColumnMapping[])" link="ms-help://MS.NETFrameworkSDKv1.1/cpref/html/frlrfsystemdatacommondatacolumnmappingcollectionclassAddRangeTopic1.htm" ismsdn="true" />
      <HelpTopic name="AddRange(System.Array)" link="ms-help://MS.NETFrameworkSDKv1.1/cpref/html/frlrfsystemdatacommondatacolumnmappingcollectionclassAddRangeTopic2.htm" ismsdn="true" />
      <HelpTopic name="Clear()" link="ms-help://MS.NETFrameworkSDKv1.1/cpref/html/frlrfsystemdatacommondatacolumnmappingcollectionclassClearTopic.htm" ismsdn="true" />
      <HelpTopic name="Contains(System.String)" link="ms-help://MS.NETFrameworkSDKv1.1/cpref/html/frlrfsystemdatacommondatacolumnmappingcollectionclassContainsTopic1.htm" ismsdn="true" />
      <HelpTopic name="Contains(System.Object)" link="ms-help://MS.NETFrameworkSDKv1.1/cpref/html/frlrfsystemdatacommondatacolumnmappingcollectionclassContainsTopic2.htm" ismsdn="true" />
      <HelpTopic name="CopyTo(System.Array, System.Int32)" link="ms-help://MS.NETFrameworkSDKv1.1/cpref/html/frlrfsystemdatacommondatacolumnmappingcollectionclassCopyToTopic1.htm" ismsdn="true" />
      <HelpTopic name="CopyTo(System.Data.Common.DataColumnMapping[], System.Int32)" link="ms-help://MS.NETFrameworkSDKv1.1/cpref/html/frlrfsystemdatacommondatacolumnmappingcollectionclassCopyToTopic2.htm" ismsdn="true" />
      <HelpTopic name="GetByDataSetColumn(System.String)" link="ms-help://MS.NETFrameworkSDKv1.1/cpref/html/frlrfsystemdatacommondatacolumnmappingcollectionclassGetByDataSetColumnTopic.htm" ismsdn="true" />
      <HelpTopic name="GetEnumerator()" link="ms-help://MS.NETFrameworkSDKv1.1/cpref/html/frlrfsystemdatacommondatacolumnmappingcollectionclassGetEnumeratorTopic.htm" ismsdn="true" />
      <HelpTopic name="IndexOf(System.Object)" link="ms-help://MS.NETFrameworkSDKv1.1/cpref/html/frlrfsystemdatacommondatacolumnmappingcollectionclassIndexOfTopic1.htm" ismsdn="true" />
      <HelpTopic name="IndexOf(System.String)" link="ms-help://MS.NETFrameworkSDKv1.1/cpref/html/frlrfsystemdatacommondatacolumnmappingcollectionclassIndexOfTopic2.htm" ismsdn="true" />
      <HelpTopic name="IndexOfDataSetColumn(System.String)" link="ms-help://MS.NETFrameworkSDKv1.1/cpref/html/frlrfsystemdatacommondatacolumnmappingcollectionclassIndexOfDataSetColumnTopic.htm" ismsdn="true" />
      <HelpTopic name="Insert(System.Int32, System.Object)" link="ms-help://MS.NETFrameworkSDKv1.1/cpref/html/frlrfsystemdatacommondatacolumnmappingcollectionclassInsertTopic1.htm" ismsdn="true" />
      <HelpTopic name="Insert(System.Int32, System.Data.Common.DataColumnMapping)" link="ms-help://MS.NETFrameworkSDKv1.1/cpref/html/frlrfsystemdatacommondatacolumnmappingcollectionclassInsertTopic2.htm" ismsdn="true" />
      <HelpTopic name="RemoveAt(System.Int32)" link="ms-help://MS.NETFrameworkSDKv1.1/cpref/html/frlrfsystemdatacommondatacolumnmappingcollectionclassRemoveAtTopic1.htm" ismsdn="true" />
      <HelpTopic name="RemoveAt(System.String)" link="ms-help://MS.NETFrameworkSDKv1.1/cpref/html/frlrfsystemdatacommondatacolumnmappingcollectionclassRemoveAtTopic2.htm" ismsdn="true" />
      <HelpTopic name="Remove(System.Object)" link="ms-help://MS.NETFrameworkSDKv1.1/cpref/html/frlrfsystemdatacommondatacolumnmappingcollectionclassRemoveTopic1.htm" ismsdn="true" />
      <HelpTopic name="Remove(System.Data.Common.DataColumnMapping)" link="ms-help://MS.NETFrameworkSDKv1.1/cpref/html/frlrfsystemdatacommondatacolumnmappingcollectionclassRemoveTopic2.htm" ismsdn="true" />
      <HelpTopic name="GetDataColumn(System.Data.Common.DataColumnMappingCollection, System.String, System.Type, System.Data.DataTable, System.Data.MissingMappingAction, System.Data.MissingSchemaAction)" link="ms-help://MS.NETFrameworkSDKv1.1/cpref/html/frlrfsystemdatacommondatacolumnmappingcollectionclassGetDataColumnTopic.htm" ismsdn="true" />
      <HelpTopic name="GetColumnMappingBySchemaAction(System.Data.Common.DataColumnMappingCollection, System.String, System.Data.MissingMappingAction)" link="ms-help://MS.NETFrameworkSDKv1.1/cpref/html/frlrfsystemdatacommondatacolumnmappingcollectionclassGetColumnMappingBySchemaActionTopic.htm" ismsdn="true" />
    </HelpFolder>
    <HelpFolder name="Properties" link="ms-help://MS.NETFrameworkSDKv1.1/cpref/html/frlrfsystemdatacommondatacolumnmappingcollectionPropertiesTopic.htm" ismsdn="true">
      <HelpTopic name="Count" link="ms-help://MS.NETFrameworkSDKv1.1/cpref/html/frlrfsystemdatacommondatacolumnmappingcollectionclassCountTopic.htm" ismsdn="true" />
      <HelpTopic name="Item" link="ms-help://MS.NETFrameworkSDKv1.1/cpref/html/frlrfsystemdatacommondatacolumnmappingcollectionclassItemTopic.htm" ismsdn="true" />
      <HelpTopic name="Item" link="ms-help://MS.NETFrameworkSDKv1.1/cpref/html/frlrfsystemdatacommondatacolumnmappingcollectionclassItemTopic.htm" ismsdn="true" />
    </HelpFolder>
  </HelpFolder>
  <HelpFolder name="DataTableMapping class" link="ms-help://MS.NETFrameworkSDKv1.1/cpref/html/frlrfsystemdatacommondatatablemappingClassTopic.htm" ismsdn="true">
    <HelpTopic name="DataTableMapping members" link="ms-help://MS.NETFrameworkSDKv1.1/cpref/html/frlrfsystemdatacommondatatablemappingMembersTopic.htm" ismsdn="true" />
    <HelpFolder name="Constructors" link="ms-help://MS.NETFrameworkSDKv1.1/cpref/html/frlrfsystemdatacommondatatablemappingclassctorTopic.htm" ismsdn="true">
      <HelpTopic name=".ctor()" link="ms-help://MS.NETFrameworkSDKv1.1/cpref/html/frlrfsystemdatacommondatatablemappingclassctorTopic1.htm" ismsdn="true" />
      <HelpTopic name=".ctor(System.String, System.String)" link="ms-help://MS.NETFrameworkSDKv1.1/cpref/html/frlrfsystemdatacommondatatablemappingclassctorTopic1.htm" ismsdn="true" />
      <HelpTopic name=".ctor(System.String, System.String, System.Data.Common.DataColumnMapping[])" link="ms-help://MS.NETFrameworkSDKv1.1/cpref/html/frlrfsystemdatacommondatatablemappingclassctorTopic2.htm" ismsdn="true" />
    </HelpFolder>
    <HelpFolder name="Methods" link="ms-help://MS.NETFrameworkSDKv1.1/cpref/html/frlrfsystemdatacommondatatablemappingMethodsTopic.htm" ismsdn="true">
      <HelpTopic name="GetDataColumn(System.String, System.Type, System.Data.DataTable, System.Data.MissingMappingAction, System.Data.MissingSchemaAction)" link="ms-help://MS.NETFrameworkSDKv1.1/cpref/html/frlrfsystemdatacommondatatablemappingclassGetDataColumnTopic.htm" ismsdn="true" />
      <HelpTopic name="GetColumnMappingBySchemaAction(System.String, System.Data.MissingMappingAction)" link="ms-help://MS.NETFrameworkSDKv1.1/cpref/html/frlrfsystemdatacommondatatablemappingclassGetColumnMappingBySchemaActionTopic.htm" ismsdn="true" />
      <HelpTopic name="GetDataTableBySchemaAction(System.Data.DataSet, System.Data.MissingSchemaAction)" link="ms-help://MS.NETFrameworkSDKv1.1/cpref/html/frlrfsystemdatacommondatatablemappingclassGetDataTableBySchemaActionTopic.htm" ismsdn="true" />
      <HelpTopic name="ToString()" link="ms-help://MS.NETFrameworkSDKv1.1/cpref/html/frlrfsystemdatacommondatatablemappingclassToStringTopic.htm" ismsdn="true" />
    </HelpFolder>
    <HelpFolder name="Properties" link="ms-help://MS.NETFrameworkSDKv1.1/cpref/html/frlrfsystemdatacommondatatablemappingPropertiesTopic.htm" ismsdn="true">
      <HelpTopic name="ColumnMappings" link="ms-help://MS.NETFrameworkSDKv1.1/cpref/html/frlrfsystemdatacommondatatablemappingclassColumnMappingsTopic.htm" ismsdn="true" />
      <HelpTopic name="DataSetTable" link="ms-help://MS.NETFrameworkSDKv1.1/cpref/html/frlrfsystemdatacommondatatablemappingclassDataSetTableTopic.htm" ismsdn="true" />
      <HelpTopic name="SourceTable" link="ms-help://MS.NETFrameworkSDKv1.1/cpref/html/frlrfsystemdatacommondatatablemappingclassSourceTableTopic.htm" ismsdn="true" />
    </HelpFolder>
  </HelpFolder>
  <HelpFolder name="DataTableMappingCollection class" link="ms-help://MS.NETFrameworkSDKv1.1/cpref/html/frlrfsystemdatacommondatatablemappingcollectionClassTopic.htm" ismsdn="true">
    <HelpTopic name="DataTableMappingCollection members" link="ms-help://MS.NETFrameworkSDKv1.1/cpref/html/frlrfsystemdatacommondatatablemappingcollectionMembersTopic.htm" ismsdn="true" />
    <HelpFolder name="Constructors" link="ms-help://MS.NETFrameworkSDKv1.1/cpref/html/frlrfsystemdatacommondatatablemappingcollectionclassctorTopic.htm" ismsdn="true">
      <HelpTopic name=".ctor()" link="ms-help://MS.NETFrameworkSDKv1.1/cpref/html/frlrfsystemdatacommondatatablemappingcollectionclassctorTopic.htm" ismsdn="true" />
    </HelpFolder>
    <HelpFolder name="Methods" link="ms-help://MS.NETFrameworkSDKv1.1/cpref/html/frlrfsystemdatacommondatatablemappingcollectionMethodsTopic.htm" ismsdn="true">
      <HelpTopic name="Add(System.Object)" link="ms-help://MS.NETFrameworkSDKv1.1/cpref/html/frlrfsystemdatacommondatatablemappingcollectionclassAddTopic.htm" ismsdn="true" />
      <HelpTopic name="AddRange(System.Data.Common.DataTableMapping[])" link="ms-help://MS.NETFrameworkSDKv1.1/cpref/html/frlrfsystemdatacommondatatablemappingcollectionclassAddRangeTopic1.htm" ismsdn="true" />
      <HelpTopic name="AddRange(System.Array)" link="ms-help://MS.NETFrameworkSDKv1.1/cpref/html/frlrfsystemdatacommondatatablemappingcollectionclassAddRangeTopic2.htm" ismsdn="true" />
      <HelpTopic name="Add(System.String, System.String)" link="ms-help://MS.NETFrameworkSDKv1.1/cpref/html/frlrfsystemdatacommondatatablemappingcollectionclassAddTopic.htm" ismsdn="true" />
      <HelpTopic name="Clear()" link="ms-help://MS.NETFrameworkSDKv1.1/cpref/html/frlrfsystemdatacommondatatablemappingcollectionclassClearTopic.htm" ismsdn="true" />
      <HelpTopic name="Contains(System.String)" link="ms-help://MS.NETFrameworkSDKv1.1/cpref/html/frlrfsystemdatacommondatatablemappingcollectionclassContainsTopic1.htm" ismsdn="true" />
      <HelpTopic name="Contains(System.Object)" link="ms-help://MS.NETFrameworkSDKv1.1/cpref/html/frlrfsystemdatacommondatatablemappingcollectionclassContainsTopic2.htm" ismsdn="true" />
      <HelpTopic name="CopyTo(System.Array, System.Int32)" link="ms-help://MS.NETFrameworkSDKv1.1/cpref/html/frlrfsystemdatacommondatatablemappingcollectionclassCopyToTopic1.htm" ismsdn="true" />
      <HelpTopic name="CopyTo(System.Data.Common.DataTableMapping[], System.Int32)" link="ms-help://MS.NETFrameworkSDKv1.1/cpref/html/frlrfsystemdatacommondatatablemappingcollectionclassCopyToTopic2.htm" ismsdn="true" />
      <HelpTopic name="GetByDataSetTable(System.String)" link="ms-help://MS.NETFrameworkSDKv1.1/cpref/html/frlrfsystemdatacommondatatablemappingcollectionclassGetByDataSetTableTopic.htm" ismsdn="true" />
      <HelpTopic name="GetEnumerator()" link="ms-help://MS.NETFrameworkSDKv1.1/cpref/html/frlrfsystemdatacommondatatablemappingcollectionclassGetEnumeratorTopic.htm" ismsdn="true" />
      <HelpTopic name="IndexOf(System.Object)" link="ms-help://MS.NETFrameworkSDKv1.1/cpref/html/frlrfsystemdatacommondatatablemappingcollectionclassIndexOfTopic1.htm" ismsdn="true" />
      <HelpTopic name="IndexOf(System.String)" link="ms-help://MS.NETFrameworkSDKv1.1/cpref/html/frlrfsystemdatacommondatatablemappingcollectionclassIndexOfTopic2.htm" ismsdn="true" />
      <HelpTopic name="IndexOfDataSetTable(System.String)" link="ms-help://MS.NETFrameworkSDKv1.1/cpref/html/frlrfsystemdatacommondatatablemappingcollectionclassIndexOfDataSetTableTopic.htm" ismsdn="true" />
      <HelpTopic name="Insert(System.Int32, System.Object)" link="ms-help://MS.NETFrameworkSDKv1.1/cpref/html/frlrfsystemdatacommondatatablemappingcollectionclassInsertTopic1.htm" ismsdn="true" />
      <HelpTopic name="Insert(System.Int32, System.Data.Common.DataTableMapping)" link="ms-help://MS.NETFrameworkSDKv1.1/cpref/html/frlrfsystemdatacommondatatablemappingcollectionclassInsertTopic2.htm" ismsdn="true" />
      <HelpTopic name="RemoveAt(System.Int32)" link="ms-help://MS.NETFrameworkSDKv1.1/cpref/html/frlrfsystemdatacommondatatablemappingcollectionclassRemoveAtTopic1.htm" ismsdn="true" />
      <HelpTopic name="RemoveAt(System.String)" link="ms-help://MS.NETFrameworkSDKv1.1/cpref/html/frlrfsystemdatacommondatatablemappingcollectionclassRemoveAtTopic2.htm" ismsdn="true" />
      <HelpTopic name="Remove(System.Object)" link="ms-help://MS.NETFrameworkSDKv1.1/cpref/html/frlrfsystemdatacommondatatablemappingcollectionclassRemoveTopic1.htm" ismsdn="true" />
      <HelpTopic name="Remove(System.Data.Common.DataTableMapping)" link="ms-help://MS.NETFrameworkSDKv1.1/cpref/html/frlrfsystemdatacommondatatablemappingcollectionclassRemoveTopic2.htm" ismsdn="true" />
      <HelpTopic name="GetTableMappingBySchemaAction(System.Data.Common.DataTableMappingCollection, System.String, System.String, System.Data.MissingMappingAction)" link="ms-help://MS.NETFrameworkSDKv1.1/cpref/html/frlrfsystemdatacommondatatablemappingcollectionclassGetTableMappingBySchemaActionTopic.htm" ismsdn="true" />
    </HelpFolder>
    <HelpFolder name="Properties" link="ms-help://MS.NETFrameworkSDKv1.1/cpref/html/frlrfsystemdatacommondatatablemappingcollectionPropertiesTopic.htm" ismsdn="true">
      <HelpTopic name="Count" link="ms-help://MS.NETFrameworkSDKv1.1/cpref/html/frlrfsystemdatacommondatatablemappingcollectionclassCountTopic.htm" ismsdn="true" />
      <HelpTopic name="Item" link="ms-help://MS.NETFrameworkSDKv1.1/cpref/html/frlrfsystemdatacommondatatablemappingcollectionclassItemTopic.htm" ismsdn="true" />
      <HelpTopic name="Item" link="ms-help://MS.NETFrameworkSDKv1.1/cpref/html/frlrfsystemdatacommondatatablemappingcollectionclassItemTopic.htm" ismsdn="true" />
    </HelpFolder>
  </HelpFolder>
  <HelpFolder name="DbCommand class" link="ms-help://MS.NETFrameworkSDKv1.1/cpref/html/frlrfsystemdatacommondbcommandClassTopic.htm" ismsdn="true">
    <HelpTopic name="DbCommand members" link="ms-help://MS.NETFrameworkSDKv1.1/cpref/html/frlrfsystemdatacommondbcommandMembersTopic.htm" ismsdn="true" />
    <HelpFolder name="Methods" link="ms-help://MS.NETFrameworkSDKv1.1/cpref/html/frlrfsystemdatacommondbcommandMethodsTopic.htm" ismsdn="true">
      <HelpTopic name="Cancel()" link="ms-help://MS.NETFrameworkSDKv1.1/cpref/html/frlrfsystemdatacommondbcommandclassCancelTopic.htm" ismsdn="true" />
      <HelpTopic name="CreateParameter()" link="ms-help://MS.NETFrameworkSDKv1.1/cpref/html/frlrfsystemdatacommondbcommandclassCreateParameterTopic.htm" ismsdn="true" />
      <HelpTopic name="ExecuteNonQuery()" link="ms-help://MS.NETFrameworkSDKv1.1/cpref/html/frlrfsystemdatacommondbcommandclassExecuteNonQueryTopic.htm" ismsdn="true" />
      <HelpTopic name="ExecuteReader()" link="ms-help://MS.NETFrameworkSDKv1.1/cpref/html/frlrfsystemdatacommondbcommandclassExecuteReaderTopic1.htm" ismsdn="true" />
      <HelpTopic name="ExecuteReader(System.Data.CommandBehavior)" link="ms-help://MS.NETFrameworkSDKv1.1/cpref/html/frlrfsystemdatacommondbcommandclassExecuteReaderTopic2.htm" ismsdn="true" />
      <HelpTopic name="ExecuteScalar()" link="ms-help://MS.NETFrameworkSDKv1.1/cpref/html/frlrfsystemdatacommondbcommandclassExecuteScalarTopic.htm" ismsdn="true" />
      <HelpTopic name="Prepare()" link="ms-help://MS.NETFrameworkSDKv1.1/cpref/html/frlrfsystemdatacommondbcommandclassPrepareTopic.htm" ismsdn="true" />
    </HelpFolder>
    <HelpFolder name="Properties" link="ms-help://MS.NETFrameworkSDKv1.1/cpref/html/frlrfsystemdatacommondbcommandPropertiesTopic.htm" ismsdn="true">
      <HelpTopic name="CommandText" link="ms-help://MS.NETFrameworkSDKv1.1/cpref/html/frlrfsystemdatacommondbcommandclassCommandTextTopic.htm" ismsdn="true" />
      <HelpTopic name="CommandTimeout" link="ms-help://MS.NETFrameworkSDKv1.1/cpref/html/frlrfsystemdatacommondbcommandclassCommandTimeoutTopic.htm" ismsdn="true" />
      <HelpTopic name="CommandType" link="ms-help://MS.NETFrameworkSDKv1.1/cpref/html/frlrfsystemdatacommondbcommandclassCommandTypeTopic.htm" ismsdn="true" />
      <HelpTopic name="Connection" link="ms-help://MS.NETFrameworkSDKv1.1/cpref/html/frlrfsystemdatacommondbcommandclassConnectionTopic.htm" ismsdn="true" />
      <HelpTopic name="DesignTimeVisible" link="ms-help://MS.NETFrameworkSDKv1.1/cpref/html/frlrfsystemdatacommondbcommandclassDesignTimeVisibleTopic.htm" ismsdn="true" />
      <HelpTopic name="Parameters" link="ms-help://MS.NETFrameworkSDKv1.1/cpref/html/frlrfsystemdatacommondbcommandclassParametersTopic.htm" ismsdn="true" />
      <HelpTopic name="Transaction" link="ms-help://MS.NETFrameworkSDKv1.1/cpref/html/frlrfsystemdatacommondbcommandclassTransactionTopic.htm" ismsdn="true" />
      <HelpTopic name="UpdatedRowSource" link="ms-help://MS.NETFrameworkSDKv1.1/cpref/html/frlrfsystemdatacommondbcommandclassUpdatedRowSourceTopic.htm" ismsdn="true" />
    </HelpFolder>
  </HelpFolder>
  <HelpFolder name="DbCommandBuilder class" link="ms-help://MS.NETFrameworkSDKv1.1/cpref/html/frlrfsystemdatacommondbcommandbuilderClassTopic.htm" ismsdn="true">
    <HelpTopic name="DbCommandBuilder members" link="ms-help://MS.NETFrameworkSDKv1.1/cpref/html/frlrfsystemdatacommondbcommandbuilderMembersTopic.htm" ismsdn="true" />
    <HelpFolder name="Methods" link="ms-help://MS.NETFrameworkSDKv1.1/cpref/html/frlrfsystemdatacommondbcommandbuilderMethodsTopic.htm" ismsdn="true">
      <HelpTopic name="GetInsertCommand()" link="ms-help://MS.NETFrameworkSDKv1.1/cpref/html/frlrfsystemdatacommondbcommandbuilderclassGetInsertCommandTopic1.htm" ismsdn="true" />
      <HelpTopic name="GetInsertCommand(System.Boolean)" link="ms-help://MS.NETFrameworkSDKv1.1/cpref/html/frlrfsystemdatacommondbcommandbuilderclassGetInsertCommandTopic2.htm" ismsdn="true" />
      <HelpTopic name="GetUpdateCommand()" link="ms-help://MS.NETFrameworkSDKv1.1/cpref/html/frlrfsystemdatacommondbcommandbuilderclassGetUpdateCommandTopic1.htm" ismsdn="true" />
      <HelpTopic name="GetUpdateCommand(System.Boolean)" link="ms-help://MS.NETFrameworkSDKv1.1/cpref/html/frlrfsystemdatacommondbcommandbuilderclassGetUpdateCommandTopic2.htm" ismsdn="true" />
      <HelpTopic name="GetDeleteCommand()" link="ms-help://MS.NETFrameworkSDKv1.1/cpref/html/frlrfsystemdatacommondbcommandbuilderclassGetDeleteCommandTopic1.htm" ismsdn="true" />
      <HelpTopic name="GetDeleteCommand(System.Boolean)" link="ms-help://MS.NETFrameworkSDKv1.1/cpref/html/frlrfsystemdatacommondbcommandbuilderclassGetDeleteCommandTopic2.htm" ismsdn="true" />
      <HelpTopic name="QuoteIdentifier(System.String)" link="ms-help://MS.NETFrameworkSDKv1.1/cpref/html/frlrfsystemdatacommondbcommandbuilderclassQuoteIdentifierTopic.htm" ismsdn="true" />
      <HelpTopic name="RefreshSchema()" link="ms-help://MS.NETFrameworkSDKv1.1/cpref/html/frlrfsystemdatacommondbcommandbuilderclassRefreshSchemaTopic.htm" ismsdn="true" />
      <HelpTopic name="UnquoteIdentifier(System.String)" link="ms-help://MS.NETFrameworkSDKv1.1/cpref/html/frlrfsystemdatacommondbcommandbuilderclassUnquoteIdentifierTopic.htm" ismsdn="true" />
    </HelpFolder>
    <HelpFolder name="Properties" link="ms-help://MS.NETFrameworkSDKv1.1/cpref/html/frlrfsystemdatacommondbcommandbuilderPropertiesTopic.htm" ismsdn="true">
      <HelpTopic name="ConflictOption" link="ms-help://MS.NETFrameworkSDKv1.1/cpref/html/frlrfsystemdatacommondbcommandbuilderclassConflictOptionTopic.htm" ismsdn="true" />
      <HelpTopic name="CatalogLocation" link="ms-help://MS.NETFrameworkSDKv1.1/cpref/html/frlrfsystemdatacommondbcommandbuilderclassCatalogLocationTopic.htm" ismsdn="true" />
      <HelpTopic name="CatalogSeparator" link="ms-help://MS.NETFrameworkSDKv1.1/cpref/html/frlrfsystemdatacommondbcommandbuilderclassCatalogSeparatorTopic.htm" ismsdn="true" />
      <HelpTopic name="DataAdapter" link="ms-help://MS.NETFrameworkSDKv1.1/cpref/html/frlrfsystemdatacommondbcommandbuilderclassDataAdapterTopic.htm" ismsdn="true" />
      <HelpTopic name="QuotePrefix" link="ms-help://MS.NETFrameworkSDKv1.1/cpref/html/frlrfsystemdatacommondbcommandbuilderclassQuotePrefixTopic.htm" ismsdn="true" />
      <HelpTopic name="QuoteSuffix" link="ms-help://MS.NETFrameworkSDKv1.1/cpref/html/frlrfsystemdatacommondbcommandbuilderclassQuoteSuffixTopic.htm" ismsdn="true" />
      <HelpTopic name="SchemaSeparator" link="ms-help://MS.NETFrameworkSDKv1.1/cpref/html/frlrfsystemdatacommondbcommandbuilderclassSchemaSeparatorTopic.htm" ismsdn="true" />
      <HelpTopic name="SetAllValues" link="ms-help://MS.NETFrameworkSDKv1.1/cpref/html/frlrfsystemdatacommondbcommandbuilderclassSetAllValuesTopic.htm" ismsdn="true" />
    </HelpFolder>
  </HelpFolder>
  <HelpFolder name="DbConnection class" link="ms-help://MS.NETFrameworkSDKv1.1/cpref/html/frlrfsystemdatacommondbconnectionClassTopic.htm" ismsdn="true">
    <HelpTopic name="DbConnection members" link="ms-help://MS.NETFrameworkSDKv1.1/cpref/html/frlrfsystemdatacommondbconnectionMembersTopic.htm" ismsdn="true" />
    <HelpFolder name="Methods" link="ms-help://MS.NETFrameworkSDKv1.1/cpref/html/frlrfsystemdatacommondbconnectionMethodsTopic.htm" ismsdn="true">
      <HelpTopic name="BeginTransaction()" link="ms-help://MS.NETFrameworkSDKv1.1/cpref/html/frlrfsystemdatacommondbconnectionclassBeginTransactionTopic1.htm" ismsdn="true" />
      <HelpTopic name="BeginTransaction(System.Data.IsolationLevel)" link="ms-help://MS.NETFrameworkSDKv1.1/cpref/html/frlrfsystemdatacommondbconnectionclassBeginTransactionTopic2.htm" ismsdn="true" />
      <HelpTopic name="Close()" link="ms-help://MS.NETFrameworkSDKv1.1/cpref/html/frlrfsystemdatacommondbconnectionclassCloseTopic.htm" ismsdn="true" />
      <HelpTopic name="ChangeDatabase(System.String)" link="ms-help://MS.NETFrameworkSDKv1.1/cpref/html/frlrfsystemdatacommondbconnectionclassChangeDatabaseTopic.htm" ismsdn="true" />
      <HelpTopic name="CreateCommand()" link="ms-help://MS.NETFrameworkSDKv1.1/cpref/html/frlrfsystemdatacommondbconnectionclassCreateCommandTopic.htm" ismsdn="true" />
      <HelpTopic name="EnlistTransaction(System.Transactions.Transaction)" link="ms-help://MS.NETFrameworkSDKv1.1/cpref/html/frlrfsystemdatacommondbconnectionclassEnlistTransactionTopic.htm" ismsdn="true" />
      <HelpTopic name="GetSchema()" link="ms-help://MS.NETFrameworkSDKv1.1/cpref/html/frlrfsystemdatacommondbconnectionclassGetSchemaTopic1.htm" ismsdn="true" />
      <HelpTopic name="GetSchema(System.String)" link="ms-help://MS.NETFrameworkSDKv1.1/cpref/html/frlrfsystemdatacommondbconnectionclassGetSchemaTopic2.htm" ismsdn="true" />
      <HelpTopic name="GetSchema(System.String, System.String[])" link="ms-help://MS.NETFrameworkSDKv1.1/cpref/html/frlrfsystemdatacommondbconnectionclassGetSchemaTopic3.htm" ismsdn="true" />
      <HelpTopic name="Open()" link="ms-help://MS.NETFrameworkSDKv1.1/cpref/html/frlrfsystemdatacommondbconnectionclassOpenTopic.htm" ismsdn="true" />
    </HelpFolder>
    <HelpFolder name="Properties" link="ms-help://MS.NETFrameworkSDKv1.1/cpref/html/frlrfsystemdatacommondbconnectionPropertiesTopic.htm" ismsdn="true">
      <HelpTopic name="ConnectionString" link="ms-help://MS.NETFrameworkSDKv1.1/cpref/html/frlrfsystemdatacommondbconnectionclassConnectionStringTopic.htm" ismsdn="true" />
      <HelpTopic name="ConnectionTimeout" link="ms-help://MS.NETFrameworkSDKv1.1/cpref/html/frlrfsystemdatacommondbconnectionclassConnectionTimeoutTopic.htm" ismsdn="true" />
      <HelpTopic name="Database" link="ms-help://MS.NETFrameworkSDKv1.1/cpref/html/frlrfsystemdatacommondbconnectionclassDatabaseTopic.htm" ismsdn="true" />
      <HelpTopic name="DataSource" link="ms-help://MS.NETFrameworkSDKv1.1/cpref/html/frlrfsystemdatacommondbconnectionclassDataSourceTopic.htm" ismsdn="true" />
      <HelpTopic name="ServerVersion" link="ms-help://MS.NETFrameworkSDKv1.1/cpref/html/frlrfsystemdatacommondbconnectionclassServerVersionTopic.htm" ismsdn="true" />
      <HelpTopic name="State" link="ms-help://MS.NETFrameworkSDKv1.1/cpref/html/frlrfsystemdatacommondbconnectionclassStateTopic.htm" ismsdn="true" />
    </HelpFolder>
    <HelpFolder name="Events" link="ms-help://MS.NETFrameworkSDKv1.1/cpref/html/frlrfsystemdatacommondbconnectionEventsTopic.htm" ismsdn="true">
      <HelpTopic name="StateChange" link="ms-help://MS.NETFrameworkSDKv1.1/cpref/html/frlrfsystemdatacommondbconnectionclassStateChangeTopic.htm" ismsdn="true" />
    </HelpFolder>
  </HelpFolder>
  <HelpFolder name="DbConnectionStringBuilder class" link="ms-help://MS.NETFrameworkSDKv1.1/cpref/html/frlrfsystemdatacommondbconnectionstringbuilderClassTopic.htm" ismsdn="true">
    <HelpTopic name="DbConnectionStringBuilder members" link="ms-help://MS.NETFrameworkSDKv1.1/cpref/html/frlrfsystemdatacommondbconnectionstringbuilderMembersTopic.htm" ismsdn="true" />
    <HelpFolder name="Constructors" link="ms-help://MS.NETFrameworkSDKv1.1/cpref/html/frlrfsystemdatacommondbconnectionstringbuilderclassctorTopic.htm" ismsdn="true">
      <HelpTopic name=".ctor()" link="ms-help://MS.NETFrameworkSDKv1.1/cpref/html/frlrfsystemdatacommondbconnectionstringbuilderclassctorTopic1.htm" ismsdn="true" />
      <HelpTopic name=".ctor(System.Boolean)" link="ms-help://MS.NETFrameworkSDKv1.1/cpref/html/frlrfsystemdatacommondbconnectionstringbuilderclassctorTopic1.htm" ismsdn="true" />
    </HelpFolder>
    <HelpFolder name="Methods" link="ms-help://MS.NETFrameworkSDKv1.1/cpref/html/frlrfsystemdatacommondbconnectionstringbuilderMethodsTopic.htm" ismsdn="true">
      <HelpTopic name="Add(System.String, System.Object)" link="ms-help://MS.NETFrameworkSDKv1.1/cpref/html/frlrfsystemdatacommondbconnectionstringbuilderclassAddTopic.htm" ismsdn="true" />
      <HelpTopic name="AppendKeyValuePair(System.Text.StringBuilder, System.String, System.String)" link="ms-help://MS.NETFrameworkSDKv1.1/cpref/html/frlrfsystemdatacommondbconnectionstringbuilderclassAppendKeyValuePairTopic1.htm" ismsdn="true" />
      <HelpTopic name="AppendKeyValuePair(System.Text.StringBuilder, System.String, System.String, System.Boolean)" link="ms-help://MS.NETFrameworkSDKv1.1/cpref/html/frlrfsystemdatacommondbconnectionstringbuilderclassAppendKeyValuePairTopic2.htm" ismsdn="true" />
      <HelpTopic name="Clear()" link="ms-help://MS.NETFrameworkSDKv1.1/cpref/html/frlrfsystemdatacommondbconnectionstringbuilderclassClearTopic.htm" ismsdn="true" />
      <HelpTopic name="ContainsKey(System.String)" link="ms-help://MS.NETFrameworkSDKv1.1/cpref/html/frlrfsystemdatacommondbconnectionstringbuilderclassContainsKeyTopic.htm" ismsdn="true" />
      <HelpTopic name="EquivalentTo(System.Data.Common.DbConnectionStringBuilder)" link="ms-help://MS.NETFrameworkSDKv1.1/cpref/html/frlrfsystemdatacommondbconnectionstringbuilderclassEquivalentToTopic.htm" ismsdn="true" />
      <HelpTopic name="Remove(System.String)" link="ms-help://MS.NETFrameworkSDKv1.1/cpref/html/frlrfsystemdatacommondbconnectionstringbuilderclassRemoveTopic.htm" ismsdn="true" />
      <HelpTopic name="ShouldSerialize(System.String)" link="ms-help://MS.NETFrameworkSDKv1.1/cpref/html/frlrfsystemdatacommondbconnectionstringbuilderclassShouldSerializeTopic.htm" ismsdn="true" />
      <HelpTopic name="ToString()" link="ms-help://MS.NETFrameworkSDKv1.1/cpref/html/frlrfsystemdatacommondbconnectionstringbuilderclassToStringTopic.htm" ismsdn="true" />
      <HelpTopic name="TryGetValue(System.String, System.Object&amp;)" link="ms-help://MS.NETFrameworkSDKv1.1/cpref/html/frlrfsystemdatacommondbconnectionstringbuilderclassTryGetValueTopic.htm" ismsdn="true" />
    </HelpFolder>
    <HelpFolder name="Properties" link="ms-help://MS.NETFrameworkSDKv1.1/cpref/html/frlrfsystemdatacommondbconnectionstringbuilderPropertiesTopic.htm" ismsdn="true">
      <HelpTopic name="Item" link="ms-help://MS.NETFrameworkSDKv1.1/cpref/html/frlrfsystemdatacommondbconnectionstringbuilderclassItemTopic.htm" ismsdn="true" />
      <HelpTopic name="BrowsableConnectionString" link="ms-help://MS.NETFrameworkSDKv1.1/cpref/html/frlrfsystemdatacommondbconnectionstringbuilderclassBrowsableConnectionStringTopic.htm" ismsdn="true" />
      <HelpTopic name="ConnectionString" link="ms-help://MS.NETFrameworkSDKv1.1/cpref/html/frlrfsystemdatacommondbconnectionstringbuilderclassConnectionStringTopic.htm" ismsdn="true" />
      <HelpTopic name="Count" link="ms-help://MS.NETFrameworkSDKv1.1/cpref/html/frlrfsystemdatacommondbconnectionstringbuilderclassCountTopic.htm" ismsdn="true" />
      <HelpTopic name="IsReadOnly" link="ms-help://MS.NETFrameworkSDKv1.1/cpref/html/frlrfsystemdatacommondbconnectionstringbuilderclassIsReadOnlyTopic.htm" ismsdn="true" />
      <HelpTopic name="IsFixedSize" link="ms-help://MS.NETFrameworkSDKv1.1/cpref/html/frlrfsystemdatacommondbconnectionstringbuilderclassIsFixedSizeTopic.htm" ismsdn="true" />
      <HelpTopic name="Keys" link="ms-help://MS.NETFrameworkSDKv1.1/cpref/html/frlrfsystemdatacommondbconnectionstringbuilderclassKeysTopic.htm" ismsdn="true" />
      <HelpTopic name="Values" link="ms-help://MS.NETFrameworkSDKv1.1/cpref/html/frlrfsystemdatacommondbconnectionstringbuilderclassValuesTopic.htm" ismsdn="true" />
    </HelpFolder>
  </HelpFolder>
  <HelpFolder name="DbDataAdapter class" link="ms-help://MS.NETFrameworkSDKv1.1/cpref/html/frlrfsystemdatacommondbdataadapterClassTopic.htm" ismsdn="true">
    <HelpTopic name="DbDataAdapter members" link="ms-help://MS.NETFrameworkSDKv1.1/cpref/html/frlrfsystemdatacommondbdataadapterMembersTopic.htm" ismsdn="true" />
    <HelpFolder name="Fields" link="ms-help://MS.NETFrameworkSDKv1.1/cpref/html/frlrfsystemdatacommondbdataadapterFieldsTopic.htm" ismsdn="true">
      <HelpTopic name="DefaultSourceTableName" link="ms-help://MS.NETFrameworkSDKv1.1/cpref/html/frlrfsystemdatacommondbdataadapterclassDefaultSourceTableNameTopic.htm" ismsdn="true" />
    </HelpFolder>
    <HelpFolder name="Methods" link="ms-help://MS.NETFrameworkSDKv1.1/cpref/html/frlrfsystemdatacommondbdataadapterMethodsTopic.htm" ismsdn="true">
      <HelpTopic name="FillSchema(System.Data.DataTable, System.Data.SchemaType)" link="ms-help://MS.NETFrameworkSDKv1.1/cpref/html/frlrfsystemdatacommondbdataadapterclassFillSchemaTopic1.htm" ismsdn="true" />
      <HelpTopic name="FillSchema(System.Data.DataSet, System.Data.SchemaType)" link="ms-help://MS.NETFrameworkSDKv1.1/cpref/html/frlrfsystemdatacommondbdataadapterclassFillSchemaTopic2.htm" ismsdn="true" />
      <HelpTopic name="FillSchema(System.Data.DataSet, System.Data.SchemaType, System.String)" link="ms-help://MS.NETFrameworkSDKv1.1/cpref/html/frlrfsystemdatacommondbdataadapterclassFillSchemaTopic3.htm" ismsdn="true" />
      <HelpTopic name="Fill(System.Data.DataSet)" link="ms-help://MS.NETFrameworkSDKv1.1/cpref/html/frlrfsystemdatacommondbdataadapterclassFillTopic1.htm" ismsdn="true" />
      <HelpTopic name="Fill(System.Data.DataSet, System.String)" link="ms-help://MS.NETFrameworkSDKv1.1/cpref/html/frlrfsystemdatacommondbdataadapterclassFillTopic2.htm" ismsdn="true" />
      <HelpTopic name="Fill(System.Data.DataSet, System.Int32, System.Int32, System.String)" link="ms-help://MS.NETFrameworkSDKv1.1/cpref/html/frlrfsystemdatacommondbdataadapterclassFillTopic3.htm" ismsdn="true" />
      <HelpTopic name="Fill(System.Data.DataTable)" link="ms-help://MS.NETFrameworkSDKv1.1/cpref/html/frlrfsystemdatacommondbdataadapterclassFillTopic4.htm" ismsdn="true" />
      <HelpTopic name="Fill(System.Int32, System.Int32, System.Data.DataTable[])" link="ms-help://MS.NETFrameworkSDKv1.1/cpref/html/frlrfsystemdatacommondbdataadapterclassFillTopic5.htm" ismsdn="true" />
      <HelpTopic name="GetFillParameters()" link="ms-help://MS.NETFrameworkSDKv1.1/cpref/html/frlrfsystemdatacommondbdataadapterclassGetFillParametersTopic.htm" ismsdn="true" />
      <HelpTopic name="Update(System.Data.DataSet)" link="ms-help://MS.NETFrameworkSDKv1.1/cpref/html/frlrfsystemdatacommondbdataadapterclassUpdateTopic1.htm" ismsdn="true" />
      <HelpTopic name="Update(System.Data.DataRow[])" link="ms-help://MS.NETFrameworkSDKv1.1/cpref/html/frlrfsystemdatacommondbdataadapterclassUpdateTopic2.htm" ismsdn="true" />
      <HelpTopic name="Update(System.Data.DataTable)" link="ms-help://MS.NETFrameworkSDKv1.1/cpref/html/frlrfsystemdatacommondbdataadapterclassUpdateTopic3.htm" ismsdn="true" />
      <HelpTopic name="Update(System.Data.DataSet, System.String)" link="ms-help://MS.NETFrameworkSDKv1.1/cpref/html/frlrfsystemdatacommondbdataadapterclassUpdateTopic4.htm" ismsdn="true" />
    </HelpFolder>
    <HelpFolder name="Properties" link="ms-help://MS.NETFrameworkSDKv1.1/cpref/html/frlrfsystemdatacommondbdataadapterPropertiesTopic.htm" ismsdn="true">
      <HelpTopic name="DeleteCommand" link="ms-help://MS.NETFrameworkSDKv1.1/cpref/html/frlrfsystemdatacommondbdataadapterclassDeleteCommandTopic.htm" ismsdn="true" />
      <HelpTopic name="InsertCommand" link="ms-help://MS.NETFrameworkSDKv1.1/cpref/html/frlrfsystemdatacommondbdataadapterclassInsertCommandTopic.htm" ismsdn="true" />
      <HelpTopic name="SelectCommand" link="ms-help://MS.NETFrameworkSDKv1.1/cpref/html/frlrfsystemdatacommondbdataadapterclassSelectCommandTopic.htm" ismsdn="true" />
      <HelpTopic name="UpdateBatchSize" link="ms-help://MS.NETFrameworkSDKv1.1/cpref/html/frlrfsystemdatacommondbdataadapterclassUpdateBatchSizeTopic.htm" ismsdn="true" />
      <HelpTopic name="UpdateCommand" link="ms-help://MS.NETFrameworkSDKv1.1/cpref/html/frlrfsystemdatacommondbdataadapterclassUpdateCommandTopic.htm" ismsdn="true" />
    </HelpFolder>
  </HelpFolder>
  <HelpFolder name="DBDataPermission class" link="ms-help://MS.NETFrameworkSDKv1.1/cpref/html/frlrfsystemdatacommondbdatapermissionClassTopic.htm" ismsdn="true">
    <HelpTopic name="DBDataPermission members" link="ms-help://MS.NETFrameworkSDKv1.1/cpref/html/frlrfsystemdatacommondbdatapermissionMembersTopic.htm" ismsdn="true" />
    <HelpFolder name="Methods" link="ms-help://MS.NETFrameworkSDKv1.1/cpref/html/frlrfsystemdatacommondbdatapermissionMethodsTopic.htm" ismsdn="true">
      <HelpTopic name="Add(System.String, System.String, System.Data.KeyRestrictionBehavior)" link="ms-help://MS.NETFrameworkSDKv1.1/cpref/html/frlrfsystemdatacommondbdatapermissionclassAddTopic.htm" ismsdn="true" />
      <HelpTopic name="Copy()" link="ms-help://MS.NETFrameworkSDKv1.1/cpref/html/frlrfsystemdatacommondbdatapermissionclassCopyTopic.htm" ismsdn="true" />
      <HelpTopic name="Intersect(System.Security.IPermission)" link="ms-help://MS.NETFrameworkSDKv1.1/cpref/html/frlrfsystemdatacommondbdatapermissionclassIntersectTopic.htm" ismsdn="true" />
      <HelpTopic name="IsSubsetOf(System.Security.IPermission)" link="ms-help://MS.NETFrameworkSDKv1.1/cpref/html/frlrfsystemdatacommondbdatapermissionclassIsSubsetOfTopic.htm" ismsdn="true" />
      <HelpTopic name="IsUnrestricted()" link="ms-help://MS.NETFrameworkSDKv1.1/cpref/html/frlrfsystemdatacommondbdatapermissionclassIsUnrestrictedTopic.htm" ismsdn="true" />
      <HelpTopic name="Union(System.Security.IPermission)" link="ms-help://MS.NETFrameworkSDKv1.1/cpref/html/frlrfsystemdatacommondbdatapermissionclassUnionTopic.htm" ismsdn="true" />
      <HelpTopic name="FromXml(System.Security.SecurityElement)" link="ms-help://MS.NETFrameworkSDKv1.1/cpref/html/frlrfsystemdatacommondbdatapermissionclassFromXmlTopic.htm" ismsdn="true" />
      <HelpTopic name="ToXml()" link="ms-help://MS.NETFrameworkSDKv1.1/cpref/html/frlrfsystemdatacommondbdatapermissionclassToXmlTopic.htm" ismsdn="true" />
    </HelpFolder>
    <HelpFolder name="Properties" link="ms-help://MS.NETFrameworkSDKv1.1/cpref/html/frlrfsystemdatacommondbdatapermissionPropertiesTopic.htm" ismsdn="true">
      <HelpTopic name="AllowBlankPassword" link="ms-help://MS.NETFrameworkSDKv1.1/cpref/html/frlrfsystemdatacommondbdatapermissionclassAllowBlankPasswordTopic.htm" ismsdn="true" />
    </HelpFolder>
  </HelpFolder>
  <HelpFolder name="DBDataPermissionAttribute class" link="ms-help://MS.NETFrameworkSDKv1.1/cpref/html/frlrfsystemdatacommondbdatapermissionattributeClassTopic.htm" ismsdn="true">
    <HelpTopic name="DBDataPermissionAttribute members" link="ms-help://MS.NETFrameworkSDKv1.1/cpref/html/frlrfsystemdatacommondbdatapermissionattributeMembersTopic.htm" ismsdn="true" />
    <HelpFolder name="Methods" link="ms-help://MS.NETFrameworkSDKv1.1/cpref/html/frlrfsystemdatacommondbdatapermissionattributeMethodsTopic.htm" ismsdn="true">
      <HelpTopic name="ShouldSerializeConnectionString()" link="ms-help://MS.NETFrameworkSDKv1.1/cpref/html/frlrfsystemdatacommondbdatapermissionattributeclassShouldSerializeConnectionStringTopic.htm" ismsdn="true" />
      <HelpTopic name="ShouldSerializeKeyRestrictions()" link="ms-help://MS.NETFrameworkSDKv1.1/cpref/html/frlrfsystemdatacommondbdatapermissionattributeclassShouldSerializeKeyRestrictionsTopic.htm" ismsdn="true" />
    </HelpFolder>
    <HelpFolder name="Properties" link="ms-help://MS.NETFrameworkSDKv1.1/cpref/html/frlrfsystemdatacommondbdatapermissionattributePropertiesTopic.htm" ismsdn="true">
      <HelpTopic name="AllowBlankPassword" link="ms-help://MS.NETFrameworkSDKv1.1/cpref/html/frlrfsystemdatacommondbdatapermissionattributeclassAllowBlankPasswordTopic.htm" ismsdn="true" />
      <HelpTopic name="ConnectionString" link="ms-help://MS.NETFrameworkSDKv1.1/cpref/html/frlrfsystemdatacommondbdatapermissionattributeclassConnectionStringTopic.htm" ismsdn="true" />
      <HelpTopic name="KeyRestrictionBehavior" link="ms-help://MS.NETFrameworkSDKv1.1/cpref/html/frlrfsystemdatacommondbdatapermissionattributeclassKeyRestrictionBehaviorTopic.htm" ismsdn="true" />
      <HelpTopic name="KeyRestrictions" link="ms-help://MS.NETFrameworkSDKv1.1/cpref/html/frlrfsystemdatacommondbdatapermissionattributeclassKeyRestrictionsTopic.htm" ismsdn="true" />
    </HelpFolder>
  </HelpFolder>
  <HelpFolder name="DbDataReader class" link="ms-help://MS.NETFrameworkSDKv1.1/cpref/html/frlrfsystemdatacommondbdatareaderClassTopic.htm" ismsdn="true">
    <HelpTopic name="DbDataReader members" link="ms-help://MS.NETFrameworkSDKv1.1/cpref/html/frlrfsystemdatacommondbdatareaderMembersTopic.htm" ismsdn="true" />
    <HelpFolder name="Methods" link="ms-help://MS.NETFrameworkSDKv1.1/cpref/html/frlrfsystemdatacommondbdatareaderMethodsTopic.htm" ismsdn="true">
      <HelpTopic name="Close()" link="ms-help://MS.NETFrameworkSDKv1.1/cpref/html/frlrfsystemdatacommondbdatareaderclassCloseTopic.htm" ismsdn="true" />
      <HelpTopic name="Dispose()" link="ms-help://MS.NETFrameworkSDKv1.1/cpref/html/frlrfsystemdatacommondbdatareaderclassDisposeTopic.htm" ismsdn="true" />
      <HelpTopic name="GetDataTypeName(System.Int32)" link="ms-help://MS.NETFrameworkSDKv1.1/cpref/html/frlrfsystemdatacommondbdatareaderclassGetDataTypeNameTopic.htm" ismsdn="true" />
      <HelpTopic name="GetEnumerator()" link="ms-help://MS.NETFrameworkSDKv1.1/cpref/html/frlrfsystemdatacommondbdatareaderclassGetEnumeratorTopic.htm" ismsdn="true" />
      <HelpTopic name="GetFieldType(System.Int32)" link="ms-help://MS.NETFrameworkSDKv1.1/cpref/html/frlrfsystemdatacommondbdatareaderclassGetFieldTypeTopic.htm" ismsdn="true" />
      <HelpTopic name="GetName(System.Int32)" link="ms-help://MS.NETFrameworkSDKv1.1/cpref/html/frlrfsystemdatacommondbdatareaderclassGetNameTopic.htm" ismsdn="true" />
      <HelpTopic name="GetOrdinal(System.String)" link="ms-help://MS.NETFrameworkSDKv1.1/cpref/html/frlrfsystemdatacommondbdatareaderclassGetOrdinalTopic.htm" ismsdn="true" />
      <HelpTopic name="GetSchemaTable()" link="ms-help://MS.NETFrameworkSDKv1.1/cpref/html/frlrfsystemdatacommondbdatareaderclassGetSchemaTableTopic.htm" ismsdn="true" />
      <HelpTopic name="GetBoolean(System.Int32)" link="ms-help://MS.NETFrameworkSDKv1.1/cpref/html/frlrfsystemdatacommondbdatareaderclassGetBooleanTopic.htm" ismsdn="true" />
      <HelpTopic name="GetByte(System.Int32)" link="ms-help://MS.NETFrameworkSDKv1.1/cpref/html/frlrfsystemdatacommondbdatareaderclassGetByteTopic.htm" ismsdn="true" />
      <HelpTopic name="GetBytes(System.Int32, System.Int64, System.Byte[], System.Int32, System.Int32)" link="ms-help://MS.NETFrameworkSDKv1.1/cpref/html/frlrfsystemdatacommondbdatareaderclassGetBytesTopic.htm" ismsdn="true" />
      <HelpTopic name="GetChar(System.Int32)" link="ms-help://MS.NETFrameworkSDKv1.1/cpref/html/frlrfsystemdatacommondbdatareaderclassGetCharTopic.htm" ismsdn="true" />
      <HelpTopic name="GetChars(System.Int32, System.Int64, System.Char[], System.Int32, System.Int32)" link="ms-help://MS.NETFrameworkSDKv1.1/cpref/html/frlrfsystemdatacommondbdatareaderclassGetCharsTopic.htm" ismsdn="true" />
      <HelpTopic name="GetData(System.Int32)" link="ms-help://MS.NETFrameworkSDKv1.1/cpref/html/frlrfsystemdatacommondbdatareaderclassGetDataTopic.htm" ismsdn="true" />
      <HelpTopic name="GetDateTime(System.Int32)" link="ms-help://MS.NETFrameworkSDKv1.1/cpref/html/frlrfsystemdatacommondbdatareaderclassGetDateTimeTopic.htm" ismsdn="true" />
      <HelpTopic name="GetDecimal(System.Int32)" link="ms-help://MS.NETFrameworkSDKv1.1/cpref/html/frlrfsystemdatacommondbdatareaderclassGetDecimalTopic.htm" ismsdn="true" />
      <HelpTopic name="GetDouble(System.Int32)" link="ms-help://MS.NETFrameworkSDKv1.1/cpref/html/frlrfsystemdatacommondbdatareaderclassGetDoubleTopic.htm" ismsdn="true" />
      <HelpTopic name="GetFloat(System.Int32)" link="ms-help://MS.NETFrameworkSDKv1.1/cpref/html/frlrfsystemdatacommondbdatareaderclassGetFloatTopic.htm" ismsdn="true" />
      <HelpTopic name="GetGuid(System.Int32)" link="ms-help://MS.NETFrameworkSDKv1.1/cpref/html/frlrfsystemdatacommondbdatareaderclassGetGuidTopic.htm" ismsdn="true" />
      <HelpTopic name="GetInt16(System.Int32)" link="ms-help://MS.NETFrameworkSDKv1.1/cpref/html/frlrfsystemdatacommondbdatareaderclassGetInt16Topic.htm" ismsdn="true" />
      <HelpTopic name="GetInt32(System.Int32)" link="ms-help://MS.NETFrameworkSDKv1.1/cpref/html/frlrfsystemdatacommondbdatareaderclassGetInt32Topic.htm" ismsdn="true" />
      <HelpTopic name="GetInt64(System.Int32)" link="ms-help://MS.NETFrameworkSDKv1.1/cpref/html/frlrfsystemdatacommondbdatareaderclassGetInt64Topic.htm" ismsdn="true" />
      <HelpTopic name="GetProviderSpecificFieldType(System.Int32)" link="ms-help://MS.NETFrameworkSDKv1.1/cpref/html/frlrfsystemdatacommondbdatareaderclassGetProviderSpecificFieldTypeTopic.htm" ismsdn="true" />
      <HelpTopic name="GetProviderSpecificValue(System.Int32)" link="ms-help://MS.NETFrameworkSDKv1.1/cpref/html/frlrfsystemdatacommondbdatareaderclassGetProviderSpecificValueTopic.htm" ismsdn="true" />
      <HelpTopic name="GetProviderSpecificValues(System.Object[])" link="ms-help://MS.NETFrameworkSDKv1.1/cpref/html/frlrfsystemdatacommondbdatareaderclassGetProviderSpecificValuesTopic.htm" ismsdn="true" />
      <HelpTopic name="GetString(System.Int32)" link="ms-help://MS.NETFrameworkSDKv1.1/cpref/html/frlrfsystemdatacommondbdatareaderclassGetStringTopic.htm" ismsdn="true" />
      <HelpTopic name="GetValue(System.Int32)" link="ms-help://MS.NETFrameworkSDKv1.1/cpref/html/frlrfsystemdatacommondbdatareaderclassGetValueTopic.htm" ismsdn="true" />
      <HelpTopic name="GetValues(System.Object[])" link="ms-help://MS.NETFrameworkSDKv1.1/cpref/html/frlrfsystemdatacommondbdatareaderclassGetValuesTopic.htm" ismsdn="true" />
      <HelpTopic name="IsDBNull(System.Int32)" link="ms-help://MS.NETFrameworkSDKv1.1/cpref/html/frlrfsystemdatacommondbdatareaderclassIsDBNullTopic.htm" ismsdn="true" />
      <HelpTopic name="NextResult()" link="ms-help://MS.NETFrameworkSDKv1.1/cpref/html/frlrfsystemdatacommondbdatareaderclassNextResultTopic.htm" ismsdn="true" />
      <HelpTopic name="Read()" link="ms-help://MS.NETFrameworkSDKv1.1/cpref/html/frlrfsystemdatacommondbdatareaderclassReadTopic.htm" ismsdn="true" />
    </HelpFolder>
    <HelpFolder name="Properties" link="ms-help://MS.NETFrameworkSDKv1.1/cpref/html/frlrfsystemdatacommondbdatareaderPropertiesTopic.htm" ismsdn="true">
      <HelpTopic name="Depth" link="ms-help://MS.NETFrameworkSDKv1.1/cpref/html/frlrfsystemdatacommondbdatareaderclassDepthTopic.htm" ismsdn="true" />
      <HelpTopic name="FieldCount" link="ms-help://MS.NETFrameworkSDKv1.1/cpref/html/frlrfsystemdatacommondbdatareaderclassFieldCountTopic.htm" ismsdn="true" />
      <HelpTopic name="HasRows" link="ms-help://MS.NETFrameworkSDKv1.1/cpref/html/frlrfsystemdatacommondbdatareaderclassHasRowsTopic.htm" ismsdn="true" />
      <HelpTopic name="IsClosed" link="ms-help://MS.NETFrameworkSDKv1.1/cpref/html/frlrfsystemdatacommondbdatareaderclassIsClosedTopic.htm" ismsdn="true" />
      <HelpTopic name="RecordsAffected" link="ms-help://MS.NETFrameworkSDKv1.1/cpref/html/frlrfsystemdatacommondbdatareaderclassRecordsAffectedTopic.htm" ismsdn="true" />
      <HelpTopic name="VisibleFieldCount" link="ms-help://MS.NETFrameworkSDKv1.1/cpref/html/frlrfsystemdatacommondbdatareaderclassVisibleFieldCountTopic.htm" ismsdn="true" />
      <HelpTopic name="Item" link="ms-help://MS.NETFrameworkSDKv1.1/cpref/html/frlrfsystemdatacommondbdatareaderclassItemTopic.htm" ismsdn="true" />
      <HelpTopic name="Item" link="ms-help://MS.NETFrameworkSDKv1.1/cpref/html/frlrfsystemdatacommondbdatareaderclassItemTopic.htm" ismsdn="true" />
    </HelpFolder>
  </HelpFolder>
  <HelpFolder name="DbDataRecord class" link="ms-help://MS.NETFrameworkSDKv1.1/cpref/html/frlrfsystemdatacommondbdatarecordClassTopic.htm" ismsdn="true">
    <HelpTopic name="DbDataRecord members" link="ms-help://MS.NETFrameworkSDKv1.1/cpref/html/frlrfsystemdatacommondbdatarecordMembersTopic.htm" ismsdn="true" />
    <HelpFolder name="Methods" link="ms-help://MS.NETFrameworkSDKv1.1/cpref/html/frlrfsystemdatacommondbdatarecordMethodsTopic.htm" ismsdn="true">
      <HelpTopic name="GetValues(System.Object[])" link="ms-help://MS.NETFrameworkSDKv1.1/cpref/html/frlrfsystemdatacommondbdatarecordclassGetValuesTopic.htm" ismsdn="true" />
      <HelpTopic name="GetName(System.Int32)" link="ms-help://MS.NETFrameworkSDKv1.1/cpref/html/frlrfsystemdatacommondbdatarecordclassGetNameTopic.htm" ismsdn="true" />
      <HelpTopic name="GetValue(System.Int32)" link="ms-help://MS.NETFrameworkSDKv1.1/cpref/html/frlrfsystemdatacommondbdatarecordclassGetValueTopic.htm" ismsdn="true" />
      <HelpTopic name="GetDataTypeName(System.Int32)" link="ms-help://MS.NETFrameworkSDKv1.1/cpref/html/frlrfsystemdatacommondbdatarecordclassGetDataTypeNameTopic.htm" ismsdn="true" />
      <HelpTopic name="GetFieldType(System.Int32)" link="ms-help://MS.NETFrameworkSDKv1.1/cpref/html/frlrfsystemdatacommondbdatarecordclassGetFieldTypeTopic.htm" ismsdn="true" />
      <HelpTopic name="GetOrdinal(System.String)" link="ms-help://MS.NETFrameworkSDKv1.1/cpref/html/frlrfsystemdatacommondbdatarecordclassGetOrdinalTopic.htm" ismsdn="true" />
      <HelpTopic name="GetBoolean(System.Int32)" link="ms-help://MS.NETFrameworkSDKv1.1/cpref/html/frlrfsystemdatacommondbdatarecordclassGetBooleanTopic.htm" ismsdn="true" />
      <HelpTopic name="GetByte(System.Int32)" link="ms-help://MS.NETFrameworkSDKv1.1/cpref/html/frlrfsystemdatacommondbdatarecordclassGetByteTopic.htm" ismsdn="true" />
      <HelpTopic name="GetBytes(System.Int32, System.Int64, System.Byte[], System.Int32, System.Int32)" link="ms-help://MS.NETFrameworkSDKv1.1/cpref/html/frlrfsystemdatacommondbdatarecordclassGetBytesTopic.htm" ismsdn="true" />
      <HelpTopic name="GetChar(System.Int32)" link="ms-help://MS.NETFrameworkSDKv1.1/cpref/html/frlrfsystemdatacommondbdatarecordclassGetCharTopic.htm" ismsdn="true" />
      <HelpTopic name="GetChars(System.Int32, System.Int64, System.Char[], System.Int32, System.Int32)" link="ms-help://MS.NETFrameworkSDKv1.1/cpref/html/frlrfsystemdatacommondbdatarecordclassGetCharsTopic.htm" ismsdn="true" />
      <HelpTopic name="GetGuid(System.Int32)" link="ms-help://MS.NETFrameworkSDKv1.1/cpref/html/frlrfsystemdatacommondbdatarecordclassGetGuidTopic.htm" ismsdn="true" />
      <HelpTopic name="GetInt16(System.Int32)" link="ms-help://MS.NETFrameworkSDKv1.1/cpref/html/frlrfsystemdatacommondbdatarecordclassGetInt16Topic.htm" ismsdn="true" />
      <HelpTopic name="GetInt32(System.Int32)" link="ms-help://MS.NETFrameworkSDKv1.1/cpref/html/frlrfsystemdatacommondbdatarecordclassGetInt32Topic.htm" ismsdn="true" />
      <HelpTopic name="GetInt64(System.Int32)" link="ms-help://MS.NETFrameworkSDKv1.1/cpref/html/frlrfsystemdatacommondbdatarecordclassGetInt64Topic.htm" ismsdn="true" />
      <HelpTopic name="GetFloat(System.Int32)" link="ms-help://MS.NETFrameworkSDKv1.1/cpref/html/frlrfsystemdatacommondbdatarecordclassGetFloatTopic.htm" ismsdn="true" />
      <HelpTopic name="GetDouble(System.Int32)" link="ms-help://MS.NETFrameworkSDKv1.1/cpref/html/frlrfsystemdatacommondbdatarecordclassGetDoubleTopic.htm" ismsdn="true" />
      <HelpTopic name="GetString(System.Int32)" link="ms-help://MS.NETFrameworkSDKv1.1/cpref/html/frlrfsystemdatacommondbdatarecordclassGetStringTopic.htm" ismsdn="true" />
      <HelpTopic name="GetDecimal(System.Int32)" link="ms-help://MS.NETFrameworkSDKv1.1/cpref/html/frlrfsystemdatacommondbdatarecordclassGetDecimalTopic.htm" ismsdn="true" />
      <HelpTopic name="GetDateTime(System.Int32)" link="ms-help://MS.NETFrameworkSDKv1.1/cpref/html/frlrfsystemdatacommondbdatarecordclassGetDateTimeTopic.htm" ismsdn="true" />
      <HelpTopic name="GetData(System.Int32)" link="ms-help://MS.NETFrameworkSDKv1.1/cpref/html/frlrfsystemdatacommondbdatarecordclassGetDataTopic.htm" ismsdn="true" />
      <HelpTopic name="IsDBNull(System.Int32)" link="ms-help://MS.NETFrameworkSDKv1.1/cpref/html/frlrfsystemdatacommondbdatarecordclassIsDBNullTopic.htm" ismsdn="true" />
    </HelpFolder>
    <HelpFolder name="Properties" link="ms-help://MS.NETFrameworkSDKv1.1/cpref/html/frlrfsystemdatacommondbdatarecordPropertiesTopic.htm" ismsdn="true">
      <HelpTopic name="FieldCount" link="ms-help://MS.NETFrameworkSDKv1.1/cpref/html/frlrfsystemdatacommondbdatarecordclassFieldCountTopic.htm" ismsdn="true" />
      <HelpTopic name="Item" link="ms-help://MS.NETFrameworkSDKv1.1/cpref/html/frlrfsystemdatacommondbdatarecordclassItemTopic.htm" ismsdn="true" />
      <HelpTopic name="Item" link="ms-help://MS.NETFrameworkSDKv1.1/cpref/html/frlrfsystemdatacommondbdatarecordclassItemTopic.htm" ismsdn="true" />
    </HelpFolder>
  </HelpFolder>
  <HelpFolder name="DbDataSourceEnumerator class" link="ms-help://MS.NETFrameworkSDKv1.1/cpref/html/frlrfsystemdatacommondbdatasourceenumeratorClassTopic.htm" ismsdn="true">
    <HelpTopic name="DbDataSourceEnumerator members" link="ms-help://MS.NETFrameworkSDKv1.1/cpref/html/frlrfsystemdatacommondbdatasourceenumeratorMembersTopic.htm" ismsdn="true" />
    <HelpFolder name="Methods" link="ms-help://MS.NETFrameworkSDKv1.1/cpref/html/frlrfsystemdatacommondbdatasourceenumeratorMethodsTopic.htm" ismsdn="true">
      <HelpTopic name="GetDataSources()" link="ms-help://MS.NETFrameworkSDKv1.1/cpref/html/frlrfsystemdatacommondbdatasourceenumeratorclassGetDataSourcesTopic.htm" ismsdn="true" />
    </HelpFolder>
  </HelpFolder>
  <HelpFolder name="DbEnumerator class" link="ms-help://MS.NETFrameworkSDKv1.1/cpref/html/frlrfsystemdatacommondbenumeratorClassTopic.htm" ismsdn="true">
    <HelpTopic name="DbEnumerator members" link="ms-help://MS.NETFrameworkSDKv1.1/cpref/html/frlrfsystemdatacommondbenumeratorMembersTopic.htm" ismsdn="true" />
    <HelpFolder name="Constructors" link="ms-help://MS.NETFrameworkSDKv1.1/cpref/html/frlrfsystemdatacommondbenumeratorclassctorTopic.htm" ismsdn="true">
      <HelpTopic name=".ctor(System.Data.IDataReader)" link="ms-help://MS.NETFrameworkSDKv1.1/cpref/html/frlrfsystemdatacommondbenumeratorclassctorTopic1.htm" ismsdn="true" />
      <HelpTopic name=".ctor(System.Data.IDataReader, System.Boolean)" link="ms-help://MS.NETFrameworkSDKv1.1/cpref/html/frlrfsystemdatacommondbenumeratorclassctorTopic1.htm" ismsdn="true" />
    </HelpFolder>
    <HelpFolder name="Methods" link="ms-help://MS.NETFrameworkSDKv1.1/cpref/html/frlrfsystemdatacommondbenumeratorMethodsTopic.htm" ismsdn="true">
      <HelpTopic name="MoveNext()" link="ms-help://MS.NETFrameworkSDKv1.1/cpref/html/frlrfsystemdatacommondbenumeratorclassMoveNextTopic.htm" ismsdn="true" />
      <HelpTopic name="Reset()" link="ms-help://MS.NETFrameworkSDKv1.1/cpref/html/frlrfsystemdatacommondbenumeratorclassResetTopic.htm" ismsdn="true" />
    </HelpFolder>
    <HelpFolder name="Properties" link="ms-help://MS.NETFrameworkSDKv1.1/cpref/html/frlrfsystemdatacommondbenumeratorPropertiesTopic.htm" ismsdn="true">
      <HelpTopic name="Current" link="ms-help://MS.NETFrameworkSDKv1.1/cpref/html/frlrfsystemdatacommondbenumeratorclassCurrentTopic.htm" ismsdn="true" />
    </HelpFolder>
  </HelpFolder>
  <HelpFolder name="DbException class" link="ms-help://MS.NETFrameworkSDKv1.1/cpref/html/frlrfsystemdatacommondbexceptionClassTopic.htm" ismsdn="true">
    <HelpTopic name="DbException members" link="ms-help://MS.NETFrameworkSDKv1.1/cpref/html/frlrfsystemdatacommondbexceptionMembersTopic.htm" ismsdn="true" />
  </HelpFolder>
  <HelpFolder name="DbMetaDataCollectionNames class" link="ms-help://MS.NETFrameworkSDKv1.1/cpref/html/frlrfsystemdatacommondbmetadatacollectionnamesClassTopic.htm" ismsdn="true">
    <HelpTopic name="DbMetaDataCollectionNames members" link="ms-help://MS.NETFrameworkSDKv1.1/cpref/html/frlrfsystemdatacommondbmetadatacollectionnamesMembersTopic.htm" ismsdn="true" />
    <HelpFolder name="Fields" link="ms-help://MS.NETFrameworkSDKv1.1/cpref/html/frlrfsystemdatacommondbmetadatacollectionnamesFieldsTopic.htm" ismsdn="true">
      <HelpTopic name="MetaDataCollections" link="ms-help://MS.NETFrameworkSDKv1.1/cpref/html/frlrfsystemdatacommondbmetadatacollectionnamesclassMetaDataCollectionsTopic.htm" ismsdn="true" />
      <HelpTopic name="DataSourceInformation" link="ms-help://MS.NETFrameworkSDKv1.1/cpref/html/frlrfsystemdatacommondbmetadatacollectionnamesclassDataSourceInformationTopic.htm" ismsdn="true" />
      <HelpTopic name="DataTypes" link="ms-help://MS.NETFrameworkSDKv1.1/cpref/html/frlrfsystemdatacommondbmetadatacollectionnamesclassDataTypesTopic.htm" ismsdn="true" />
      <HelpTopic name="Restrictions" link="ms-help://MS.NETFrameworkSDKv1.1/cpref/html/frlrfsystemdatacommondbmetadatacollectionnamesclassRestrictionsTopic.htm" ismsdn="true" />
      <HelpTopic name="ReservedWords" link="ms-help://MS.NETFrameworkSDKv1.1/cpref/html/frlrfsystemdatacommondbmetadatacollectionnamesclassReservedWordsTopic.htm" ismsdn="true" />
    </HelpFolder>
  </HelpFolder>
  <HelpFolder name="DbMetaDataColumnNames class" link="ms-help://MS.NETFrameworkSDKv1.1/cpref/html/frlrfsystemdatacommondbmetadatacolumnnamesClassTopic.htm" ismsdn="true">
    <HelpTopic name="DbMetaDataColumnNames members" link="ms-help://MS.NETFrameworkSDKv1.1/cpref/html/frlrfsystemdatacommondbmetadatacolumnnamesMembersTopic.htm" ismsdn="true" />
    <HelpFolder name="Fields" link="ms-help://MS.NETFrameworkSDKv1.1/cpref/html/frlrfsystemdatacommondbmetadatacolumnnamesFieldsTopic.htm" ismsdn="true">
      <HelpTopic name="CollectionName" link="ms-help://MS.NETFrameworkSDKv1.1/cpref/html/frlrfsystemdatacommondbmetadatacolumnnamesclassCollectionNameTopic.htm" ismsdn="true" />
      <HelpTopic name="ColumnSize" link="ms-help://MS.NETFrameworkSDKv1.1/cpref/html/frlrfsystemdatacommondbmetadatacolumnnamesclassColumnSizeTopic.htm" ismsdn="true" />
      <HelpTopic name="CompositeIdentifierSeparatorPattern" link="ms-help://MS.NETFrameworkSDKv1.1/cpref/html/frlrfsystemdatacommondbmetadatacolumnnamesclassCompositeIdentifierSeparatorPatternTopic.htm" ismsdn="true" />
      <HelpTopic name="CreateFormat" link="ms-help://MS.NETFrameworkSDKv1.1/cpref/html/frlrfsystemdatacommondbmetadatacolumnnamesclassCreateFormatTopic.htm" ismsdn="true" />
      <HelpTopic name="CreateParameters" link="ms-help://MS.NETFrameworkSDKv1.1/cpref/html/frlrfsystemdatacommondbmetadatacolumnnamesclassCreateParametersTopic.htm" ismsdn="true" />
      <HelpTopic name="DataSourceProductName" link="ms-help://MS.NETFrameworkSDKv1.1/cpref/html/frlrfsystemdatacommondbmetadatacolumnnamesclassDataSourceProductNameTopic.htm" ismsdn="true" />
      <HelpTopic name="DataSourceProductVersion" link="ms-help://MS.NETFrameworkSDKv1.1/cpref/html/frlrfsystemdatacommondbmetadatacolumnnamesclassDataSourceProductVersionTopic.htm" ismsdn="true" />
      <HelpTopic name="DataType" link="ms-help://MS.NETFrameworkSDKv1.1/cpref/html/frlrfsystemdatacommondbmetadatacolumnnamesclassDataTypeTopic.htm" ismsdn="true" />
      <HelpTopic name="DataSourceProductVersionNormalized" link="ms-help://MS.NETFrameworkSDKv1.1/cpref/html/frlrfsystemdatacommondbmetadatacolumnnamesclassDataSourceProductVersionNormalizedTopic.htm" ismsdn="true" />
      <HelpTopic name="GroupByBehavior" link="ms-help://MS.NETFrameworkSDKv1.1/cpref/html/frlrfsystemdatacommondbmetadatacolumnnamesclassGroupByBehaviorTopic.htm" ismsdn="true" />
      <HelpTopic name="IdentifierCase" link="ms-help://MS.NETFrameworkSDKv1.1/cpref/html/frlrfsystemdatacommondbmetadatacolumnnamesclassIdentifierCaseTopic.htm" ismsdn="true" />
      <HelpTopic name="IdentifierPattern" link="ms-help://MS.NETFrameworkSDKv1.1/cpref/html/frlrfsystemdatacommondbmetadatacolumnnamesclassIdentifierPatternTopic.htm" ismsdn="true" />
      <HelpTopic name="IsAutoIncrementable" link="ms-help://MS.NETFrameworkSDKv1.1/cpref/html/frlrfsystemdatacommondbmetadatacolumnnamesclassIsAutoIncrementableTopic.htm" ismsdn="true" />
      <HelpTopic name="IsBestMatch" link="ms-help://MS.NETFrameworkSDKv1.1/cpref/html/frlrfsystemdatacommondbmetadatacolumnnamesclassIsBestMatchTopic.htm" ismsdn="true" />
      <HelpTopic name="IsCaseSensitive" link="ms-help://MS.NETFrameworkSDKv1.1/cpref/html/frlrfsystemdatacommondbmetadatacolumnnamesclassIsCaseSensitiveTopic.htm" ismsdn="true" />
      <HelpTopic name="IsConcurrencyType" link="ms-help://MS.NETFrameworkSDKv1.1/cpref/html/frlrfsystemdatacommondbmetadatacolumnnamesclassIsConcurrencyTypeTopic.htm" ismsdn="true" />
      <HelpTopic name="IsFixedLength" link="ms-help://MS.NETFrameworkSDKv1.1/cpref/html/frlrfsystemdatacommondbmetadatacolumnnamesclassIsFixedLengthTopic.htm" ismsdn="true" />
      <HelpTopic name="IsFixedPrecisionScale" link="ms-help://MS.NETFrameworkSDKv1.1/cpref/html/frlrfsystemdatacommondbmetadatacolumnnamesclassIsFixedPrecisionScaleTopic.htm" ismsdn="true" />
      <HelpTopic name="IsLiteralSupported" link="ms-help://MS.NETFrameworkSDKv1.1/cpref/html/frlrfsystemdatacommondbmetadatacolumnnamesclassIsLiteralSupportedTopic.htm" ismsdn="true" />
      <HelpTopic name="IsLong" link="ms-help://MS.NETFrameworkSDKv1.1/cpref/html/frlrfsystemdatacommondbmetadatacolumnnamesclassIsLongTopic.htm" ismsdn="true" />
      <HelpTopic name="IsNullable" link="ms-help://MS.NETFrameworkSDKv1.1/cpref/html/frlrfsystemdatacommondbmetadatacolumnnamesclassIsNullableTopic.htm" ismsdn="true" />
      <HelpTopic name="IsSearchable" link="ms-help://MS.NETFrameworkSDKv1.1/cpref/html/frlrfsystemdatacommondbmetadatacolumnnamesclassIsSearchableTopic.htm" ismsdn="true" />
      <HelpTopic name="IsSearchableWithLike" link="ms-help://MS.NETFrameworkSDKv1.1/cpref/html/frlrfsystemdatacommondbmetadatacolumnnamesclassIsSearchableWithLikeTopic.htm" ismsdn="true" />
      <HelpTopic name="IsUnsigned" link="ms-help://MS.NETFrameworkSDKv1.1/cpref/html/frlrfsystemdatacommondbmetadatacolumnnamesclassIsUnsignedTopic.htm" ismsdn="true" />
      <HelpTopic name="LiteralPrefix" link="ms-help://MS.NETFrameworkSDKv1.1/cpref/html/frlrfsystemdatacommondbmetadatacolumnnamesclassLiteralPrefixTopic.htm" ismsdn="true" />
      <HelpTopic name="LiteralSuffix" link="ms-help://MS.NETFrameworkSDKv1.1/cpref/html/frlrfsystemdatacommondbmetadatacolumnnamesclassLiteralSuffixTopic.htm" ismsdn="true" />
      <HelpTopic name="MaximumScale" link="ms-help://MS.NETFrameworkSDKv1.1/cpref/html/frlrfsystemdatacommondbmetadatacolumnnamesclassMaximumScaleTopic.htm" ismsdn="true" />
      <HelpTopic name="MinimumScale" link="ms-help://MS.NETFrameworkSDKv1.1/cpref/html/frlrfsystemdatacommondbmetadatacolumnnamesclassMinimumScaleTopic.htm" ismsdn="true" />
      <HelpTopic name="NumberOfIdentifierParts" link="ms-help://MS.NETFrameworkSDKv1.1/cpref/html/frlrfsystemdatacommondbmetadatacolumnnamesclassNumberOfIdentifierPartsTopic.htm" ismsdn="true" />
      <HelpTopic name="NumberOfRestrictions" link="ms-help://MS.NETFrameworkSDKv1.1/cpref/html/frlrfsystemdatacommondbmetadatacolumnnamesclassNumberOfRestrictionsTopic.htm" ismsdn="true" />
      <HelpTopic name="OrderByColumnsInSelect" link="ms-help://MS.NETFrameworkSDKv1.1/cpref/html/frlrfsystemdatacommondbmetadatacolumnnamesclassOrderByColumnsInSelectTopic.htm" ismsdn="true" />
      <HelpTopic name="ParameterMarkerFormat" link="ms-help://MS.NETFrameworkSDKv1.1/cpref/html/frlrfsystemdatacommondbmetadatacolumnnamesclassParameterMarkerFormatTopic.htm" ismsdn="true" />
      <HelpTopic name="ParameterMarkerPattern" link="ms-help://MS.NETFrameworkSDKv1.1/cpref/html/frlrfsystemdatacommondbmetadatacolumnnamesclassParameterMarkerPatternTopic.htm" ismsdn="true" />
      <HelpTopic name="ParameterNameMaxLength" link="ms-help://MS.NETFrameworkSDKv1.1/cpref/html/frlrfsystemdatacommondbmetadatacolumnnamesclassParameterNameMaxLengthTopic.htm" ismsdn="true" />
      <HelpTopic name="ParameterNamePattern" link="ms-help://MS.NETFrameworkSDKv1.1/cpref/html/frlrfsystemdatacommondbmetadatacolumnnamesclassParameterNamePatternTopic.htm" ismsdn="true" />
      <HelpTopic name="ProviderDbType" link="ms-help://MS.NETFrameworkSDKv1.1/cpref/html/frlrfsystemdatacommondbmetadatacolumnnamesclassProviderDbTypeTopic.htm" ismsdn="true" />
      <HelpTopic name="QuotedIdentifierCase" link="ms-help://MS.NETFrameworkSDKv1.1/cpref/html/frlrfsystemdatacommondbmetadatacolumnnamesclassQuotedIdentifierCaseTopic.htm" ismsdn="true" />
      <HelpTopic name="QuotedIdentifierPattern" link="ms-help://MS.NETFrameworkSDKv1.1/cpref/html/frlrfsystemdatacommondbmetadatacolumnnamesclassQuotedIdentifierPatternTopic.htm" ismsdn="true" />
      <HelpTopic name="ReservedWord" link="ms-help://MS.NETFrameworkSDKv1.1/cpref/html/frlrfsystemdatacommondbmetadatacolumnnamesclassReservedWordTopic.htm" ismsdn="true" />
      <HelpTopic name="StatementSeparatorPattern" link="ms-help://MS.NETFrameworkSDKv1.1/cpref/html/frlrfsystemdatacommondbmetadatacolumnnamesclassStatementSeparatorPatternTopic.htm" ismsdn="true" />
      <HelpTopic name="StringLiteralPattern" link="ms-help://MS.NETFrameworkSDKv1.1/cpref/html/frlrfsystemdatacommondbmetadatacolumnnamesclassStringLiteralPatternTopic.htm" ismsdn="true" />
      <HelpTopic name="SupportedJoinOperators" link="ms-help://MS.NETFrameworkSDKv1.1/cpref/html/frlrfsystemdatacommondbmetadatacolumnnamesclassSupportedJoinOperatorsTopic.htm" ismsdn="true" />
      <HelpTopic name="TypeName" link="ms-help://MS.NETFrameworkSDKv1.1/cpref/html/frlrfsystemdatacommondbmetadatacolumnnamesclassTypeNameTopic.htm" ismsdn="true" />
    </HelpFolder>
  </HelpFolder>
  <HelpFolder name="DbParameter class" link="ms-help://MS.NETFrameworkSDKv1.1/cpref/html/frlrfsystemdatacommondbparameterClassTopic.htm" ismsdn="true">
    <HelpTopic name="DbParameter members" link="ms-help://MS.NETFrameworkSDKv1.1/cpref/html/frlrfsystemdatacommondbparameterMembersTopic.htm" ismsdn="true" />
    <HelpFolder name="Methods" link="ms-help://MS.NETFrameworkSDKv1.1/cpref/html/frlrfsystemdatacommondbparameterMethodsTopic.htm" ismsdn="true">
      <HelpTopic name="ResetDbType()" link="ms-help://MS.NETFrameworkSDKv1.1/cpref/html/frlrfsystemdatacommondbparameterclassResetDbTypeTopic.htm" ismsdn="true" />
    </HelpFolder>
    <HelpFolder name="Properties" link="ms-help://MS.NETFrameworkSDKv1.1/cpref/html/frlrfsystemdatacommondbparameterPropertiesTopic.htm" ismsdn="true">
      <HelpTopic name="DbType" link="ms-help://MS.NETFrameworkSDKv1.1/cpref/html/frlrfsystemdatacommondbparameterclassDbTypeTopic.htm" ismsdn="true" />
      <HelpTopic name="Direction" link="ms-help://MS.NETFrameworkSDKv1.1/cpref/html/frlrfsystemdatacommondbparameterclassDirectionTopic.htm" ismsdn="true" />
      <HelpTopic name="IsNullable" link="ms-help://MS.NETFrameworkSDKv1.1/cpref/html/frlrfsystemdatacommondbparameterclassIsNullableTopic.htm" ismsdn="true" />
      <HelpTopic name="ParameterName" link="ms-help://MS.NETFrameworkSDKv1.1/cpref/html/frlrfsystemdatacommondbparameterclassParameterNameTopic.htm" ismsdn="true" />
      <HelpTopic name="Size" link="ms-help://MS.NETFrameworkSDKv1.1/cpref/html/frlrfsystemdatacommondbparameterclassSizeTopic.htm" ismsdn="true" />
      <HelpTopic name="SourceColumn" link="ms-help://MS.NETFrameworkSDKv1.1/cpref/html/frlrfsystemdatacommondbparameterclassSourceColumnTopic.htm" ismsdn="true" />
      <HelpTopic name="SourceColumnNullMapping" link="ms-help://MS.NETFrameworkSDKv1.1/cpref/html/frlrfsystemdatacommondbparameterclassSourceColumnNullMappingTopic.htm" ismsdn="true" />
      <HelpTopic name="SourceVersion" link="ms-help://MS.NETFrameworkSDKv1.1/cpref/html/frlrfsystemdatacommondbparameterclassSourceVersionTopic.htm" ismsdn="true" />
      <HelpTopic name="Value" link="ms-help://MS.NETFrameworkSDKv1.1/cpref/html/frlrfsystemdatacommondbparameterclassValueTopic.htm" ismsdn="true" />
    </HelpFolder>
  </HelpFolder>
  <HelpFolder name="DbParameterCollection class" link="ms-help://MS.NETFrameworkSDKv1.1/cpref/html/frlrfsystemdatacommondbparametercollectionClassTopic.htm" ismsdn="true">
    <HelpTopic name="DbParameterCollection members" link="ms-help://MS.NETFrameworkSDKv1.1/cpref/html/frlrfsystemdatacommondbparametercollectionMembersTopic.htm" ismsdn="true" />
    <HelpFolder name="Methods" link="ms-help://MS.NETFrameworkSDKv1.1/cpref/html/frlrfsystemdatacommondbparametercollectionMethodsTopic.htm" ismsdn="true">
      <HelpTopic name="Add(System.Object)" link="ms-help://MS.NETFrameworkSDKv1.1/cpref/html/frlrfsystemdatacommondbparametercollectionclassAddTopic.htm" ismsdn="true" />
      <HelpTopic name="AddRange(System.Array)" link="ms-help://MS.NETFrameworkSDKv1.1/cpref/html/frlrfsystemdatacommondbparametercollectionclassAddRangeTopic.htm" ismsdn="true" />
      <HelpTopic name="Contains(System.Object)" link="ms-help://MS.NETFrameworkSDKv1.1/cpref/html/frlrfsystemdatacommondbparametercollectionclassContainsTopic1.htm" ismsdn="true" />
      <HelpTopic name="Contains(System.String)" link="ms-help://MS.NETFrameworkSDKv1.1/cpref/html/frlrfsystemdatacommondbparametercollectionclassContainsTopic2.htm" ismsdn="true" />
      <HelpTopic name="CopyTo(System.Array, System.Int32)" link="ms-help://MS.NETFrameworkSDKv1.1/cpref/html/frlrfsystemdatacommondbparametercollectionclassCopyToTopic.htm" ismsdn="true" />
      <HelpTopic name="Clear()" link="ms-help://MS.NETFrameworkSDKv1.1/cpref/html/frlrfsystemdatacommondbparametercollectionclassClearTopic.htm" ismsdn="true" />
      <HelpTopic name="GetEnumerator()" link="ms-help://MS.NETFrameworkSDKv1.1/cpref/html/frlrfsystemdatacommondbparametercollectionclassGetEnumeratorTopic.htm" ismsdn="true" />
      <HelpTopic name="IndexOf(System.Object)" link="ms-help://MS.NETFrameworkSDKv1.1/cpref/html/frlrfsystemdatacommondbparametercollectionclassIndexOfTopic1.htm" ismsdn="true" />
      <HelpTopic name="IndexOf(System.String)" link="ms-help://MS.NETFrameworkSDKv1.1/cpref/html/frlrfsystemdatacommondbparametercollectionclassIndexOfTopic2.htm" ismsdn="true" />
      <HelpTopic name="Insert(System.Int32, System.Object)" link="ms-help://MS.NETFrameworkSDKv1.1/cpref/html/frlrfsystemdatacommondbparametercollectionclassInsertTopic.htm" ismsdn="true" />
      <HelpTopic name="Remove(System.Object)" link="ms-help://MS.NETFrameworkSDKv1.1/cpref/html/frlrfsystemdatacommondbparametercollectionclassRemoveTopic.htm" ismsdn="true" />
      <HelpTopic name="RemoveAt(System.Int32)" link="ms-help://MS.NETFrameworkSDKv1.1/cpref/html/frlrfsystemdatacommondbparametercollectionclassRemoveAtTopic1.htm" ismsdn="true" />
      <HelpTopic name="RemoveAt(System.String)" link="ms-help://MS.NETFrameworkSDKv1.1/cpref/html/frlrfsystemdatacommondbparametercollectionclassRemoveAtTopic2.htm" ismsdn="true" />
    </HelpFolder>
    <HelpFolder name="Properties" link="ms-help://MS.NETFrameworkSDKv1.1/cpref/html/frlrfsystemdatacommondbparametercollectionPropertiesTopic.htm" ismsdn="true">
      <HelpTopic name="Count" link="ms-help://MS.NETFrameworkSDKv1.1/cpref/html/frlrfsystemdatacommondbparametercollectionclassCountTopic.htm" ismsdn="true" />
      <HelpTopic name="IsFixedSize" link="ms-help://MS.NETFrameworkSDKv1.1/cpref/html/frlrfsystemdatacommondbparametercollectionclassIsFixedSizeTopic.htm" ismsdn="true" />
      <HelpTopic name="IsReadOnly" link="ms-help://MS.NETFrameworkSDKv1.1/cpref/html/frlrfsystemdatacommondbparametercollectionclassIsReadOnlyTopic.htm" ismsdn="true" />
      <HelpTopic name="IsSynchronized" link="ms-help://MS.NETFrameworkSDKv1.1/cpref/html/frlrfsystemdatacommondbparametercollectionclassIsSynchronizedTopic.htm" ismsdn="true" />
      <HelpTopic name="SyncRoot" link="ms-help://MS.NETFrameworkSDKv1.1/cpref/html/frlrfsystemdatacommondbparametercollectionclassSyncRootTopic.htm" ismsdn="true" />
      <HelpTopic name="Item" link="ms-help://MS.NETFrameworkSDKv1.1/cpref/html/frlrfsystemdatacommondbparametercollectionclassItemTopic.htm" ismsdn="true" />
      <HelpTopic name="Item" link="ms-help://MS.NETFrameworkSDKv1.1/cpref/html/frlrfsystemdatacommondbparametercollectionclassItemTopic.htm" ismsdn="true" />
    </HelpFolder>
  </HelpFolder>
  <HelpFolder name="DbProviderConfigurationHandler class" link="ms-help://MS.NETFrameworkSDKv1.1/cpref/html/frlrfsystemdatacommondbproviderconfigurationhandlerClassTopic.htm" ismsdn="true">
    <HelpTopic name="DbProviderConfigurationHandler members" link="ms-help://MS.NETFrameworkSDKv1.1/cpref/html/frlrfsystemdatacommondbproviderconfigurationhandlerMembersTopic.htm" ismsdn="true" />
    <HelpFolder name="Constructors" link="ms-help://MS.NETFrameworkSDKv1.1/cpref/html/frlrfsystemdatacommondbproviderconfigurationhandlerclassctorTopic.htm" ismsdn="true">
      <HelpTopic name=".ctor()" link="ms-help://MS.NETFrameworkSDKv1.1/cpref/html/frlrfsystemdatacommondbproviderconfigurationhandlerclassctorTopic.htm" ismsdn="true" />
    </HelpFolder>
    <HelpFolder name="Methods" link="ms-help://MS.NETFrameworkSDKv1.1/cpref/html/frlrfsystemdatacommondbproviderconfigurationhandlerMethodsTopic.htm" ismsdn="true">
      <HelpTopic name="Create(System.Object, System.Object, System.Xml.XmlNode)" link="ms-help://MS.NETFrameworkSDKv1.1/cpref/html/frlrfsystemdatacommondbproviderconfigurationhandlerclassCreateTopic.htm" ismsdn="true" />
    </HelpFolder>
  </HelpFolder>
  <HelpFolder name="DbProviderFactories class" link="ms-help://MS.NETFrameworkSDKv1.1/cpref/html/frlrfsystemdatacommondbproviderfactoriesClassTopic.htm" ismsdn="true">
    <HelpTopic name="DbProviderFactories members" link="ms-help://MS.NETFrameworkSDKv1.1/cpref/html/frlrfsystemdatacommondbproviderfactoriesMembersTopic.htm" ismsdn="true" />
    <HelpFolder name="Methods" link="ms-help://MS.NETFrameworkSDKv1.1/cpref/html/frlrfsystemdatacommondbproviderfactoriesMethodsTopic.htm" ismsdn="true">
      <HelpTopic name="GetFactory(System.String)" link="ms-help://MS.NETFrameworkSDKv1.1/cpref/html/frlrfsystemdatacommondbproviderfactoriesclassGetFactoryTopic0.htm" ismsdn="true" />
      <HelpTopic name="GetFactory(System.Data.DataRow)" link="ms-help://MS.NETFrameworkSDKv1.1/cpref/html/frlrfsystemdatacommondbproviderfactoriesclassGetFactoryTopic1.htm" ismsdn="true" />
      <HelpTopic name="GetFactoryClasses()" link="ms-help://MS.NETFrameworkSDKv1.1/cpref/html/frlrfsystemdatacommondbproviderfactoriesclassGetFactoryClassesTopic.htm" ismsdn="true" />
    </HelpFolder>
  </HelpFolder>
  <HelpFolder name="DbProviderFactoriesConfigurationHandler class" link="ms-help://MS.NETFrameworkSDKv1.1/cpref/html/frlrfsystemdatacommondbproviderfactoriesconfigurationhandlerClassTopic.htm" ismsdn="true">
    <HelpTopic name="DbProviderFactoriesConfigurationHandler members" link="ms-help://MS.NETFrameworkSDKv1.1/cpref/html/frlrfsystemdatacommondbproviderfactoriesconfigurationhandlerMembersTopic.htm" ismsdn="true" />
    <HelpFolder name="Constructors" link="ms-help://MS.NETFrameworkSDKv1.1/cpref/html/frlrfsystemdatacommondbproviderfactoriesconfigurationhandlerclassctorTopic.htm" ismsdn="true">
      <HelpTopic name=".ctor()" link="ms-help://MS.NETFrameworkSDKv1.1/cpref/html/frlrfsystemdatacommondbproviderfactoriesconfigurationhandlerclassctorTopic.htm" ismsdn="true" />
    </HelpFolder>
    <HelpFolder name="Methods" link="ms-help://MS.NETFrameworkSDKv1.1/cpref/html/frlrfsystemdatacommondbproviderfactoriesconfigurationhandlerMethodsTopic.htm" ismsdn="true">
      <HelpTopic name="Create(System.Object, System.Object, System.Xml.XmlNode)" link="ms-help://MS.NETFrameworkSDKv1.1/cpref/html/frlrfsystemdatacommondbproviderfactoriesconfigurationhandlerclassCreateTopic.htm" ismsdn="true" />
    </HelpFolder>
  </HelpFolder>
  <HelpFolder name="DbProviderFactory class" link="ms-help://MS.NETFrameworkSDKv1.1/cpref/html/frlrfsystemdatacommondbproviderfactoryClassTopic.htm" ismsdn="true">
    <HelpTopic name="DbProviderFactory members" link="ms-help://MS.NETFrameworkSDKv1.1/cpref/html/frlrfsystemdatacommondbproviderfactoryMembersTopic.htm" ismsdn="true" />
    <HelpFolder name="Methods" link="ms-help://MS.NETFrameworkSDKv1.1/cpref/html/frlrfsystemdatacommondbproviderfactoryMethodsTopic.htm" ismsdn="true">
      <HelpTopic name="CreateCommand()" link="ms-help://MS.NETFrameworkSDKv1.1/cpref/html/frlrfsystemdatacommondbproviderfactoryclassCreateCommandTopic.htm" ismsdn="true" />
      <HelpTopic name="CreateCommandBuilder()" link="ms-help://MS.NETFrameworkSDKv1.1/cpref/html/frlrfsystemdatacommondbproviderfactoryclassCreateCommandBuilderTopic.htm" ismsdn="true" />
      <HelpTopic name="CreateConnection()" link="ms-help://MS.NETFrameworkSDKv1.1/cpref/html/frlrfsystemdatacommondbproviderfactoryclassCreateConnectionTopic.htm" ismsdn="true" />
      <HelpTopic name="CreateConnectionStringBuilder()" link="ms-help://MS.NETFrameworkSDKv1.1/cpref/html/frlrfsystemdatacommondbproviderfactoryclassCreateConnectionStringBuilderTopic.htm" ismsdn="true" />
      <HelpTopic name="CreateDataAdapter()" link="ms-help://MS.NETFrameworkSDKv1.1/cpref/html/frlrfsystemdatacommondbproviderfactoryclassCreateDataAdapterTopic.htm" ismsdn="true" />
      <HelpTopic name="CreateParameter()" link="ms-help://MS.NETFrameworkSDKv1.1/cpref/html/frlrfsystemdatacommondbproviderfactoryclassCreateParameterTopic.htm" ismsdn="true" />
      <HelpTopic name="CreatePermission(System.Security.Permissions.PermissionState)" link="ms-help://MS.NETFrameworkSDKv1.1/cpref/html/frlrfsystemdatacommondbproviderfactoryclassCreatePermissionTopic.htm" ismsdn="true" />
      <HelpTopic name="CreateDataSourceEnumerator()" link="ms-help://MS.NETFrameworkSDKv1.1/cpref/html/frlrfsystemdatacommondbproviderfactoryclassCreateDataSourceEnumeratorTopic.htm" ismsdn="true" />
    </HelpFolder>
    <HelpFolder name="Properties" link="ms-help://MS.NETFrameworkSDKv1.1/cpref/html/frlrfsystemdatacommondbproviderfactoryPropertiesTopic.htm" ismsdn="true">
      <HelpTopic name="CanCreateDataSourceEnumerator" link="ms-help://MS.NETFrameworkSDKv1.1/cpref/html/frlrfsystemdatacommondbproviderfactoryclassCanCreateDataSourceEnumeratorTopic.htm" ismsdn="true" />
    </HelpFolder>
  </HelpFolder>
  <HelpFolder name="DbProviderSpecificTypePropertyAttribute class" link="ms-help://MS.NETFrameworkSDKv1.1/cpref/html/frlrfsystemdatacommondbproviderspecifictypepropertyattributeClassTopic.htm" ismsdn="true">
    <HelpTopic name="DbProviderSpecificTypePropertyAttribute members" link="ms-help://MS.NETFrameworkSDKv1.1/cpref/html/frlrfsystemdatacommondbproviderspecifictypepropertyattributeMembersTopic.htm" ismsdn="true" />
    <HelpFolder name="Constructors" link="ms-help://MS.NETFrameworkSDKv1.1/cpref/html/frlrfsystemdatacommondbproviderspecifictypepropertyattributeclassctorTopic.htm" ismsdn="true">
      <HelpTopic name=".ctor(System.Boolean)" link="ms-help://MS.NETFrameworkSDKv1.1/cpref/html/frlrfsystemdatacommondbproviderspecifictypepropertyattributeclassctorTopic.htm" ismsdn="true" />
    </HelpFolder>
    <HelpFolder name="Properties" link="ms-help://MS.NETFrameworkSDKv1.1/cpref/html/frlrfsystemdatacommondbproviderspecifictypepropertyattributePropertiesTopic.htm" ismsdn="true">
      <HelpTopic name="IsProviderSpecificTypeProperty" link="ms-help://MS.NETFrameworkSDKv1.1/cpref/html/frlrfsystemdatacommondbproviderspecifictypepropertyattributeclassIsProviderSpecificTypePropertyTopic.htm" ismsdn="true" />
    </HelpFolder>
  </HelpFolder>
  <HelpFolder name="DbTransaction class" link="ms-help://MS.NETFrameworkSDKv1.1/cpref/html/frlrfsystemdatacommondbtransactionClassTopic.htm" ismsdn="true">
    <HelpTopic name="DbTransaction members" link="ms-help://MS.NETFrameworkSDKv1.1/cpref/html/frlrfsystemdatacommondbtransactionMembersTopic.htm" ismsdn="true" />
    <HelpFolder name="Methods" link="ms-help://MS.NETFrameworkSDKv1.1/cpref/html/frlrfsystemdatacommondbtransactionMethodsTopic.htm" ismsdn="true">
      <HelpTopic name="Commit()" link="ms-help://MS.NETFrameworkSDKv1.1/cpref/html/frlrfsystemdatacommondbtransactionclassCommitTopic.htm" ismsdn="true" />
      <HelpTopic name="Dispose()" link="ms-help://MS.NETFrameworkSDKv1.1/cpref/html/frlrfsystemdatacommondbtransactionclassDisposeTopic.htm" ismsdn="true" />
      <HelpTopic name="Rollback()" link="ms-help://MS.NETFrameworkSDKv1.1/cpref/html/frlrfsystemdatacommondbtransactionclassRollbackTopic.htm" ismsdn="true" />
    </HelpFolder>
    <HelpFolder name="Properties" link="ms-help://MS.NETFrameworkSDKv1.1/cpref/html/frlrfsystemdatacommondbtransactionPropertiesTopic.htm" ismsdn="true">
      <HelpTopic name="Connection" link="ms-help://MS.NETFrameworkSDKv1.1/cpref/html/frlrfsystemdatacommondbtransactionclassConnectionTopic.htm" ismsdn="true" />
      <HelpTopic name="IsolationLevel" link="ms-help://MS.NETFrameworkSDKv1.1/cpref/html/frlrfsystemdatacommondbtransactionclassIsolationLevelTopic.htm" ismsdn="true" />
    </HelpFolder>
  </HelpFolder>
  <HelpTopic name="GroupByBehavior enumeration" link="ms-help://MS.NETFrameworkSDKv1.1/cpref/html/frlrfsystemdatacommongroupbybehaviorClassTopic.htm" ismsdn="true" />
  <HelpTopic name="IdentifierCase enumeration" link="ms-help://MS.NETFrameworkSDKv1.1/cpref/html/frlrfsystemdatacommonidentifiercaseClassTopic.htm" ismsdn="true" />
  <HelpFolder name="RowUpdatedEventArgs class" link="ms-help://MS.NETFrameworkSDKv1.1/cpref/html/frlrfsystemdatacommonrowupdatedeventargsClassTopic.htm" ismsdn="true">
    <HelpTopic name="RowUpdatedEventArgs members" link="ms-help://MS.NETFrameworkSDKv1.1/cpref/html/frlrfsystemdatacommonrowupdatedeventargsMembersTopic.htm" ismsdn="true" />
    <HelpFolder name="Constructors" link="ms-help://MS.NETFrameworkSDKv1.1/cpref/html/frlrfsystemdatacommonrowupdatedeventargsclassctorTopic.htm" ismsdn="true">
      <HelpTopic name=".ctor(System.Data.DataRow, System.Data.IDbCommand, System.Data.StatementType, System.Data.Common.DataTableMapping)" link="ms-help://MS.NETFrameworkSDKv1.1/cpref/html/frlrfsystemdatacommonrowupdatedeventargsclassctorTopic.htm" ismsdn="true" />
    </HelpFolder>
    <HelpFolder name="Methods" link="ms-help://MS.NETFrameworkSDKv1.1/cpref/html/frlrfsystemdatacommonrowupdatedeventargsMethodsTopic.htm" ismsdn="true">
      <HelpTopic name="CopyToRows(System.Data.DataRow[])" link="ms-help://MS.NETFrameworkSDKv1.1/cpref/html/frlrfsystemdatacommonrowupdatedeventargsclassCopyToRowsTopic1.htm" ismsdn="true" />
      <HelpTopic name="CopyToRows(System.Data.DataRow[], System.Int32)" link="ms-help://MS.NETFrameworkSDKv1.1/cpref/html/frlrfsystemdatacommonrowupdatedeventargsclassCopyToRowsTopic2.htm" ismsdn="true" />
    </HelpFolder>
    <HelpFolder name="Properties" link="ms-help://MS.NETFrameworkSDKv1.1/cpref/html/frlrfsystemdatacommonrowupdatedeventargsPropertiesTopic.htm" ismsdn="true">
      <HelpTopic name="Command" link="ms-help://MS.NETFrameworkSDKv1.1/cpref/html/frlrfsystemdatacommonrowupdatedeventargsclassCommandTopic.htm" ismsdn="true" />
      <HelpTopic name="Errors" link="ms-help://MS.NETFrameworkSDKv1.1/cpref/html/frlrfsystemdatacommonrowupdatedeventargsclassErrorsTopic.htm" ismsdn="true" />
      <HelpTopic name="RecordsAffected" link="ms-help://MS.NETFrameworkSDKv1.1/cpref/html/frlrfsystemdatacommonrowupdatedeventargsclassRecordsAffectedTopic.htm" ismsdn="true" />
      <HelpTopic name="Row" link="ms-help://MS.NETFrameworkSDKv1.1/cpref/html/frlrfsystemdatacommonrowupdatedeventargsclassRowTopic.htm" ismsdn="true" />
      <HelpTopic name="RowCount" link="ms-help://MS.NETFrameworkSDKv1.1/cpref/html/frlrfsystemdatacommonrowupdatedeventargsclassRowCountTopic.htm" ismsdn="true" />
      <HelpTopic name="StatementType" link="ms-help://MS.NETFrameworkSDKv1.1/cpref/html/frlrfsystemdatacommonrowupdatedeventargsclassStatementTypeTopic.htm" ismsdn="true" />
      <HelpTopic name="Status" link="ms-help://MS.NETFrameworkSDKv1.1/cpref/html/frlrfsystemdatacommonrowupdatedeventargsclassStatusTopic.htm" ismsdn="true" />
      <HelpTopic name="TableMapping" link="ms-help://MS.NETFrameworkSDKv1.1/cpref/html/frlrfsystemdatacommonrowupdatedeventargsclassTableMappingTopic.htm" ismsdn="true" />
    </HelpFolder>
  </HelpFolder>
  <HelpFolder name="RowUpdatingEventArgs class" link="ms-help://MS.NETFrameworkSDKv1.1/cpref/html/frlrfsystemdatacommonrowupdatingeventargsClassTopic.htm" ismsdn="true">
    <HelpTopic name="RowUpdatingEventArgs members" link="ms-help://MS.NETFrameworkSDKv1.1/cpref/html/frlrfsystemdatacommonrowupdatingeventargsMembersTopic.htm" ismsdn="true" />
    <HelpFolder name="Constructors" link="ms-help://MS.NETFrameworkSDKv1.1/cpref/html/frlrfsystemdatacommonrowupdatingeventargsclassctorTopic.htm" ismsdn="true">
      <HelpTopic name=".ctor(System.Data.DataRow, System.Data.IDbCommand, System.Data.StatementType, System.Data.Common.DataTableMapping)" link="ms-help://MS.NETFrameworkSDKv1.1/cpref/html/frlrfsystemdatacommonrowupdatingeventargsclassctorTopic.htm" ismsdn="true" />
    </HelpFolder>
    <HelpFolder name="Properties" link="ms-help://MS.NETFrameworkSDKv1.1/cpref/html/frlrfsystemdatacommonrowupdatingeventargsPropertiesTopic.htm" ismsdn="true">
      <HelpTopic name="Command" link="ms-help://MS.NETFrameworkSDKv1.1/cpref/html/frlrfsystemdatacommonrowupdatingeventargsclassCommandTopic.htm" ismsdn="true" />
      <HelpTopic name="Errors" link="ms-help://MS.NETFrameworkSDKv1.1/cpref/html/frlrfsystemdatacommonrowupdatingeventargsclassErrorsTopic.htm" ismsdn="true" />
      <HelpTopic name="Row" link="ms-help://MS.NETFrameworkSDKv1.1/cpref/html/frlrfsystemdatacommonrowupdatingeventargsclassRowTopic.htm" ismsdn="true" />
      <HelpTopic name="StatementType" link="ms-help://MS.NETFrameworkSDKv1.1/cpref/html/frlrfsystemdatacommonrowupdatingeventargsclassStatementTypeTopic.htm" ismsdn="true" />
      <HelpTopic name="Status" link="ms-help://MS.NETFrameworkSDKv1.1/cpref/html/frlrfsystemdatacommonrowupdatingeventargsclassStatusTopic.htm" ismsdn="true" />
      <HelpTopic name="TableMapping" link="ms-help://MS.NETFrameworkSDKv1.1/cpref/html/frlrfsystemdatacommonrowupdatingeventargsclassTableMappingTopic.htm" ismsdn="true" />
    </HelpFolder>
  </HelpFolder>
  <HelpFolder name="SchemaTableColumn class" link="ms-help://MS.NETFrameworkSDKv1.1/cpref/html/frlrfsystemdatacommonschematablecolumnClassTopic.htm" ismsdn="true">
    <HelpTopic name="SchemaTableColumn members" link="ms-help://MS.NETFrameworkSDKv1.1/cpref/html/frlrfsystemdatacommonschematablecolumnMembersTopic.htm" ismsdn="true" />
    <HelpFolder name="Fields" link="ms-help://MS.NETFrameworkSDKv1.1/cpref/html/frlrfsystemdatacommonschematablecolumnFieldsTopic.htm" ismsdn="true">
      <HelpTopic name="ColumnName" link="ms-help://MS.NETFrameworkSDKv1.1/cpref/html/frlrfsystemdatacommonschematablecolumnclassColumnNameTopic.htm" ismsdn="true" />
      <HelpTopic name="ColumnOrdinal" link="ms-help://MS.NETFrameworkSDKv1.1/cpref/html/frlrfsystemdatacommonschematablecolumnclassColumnOrdinalTopic.htm" ismsdn="true" />
      <HelpTopic name="ColumnSize" link="ms-help://MS.NETFrameworkSDKv1.1/cpref/html/frlrfsystemdatacommonschematablecolumnclassColumnSizeTopic.htm" ismsdn="true" />
      <HelpTopic name="NumericPrecision" link="ms-help://MS.NETFrameworkSDKv1.1/cpref/html/frlrfsystemdatacommonschematablecolumnclassNumericPrecisionTopic.htm" ismsdn="true" />
      <HelpTopic name="NumericScale" link="ms-help://MS.NETFrameworkSDKv1.1/cpref/html/frlrfsystemdatacommonschematablecolumnclassNumericScaleTopic.htm" ismsdn="true" />
      <HelpTopic name="DataType" link="ms-help://MS.NETFrameworkSDKv1.1/cpref/html/frlrfsystemdatacommonschematablecolumnclassDataTypeTopic.htm" ismsdn="true" />
      <HelpTopic name="ProviderType" link="ms-help://MS.NETFrameworkSDKv1.1/cpref/html/frlrfsystemdatacommonschematablecolumnclassProviderTypeTopic.htm" ismsdn="true" />
      <HelpTopic name="NonVersionedProviderType" link="ms-help://MS.NETFrameworkSDKv1.1/cpref/html/frlrfsystemdatacommonschematablecolumnclassNonVersionedProviderTypeTopic.htm" ismsdn="true" />
      <HelpTopic name="IsLong" link="ms-help://MS.NETFrameworkSDKv1.1/cpref/html/frlrfsystemdatacommonschematablecolumnclassIsLongTopic.htm" ismsdn="true" />
      <HelpTopic name="AllowDBNull" link="ms-help://MS.NETFrameworkSDKv1.1/cpref/html/frlrfsystemdatacommonschematablecolumnclassAllowDBNullTopic.htm" ismsdn="true" />
      <HelpTopic name="IsAliased" link="ms-help://MS.NETFrameworkSDKv1.1/cpref/html/frlrfsystemdatacommonschematablecolumnclassIsAliasedTopic.htm" ismsdn="true" />
      <HelpTopic name="IsExpression" link="ms-help://MS.NETFrameworkSDKv1.1/cpref/html/frlrfsystemdatacommonschematablecolumnclassIsExpressionTopic.htm" ismsdn="true" />
      <HelpTopic name="IsKey" link="ms-help://MS.NETFrameworkSDKv1.1/cpref/html/frlrfsystemdatacommonschematablecolumnclassIsKeyTopic.htm" ismsdn="true" />
      <HelpTopic name="IsUnique" link="ms-help://MS.NETFrameworkSDKv1.1/cpref/html/frlrfsystemdatacommonschematablecolumnclassIsUniqueTopic.htm" ismsdn="true" />
      <HelpTopic name="BaseSchemaName" link="ms-help://MS.NETFrameworkSDKv1.1/cpref/html/frlrfsystemdatacommonschematablecolumnclassBaseSchemaNameTopic.htm" ismsdn="true" />
      <HelpTopic name="BaseTableName" link="ms-help://MS.NETFrameworkSDKv1.1/cpref/html/frlrfsystemdatacommonschematablecolumnclassBaseTableNameTopic.htm" ismsdn="true" />
      <HelpTopic name="BaseColumnName" link="ms-help://MS.NETFrameworkSDKv1.1/cpref/html/frlrfsystemdatacommonschematablecolumnclassBaseColumnNameTopic.htm" ismsdn="true" />
    </HelpFolder>
  </HelpFolder>
  <HelpFolder name="SchemaTableOptionalColumn class" link="ms-help://MS.NETFrameworkSDKv1.1/cpref/html/frlrfsystemdatacommonschematableoptionalcolumnClassTopic.htm" ismsdn="true">
    <HelpTopic name="SchemaTableOptionalColumn members" link="ms-help://MS.NETFrameworkSDKv1.1/cpref/html/frlrfsystemdatacommonschematableoptionalcolumnMembersTopic.htm" ismsdn="true" />
    <HelpFolder name="Fields" link="ms-help://MS.NETFrameworkSDKv1.1/cpref/html/frlrfsystemdatacommonschematableoptionalcolumnFieldsTopic.htm" ismsdn="true">
      <HelpTopic name="ProviderSpecificDataType" link="ms-help://MS.NETFrameworkSDKv1.1/cpref/html/frlrfsystemdatacommonschematableoptionalcolumnclassProviderSpecificDataTypeTopic.htm" ismsdn="true" />
      <HelpTopic name="IsAutoIncrement" link="ms-help://MS.NETFrameworkSDKv1.1/cpref/html/frlrfsystemdatacommonschematableoptionalcolumnclassIsAutoIncrementTopic.htm" ismsdn="true" />
      <HelpTopic name="IsHidden" link="ms-help://MS.NETFrameworkSDKv1.1/cpref/html/frlrfsystemdatacommonschematableoptionalcolumnclassIsHiddenTopic.htm" ismsdn="true" />
      <HelpTopic name="IsReadOnly" link="ms-help://MS.NETFrameworkSDKv1.1/cpref/html/frlrfsystemdatacommonschematableoptionalcolumnclassIsReadOnlyTopic.htm" ismsdn="true" />
      <HelpTopic name="IsRowVersion" link="ms-help://MS.NETFrameworkSDKv1.1/cpref/html/frlrfsystemdatacommonschematableoptionalcolumnclassIsRowVersionTopic.htm" ismsdn="true" />
      <HelpTopic name="BaseServerName" link="ms-help://MS.NETFrameworkSDKv1.1/cpref/html/frlrfsystemdatacommonschematableoptionalcolumnclassBaseServerNameTopic.htm" ismsdn="true" />
      <HelpTopic name="BaseCatalogName" link="ms-help://MS.NETFrameworkSDKv1.1/cpref/html/frlrfsystemdatacommonschematableoptionalcolumnclassBaseCatalogNameTopic.htm" ismsdn="true" />
      <HelpTopic name="AutoIncrementSeed" link="ms-help://MS.NETFrameworkSDKv1.1/cpref/html/frlrfsystemdatacommonschematableoptionalcolumnclassAutoIncrementSeedTopic.htm" ismsdn="true" />
      <HelpTopic name="AutoIncrementStep" link="ms-help://MS.NETFrameworkSDKv1.1/cpref/html/frlrfsystemdatacommonschematableoptionalcolumnclassAutoIncrementStepTopic.htm" ismsdn="true" />
      <HelpTopic name="DefaultValue" link="ms-help://MS.NETFrameworkSDKv1.1/cpref/html/frlrfsystemdatacommonschematableoptionalcolumnclassDefaultValueTopic.htm" ismsdn="true" />
      <HelpTopic name="Expression" link="ms-help://MS.NETFrameworkSDKv1.1/cpref/html/frlrfsystemdatacommonschematableoptionalcolumnclassExpressionTopic.htm" ismsdn="true" />
      <HelpTopic name="BaseTableNamespace" link="ms-help://MS.NETFrameworkSDKv1.1/cpref/html/frlrfsystemdatacommonschematableoptionalcolumnclassBaseTableNamespaceTopic.htm" ismsdn="true" />
      <HelpTopic name="BaseColumnNamespace" link="ms-help://MS.NETFrameworkSDKv1.1/cpref/html/frlrfsystemdatacommonschematableoptionalcolumnclassBaseColumnNamespaceTopic.htm" ismsdn="true" />
      <HelpTopic name="ColumnMapping" link="ms-help://MS.NETFrameworkSDKv1.1/cpref/html/frlrfsystemdatacommonschematableoptionalcolumnclassColumnMappingTopic.htm" ismsdn="true" />
    </HelpFolder>
  </HelpFolder>
  <HelpTopic name="SupportedJoinOperators enumeration" link="ms-help://MS.NETFrameworkSDKv1.1/cpref/html/frlrfsystemdatacommonsupportedjoinoperatorsClassTopic.htm" ismsdn="true" />
</HelpCollection>