<HelpCollection>
  <HelpFolder name="AnchorEditor class" link="ms-help://MS.NETFrameworkSDKv1.1/cpref/html/frlrfsystemwindowsformsdesignanchoreditorClassTopic.htm" ismsdn="true">
    <HelpTopic name="AnchorEditor members" link="ms-help://MS.NETFrameworkSDKv1.1/cpref/html/frlrfsystemwindowsformsdesignanchoreditorMembersTopic.htm" ismsdn="true" />
    <HelpFolder name="Constructors" link="ms-help://MS.NETFrameworkSDKv1.1/cpref/html/frlrfsystemwindowsformsdesignanchoreditorclassctorTopic.htm" ismsdn="true">
      <HelpTopic name=".ctor()" link="ms-help://MS.NETFrameworkSDKv1.1/cpref/html/frlrfsystemwindowsformsdesignanchoreditorclassctorTopic.htm" ismsdn="true" />
    </HelpFolder>
    <HelpFolder name="Methods" link="ms-help://MS.NETFrameworkSDKv1.1/cpref/html/frlrfsystemwindowsformsdesignanchoreditorMethodsTopic.htm" ismsdn="true">
      <HelpTopic name="EditValue(System.ComponentModel.ITypeDescriptorContext, System.IServiceProvider, System.Object)" link="ms-help://MS.NETFrameworkSDKv1.1/cpref/html/frlrfsystemwindowsformsdesignanchoreditorclassEditValueTopic.htm" ismsdn="true" />
      <HelpTopic name="GetEditStyle(System.ComponentModel.ITypeDescriptorContext)" link="ms-help://MS.NETFrameworkSDKv1.1/cpref/html/frlrfsystemwindowsformsdesignanchoreditorclassGetEditStyleTopic.htm" ismsdn="true" />
    </HelpFolder>
  </HelpFolder>
  <HelpFolder name="AxImporter class" link="ms-help://MS.NETFrameworkSDKv1.1/cpref/html/frlrfsystemwindowsformsdesignaximporterClassTopic.htm" ismsdn="true">
    <HelpTopic name="AxImporter members" link="ms-help://MS.NETFrameworkSDKv1.1/cpref/html/frlrfsystemwindowsformsdesignaximporterMembersTopic.htm" ismsdn="true" />
    <HelpFolder name="Constructors" link="ms-help://MS.NETFrameworkSDKv1.1/cpref/html/frlrfsystemwindowsformsdesignaximporterclassctorTopic.htm" ismsdn="true">
      <HelpTopic name=".ctor(System.Windows.Forms.Design.AxImporter+Options)" link="ms-help://MS.NETFrameworkSDKv1.1/cpref/html/frlrfsystemwindowsformsdesignaximporterclassctorTopic.htm" ismsdn="true" />
    </HelpFolder>
    <HelpFolder name="Methods" link="ms-help://MS.NETFrameworkSDKv1.1/cpref/html/frlrfsystemwindowsformsdesignaximporterMethodsTopic.htm" ismsdn="true">
      <HelpTopic name="GetFileOfTypeLib(System.Runtime.InteropServices.TYPELIBATTR&amp;)" link="ms-help://MS.NETFrameworkSDKv1.1/cpref/html/frlrfsystemwindowsformsdesignaximporterclassGetFileOfTypeLibTopic.htm" ismsdn="true" />
      <HelpTopic name="GenerateFromFile(System.IO.FileInfo)" link="ms-help://MS.NETFrameworkSDKv1.1/cpref/html/frlrfsystemwindowsformsdesignaximporterclassGenerateFromFileTopic.htm" ismsdn="true" />
      <HelpTopic name="GenerateFromTypeLibrary(System.Runtime.InteropServices.UCOMITypeLib)" link="ms-help://MS.NETFrameworkSDKv1.1/cpref/html/frlrfsystemwindowsformsdesignaximporterclassGenerateFromTypeLibraryTopic1.htm" ismsdn="true" />
      <HelpTopic name="GenerateFromTypeLibrary(System.Runtime.InteropServices.UCOMITypeLib, System.Guid)" link="ms-help://MS.NETFrameworkSDKv1.1/cpref/html/frlrfsystemwindowsformsdesignaximporterclassGenerateFromTypeLibraryTopic2.htm" ismsdn="true" />
    </HelpFolder>
    <HelpFolder name="Properties" link="ms-help://MS.NETFrameworkSDKv1.1/cpref/html/frlrfsystemwindowsformsdesignaximporterPropertiesTopic.htm" ismsdn="true">
      <HelpTopic name="GeneratedAssemblies" link="ms-help://MS.NETFrameworkSDKv1.1/cpref/html/frlrfsystemwindowsformsdesignaximporterclassGeneratedAssembliesTopic.htm" ismsdn="true" />
      <HelpTopic name="GeneratedTypeLibAttributes" link="ms-help://MS.NETFrameworkSDKv1.1/cpref/html/frlrfsystemwindowsformsdesignaximporterclassGeneratedTypeLibAttributesTopic.htm" ismsdn="true" />
      <HelpTopic name="GeneratedSources" link="ms-help://MS.NETFrameworkSDKv1.1/cpref/html/frlrfsystemwindowsformsdesignaximporterclassGeneratedSourcesTopic.htm" ismsdn="true" />
    </HelpFolder>
  </HelpFolder>
  <HelpFolder name="AxParameterData class" link="ms-help://MS.NETFrameworkSDKv1.1/cpref/html/frlrfsystemwindowsformsdesignaxparameterdataClassTopic.htm" ismsdn="true">
    <HelpTopic name="AxParameterData members" link="ms-help://MS.NETFrameworkSDKv1.1/cpref/html/frlrfsystemwindowsformsdesignaxparameterdataMembersTopic.htm" ismsdn="true" />
    <HelpFolder name="Constructors" link="ms-help://MS.NETFrameworkSDKv1.1/cpref/html/frlrfsystemwindowsformsdesignaxparameterdataclassctorTopic.htm" ismsdn="true">
      <HelpTopic name=".ctor(System.String, System.String)" link="ms-help://MS.NETFrameworkSDKv1.1/cpref/html/frlrfsystemwindowsformsdesignaxparameterdataclassctorTopic1.htm" ismsdn="true" />
      <HelpTopic name=".ctor(System.String, System.Type)" link="ms-help://MS.NETFrameworkSDKv1.1/cpref/html/frlrfsystemwindowsformsdesignaxparameterdataclassctorTopic1.htm" ismsdn="true" />
      <HelpTopic name=".ctor(System.Reflection.ParameterInfo)" link="ms-help://MS.NETFrameworkSDKv1.1/cpref/html/frlrfsystemwindowsformsdesignaxparameterdataclassctorTopic2.htm" ismsdn="true" />
      <HelpTopic name=".ctor(System.Reflection.ParameterInfo, System.Boolean)" link="ms-help://MS.NETFrameworkSDKv1.1/cpref/html/frlrfsystemwindowsformsdesignaxparameterdataclassctorTopic3.htm" ismsdn="true" />
    </HelpFolder>
    <HelpFolder name="Methods" link="ms-help://MS.NETFrameworkSDKv1.1/cpref/html/frlrfsystemwindowsformsdesignaxparameterdataMethodsTopic.htm" ismsdn="true">
      <HelpTopic name="Convert(System.Reflection.ParameterInfo[])" link="ms-help://MS.NETFrameworkSDKv1.1/cpref/html/frlrfsystemwindowsformsdesignaxparameterdataclassConvertTopic1.htm" ismsdn="true" />
      <HelpTopic name="Convert(System.Reflection.ParameterInfo[], System.Boolean)" link="ms-help://MS.NETFrameworkSDKv1.1/cpref/html/frlrfsystemwindowsformsdesignaxparameterdataclassConvertTopic2.htm" ismsdn="true" />
    </HelpFolder>
    <HelpFolder name="Properties" link="ms-help://MS.NETFrameworkSDKv1.1/cpref/html/frlrfsystemwindowsformsdesignaxparameterdataPropertiesTopic.htm" ismsdn="true">
      <HelpTopic name="Direction" link="ms-help://MS.NETFrameworkSDKv1.1/cpref/html/frlrfsystemwindowsformsdesignaxparameterdataclassDirectionTopic.htm" ismsdn="true" />
      <HelpTopic name="IsByRef" link="ms-help://MS.NETFrameworkSDKv1.1/cpref/html/frlrfsystemwindowsformsdesignaxparameterdataclassIsByRefTopic.htm" ismsdn="true" />
      <HelpTopic name="IsIn" link="ms-help://MS.NETFrameworkSDKv1.1/cpref/html/frlrfsystemwindowsformsdesignaxparameterdataclassIsInTopic.htm" ismsdn="true" />
      <HelpTopic name="IsOut" link="ms-help://MS.NETFrameworkSDKv1.1/cpref/html/frlrfsystemwindowsformsdesignaxparameterdataclassIsOutTopic.htm" ismsdn="true" />
      <HelpTopic name="IsOptional" link="ms-help://MS.NETFrameworkSDKv1.1/cpref/html/frlrfsystemwindowsformsdesignaxparameterdataclassIsOptionalTopic.htm" ismsdn="true" />
      <HelpTopic name="Name" link="ms-help://MS.NETFrameworkSDKv1.1/cpref/html/frlrfsystemwindowsformsdesignaxparameterdataclassNameTopic.htm" ismsdn="true" />
      <HelpTopic name="ParameterType" link="ms-help://MS.NETFrameworkSDKv1.1/cpref/html/frlrfsystemwindowsformsdesignaxparameterdataclassParameterTypeTopic.htm" ismsdn="true" />
      <HelpTopic name="TypeName" link="ms-help://MS.NETFrameworkSDKv1.1/cpref/html/frlrfsystemwindowsformsdesignaxparameterdataclassTypeNameTopic.htm" ismsdn="true" />
    </HelpFolder>
  </HelpFolder>
  <HelpFolder name="AxWrapperGen class" link="ms-help://MS.NETFrameworkSDKv1.1/cpref/html/frlrfsystemwindowsformsdesignaxwrappergenClassTopic.htm" ismsdn="true">
    <HelpTopic name="AxWrapperGen members" link="ms-help://MS.NETFrameworkSDKv1.1/cpref/html/frlrfsystemwindowsformsdesignaxwrappergenMembersTopic.htm" ismsdn="true" />
    <HelpFolder name="Constructors" link="ms-help://MS.NETFrameworkSDKv1.1/cpref/html/frlrfsystemwindowsformsdesignaxwrappergenclassctorTopic.htm" ismsdn="true">
      <HelpTopic name=".ctor(System.Type)" link="ms-help://MS.NETFrameworkSDKv1.1/cpref/html/frlrfsystemwindowsformsdesignaxwrappergenclassctorTopic.htm" ismsdn="true" />
    </HelpFolder>
    <HelpFolder name="Fields" link="ms-help://MS.NETFrameworkSDKv1.1/cpref/html/frlrfsystemwindowsformsdesignaxwrappergenFieldsTopic.htm" ismsdn="true">
      <HelpTopic name="GeneratedSources" link="ms-help://MS.NETFrameworkSDKv1.1/cpref/html/frlrfsystemwindowsformsdesignaxwrappergenclassGeneratedSourcesTopic.htm" ismsdn="true" />
    </HelpFolder>
  </HelpFolder>
  <HelpFolder name="BorderSidesEditor class" link="ms-help://MS.NETFrameworkSDKv1.1/cpref/html/frlrfsystemwindowsformsdesignbordersideseditorClassTopic.htm" ismsdn="true">
    <HelpTopic name="BorderSidesEditor members" link="ms-help://MS.NETFrameworkSDKv1.1/cpref/html/frlrfsystemwindowsformsdesignbordersideseditorMembersTopic.htm" ismsdn="true" />
    <HelpFolder name="Constructors" link="ms-help://MS.NETFrameworkSDKv1.1/cpref/html/frlrfsystemwindowsformsdesignbordersideseditorclassctorTopic.htm" ismsdn="true">
      <HelpTopic name=".ctor()" link="ms-help://MS.NETFrameworkSDKv1.1/cpref/html/frlrfsystemwindowsformsdesignbordersideseditorclassctorTopic.htm" ismsdn="true" />
    </HelpFolder>
    <HelpFolder name="Methods" link="ms-help://MS.NETFrameworkSDKv1.1/cpref/html/frlrfsystemwindowsformsdesignbordersideseditorMethodsTopic.htm" ismsdn="true">
      <HelpTopic name="EditValue(System.ComponentModel.ITypeDescriptorContext, System.IServiceProvider, System.Object)" link="ms-help://MS.NETFrameworkSDKv1.1/cpref/html/frlrfsystemwindowsformsdesignbordersideseditorclassEditValueTopic.htm" ismsdn="true" />
      <HelpTopic name="GetEditStyle(System.ComponentModel.ITypeDescriptorContext)" link="ms-help://MS.NETFrameworkSDKv1.1/cpref/html/frlrfsystemwindowsformsdesignbordersideseditorclassGetEditStyleTopic.htm" ismsdn="true" />
    </HelpFolder>
  </HelpFolder>
  <HelpFolder name="ComponentDocumentDesigner class" link="ms-help://MS.NETFrameworkSDKv1.1/cpref/html/frlrfsystemwindowsformsdesigncomponentdocumentdesignerClassTopic.htm" ismsdn="true">
    <HelpTopic name="ComponentDocumentDesigner members" link="ms-help://MS.NETFrameworkSDKv1.1/cpref/html/frlrfsystemwindowsformsdesigncomponentdocumentdesignerMembersTopic.htm" ismsdn="true" />
    <HelpFolder name="Constructors" link="ms-help://MS.NETFrameworkSDKv1.1/cpref/html/frlrfsystemwindowsformsdesigncomponentdocumentdesignerclassctorTopic.htm" ismsdn="true">
      <HelpTopic name=".ctor()" link="ms-help://MS.NETFrameworkSDKv1.1/cpref/html/frlrfsystemwindowsformsdesigncomponentdocumentdesignerclassctorTopic.htm" ismsdn="true" />
    </HelpFolder>
    <HelpFolder name="Methods" link="ms-help://MS.NETFrameworkSDKv1.1/cpref/html/frlrfsystemwindowsformsdesigncomponentdocumentdesignerMethodsTopic.htm" ismsdn="true">
      <HelpTopic name="Initialize(System.ComponentModel.IComponent)" link="ms-help://MS.NETFrameworkSDKv1.1/cpref/html/frlrfsystemwindowsformsdesigncomponentdocumentdesignerclassInitializeTopic.htm" ismsdn="true" />
    </HelpFolder>
    <HelpFolder name="Properties" link="ms-help://MS.NETFrameworkSDKv1.1/cpref/html/frlrfsystemwindowsformsdesigncomponentdocumentdesignerPropertiesTopic.htm" ismsdn="true">
      <HelpTopic name="Control" link="ms-help://MS.NETFrameworkSDKv1.1/cpref/html/frlrfsystemwindowsformsdesigncomponentdocumentdesignerclassControlTopic.htm" ismsdn="true" />
      <HelpTopic name="TrayAutoArrange" link="ms-help://MS.NETFrameworkSDKv1.1/cpref/html/frlrfsystemwindowsformsdesigncomponentdocumentdesignerclassTrayAutoArrangeTopic.htm" ismsdn="true" />
      <HelpTopic name="TrayLargeIcon" link="ms-help://MS.NETFrameworkSDKv1.1/cpref/html/frlrfsystemwindowsformsdesigncomponentdocumentdesignerclassTrayLargeIconTopic.htm" ismsdn="true" />
    </HelpFolder>
  </HelpFolder>
  <HelpFolder name="ComponentEditorForm class" link="ms-help://MS.NETFrameworkSDKv1.1/cpref/html/frlrfsystemwindowsformsdesigncomponenteditorformClassTopic.htm" ismsdn="true">
    <HelpTopic name="ComponentEditorForm members" link="ms-help://MS.NETFrameworkSDKv1.1/cpref/html/frlrfsystemwindowsformsdesigncomponenteditorformMembersTopic.htm" ismsdn="true" />
    <HelpFolder name="Constructors" link="ms-help://MS.NETFrameworkSDKv1.1/cpref/html/frlrfsystemwindowsformsdesigncomponenteditorformclassctorTopic.htm" ismsdn="true">
      <HelpTopic name=".ctor(System.Object, System.Type[])" link="ms-help://MS.NETFrameworkSDKv1.1/cpref/html/frlrfsystemwindowsformsdesigncomponenteditorformclassctorTopic.htm" ismsdn="true" />
    </HelpFolder>
    <HelpFolder name="Methods" link="ms-help://MS.NETFrameworkSDKv1.1/cpref/html/frlrfsystemwindowsformsdesigncomponenteditorformMethodsTopic.htm" ismsdn="true">
      <HelpTopic name="PreProcessMessage(System.Windows.Forms.Message&amp;)" link="ms-help://MS.NETFrameworkSDKv1.1/cpref/html/frlrfsystemwindowsformsdesigncomponenteditorformclassPreProcessMessageTopic.htm" ismsdn="true" />
      <HelpTopic name="ShowForm()" link="ms-help://MS.NETFrameworkSDKv1.1/cpref/html/frlrfsystemwindowsformsdesigncomponenteditorformclassShowFormTopic1.htm" ismsdn="true" />
      <HelpTopic name="ShowForm(System.Int32)" link="ms-help://MS.NETFrameworkSDKv1.1/cpref/html/frlrfsystemwindowsformsdesigncomponenteditorformclassShowFormTopic2.htm" ismsdn="true" />
      <HelpTopic name="ShowForm(System.Windows.Forms.IWin32Window)" link="ms-help://MS.NETFrameworkSDKv1.1/cpref/html/frlrfsystemwindowsformsdesigncomponenteditorformclassShowFormTopic3.htm" ismsdn="true" />
      <HelpTopic name="ShowForm(System.Windows.Forms.IWin32Window, System.Int32)" link="ms-help://MS.NETFrameworkSDKv1.1/cpref/html/frlrfsystemwindowsformsdesigncomponenteditorformclassShowFormTopic4.htm" ismsdn="true" />
    </HelpFolder>
    <HelpFolder name="Properties" link="ms-help://MS.NETFrameworkSDKv1.1/cpref/html/frlrfsystemwindowsformsdesigncomponenteditorformPropertiesTopic.htm" ismsdn="true">
      <HelpTopic name="AutoSize" link="ms-help://MS.NETFrameworkSDKv1.1/cpref/html/frlrfsystemwindowsformsdesigncomponenteditorformclassAutoSizeTopic.htm" ismsdn="true" />
    </HelpFolder>
    <HelpFolder name="Events" link="ms-help://MS.NETFrameworkSDKv1.1/cpref/html/frlrfsystemwindowsformsdesigncomponenteditorformEventsTopic.htm" ismsdn="true">
      <HelpTopic name="AutoSizeChanged" link="ms-help://MS.NETFrameworkSDKv1.1/cpref/html/frlrfsystemwindowsformsdesigncomponenteditorformclassAutoSizeChangedTopic.htm" ismsdn="true" />
    </HelpFolder>
  </HelpFolder>
  <HelpFolder name="ComponentEditorPage class" link="ms-help://MS.NETFrameworkSDKv1.1/cpref/html/frlrfsystemwindowsformsdesigncomponenteditorpageClassTopic.htm" ismsdn="true">
    <HelpTopic name="ComponentEditorPage members" link="ms-help://MS.NETFrameworkSDKv1.1/cpref/html/frlrfsystemwindowsformsdesigncomponenteditorpageMembersTopic.htm" ismsdn="true" />
    <HelpFolder name="Constructors" link="ms-help://MS.NETFrameworkSDKv1.1/cpref/html/frlrfsystemwindowsformsdesigncomponenteditorpageclassctorTopic.htm" ismsdn="true">
      <HelpTopic name=".ctor()" link="ms-help://MS.NETFrameworkSDKv1.1/cpref/html/frlrfsystemwindowsformsdesigncomponenteditorpageclassctorTopic.htm" ismsdn="true" />
    </HelpFolder>
    <HelpFolder name="Methods" link="ms-help://MS.NETFrameworkSDKv1.1/cpref/html/frlrfsystemwindowsformsdesigncomponenteditorpageMethodsTopic.htm" ismsdn="true">
      <HelpTopic name="Activate()" link="ms-help://MS.NETFrameworkSDKv1.1/cpref/html/frlrfsystemwindowsformsdesigncomponenteditorpageclassActivateTopic.htm" ismsdn="true" />
      <HelpTopic name="ApplyChanges()" link="ms-help://MS.NETFrameworkSDKv1.1/cpref/html/frlrfsystemwindowsformsdesigncomponenteditorpageclassApplyChangesTopic.htm" ismsdn="true" />
      <HelpTopic name="Deactivate()" link="ms-help://MS.NETFrameworkSDKv1.1/cpref/html/frlrfsystemwindowsformsdesigncomponenteditorpageclassDeactivateTopic.htm" ismsdn="true" />
      <HelpTopic name="GetControl()" link="ms-help://MS.NETFrameworkSDKv1.1/cpref/html/frlrfsystemwindowsformsdesigncomponenteditorpageclassGetControlTopic.htm" ismsdn="true" />
      <HelpTopic name="IsPageMessage(System.Windows.Forms.Message&amp;)" link="ms-help://MS.NETFrameworkSDKv1.1/cpref/html/frlrfsystemwindowsformsdesigncomponenteditorpageclassIsPageMessageTopic.htm" ismsdn="true" />
      <HelpTopic name="OnApplyComplete()" link="ms-help://MS.NETFrameworkSDKv1.1/cpref/html/frlrfsystemwindowsformsdesigncomponenteditorpageclassOnApplyCompleteTopic.htm" ismsdn="true" />
      <HelpTopic name="SetComponent(System.ComponentModel.IComponent)" link="ms-help://MS.NETFrameworkSDKv1.1/cpref/html/frlrfsystemwindowsformsdesigncomponenteditorpageclassSetComponentTopic.htm" ismsdn="true" />
      <HelpTopic name="SetSite(System.Windows.Forms.IComponentEditorPageSite)" link="ms-help://MS.NETFrameworkSDKv1.1/cpref/html/frlrfsystemwindowsformsdesigncomponenteditorpageclassSetSiteTopic.htm" ismsdn="true" />
      <HelpTopic name="ShowHelp()" link="ms-help://MS.NETFrameworkSDKv1.1/cpref/html/frlrfsystemwindowsformsdesigncomponenteditorpageclassShowHelpTopic.htm" ismsdn="true" />
      <HelpTopic name="SupportsHelp()" link="ms-help://MS.NETFrameworkSDKv1.1/cpref/html/frlrfsystemwindowsformsdesigncomponenteditorpageclassSupportsHelpTopic.htm" ismsdn="true" />
    </HelpFolder>
    <HelpFolder name="Properties" link="ms-help://MS.NETFrameworkSDKv1.1/cpref/html/frlrfsystemwindowsformsdesigncomponenteditorpagePropertiesTopic.htm" ismsdn="true">
      <HelpTopic name="AutoSize" link="ms-help://MS.NETFrameworkSDKv1.1/cpref/html/frlrfsystemwindowsformsdesigncomponenteditorpageclassAutoSizeTopic.htm" ismsdn="true" />
      <HelpTopic name="CommitOnDeactivate" link="ms-help://MS.NETFrameworkSDKv1.1/cpref/html/frlrfsystemwindowsformsdesigncomponenteditorpageclassCommitOnDeactivateTopic.htm" ismsdn="true" />
      <HelpTopic name="Icon" link="ms-help://MS.NETFrameworkSDKv1.1/cpref/html/frlrfsystemwindowsformsdesigncomponenteditorpageclassIconTopic.htm" ismsdn="true" />
      <HelpTopic name="Title" link="ms-help://MS.NETFrameworkSDKv1.1/cpref/html/frlrfsystemwindowsformsdesigncomponenteditorpageclassTitleTopic.htm" ismsdn="true" />
    </HelpFolder>
    <HelpFolder name="Events" link="ms-help://MS.NETFrameworkSDKv1.1/cpref/html/frlrfsystemwindowsformsdesigncomponenteditorpageEventsTopic.htm" ismsdn="true">
      <HelpTopic name="AutoSizeChanged" link="ms-help://MS.NETFrameworkSDKv1.1/cpref/html/frlrfsystemwindowsformsdesigncomponenteditorpageclassAutoSizeChangedTopic.htm" ismsdn="true" />
    </HelpFolder>
  </HelpFolder>
  <HelpFolder name="ComponentTray class" link="ms-help://MS.NETFrameworkSDKv1.1/cpref/html/frlrfsystemwindowsformsdesigncomponenttrayClassTopic.htm" ismsdn="true">
    <HelpTopic name="ComponentTray members" link="ms-help://MS.NETFrameworkSDKv1.1/cpref/html/frlrfsystemwindowsformsdesigncomponenttrayMembersTopic.htm" ismsdn="true" />
    <HelpFolder name="Constructors" link="ms-help://MS.NETFrameworkSDKv1.1/cpref/html/frlrfsystemwindowsformsdesigncomponenttrayclassctorTopic.htm" ismsdn="true">
      <HelpTopic name=".ctor(System.ComponentModel.Design.IDesigner, System.IServiceProvider)" link="ms-help://MS.NETFrameworkSDKv1.1/cpref/html/frlrfsystemwindowsformsdesigncomponenttrayclassctorTopic.htm" ismsdn="true" />
    </HelpFolder>
    <HelpFolder name="Methods" link="ms-help://MS.NETFrameworkSDKv1.1/cpref/html/frlrfsystemwindowsformsdesigncomponenttrayMethodsTopic.htm" ismsdn="true">
      <HelpTopic name="AddComponent(System.ComponentModel.IComponent)" link="ms-help://MS.NETFrameworkSDKv1.1/cpref/html/frlrfsystemwindowsformsdesigncomponenttrayclassAddComponentTopic.htm" ismsdn="true" />
      <HelpTopic name="CreateComponentFromTool(System.Drawing.Design.ToolboxItem)" link="ms-help://MS.NETFrameworkSDKv1.1/cpref/html/frlrfsystemwindowsformsdesigncomponenttrayclassCreateComponentFromToolTopic.htm" ismsdn="true" />
      <HelpTopic name="GetNextComponent(System.ComponentModel.IComponent, System.Boolean)" link="ms-help://MS.NETFrameworkSDKv1.1/cpref/html/frlrfsystemwindowsformsdesigncomponenttrayclassGetNextComponentTopic.htm" ismsdn="true" />
      <HelpTopic name="GetLocation(System.ComponentModel.IComponent)" link="ms-help://MS.NETFrameworkSDKv1.1/cpref/html/frlrfsystemwindowsformsdesigncomponenttrayclassGetLocationTopic.htm" ismsdn="true" />
      <HelpTopic name="GetTrayLocation(System.ComponentModel.IComponent)" link="ms-help://MS.NETFrameworkSDKv1.1/cpref/html/frlrfsystemwindowsformsdesigncomponenttrayclassGetTrayLocationTopic.htm" ismsdn="true" />
      <HelpTopic name="IsTrayComponent(System.ComponentModel.IComponent)" link="ms-help://MS.NETFrameworkSDKv1.1/cpref/html/frlrfsystemwindowsformsdesigncomponenttrayclassIsTrayComponentTopic.htm" ismsdn="true" />
      <HelpTopic name="RemoveComponent(System.ComponentModel.IComponent)" link="ms-help://MS.NETFrameworkSDKv1.1/cpref/html/frlrfsystemwindowsformsdesigncomponenttrayclassRemoveComponentTopic.htm" ismsdn="true" />
      <HelpTopic name="SetLocation(System.ComponentModel.IComponent, System.Drawing.Point)" link="ms-help://MS.NETFrameworkSDKv1.1/cpref/html/frlrfsystemwindowsformsdesigncomponenttrayclassSetLocationTopic.htm" ismsdn="true" />
      <HelpTopic name="SetTrayLocation(System.ComponentModel.IComponent, System.Drawing.Point)" link="ms-help://MS.NETFrameworkSDKv1.1/cpref/html/frlrfsystemwindowsformsdesigncomponenttrayclassSetTrayLocationTopic.htm" ismsdn="true" />
    </HelpFolder>
    <HelpFolder name="Properties" link="ms-help://MS.NETFrameworkSDKv1.1/cpref/html/frlrfsystemwindowsformsdesigncomponenttrayPropertiesTopic.htm" ismsdn="true">
      <HelpTopic name="AutoArrange" link="ms-help://MS.NETFrameworkSDKv1.1/cpref/html/frlrfsystemwindowsformsdesigncomponenttrayclassAutoArrangeTopic.htm" ismsdn="true" />
      <HelpTopic name="ComponentCount" link="ms-help://MS.NETFrameworkSDKv1.1/cpref/html/frlrfsystemwindowsformsdesigncomponenttrayclassComponentCountTopic.htm" ismsdn="true" />
      <HelpTopic name="ShowLargeIcons" link="ms-help://MS.NETFrameworkSDKv1.1/cpref/html/frlrfsystemwindowsformsdesigncomponenttrayclassShowLargeIconsTopic.htm" ismsdn="true" />
    </HelpFolder>
  </HelpFolder>
  <HelpFolder name="ControlDesigner class" link="ms-help://MS.NETFrameworkSDKv1.1/cpref/html/frlrfsystemwindowsformsdesigncontroldesignerClassTopic.htm" ismsdn="true">
    <HelpTopic name="ControlDesigner members" link="ms-help://MS.NETFrameworkSDKv1.1/cpref/html/frlrfsystemwindowsformsdesigncontroldesignerMembersTopic.htm" ismsdn="true" />
    <HelpFolder name="Constructors" link="ms-help://MS.NETFrameworkSDKv1.1/cpref/html/frlrfsystemwindowsformsdesigncontroldesignerclassctorTopic.htm" ismsdn="true">
      <HelpTopic name=".ctor()" link="ms-help://MS.NETFrameworkSDKv1.1/cpref/html/frlrfsystemwindowsformsdesigncontroldesignerclassctorTopic.htm" ismsdn="true" />
    </HelpFolder>
    <HelpFolder name="Methods" link="ms-help://MS.NETFrameworkSDKv1.1/cpref/html/frlrfsystemwindowsformsdesigncontroldesignerMethodsTopic.htm" ismsdn="true">
      <HelpTopic name="NumberOfInternalControlDesigners()" link="ms-help://MS.NETFrameworkSDKv1.1/cpref/html/frlrfsystemwindowsformsdesigncontroldesignerclassNumberOfInternalControlDesignersTopic.htm" ismsdn="true" />
      <HelpTopic name="InternalControlDesigner(System.Int32)" link="ms-help://MS.NETFrameworkSDKv1.1/cpref/html/frlrfsystemwindowsformsdesigncontroldesignerclassInternalControlDesignerTopic.htm" ismsdn="true" />
      <HelpTopic name="CanBeParentedTo(System.ComponentModel.Design.IDesigner)" link="ms-help://MS.NETFrameworkSDKv1.1/cpref/html/frlrfsystemwindowsformsdesigncontroldesignerclassCanBeParentedToTopic.htm" ismsdn="true" />
      <HelpTopic name="GetGlyphs(System.Windows.Forms.Design.Behavior.GlyphSelectionType)" link="ms-help://MS.NETFrameworkSDKv1.1/cpref/html/frlrfsystemwindowsformsdesigncontroldesignerclassGetGlyphsTopic.htm" ismsdn="true" />
      <HelpTopic name="Initialize(System.ComponentModel.IComponent)" link="ms-help://MS.NETFrameworkSDKv1.1/cpref/html/frlrfsystemwindowsformsdesigncontroldesignerclassInitializeTopic.htm" ismsdn="true" />
      <HelpTopic name="InitializeExistingComponent(System.Collections.IDictionary)" link="ms-help://MS.NETFrameworkSDKv1.1/cpref/html/frlrfsystemwindowsformsdesigncontroldesignerclassInitializeExistingComponentTopic.htm" ismsdn="true" />
      <HelpTopic name="InitializeNewComponent(System.Collections.IDictionary)" link="ms-help://MS.NETFrameworkSDKv1.1/cpref/html/frlrfsystemwindowsformsdesigncontroldesignerclassInitializeNewComponentTopic.htm" ismsdn="true" />
      <HelpTopic name="OnSetComponentDefaults()" link="ms-help://MS.NETFrameworkSDKv1.1/cpref/html/frlrfsystemwindowsformsdesigncontroldesignerclassOnSetComponentDefaultsTopic.htm" ismsdn="true" />
    </HelpFolder>
    <HelpFolder name="Properties" link="ms-help://MS.NETFrameworkSDKv1.1/cpref/html/frlrfsystemwindowsformsdesigncontroldesignerPropertiesTopic.htm" ismsdn="true">
      <HelpTopic name="AssociatedComponents" link="ms-help://MS.NETFrameworkSDKv1.1/cpref/html/frlrfsystemwindowsformsdesigncontroldesignerclassAssociatedComponentsTopic.htm" ismsdn="true" />
      <HelpTopic name="AccessibilityObject" link="ms-help://MS.NETFrameworkSDKv1.1/cpref/html/frlrfsystemwindowsformsdesigncontroldesignerclassAccessibilityObjectTopic.htm" ismsdn="true" />
      <HelpTopic name="Control" link="ms-help://MS.NETFrameworkSDKv1.1/cpref/html/frlrfsystemwindowsformsdesigncontroldesignerclassControlTopic.htm" ismsdn="true" />
      <HelpTopic name="ParticipatesWithSnapLines" link="ms-help://MS.NETFrameworkSDKv1.1/cpref/html/frlrfsystemwindowsformsdesigncontroldesignerclassParticipatesWithSnapLinesTopic.htm" ismsdn="true" />
      <HelpTopic name="AutoResizeHandles" link="ms-help://MS.NETFrameworkSDKv1.1/cpref/html/frlrfsystemwindowsformsdesigncontroldesignerclassAutoResizeHandlesTopic.htm" ismsdn="true" />
      <HelpTopic name="SelectionRules" link="ms-help://MS.NETFrameworkSDKv1.1/cpref/html/frlrfsystemwindowsformsdesigncontroldesignerclassSelectionRulesTopic.htm" ismsdn="true" />
      <HelpTopic name="SnapLines" link="ms-help://MS.NETFrameworkSDKv1.1/cpref/html/frlrfsystemwindowsformsdesigncontroldesignerclassSnapLinesTopic.htm" ismsdn="true" />
    </HelpFolder>
  </HelpFolder>
  <HelpFolder name="DesignerOptions class" link="ms-help://MS.NETFrameworkSDKv1.1/cpref/html/frlrfsystemwindowsformsdesigndesigneroptionsClassTopic.htm" ismsdn="true">
    <HelpTopic name="DesignerOptions members" link="ms-help://MS.NETFrameworkSDKv1.1/cpref/html/frlrfsystemwindowsformsdesigndesigneroptionsMembersTopic.htm" ismsdn="true" />
    <HelpFolder name="Constructors" link="ms-help://MS.NETFrameworkSDKv1.1/cpref/html/frlrfsystemwindowsformsdesigndesigneroptionsclassctorTopic.htm" ismsdn="true">
      <HelpTopic name=".ctor()" link="ms-help://MS.NETFrameworkSDKv1.1/cpref/html/frlrfsystemwindowsformsdesigndesigneroptionsclassctorTopic.htm" ismsdn="true" />
    </HelpFolder>
    <HelpFolder name="Properties" link="ms-help://MS.NETFrameworkSDKv1.1/cpref/html/frlrfsystemwindowsformsdesigndesigneroptionsPropertiesTopic.htm" ismsdn="true">
      <HelpTopic name="GridSize" link="ms-help://MS.NETFrameworkSDKv1.1/cpref/html/frlrfsystemwindowsformsdesigndesigneroptionsclassGridSizeTopic.htm" ismsdn="true" />
      <HelpTopic name="ShowGrid" link="ms-help://MS.NETFrameworkSDKv1.1/cpref/html/frlrfsystemwindowsformsdesigndesigneroptionsclassShowGridTopic.htm" ismsdn="true" />
      <HelpTopic name="SnapToGrid" link="ms-help://MS.NETFrameworkSDKv1.1/cpref/html/frlrfsystemwindowsformsdesigndesigneroptionsclassSnapToGridTopic.htm" ismsdn="true" />
      <HelpTopic name="UseSnapLines" link="ms-help://MS.NETFrameworkSDKv1.1/cpref/html/frlrfsystemwindowsformsdesigndesigneroptionsclassUseSnapLinesTopic.htm" ismsdn="true" />
      <HelpTopic name="UseSmartTags" link="ms-help://MS.NETFrameworkSDKv1.1/cpref/html/frlrfsystemwindowsformsdesigndesigneroptionsclassUseSmartTagsTopic.htm" ismsdn="true" />
      <HelpTopic name="ObjectBoundSmartTagAutoShow" link="ms-help://MS.NETFrameworkSDKv1.1/cpref/html/frlrfsystemwindowsformsdesigndesigneroptionsclassObjectBoundSmartTagAutoShowTopic.htm" ismsdn="true" />
      <HelpTopic name="UseOptimizedCodeGeneration" link="ms-help://MS.NETFrameworkSDKv1.1/cpref/html/frlrfsystemwindowsformsdesigndesigneroptionsclassUseOptimizedCodeGenerationTopic.htm" ismsdn="true" />
      <HelpTopic name="EnableInSituEditing" link="ms-help://MS.NETFrameworkSDKv1.1/cpref/html/frlrfsystemwindowsformsdesigndesigneroptionsclassEnableInSituEditingTopic.htm" ismsdn="true" />
    </HelpFolder>
  </HelpFolder>
  <HelpFolder name="DockEditor class" link="ms-help://MS.NETFrameworkSDKv1.1/cpref/html/frlrfsystemwindowsformsdesigndockeditorClassTopic.htm" ismsdn="true">
    <HelpTopic name="DockEditor members" link="ms-help://MS.NETFrameworkSDKv1.1/cpref/html/frlrfsystemwindowsformsdesigndockeditorMembersTopic.htm" ismsdn="true" />
    <HelpFolder name="Constructors" link="ms-help://MS.NETFrameworkSDKv1.1/cpref/html/frlrfsystemwindowsformsdesigndockeditorclassctorTopic.htm" ismsdn="true">
      <HelpTopic name=".ctor()" link="ms-help://MS.NETFrameworkSDKv1.1/cpref/html/frlrfsystemwindowsformsdesigndockeditorclassctorTopic.htm" ismsdn="true" />
    </HelpFolder>
    <HelpFolder name="Methods" link="ms-help://MS.NETFrameworkSDKv1.1/cpref/html/frlrfsystemwindowsformsdesigndockeditorMethodsTopic.htm" ismsdn="true">
      <HelpTopic name="EditValue(System.ComponentModel.ITypeDescriptorContext, System.IServiceProvider, System.Object)" link="ms-help://MS.NETFrameworkSDKv1.1/cpref/html/frlrfsystemwindowsformsdesigndockeditorclassEditValueTopic.htm" ismsdn="true" />
      <HelpTopic name="GetEditStyle(System.ComponentModel.ITypeDescriptorContext)" link="ms-help://MS.NETFrameworkSDKv1.1/cpref/html/frlrfsystemwindowsformsdesigndockeditorclassGetEditStyleTopic.htm" ismsdn="true" />
    </HelpFolder>
  </HelpFolder>
  <HelpFolder name="DocumentDesigner class" link="ms-help://MS.NETFrameworkSDKv1.1/cpref/html/frlrfsystemwindowsformsdesigndocumentdesignerClassTopic.htm" ismsdn="true">
    <HelpTopic name="DocumentDesigner members" link="ms-help://MS.NETFrameworkSDKv1.1/cpref/html/frlrfsystemwindowsformsdesigndocumentdesignerMembersTopic.htm" ismsdn="true" />
    <HelpFolder name="Constructors" link="ms-help://MS.NETFrameworkSDKv1.1/cpref/html/frlrfsystemwindowsformsdesigndocumentdesignerclassctorTopic.htm" ismsdn="true">
      <HelpTopic name=".ctor()" link="ms-help://MS.NETFrameworkSDKv1.1/cpref/html/frlrfsystemwindowsformsdesigndocumentdesignerclassctorTopic.htm" ismsdn="true" />
    </HelpFolder>
    <HelpFolder name="Methods" link="ms-help://MS.NETFrameworkSDKv1.1/cpref/html/frlrfsystemwindowsformsdesigndocumentdesignerMethodsTopic.htm" ismsdn="true">
      <HelpTopic name="GetGlyphs(System.Windows.Forms.Design.Behavior.GlyphSelectionType)" link="ms-help://MS.NETFrameworkSDKv1.1/cpref/html/frlrfsystemwindowsformsdesigndocumentdesignerclassGetGlyphsTopic.htm" ismsdn="true" />
      <HelpTopic name="Initialize(System.ComponentModel.IComponent)" link="ms-help://MS.NETFrameworkSDKv1.1/cpref/html/frlrfsystemwindowsformsdesigndocumentdesignerclassInitializeTopic.htm" ismsdn="true" />
    </HelpFolder>
    <HelpFolder name="Properties" link="ms-help://MS.NETFrameworkSDKv1.1/cpref/html/frlrfsystemwindowsformsdesigndocumentdesignerPropertiesTopic.htm" ismsdn="true">
      <HelpTopic name="SelectionRules" link="ms-help://MS.NETFrameworkSDKv1.1/cpref/html/frlrfsystemwindowsformsdesigndocumentdesignerclassSelectionRulesTopic.htm" ismsdn="true" />
    </HelpFolder>
  </HelpFolder>
  <HelpFolder name="EventHandlerService class" link="ms-help://MS.NETFrameworkSDKv1.1/cpref/html/frlrfsystemwindowsformsdesigneventhandlerserviceClassTopic.htm" ismsdn="true">
    <HelpTopic name="EventHandlerService members" link="ms-help://MS.NETFrameworkSDKv1.1/cpref/html/frlrfsystemwindowsformsdesigneventhandlerserviceMembersTopic.htm" ismsdn="true" />
    <HelpFolder name="Constructors" link="ms-help://MS.NETFrameworkSDKv1.1/cpref/html/frlrfsystemwindowsformsdesigneventhandlerserviceclassctorTopic.htm" ismsdn="true">
      <HelpTopic name=".ctor(System.Windows.Forms.Control)" link="ms-help://MS.NETFrameworkSDKv1.1/cpref/html/frlrfsystemwindowsformsdesigneventhandlerserviceclassctorTopic.htm" ismsdn="true" />
    </HelpFolder>
    <HelpFolder name="Methods" link="ms-help://MS.NETFrameworkSDKv1.1/cpref/html/frlrfsystemwindowsformsdesigneventhandlerserviceMethodsTopic.htm" ismsdn="true">
      <HelpTopic name="GetHandler(System.Type)" link="ms-help://MS.NETFrameworkSDKv1.1/cpref/html/frlrfsystemwindowsformsdesigneventhandlerserviceclassGetHandlerTopic.htm" ismsdn="true" />
      <HelpTopic name="PopHandler(System.Object)" link="ms-help://MS.NETFrameworkSDKv1.1/cpref/html/frlrfsystemwindowsformsdesigneventhandlerserviceclassPopHandlerTopic.htm" ismsdn="true" />
      <HelpTopic name="PushHandler(System.Object)" link="ms-help://MS.NETFrameworkSDKv1.1/cpref/html/frlrfsystemwindowsformsdesigneventhandlerserviceclassPushHandlerTopic.htm" ismsdn="true" />
    </HelpFolder>
    <HelpFolder name="Properties" link="ms-help://MS.NETFrameworkSDKv1.1/cpref/html/frlrfsystemwindowsformsdesigneventhandlerservicePropertiesTopic.htm" ismsdn="true">
      <HelpTopic name="FocusWindow" link="ms-help://MS.NETFrameworkSDKv1.1/cpref/html/frlrfsystemwindowsformsdesigneventhandlerserviceclassFocusWindowTopic.htm" ismsdn="true" />
    </HelpFolder>
    <HelpFolder name="Events" link="ms-help://MS.NETFrameworkSDKv1.1/cpref/html/frlrfsystemwindowsformsdesigneventhandlerserviceEventsTopic.htm" ismsdn="true">
      <HelpTopic name="EventHandlerChanged" link="ms-help://MS.NETFrameworkSDKv1.1/cpref/html/frlrfsystemwindowsformsdesigneventhandlerserviceclassEventHandlerChangedTopic.htm" ismsdn="true" />
    </HelpFolder>
  </HelpFolder>
  <HelpFolder name="EventsTab class" link="ms-help://MS.NETFrameworkSDKv1.1/cpref/html/frlrfsystemwindowsformsdesigneventstabClassTopic.htm" ismsdn="true">
    <HelpTopic name="EventsTab members" link="ms-help://MS.NETFrameworkSDKv1.1/cpref/html/frlrfsystemwindowsformsdesigneventstabMembersTopic.htm" ismsdn="true" />
    <HelpFolder name="Constructors" link="ms-help://MS.NETFrameworkSDKv1.1/cpref/html/frlrfsystemwindowsformsdesigneventstabclassctorTopic.htm" ismsdn="true">
      <HelpTopic name=".ctor(System.IServiceProvider)" link="ms-help://MS.NETFrameworkSDKv1.1/cpref/html/frlrfsystemwindowsformsdesigneventstabclassctorTopic.htm" ismsdn="true" />
    </HelpFolder>
    <HelpFolder name="Methods" link="ms-help://MS.NETFrameworkSDKv1.1/cpref/html/frlrfsystemwindowsformsdesigneventstabMethodsTopic.htm" ismsdn="true">
      <HelpTopic name="GetDefaultProperty(System.Object)" link="ms-help://MS.NETFrameworkSDKv1.1/cpref/html/frlrfsystemwindowsformsdesigneventstabclassGetDefaultPropertyTopic.htm" ismsdn="true" />
      <HelpTopic name="GetProperties(System.Object, System.Attribute[])" link="ms-help://MS.NETFrameworkSDKv1.1/cpref/html/frlrfsystemwindowsformsdesigneventstabclassGetPropertiesTopic1.htm" ismsdn="true" />
      <HelpTopic name="GetProperties(System.ComponentModel.ITypeDescriptorContext, System.Object, System.Attribute[])" link="ms-help://MS.NETFrameworkSDKv1.1/cpref/html/frlrfsystemwindowsformsdesigneventstabclassGetPropertiesTopic2.htm" ismsdn="true" />
      <HelpTopic name="CanExtend(System.Object)" link="ms-help://MS.NETFrameworkSDKv1.1/cpref/html/frlrfsystemwindowsformsdesigneventstabclassCanExtendTopic.htm" ismsdn="true" />
    </HelpFolder>
    <HelpFolder name="Properties" link="ms-help://MS.NETFrameworkSDKv1.1/cpref/html/frlrfsystemwindowsformsdesigneventstabPropertiesTopic.htm" ismsdn="true">
      <HelpTopic name="TabName" link="ms-help://MS.NETFrameworkSDKv1.1/cpref/html/frlrfsystemwindowsformsdesigneventstabclassTabNameTopic.htm" ismsdn="true" />
      <HelpTopic name="HelpKeyword" link="ms-help://MS.NETFrameworkSDKv1.1/cpref/html/frlrfsystemwindowsformsdesigneventstabclassHelpKeywordTopic.htm" ismsdn="true" />
    </HelpFolder>
  </HelpFolder>
  <HelpFolder name="FileNameEditor class" link="ms-help://MS.NETFrameworkSDKv1.1/cpref/html/frlrfsystemwindowsformsdesignfilenameeditorClassTopic.htm" ismsdn="true">
    <HelpTopic name="FileNameEditor members" link="ms-help://MS.NETFrameworkSDKv1.1/cpref/html/frlrfsystemwindowsformsdesignfilenameeditorMembersTopic.htm" ismsdn="true" />
    <HelpFolder name="Constructors" link="ms-help://MS.NETFrameworkSDKv1.1/cpref/html/frlrfsystemwindowsformsdesignfilenameeditorclassctorTopic.htm" ismsdn="true">
      <HelpTopic name=".ctor()" link="ms-help://MS.NETFrameworkSDKv1.1/cpref/html/frlrfsystemwindowsformsdesignfilenameeditorclassctorTopic.htm" ismsdn="true" />
    </HelpFolder>
    <HelpFolder name="Methods" link="ms-help://MS.NETFrameworkSDKv1.1/cpref/html/frlrfsystemwindowsformsdesignfilenameeditorMethodsTopic.htm" ismsdn="true">
      <HelpTopic name="EditValue(System.ComponentModel.ITypeDescriptorContext, System.IServiceProvider, System.Object)" link="ms-help://MS.NETFrameworkSDKv1.1/cpref/html/frlrfsystemwindowsformsdesignfilenameeditorclassEditValueTopic.htm" ismsdn="true" />
      <HelpTopic name="GetEditStyle(System.ComponentModel.ITypeDescriptorContext)" link="ms-help://MS.NETFrameworkSDKv1.1/cpref/html/frlrfsystemwindowsformsdesignfilenameeditorclassGetEditStyleTopic.htm" ismsdn="true" />
    </HelpFolder>
  </HelpFolder>
  <HelpFolder name="FolderNameEditor class" link="ms-help://MS.NETFrameworkSDKv1.1/cpref/html/frlrfsystemwindowsformsdesignfoldernameeditorClassTopic.htm" ismsdn="true">
    <HelpTopic name="FolderNameEditor members" link="ms-help://MS.NETFrameworkSDKv1.1/cpref/html/frlrfsystemwindowsformsdesignfoldernameeditorMembersTopic.htm" ismsdn="true" />
    <HelpFolder name="Constructors" link="ms-help://MS.NETFrameworkSDKv1.1/cpref/html/frlrfsystemwindowsformsdesignfoldernameeditorclassctorTopic.htm" ismsdn="true">
      <HelpTopic name=".ctor()" link="ms-help://MS.NETFrameworkSDKv1.1/cpref/html/frlrfsystemwindowsformsdesignfoldernameeditorclassctorTopic.htm" ismsdn="true" />
    </HelpFolder>
    <HelpFolder name="Methods" link="ms-help://MS.NETFrameworkSDKv1.1/cpref/html/frlrfsystemwindowsformsdesignfoldernameeditorMethodsTopic.htm" ismsdn="true">
      <HelpTopic name="EditValue(System.ComponentModel.ITypeDescriptorContext, System.IServiceProvider, System.Object)" link="ms-help://MS.NETFrameworkSDKv1.1/cpref/html/frlrfsystemwindowsformsdesignfoldernameeditorclassEditValueTopic.htm" ismsdn="true" />
      <HelpTopic name="GetEditStyle(System.ComponentModel.ITypeDescriptorContext)" link="ms-help://MS.NETFrameworkSDKv1.1/cpref/html/frlrfsystemwindowsformsdesignfoldernameeditorclassGetEditStyleTopic.htm" ismsdn="true" />
    </HelpFolder>
  </HelpFolder>
  <HelpFolder name="ImageListCodeDomSerializer class" link="ms-help://MS.NETFrameworkSDKv1.1/cpref/html/frlrfsystemwindowsformsdesignimagelistcodedomserializerClassTopic.htm" ismsdn="true">
    <HelpTopic name="ImageListCodeDomSerializer members" link="ms-help://MS.NETFrameworkSDKv1.1/cpref/html/frlrfsystemwindowsformsdesignimagelistcodedomserializerMembersTopic.htm" ismsdn="true" />
    <HelpFolder name="Constructors" link="ms-help://MS.NETFrameworkSDKv1.1/cpref/html/frlrfsystemwindowsformsdesignimagelistcodedomserializerclassctorTopic.htm" ismsdn="true">
      <HelpTopic name=".ctor()" link="ms-help://MS.NETFrameworkSDKv1.1/cpref/html/frlrfsystemwindowsformsdesignimagelistcodedomserializerclassctorTopic.htm" ismsdn="true" />
    </HelpFolder>
    <HelpFolder name="Methods" link="ms-help://MS.NETFrameworkSDKv1.1/cpref/html/frlrfsystemwindowsformsdesignimagelistcodedomserializerMethodsTopic.htm" ismsdn="true">
      <HelpTopic name="Deserialize(System.ComponentModel.Design.Serialization.IDesignerSerializationManager, System.Object)" link="ms-help://MS.NETFrameworkSDKv1.1/cpref/html/frlrfsystemwindowsformsdesignimagelistcodedomserializerclassDeserializeTopic.htm" ismsdn="true" />
      <HelpTopic name="Serialize(System.ComponentModel.Design.Serialization.IDesignerSerializationManager, System.Object)" link="ms-help://MS.NETFrameworkSDKv1.1/cpref/html/frlrfsystemwindowsformsdesignimagelistcodedomserializerclassSerializeTopic.htm" ismsdn="true" />
    </HelpFolder>
  </HelpFolder>
  <HelpFolder name="ImageListImageEditor class" link="ms-help://MS.NETFrameworkSDKv1.1/cpref/html/frlrfsystemwindowsformsdesignimagelistimageeditorClassTopic.htm" ismsdn="true">
    <HelpTopic name="ImageListImageEditor members" link="ms-help://MS.NETFrameworkSDKv1.1/cpref/html/frlrfsystemwindowsformsdesignimagelistimageeditorMembersTopic.htm" ismsdn="true" />
    <HelpFolder name="Constructors" link="ms-help://MS.NETFrameworkSDKv1.1/cpref/html/frlrfsystemwindowsformsdesignimagelistimageeditorclassctorTopic.htm" ismsdn="true">
      <HelpTopic name=".ctor()" link="ms-help://MS.NETFrameworkSDKv1.1/cpref/html/frlrfsystemwindowsformsdesignimagelistimageeditorclassctorTopic.htm" ismsdn="true" />
    </HelpFolder>
    <HelpFolder name="Methods" link="ms-help://MS.NETFrameworkSDKv1.1/cpref/html/frlrfsystemwindowsformsdesignimagelistimageeditorMethodsTopic.htm" ismsdn="true">
      <HelpTopic name="EditValue(System.ComponentModel.ITypeDescriptorContext, System.IServiceProvider, System.Object)" link="ms-help://MS.NETFrameworkSDKv1.1/cpref/html/frlrfsystemwindowsformsdesignimagelistimageeditorclassEditValueTopic.htm" ismsdn="true" />
      <HelpTopic name="GetPaintValueSupported(System.ComponentModel.ITypeDescriptorContext)" link="ms-help://MS.NETFrameworkSDKv1.1/cpref/html/frlrfsystemwindowsformsdesignimagelistimageeditorclassGetPaintValueSupportedTopic.htm" ismsdn="true" />
      <HelpTopic name="PaintValue(System.Drawing.Design.PaintValueEventArgs)" link="ms-help://MS.NETFrameworkSDKv1.1/cpref/html/frlrfsystemwindowsformsdesignimagelistimageeditorclassPaintValueTopic.htm" ismsdn="true" />
    </HelpFolder>
  </HelpFolder>
  <HelpFolder name="IMenuEditorService interface" link="ms-help://MS.NETFrameworkSDKv1.1/cpref/html/frlrfsystemwindowsformsdesignimenueditorserviceClassTopic.htm" ismsdn="true">
    <HelpTopic name="IMenuEditorService members" link="ms-help://MS.NETFrameworkSDKv1.1/cpref/html/frlrfsystemwindowsformsdesignimenueditorserviceMembersTopic.htm" ismsdn="true" />
    <HelpFolder name="Methods" link="ms-help://MS.NETFrameworkSDKv1.1/cpref/html/frlrfsystemwindowsformsdesignimenueditorserviceMethodsTopic.htm" ismsdn="true">
      <HelpTopic name="GetMenu()" link="ms-help://MS.NETFrameworkSDKv1.1/cpref/html/frlrfsystemwindowsformsdesignimenueditorserviceclassGetMenuTopic.htm" ismsdn="true" />
      <HelpTopic name="IsActive()" link="ms-help://MS.NETFrameworkSDKv1.1/cpref/html/frlrfsystemwindowsformsdesignimenueditorserviceclassIsActiveTopic.htm" ismsdn="true" />
      <HelpTopic name="SetMenu(System.Windows.Forms.Menu)" link="ms-help://MS.NETFrameworkSDKv1.1/cpref/html/frlrfsystemwindowsformsdesignimenueditorserviceclassSetMenuTopic.htm" ismsdn="true" />
      <HelpTopic name="SetSelection(System.Windows.Forms.MenuItem)" link="ms-help://MS.NETFrameworkSDKv1.1/cpref/html/frlrfsystemwindowsformsdesignimenueditorserviceclassSetSelectionTopic.htm" ismsdn="true" />
      <HelpTopic name="MessageFilter(System.Windows.Forms.Message&amp;)" link="ms-help://MS.NETFrameworkSDKv1.1/cpref/html/frlrfsystemwindowsformsdesignimenueditorserviceclassMessageFilterTopic.htm" ismsdn="true" />
    </HelpFolder>
  </HelpFolder>
  <HelpFolder name="IUIService interface" link="ms-help://MS.NETFrameworkSDKv1.1/cpref/html/frlrfsystemwindowsformsdesigniuiserviceClassTopic.htm" ismsdn="true">
    <HelpTopic name="IUIService members" link="ms-help://MS.NETFrameworkSDKv1.1/cpref/html/frlrfsystemwindowsformsdesigniuiserviceMembersTopic.htm" ismsdn="true" />
    <HelpFolder name="Methods" link="ms-help://MS.NETFrameworkSDKv1.1/cpref/html/frlrfsystemwindowsformsdesigniuiserviceMethodsTopic.htm" ismsdn="true">
      <HelpTopic name="CanShowComponentEditor(System.Object)" link="ms-help://MS.NETFrameworkSDKv1.1/cpref/html/frlrfsystemwindowsformsdesigniuiserviceclassCanShowComponentEditorTopic.htm" ismsdn="true" />
      <HelpTopic name="GetDialogOwnerWindow()" link="ms-help://MS.NETFrameworkSDKv1.1/cpref/html/frlrfsystemwindowsformsdesigniuiserviceclassGetDialogOwnerWindowTopic.htm" ismsdn="true" />
      <HelpTopic name="SetUIDirty()" link="ms-help://MS.NETFrameworkSDKv1.1/cpref/html/frlrfsystemwindowsformsdesigniuiserviceclassSetUIDirtyTopic.htm" ismsdn="true" />
      <HelpTopic name="ShowComponentEditor(System.Object, System.Windows.Forms.IWin32Window)" link="ms-help://MS.NETFrameworkSDKv1.1/cpref/html/frlrfsystemwindowsformsdesigniuiserviceclassShowComponentEditorTopic.htm" ismsdn="true" />
      <HelpTopic name="ShowDialog(System.Windows.Forms.Form)" link="ms-help://MS.NETFrameworkSDKv1.1/cpref/html/frlrfsystemwindowsformsdesigniuiserviceclassShowDialogTopic.htm" ismsdn="true" />
      <HelpTopic name="ShowError(System.String)" link="ms-help://MS.NETFrameworkSDKv1.1/cpref/html/frlrfsystemwindowsformsdesigniuiserviceclassShowErrorTopic1.htm" ismsdn="true" />
      <HelpTopic name="ShowError(System.Exception)" link="ms-help://MS.NETFrameworkSDKv1.1/cpref/html/frlrfsystemwindowsformsdesigniuiserviceclassShowErrorTopic2.htm" ismsdn="true" />
      <HelpTopic name="ShowError(System.Exception, System.String)" link="ms-help://MS.NETFrameworkSDKv1.1/cpref/html/frlrfsystemwindowsformsdesigniuiserviceclassShowErrorTopic3.htm" ismsdn="true" />
      <HelpTopic name="ShowMessage(System.String)" link="ms-help://MS.NETFrameworkSDKv1.1/cpref/html/frlrfsystemwindowsformsdesigniuiserviceclassShowMessageTopic1.htm" ismsdn="true" />
      <HelpTopic name="ShowMessage(System.String, System.String)" link="ms-help://MS.NETFrameworkSDKv1.1/cpref/html/frlrfsystemwindowsformsdesigniuiserviceclassShowMessageTopic2.htm" ismsdn="true" />
      <HelpTopic name="ShowMessage(System.String, System.String, System.Windows.Forms.MessageBoxButtons)" link="ms-help://MS.NETFrameworkSDKv1.1/cpref/html/frlrfsystemwindowsformsdesigniuiserviceclassShowMessageTopic3.htm" ismsdn="true" />
      <HelpTopic name="ShowToolWindow(System.Guid)" link="ms-help://MS.NETFrameworkSDKv1.1/cpref/html/frlrfsystemwindowsformsdesigniuiserviceclassShowToolWindowTopic.htm" ismsdn="true" />
    </HelpFolder>
    <HelpFolder name="Properties" link="ms-help://MS.NETFrameworkSDKv1.1/cpref/html/frlrfsystemwindowsformsdesigniuiservicePropertiesTopic.htm" ismsdn="true">
      <HelpTopic name="Styles" link="ms-help://MS.NETFrameworkSDKv1.1/cpref/html/frlrfsystemwindowsformsdesigniuiserviceclassStylesTopic.htm" ismsdn="true" />
    </HelpFolder>
  </HelpFolder>
  <HelpFolder name="IWindowsFormsEditorService interface" link="ms-help://MS.NETFrameworkSDKv1.1/cpref/html/frlrfsystemwindowsformsdesigniwindowsformseditorserviceClassTopic.htm" ismsdn="true">
    <HelpTopic name="IWindowsFormsEditorService members" link="ms-help://MS.NETFrameworkSDKv1.1/cpref/html/frlrfsystemwindowsformsdesigniwindowsformseditorserviceMembersTopic.htm" ismsdn="true" />
    <HelpFolder name="Methods" link="ms-help://MS.NETFrameworkSDKv1.1/cpref/html/frlrfsystemwindowsformsdesigniwindowsformseditorserviceMethodsTopic.htm" ismsdn="true">
      <HelpTopic name="CloseDropDown()" link="ms-help://MS.NETFrameworkSDKv1.1/cpref/html/frlrfsystemwindowsformsdesigniwindowsformseditorserviceclassCloseDropDownTopic.htm" ismsdn="true" />
      <HelpTopic name="DropDownControl(System.Windows.Forms.Control)" link="ms-help://MS.NETFrameworkSDKv1.1/cpref/html/frlrfsystemwindowsformsdesigniwindowsformseditorserviceclassDropDownControlTopic.htm" ismsdn="true" />
      <HelpTopic name="ShowDialog(System.Windows.Forms.Form)" link="ms-help://MS.NETFrameworkSDKv1.1/cpref/html/frlrfsystemwindowsformsdesigniwindowsformseditorserviceclassShowDialogTopic.htm" ismsdn="true" />
    </HelpFolder>
  </HelpFolder>
  <HelpFolder name="MaskDescriptor class" link="ms-help://MS.NETFrameworkSDKv1.1/cpref/html/frlrfsystemwindowsformsdesignmaskdescriptorClassTopic.htm" ismsdn="true">
    <HelpTopic name="MaskDescriptor members" link="ms-help://MS.NETFrameworkSDKv1.1/cpref/html/frlrfsystemwindowsformsdesignmaskdescriptorMembersTopic.htm" ismsdn="true" />
    <HelpFolder name="Methods" link="ms-help://MS.NETFrameworkSDKv1.1/cpref/html/frlrfsystemwindowsformsdesignmaskdescriptorMethodsTopic.htm" ismsdn="true">
      <HelpTopic name="IsValidMaskDescriptor(System.Windows.Forms.Design.MaskDescriptor)" link="ms-help://MS.NETFrameworkSDKv1.1/cpref/html/frlrfsystemwindowsformsdesignmaskdescriptorclassIsValidMaskDescriptorTopic1.htm" ismsdn="true" />
      <HelpTopic name="IsValidMaskDescriptor(System.Windows.Forms.Design.MaskDescriptor, System.String&amp;)" link="ms-help://MS.NETFrameworkSDKv1.1/cpref/html/frlrfsystemwindowsformsdesignmaskdescriptorclassIsValidMaskDescriptorTopic2.htm" ismsdn="true" />
      <HelpTopic name="Equals(System.Object)" link="ms-help://MS.NETFrameworkSDKv1.1/cpref/html/frlrfsystemwindowsformsdesignmaskdescriptorclassEqualsTopic.htm" ismsdn="true" />
      <HelpTopic name="GetHashCode()" link="ms-help://MS.NETFrameworkSDKv1.1/cpref/html/frlrfsystemwindowsformsdesignmaskdescriptorclassGetHashCodeTopic.htm" ismsdn="true" />
      <HelpTopic name="ToString()" link="ms-help://MS.NETFrameworkSDKv1.1/cpref/html/frlrfsystemwindowsformsdesignmaskdescriptorclassToStringTopic.htm" ismsdn="true" />
    </HelpFolder>
    <HelpFolder name="Properties" link="ms-help://MS.NETFrameworkSDKv1.1/cpref/html/frlrfsystemwindowsformsdesignmaskdescriptorPropertiesTopic.htm" ismsdn="true">
      <HelpTopic name="Mask" link="ms-help://MS.NETFrameworkSDKv1.1/cpref/html/frlrfsystemwindowsformsdesignmaskdescriptorclassMaskTopic.htm" ismsdn="true" />
      <HelpTopic name="Name" link="ms-help://MS.NETFrameworkSDKv1.1/cpref/html/frlrfsystemwindowsformsdesignmaskdescriptorclassNameTopic.htm" ismsdn="true" />
      <HelpTopic name="Sample" link="ms-help://MS.NETFrameworkSDKv1.1/cpref/html/frlrfsystemwindowsformsdesignmaskdescriptorclassSampleTopic.htm" ismsdn="true" />
      <HelpTopic name="ValidatingType" link="ms-help://MS.NETFrameworkSDKv1.1/cpref/html/frlrfsystemwindowsformsdesignmaskdescriptorclassValidatingTypeTopic.htm" ismsdn="true" />
      <HelpTopic name="Culture" link="ms-help://MS.NETFrameworkSDKv1.1/cpref/html/frlrfsystemwindowsformsdesignmaskdescriptorclassCultureTopic.htm" ismsdn="true" />
    </HelpFolder>
  </HelpFolder>
  <HelpFolder name="MenuCommands class" link="ms-help://MS.NETFrameworkSDKv1.1/cpref/html/frlrfsystemwindowsformsdesignmenucommandsClassTopic.htm" ismsdn="true">
    <HelpTopic name="MenuCommands members" link="ms-help://MS.NETFrameworkSDKv1.1/cpref/html/frlrfsystemwindowsformsdesignmenucommandsMembersTopic.htm" ismsdn="true" />
    <HelpFolder name="Constructors" link="ms-help://MS.NETFrameworkSDKv1.1/cpref/html/frlrfsystemwindowsformsdesignmenucommandsclassctorTopic.htm" ismsdn="true">
      <HelpTopic name=".ctor()" link="ms-help://MS.NETFrameworkSDKv1.1/cpref/html/frlrfsystemwindowsformsdesignmenucommandsclassctorTopic.htm" ismsdn="true" />
    </HelpFolder>
    <HelpFolder name="Fields" link="ms-help://MS.NETFrameworkSDKv1.1/cpref/html/frlrfsystemwindowsformsdesignmenucommandsFieldsTopic.htm" ismsdn="true">
      <HelpTopic name="SelectionMenu" link="ms-help://MS.NETFrameworkSDKv1.1/cpref/html/frlrfsystemwindowsformsdesignmenucommandsclassSelectionMenuTopic.htm" ismsdn="true" />
      <HelpTopic name="ContainerMenu" link="ms-help://MS.NETFrameworkSDKv1.1/cpref/html/frlrfsystemwindowsformsdesignmenucommandsclassContainerMenuTopic.htm" ismsdn="true" />
      <HelpTopic name="TraySelectionMenu" link="ms-help://MS.NETFrameworkSDKv1.1/cpref/html/frlrfsystemwindowsformsdesignmenucommandsclassTraySelectionMenuTopic.htm" ismsdn="true" />
      <HelpTopic name="ComponentTrayMenu" link="ms-help://MS.NETFrameworkSDKv1.1/cpref/html/frlrfsystemwindowsformsdesignmenucommandsclassComponentTrayMenuTopic.htm" ismsdn="true" />
      <HelpTopic name="DesignerProperties" link="ms-help://MS.NETFrameworkSDKv1.1/cpref/html/frlrfsystemwindowsformsdesignmenucommandsclassDesignerPropertiesTopic.htm" ismsdn="true" />
      <HelpTopic name="KeyCancel" link="ms-help://MS.NETFrameworkSDKv1.1/cpref/html/frlrfsystemwindowsformsdesignmenucommandsclassKeyCancelTopic.htm" ismsdn="true" />
      <HelpTopic name="KeyReverseCancel" link="ms-help://MS.NETFrameworkSDKv1.1/cpref/html/frlrfsystemwindowsformsdesignmenucommandsclassKeyReverseCancelTopic.htm" ismsdn="true" />
      <HelpTopic name="KeyInvokeSmartTag" link="ms-help://MS.NETFrameworkSDKv1.1/cpref/html/frlrfsystemwindowsformsdesignmenucommandsclassKeyInvokeSmartTagTopic.htm" ismsdn="true" />
      <HelpTopic name="KeyDefaultAction" link="ms-help://MS.NETFrameworkSDKv1.1/cpref/html/frlrfsystemwindowsformsdesignmenucommandsclassKeyDefaultActionTopic.htm" ismsdn="true" />
      <HelpTopic name="KeyMoveUp" link="ms-help://MS.NETFrameworkSDKv1.1/cpref/html/frlrfsystemwindowsformsdesignmenucommandsclassKeyMoveUpTopic.htm" ismsdn="true" />
      <HelpTopic name="KeyMoveDown" link="ms-help://MS.NETFrameworkSDKv1.1/cpref/html/frlrfsystemwindowsformsdesignmenucommandsclassKeyMoveDownTopic.htm" ismsdn="true" />
      <HelpTopic name="KeyMoveLeft" link="ms-help://MS.NETFrameworkSDKv1.1/cpref/html/frlrfsystemwindowsformsdesignmenucommandsclassKeyMoveLeftTopic.htm" ismsdn="true" />
      <HelpTopic name="KeyMoveRight" link="ms-help://MS.NETFrameworkSDKv1.1/cpref/html/frlrfsystemwindowsformsdesignmenucommandsclassKeyMoveRightTopic.htm" ismsdn="true" />
      <HelpTopic name="KeyNudgeUp" link="ms-help://MS.NETFrameworkSDKv1.1/cpref/html/frlrfsystemwindowsformsdesignmenucommandsclassKeyNudgeUpTopic.htm" ismsdn="true" />
      <HelpTopic name="KeyNudgeDown" link="ms-help://MS.NETFrameworkSDKv1.1/cpref/html/frlrfsystemwindowsformsdesignmenucommandsclassKeyNudgeDownTopic.htm" ismsdn="true" />
      <HelpTopic name="KeyNudgeLeft" link="ms-help://MS.NETFrameworkSDKv1.1/cpref/html/frlrfsystemwindowsformsdesignmenucommandsclassKeyNudgeLeftTopic.htm" ismsdn="true" />
      <HelpTopic name="KeyNudgeRight" link="ms-help://MS.NETFrameworkSDKv1.1/cpref/html/frlrfsystemwindowsformsdesignmenucommandsclassKeyNudgeRightTopic.htm" ismsdn="true" />
      <HelpTopic name="KeySizeWidthIncrease" link="ms-help://MS.NETFrameworkSDKv1.1/cpref/html/frlrfsystemwindowsformsdesignmenucommandsclassKeySizeWidthIncreaseTopic.htm" ismsdn="true" />
      <HelpTopic name="KeySizeHeightIncrease" link="ms-help://MS.NETFrameworkSDKv1.1/cpref/html/frlrfsystemwindowsformsdesignmenucommandsclassKeySizeHeightIncreaseTopic.htm" ismsdn="true" />
      <HelpTopic name="KeySizeWidthDecrease" link="ms-help://MS.NETFrameworkSDKv1.1/cpref/html/frlrfsystemwindowsformsdesignmenucommandsclassKeySizeWidthDecreaseTopic.htm" ismsdn="true" />
      <HelpTopic name="KeySizeHeightDecrease" link="ms-help://MS.NETFrameworkSDKv1.1/cpref/html/frlrfsystemwindowsformsdesignmenucommandsclassKeySizeHeightDecreaseTopic.htm" ismsdn="true" />
      <HelpTopic name="KeyNudgeWidthIncrease" link="ms-help://MS.NETFrameworkSDKv1.1/cpref/html/frlrfsystemwindowsformsdesignmenucommandsclassKeyNudgeWidthIncreaseTopic.htm" ismsdn="true" />
      <HelpTopic name="KeyNudgeHeightIncrease" link="ms-help://MS.NETFrameworkSDKv1.1/cpref/html/frlrfsystemwindowsformsdesignmenucommandsclassKeyNudgeHeightIncreaseTopic.htm" ismsdn="true" />
      <HelpTopic name="KeyNudgeWidthDecrease" link="ms-help://MS.NETFrameworkSDKv1.1/cpref/html/frlrfsystemwindowsformsdesignmenucommandsclassKeyNudgeWidthDecreaseTopic.htm" ismsdn="true" />
      <HelpTopic name="KeyNudgeHeightDecrease" link="ms-help://MS.NETFrameworkSDKv1.1/cpref/html/frlrfsystemwindowsformsdesignmenucommandsclassKeyNudgeHeightDecreaseTopic.htm" ismsdn="true" />
      <HelpTopic name="KeySelectNext" link="ms-help://MS.NETFrameworkSDKv1.1/cpref/html/frlrfsystemwindowsformsdesignmenucommandsclassKeySelectNextTopic.htm" ismsdn="true" />
      <HelpTopic name="KeySelectPrevious" link="ms-help://MS.NETFrameworkSDKv1.1/cpref/html/frlrfsystemwindowsformsdesignmenucommandsclassKeySelectPreviousTopic.htm" ismsdn="true" />
      <HelpTopic name="KeyTabOrderSelect" link="ms-help://MS.NETFrameworkSDKv1.1/cpref/html/frlrfsystemwindowsformsdesignmenucommandsclassKeyTabOrderSelectTopic.htm" ismsdn="true" />
      <HelpTopic name="EditLabel" link="ms-help://MS.NETFrameworkSDKv1.1/cpref/html/frlrfsystemwindowsformsdesignmenucommandsclassEditLabelTopic.htm" ismsdn="true" />
      <HelpTopic name="KeyHome" link="ms-help://MS.NETFrameworkSDKv1.1/cpref/html/frlrfsystemwindowsformsdesignmenucommandsclassKeyHomeTopic.htm" ismsdn="true" />
      <HelpTopic name="KeyEnd" link="ms-help://MS.NETFrameworkSDKv1.1/cpref/html/frlrfsystemwindowsformsdesignmenucommandsclassKeyEndTopic.htm" ismsdn="true" />
      <HelpTopic name="KeyShiftHome" link="ms-help://MS.NETFrameworkSDKv1.1/cpref/html/frlrfsystemwindowsformsdesignmenucommandsclassKeyShiftHomeTopic.htm" ismsdn="true" />
      <HelpTopic name="KeyShiftEnd" link="ms-help://MS.NETFrameworkSDKv1.1/cpref/html/frlrfsystemwindowsformsdesignmenucommandsclassKeyShiftEndTopic.htm" ismsdn="true" />
      <HelpTopic name="SetStatusText" link="ms-help://MS.NETFrameworkSDKv1.1/cpref/html/frlrfsystemwindowsformsdesignmenucommandsclassSetStatusTextTopic.htm" ismsdn="true" />
      <HelpTopic name="SetStatusRectangle" link="ms-help://MS.NETFrameworkSDKv1.1/cpref/html/frlrfsystemwindowsformsdesignmenucommandsclassSetStatusRectangleTopic.htm" ismsdn="true" />
    </HelpFolder>
  </HelpFolder>
  <HelpFolder name="ParentControlDesigner class" link="ms-help://MS.NETFrameworkSDKv1.1/cpref/html/frlrfsystemwindowsformsdesignparentcontroldesignerClassTopic.htm" ismsdn="true">
    <HelpTopic name="ParentControlDesigner members" link="ms-help://MS.NETFrameworkSDKv1.1/cpref/html/frlrfsystemwindowsformsdesignparentcontroldesignerMembersTopic.htm" ismsdn="true" />
    <HelpFolder name="Constructors" link="ms-help://MS.NETFrameworkSDKv1.1/cpref/html/frlrfsystemwindowsformsdesignparentcontroldesignerclassctorTopic.htm" ismsdn="true">
      <HelpTopic name=".ctor()" link="ms-help://MS.NETFrameworkSDKv1.1/cpref/html/frlrfsystemwindowsformsdesignparentcontroldesignerclassctorTopic.htm" ismsdn="true" />
    </HelpFolder>
    <HelpFolder name="Methods" link="ms-help://MS.NETFrameworkSDKv1.1/cpref/html/frlrfsystemwindowsformsdesignparentcontroldesignerMethodsTopic.htm" ismsdn="true">
      <HelpTopic name="CanParent(System.Windows.Forms.Design.ControlDesigner)" link="ms-help://MS.NETFrameworkSDKv1.1/cpref/html/frlrfsystemwindowsformsdesignparentcontroldesignerclassCanParentTopic1.htm" ismsdn="true" />
      <HelpTopic name="CanParent(System.Windows.Forms.Control)" link="ms-help://MS.NETFrameworkSDKv1.1/cpref/html/frlrfsystemwindowsformsdesignparentcontroldesignerclassCanParentTopic2.htm" ismsdn="true" />
      <HelpTopic name="GetGlyphs(System.Windows.Forms.Design.Behavior.GlyphSelectionType)" link="ms-help://MS.NETFrameworkSDKv1.1/cpref/html/frlrfsystemwindowsformsdesignparentcontroldesignerclassGetGlyphsTopic.htm" ismsdn="true" />
      <HelpTopic name="Initialize(System.ComponentModel.IComponent)" link="ms-help://MS.NETFrameworkSDKv1.1/cpref/html/frlrfsystemwindowsformsdesignparentcontroldesignerclassInitializeTopic.htm" ismsdn="true" />
      <HelpTopic name="InitializeNewComponent(System.Collections.IDictionary)" link="ms-help://MS.NETFrameworkSDKv1.1/cpref/html/frlrfsystemwindowsformsdesignparentcontroldesignerclassInitializeNewComponentTopic.htm" ismsdn="true" />
    </HelpFolder>
    <HelpFolder name="Properties" link="ms-help://MS.NETFrameworkSDKv1.1/cpref/html/frlrfsystemwindowsformsdesignparentcontroldesignerPropertiesTopic.htm" ismsdn="true">
      <HelpTopic name="SnapLines" link="ms-help://MS.NETFrameworkSDKv1.1/cpref/html/frlrfsystemwindowsformsdesignparentcontroldesignerclassSnapLinesTopic.htm" ismsdn="true" />
    </HelpFolder>
  </HelpFolder>
  <HelpFolder name="PropertyTab class" link="ms-help://MS.NETFrameworkSDKv1.1/cpref/html/frlrfsystemwindowsformsdesignpropertytabClassTopic.htm" ismsdn="true">
    <HelpTopic name="PropertyTab members" link="ms-help://MS.NETFrameworkSDKv1.1/cpref/html/frlrfsystemwindowsformsdesignpropertytabMembersTopic.htm" ismsdn="true" />
    <HelpFolder name="Methods" link="ms-help://MS.NETFrameworkSDKv1.1/cpref/html/frlrfsystemwindowsformsdesignpropertytabMethodsTopic.htm" ismsdn="true">
      <HelpTopic name="CanExtend(System.Object)" link="ms-help://MS.NETFrameworkSDKv1.1/cpref/html/frlrfsystemwindowsformsdesignpropertytabclassCanExtendTopic.htm" ismsdn="true" />
      <HelpTopic name="Dispose()" link="ms-help://MS.NETFrameworkSDKv1.1/cpref/html/frlrfsystemwindowsformsdesignpropertytabclassDisposeTopic.htm" ismsdn="true" />
      <HelpTopic name="GetProperties(System.Object)" link="ms-help://MS.NETFrameworkSDKv1.1/cpref/html/frlrfsystemwindowsformsdesignpropertytabclassGetPropertiesTopic.htm" ismsdn="true" />
      <HelpTopic name="GetDefaultProperty(System.Object)" link="ms-help://MS.NETFrameworkSDKv1.1/cpref/html/frlrfsystemwindowsformsdesignpropertytabclassGetDefaultPropertyTopic.htm" ismsdn="true" />
      <HelpTopic name="GetProperties(System.Object, System.Attribute[])" link="ms-help://MS.NETFrameworkSDKv1.1/cpref/html/frlrfsystemwindowsformsdesignpropertytabclassGetPropertiesTopic1.htm" ismsdn="true" />
      <HelpTopic name="GetProperties(System.ComponentModel.ITypeDescriptorContext, System.Object, System.Attribute[])" link="ms-help://MS.NETFrameworkSDKv1.1/cpref/html/frlrfsystemwindowsformsdesignpropertytabclassGetPropertiesTopic2.htm" ismsdn="true" />
    </HelpFolder>
    <HelpFolder name="Properties" link="ms-help://MS.NETFrameworkSDKv1.1/cpref/html/frlrfsystemwindowsformsdesignpropertytabPropertiesTopic.htm" ismsdn="true">
      <HelpTopic name="Bitmap" link="ms-help://MS.NETFrameworkSDKv1.1/cpref/html/frlrfsystemwindowsformsdesignpropertytabclassBitmapTopic.htm" ismsdn="true" />
      <HelpTopic name="Components" link="ms-help://MS.NETFrameworkSDKv1.1/cpref/html/frlrfsystemwindowsformsdesignpropertytabclassComponentsTopic.htm" ismsdn="true" />
      <HelpTopic name="TabName" link="ms-help://MS.NETFrameworkSDKv1.1/cpref/html/frlrfsystemwindowsformsdesignpropertytabclassTabNameTopic.htm" ismsdn="true" />
      <HelpTopic name="HelpKeyword" link="ms-help://MS.NETFrameworkSDKv1.1/cpref/html/frlrfsystemwindowsformsdesignpropertytabclassHelpKeywordTopic.htm" ismsdn="true" />
    </HelpFolder>
  </HelpFolder>
  <HelpFolder name="ScrollableControlDesigner class" link="ms-help://MS.NETFrameworkSDKv1.1/cpref/html/frlrfsystemwindowsformsdesignscrollablecontroldesignerClassTopic.htm" ismsdn="true">
    <HelpTopic name="ScrollableControlDesigner members" link="ms-help://MS.NETFrameworkSDKv1.1/cpref/html/frlrfsystemwindowsformsdesignscrollablecontroldesignerMembersTopic.htm" ismsdn="true" />
    <HelpFolder name="Constructors" link="ms-help://MS.NETFrameworkSDKv1.1/cpref/html/frlrfsystemwindowsformsdesignscrollablecontroldesignerclassctorTopic.htm" ismsdn="true">
      <HelpTopic name=".ctor()" link="ms-help://MS.NETFrameworkSDKv1.1/cpref/html/frlrfsystemwindowsformsdesignscrollablecontroldesignerclassctorTopic.htm" ismsdn="true" />
    </HelpFolder>
  </HelpFolder>
  <HelpTopic name="SelectionRules enumeration" link="ms-help://MS.NETFrameworkSDKv1.1/cpref/html/frlrfsystemwindowsformsdesignselectionrulesClassTopic.htm" ismsdn="true" />
  <HelpFolder name="ShortcutKeysEditor class" link="ms-help://MS.NETFrameworkSDKv1.1/cpref/html/frlrfsystemwindowsformsdesignshortcutkeyseditorClassTopic.htm" ismsdn="true">
    <HelpTopic name="ShortcutKeysEditor members" link="ms-help://MS.NETFrameworkSDKv1.1/cpref/html/frlrfsystemwindowsformsdesignshortcutkeyseditorMembersTopic.htm" ismsdn="true" />
    <HelpFolder name="Constructors" link="ms-help://MS.NETFrameworkSDKv1.1/cpref/html/frlrfsystemwindowsformsdesignshortcutkeyseditorclassctorTopic.htm" ismsdn="true">
      <HelpTopic name=".ctor()" link="ms-help://MS.NETFrameworkSDKv1.1/cpref/html/frlrfsystemwindowsformsdesignshortcutkeyseditorclassctorTopic.htm" ismsdn="true" />
    </HelpFolder>
    <HelpFolder name="Methods" link="ms-help://MS.NETFrameworkSDKv1.1/cpref/html/frlrfsystemwindowsformsdesignshortcutkeyseditorMethodsTopic.htm" ismsdn="true">
      <HelpTopic name="EditValue(System.ComponentModel.ITypeDescriptorContext, System.IServiceProvider, System.Object)" link="ms-help://MS.NETFrameworkSDKv1.1/cpref/html/frlrfsystemwindowsformsdesignshortcutkeyseditorclassEditValueTopic.htm" ismsdn="true" />
      <HelpTopic name="GetEditStyle(System.ComponentModel.ITypeDescriptorContext)" link="ms-help://MS.NETFrameworkSDKv1.1/cpref/html/frlrfsystemwindowsformsdesignshortcutkeyseditorclassGetEditStyleTopic.htm" ismsdn="true" />
    </HelpFolder>
  </HelpFolder>
  <HelpTopic name="ToolStripItemDesignerAvailability enumeration" link="ms-help://MS.NETFrameworkSDKv1.1/cpref/html/frlrfsystemwindowsformsdesigntoolstripitemdesigneravailabilityClassTopic.htm" ismsdn="true" />
  <HelpFolder name="ToolStripItemDesignerAvailabilityAttribute class" link="ms-help://MS.NETFrameworkSDKv1.1/cpref/html/frlrfsystemwindowsformsdesigntoolstripitemdesigneravailabilityattributeClassTopic.htm" ismsdn="true">
    <HelpTopic name="ToolStripItemDesignerAvailabilityAttribute members" link="ms-help://MS.NETFrameworkSDKv1.1/cpref/html/frlrfsystemwindowsformsdesigntoolstripitemdesigneravailabilityattributeMembersTopic.htm" ismsdn="true" />
    <HelpFolder name="Constructors" link="ms-help://MS.NETFrameworkSDKv1.1/cpref/html/frlrfsystemwindowsformsdesigntoolstripitemdesigneravailabilityattributeclassctorTopic.htm" ismsdn="true">
      <HelpTopic name=".ctor()" link="ms-help://MS.NETFrameworkSDKv1.1/cpref/html/frlrfsystemwindowsformsdesigntoolstripitemdesigneravailabilityattributeclassctorTopic1.htm" ismsdn="true" />
      <HelpTopic name=".ctor(System.Windows.Forms.Design.ToolStripItemDesignerAvailability)" link="ms-help://MS.NETFrameworkSDKv1.1/cpref/html/frlrfsystemwindowsformsdesigntoolstripitemdesigneravailabilityattributeclassctorTopic1.htm" ismsdn="true" />
    </HelpFolder>
    <HelpFolder name="Fields" link="ms-help://MS.NETFrameworkSDKv1.1/cpref/html/frlrfsystemwindowsformsdesigntoolstripitemdesigneravailabilityattributeFieldsTopic.htm" ismsdn="true">
      <HelpTopic name="Default" link="ms-help://MS.NETFrameworkSDKv1.1/cpref/html/frlrfsystemwindowsformsdesigntoolstripitemdesigneravailabilityattributeclassDefaultTopic.htm" ismsdn="true" />
    </HelpFolder>
    <HelpFolder name="Methods" link="ms-help://MS.NETFrameworkSDKv1.1/cpref/html/frlrfsystemwindowsformsdesigntoolstripitemdesigneravailabilityattributeMethodsTopic.htm" ismsdn="true">
      <HelpTopic name="Equals(System.Object)" link="ms-help://MS.NETFrameworkSDKv1.1/cpref/html/frlrfsystemwindowsformsdesigntoolstripitemdesigneravailabilityattributeclassEqualsTopic.htm" ismsdn="true" />
      <HelpTopic name="GetHashCode()" link="ms-help://MS.NETFrameworkSDKv1.1/cpref/html/frlrfsystemwindowsformsdesigntoolstripitemdesigneravailabilityattributeclassGetHashCodeTopic.htm" ismsdn="true" />
      <HelpTopic name="IsDefaultAttribute()" link="ms-help://MS.NETFrameworkSDKv1.1/cpref/html/frlrfsystemwindowsformsdesigntoolstripitemdesigneravailabilityattributeclassIsDefaultAttributeTopic.htm" ismsdn="true" />
    </HelpFolder>
    <HelpFolder name="Properties" link="ms-help://MS.NETFrameworkSDKv1.1/cpref/html/frlrfsystemwindowsformsdesigntoolstripitemdesigneravailabilityattributePropertiesTopic.htm" ismsdn="true">
      <HelpTopic name="ItemAdditionVisibility" link="ms-help://MS.NETFrameworkSDKv1.1/cpref/html/frlrfsystemwindowsformsdesigntoolstripitemdesigneravailabilityattributeclassItemAdditionVisibilityTopic.htm" ismsdn="true" />
    </HelpFolder>
  </HelpFolder>
  <HelpFolder name="WindowsFormsComponentEditor class" link="ms-help://MS.NETFrameworkSDKv1.1/cpref/html/frlrfsystemwindowsformsdesignwindowsformscomponenteditorClassTopic.htm" ismsdn="true">
    <HelpTopic name="WindowsFormsComponentEditor members" link="ms-help://MS.NETFrameworkSDKv1.1/cpref/html/frlrfsystemwindowsformsdesignwindowsformscomponenteditorMembersTopic.htm" ismsdn="true" />
    <HelpFolder name="Methods" link="ms-help://MS.NETFrameworkSDKv1.1/cpref/html/frlrfsystemwindowsformsdesignwindowsformscomponenteditorMethodsTopic.htm" ismsdn="true">
      <HelpTopic name="EditComponent(System.ComponentModel.ITypeDescriptorContext, System.Object)" link="ms-help://MS.NETFrameworkSDKv1.1/cpref/html/frlrfsystemwindowsformsdesignwindowsformscomponenteditorclassEditComponentTopic0.htm" ismsdn="true" />
      <HelpTopic name="EditComponent(System.Object, System.Windows.Forms.IWin32Window)" link="ms-help://MS.NETFrameworkSDKv1.1/cpref/html/frlrfsystemwindowsformsdesignwindowsformscomponenteditorclassEditComponentTopic1.htm" ismsdn="true" />
      <HelpTopic name="EditComponent(System.ComponentModel.ITypeDescriptorContext, System.Object, System.Windows.Forms.IWin32Window)" link="ms-help://MS.NETFrameworkSDKv1.1/cpref/html/frlrfsystemwindowsformsdesignwindowsformscomponenteditorclassEditComponentTopic2.htm" ismsdn="true" />
    </HelpFolder>
  </HelpFolder>
  <HelpFolder name="WindowsFormsDesignerOptionService class" link="ms-help://MS.NETFrameworkSDKv1.1/cpref/html/frlrfsystemwindowsformsdesignwindowsformsdesigneroptionserviceClassTopic.htm" ismsdn="true">
    <HelpTopic name="WindowsFormsDesignerOptionService members" link="ms-help://MS.NETFrameworkSDKv1.1/cpref/html/frlrfsystemwindowsformsdesignwindowsformsdesigneroptionserviceMembersTopic.htm" ismsdn="true" />
    <HelpFolder name="Constructors" link="ms-help://MS.NETFrameworkSDKv1.1/cpref/html/frlrfsystemwindowsformsdesignwindowsformsdesigneroptionserviceclassctorTopic.htm" ismsdn="true">
      <HelpTopic name=".ctor()" link="ms-help://MS.NETFrameworkSDKv1.1/cpref/html/frlrfsystemwindowsformsdesignwindowsformsdesigneroptionserviceclassctorTopic.htm" ismsdn="true" />
    </HelpFolder>
    <HelpFolder name="Properties" link="ms-help://MS.NETFrameworkSDKv1.1/cpref/html/frlrfsystemwindowsformsdesignwindowsformsdesigneroptionservicePropertiesTopic.htm" ismsdn="true">
      <HelpTopic name="CompatibilityOptions" link="ms-help://MS.NETFrameworkSDKv1.1/cpref/html/frlrfsystemwindowsformsdesignwindowsformsdesigneroptionserviceclassCompatibilityOptionsTopic.htm" ismsdn="true" />
    </HelpFolder>
  </HelpFolder>
</HelpCollection>