<HelpCollection>
  <HelpFolder name="SoapAttribute class" link="ms-help://MS.NETFrameworkSDKv1.1/cpref/html/frlrfsystemruntimeremotingmetadatasoapattributeClassTopic.htm" ismsdn="true">
    <HelpTopic name="SoapAttribute members" link="ms-help://MS.NETFrameworkSDKv1.1/cpref/html/frlrfsystemruntimeremotingmetadatasoapattributeMembersTopic.htm" ismsdn="true" />
    <HelpFolder name="Constructors" link="ms-help://MS.NETFrameworkSDKv1.1/cpref/html/frlrfsystemruntimeremotingmetadatasoapattributeclassctorTopic.htm" ismsdn="true">
      <HelpTopic name=".ctor()" link="ms-help://MS.NETFrameworkSDKv1.1/cpref/html/frlrfsystemruntimeremotingmetadatasoapattributeclassctorTopic.htm" ismsdn="true" />
    </HelpFolder>
    <HelpFolder name="Properties" link="ms-help://MS.NETFrameworkSDKv1.1/cpref/html/frlrfsystemruntimeremotingmetadatasoapattributePropertiesTopic.htm" ismsdn="true">
      <HelpTopic name="XmlNamespace" link="ms-help://MS.NETFrameworkSDKv1.1/cpref/html/frlrfsystemruntimeremotingmetadatasoapattributeclassXmlNamespaceTopic.htm" ismsdn="true" />
      <HelpTopic name="UseAttribute" link="ms-help://MS.NETFrameworkSDKv1.1/cpref/html/frlrfsystemruntimeremotingmetadatasoapattributeclassUseAttributeTopic.htm" ismsdn="true" />
      <HelpTopic name="Embedded" link="ms-help://MS.NETFrameworkSDKv1.1/cpref/html/frlrfsystemruntimeremotingmetadatasoapattributeclassEmbeddedTopic.htm" ismsdn="true" />
    </HelpFolder>
  </HelpFolder>
  <HelpFolder name="SoapFieldAttribute class" link="ms-help://MS.NETFrameworkSDKv1.1/cpref/html/frlrfsystemruntimeremotingmetadatasoapfieldattributeClassTopic.htm" ismsdn="true">
    <HelpTopic name="SoapFieldAttribute members" link="ms-help://MS.NETFrameworkSDKv1.1/cpref/html/frlrfsystemruntimeremotingmetadatasoapfieldattributeMembersTopic.htm" ismsdn="true" />
    <HelpFolder name="Constructors" link="ms-help://MS.NETFrameworkSDKv1.1/cpref/html/frlrfsystemruntimeremotingmetadatasoapfieldattributeclassctorTopic.htm" ismsdn="true">
      <HelpTopic name=".ctor()" link="ms-help://MS.NETFrameworkSDKv1.1/cpref/html/frlrfsystemruntimeremotingmetadatasoapfieldattributeclassctorTopic.htm" ismsdn="true" />
    </HelpFolder>
    <HelpFolder name="Methods" link="ms-help://MS.NETFrameworkSDKv1.1/cpref/html/frlrfsystemruntimeremotingmetadatasoapfieldattributeMethodsTopic.htm" ismsdn="true">
      <HelpTopic name="IsInteropXmlElement()" link="ms-help://MS.NETFrameworkSDKv1.1/cpref/html/frlrfsystemruntimeremotingmetadatasoapfieldattributeclassIsInteropXmlElementTopic.htm" ismsdn="true" />
    </HelpFolder>
    <HelpFolder name="Properties" link="ms-help://MS.NETFrameworkSDKv1.1/cpref/html/frlrfsystemruntimeremotingmetadatasoapfieldattributePropertiesTopic.htm" ismsdn="true">
      <HelpTopic name="XmlElementName" link="ms-help://MS.NETFrameworkSDKv1.1/cpref/html/frlrfsystemruntimeremotingmetadatasoapfieldattributeclassXmlElementNameTopic.htm" ismsdn="true" />
      <HelpTopic name="Order" link="ms-help://MS.NETFrameworkSDKv1.1/cpref/html/frlrfsystemruntimeremotingmetadatasoapfieldattributeclassOrderTopic.htm" ismsdn="true" />
    </HelpFolder>
  </HelpFolder>
  <HelpFolder name="SoapMethodAttribute class" link="ms-help://MS.NETFrameworkSDKv1.1/cpref/html/frlrfsystemruntimeremotingmetadatasoapmethodattributeClassTopic.htm" ismsdn="true">
    <HelpTopic name="SoapMethodAttribute members" link="ms-help://MS.NETFrameworkSDKv1.1/cpref/html/frlrfsystemruntimeremotingmetadatasoapmethodattributeMembersTopic.htm" ismsdn="true" />
    <HelpFolder name="Constructors" link="ms-help://MS.NETFrameworkSDKv1.1/cpref/html/frlrfsystemruntimeremotingmetadatasoapmethodattributeclassctorTopic.htm" ismsdn="true">
      <HelpTopic name=".ctor()" link="ms-help://MS.NETFrameworkSDKv1.1/cpref/html/frlrfsystemruntimeremotingmetadatasoapmethodattributeclassctorTopic.htm" ismsdn="true" />
    </HelpFolder>
    <HelpFolder name="Properties" link="ms-help://MS.NETFrameworkSDKv1.1/cpref/html/frlrfsystemruntimeremotingmetadatasoapmethodattributePropertiesTopic.htm" ismsdn="true">
      <HelpTopic name="SoapAction" link="ms-help://MS.NETFrameworkSDKv1.1/cpref/html/frlrfsystemruntimeremotingmetadatasoapmethodattributeclassSoapActionTopic.htm" ismsdn="true" />
      <HelpTopic name="UseAttribute" link="ms-help://MS.NETFrameworkSDKv1.1/cpref/html/frlrfsystemruntimeremotingmetadatasoapmethodattributeclassUseAttributeTopic.htm" ismsdn="true" />
      <HelpTopic name="XmlNamespace" link="ms-help://MS.NETFrameworkSDKv1.1/cpref/html/frlrfsystemruntimeremotingmetadatasoapmethodattributeclassXmlNamespaceTopic.htm" ismsdn="true" />
      <HelpTopic name="ResponseXmlElementName" link="ms-help://MS.NETFrameworkSDKv1.1/cpref/html/frlrfsystemruntimeremotingmetadatasoapmethodattributeclassResponseXmlElementNameTopic.htm" ismsdn="true" />
      <HelpTopic name="ResponseXmlNamespace" link="ms-help://MS.NETFrameworkSDKv1.1/cpref/html/frlrfsystemruntimeremotingmetadatasoapmethodattributeclassResponseXmlNamespaceTopic.htm" ismsdn="true" />
      <HelpTopic name="ReturnXmlElementName" link="ms-help://MS.NETFrameworkSDKv1.1/cpref/html/frlrfsystemruntimeremotingmetadatasoapmethodattributeclassReturnXmlElementNameTopic.htm" ismsdn="true" />
    </HelpFolder>
  </HelpFolder>
  <HelpTopic name="SoapOption enumeration" link="ms-help://MS.NETFrameworkSDKv1.1/cpref/html/frlrfsystemruntimeremotingmetadatasoapoptionClassTopic.htm" ismsdn="true" />
  <HelpFolder name="SoapParameterAttribute class" link="ms-help://MS.NETFrameworkSDKv1.1/cpref/html/frlrfsystemruntimeremotingmetadatasoapparameterattributeClassTopic.htm" ismsdn="true">
    <HelpTopic name="SoapParameterAttribute members" link="ms-help://MS.NETFrameworkSDKv1.1/cpref/html/frlrfsystemruntimeremotingmetadatasoapparameterattributeMembersTopic.htm" ismsdn="true" />
    <HelpFolder name="Constructors" link="ms-help://MS.NETFrameworkSDKv1.1/cpref/html/frlrfsystemruntimeremotingmetadatasoapparameterattributeclassctorTopic.htm" ismsdn="true">
      <HelpTopic name=".ctor()" link="ms-help://MS.NETFrameworkSDKv1.1/cpref/html/frlrfsystemruntimeremotingmetadatasoapparameterattributeclassctorTopic.htm" ismsdn="true" />
    </HelpFolder>
  </HelpFolder>
  <HelpFolder name="SoapTypeAttribute class" link="ms-help://MS.NETFrameworkSDKv1.1/cpref/html/frlrfsystemruntimeremotingmetadatasoaptypeattributeClassTopic.htm" ismsdn="true">
    <HelpTopic name="SoapTypeAttribute members" link="ms-help://MS.NETFrameworkSDKv1.1/cpref/html/frlrfsystemruntimeremotingmetadatasoaptypeattributeMembersTopic.htm" ismsdn="true" />
    <HelpFolder name="Constructors" link="ms-help://MS.NETFrameworkSDKv1.1/cpref/html/frlrfsystemruntimeremotingmetadatasoaptypeattributeclassctorTopic.htm" ismsdn="true">
      <HelpTopic name=".ctor()" link="ms-help://MS.NETFrameworkSDKv1.1/cpref/html/frlrfsystemruntimeremotingmetadatasoaptypeattributeclassctorTopic.htm" ismsdn="true" />
    </HelpFolder>
    <HelpFolder name="Properties" link="ms-help://MS.NETFrameworkSDKv1.1/cpref/html/frlrfsystemruntimeremotingmetadatasoaptypeattributePropertiesTopic.htm" ismsdn="true">
      <HelpTopic name="SoapOptions" link="ms-help://MS.NETFrameworkSDKv1.1/cpref/html/frlrfsystemruntimeremotingmetadatasoaptypeattributeclassSoapOptionsTopic.htm" ismsdn="true" />
      <HelpTopic name="XmlElementName" link="ms-help://MS.NETFrameworkSDKv1.1/cpref/html/frlrfsystemruntimeremotingmetadatasoaptypeattributeclassXmlElementNameTopic.htm" ismsdn="true" />
      <HelpTopic name="XmlNamespace" link="ms-help://MS.NETFrameworkSDKv1.1/cpref/html/frlrfsystemruntimeremotingmetadatasoaptypeattributeclassXmlNamespaceTopic.htm" ismsdn="true" />
      <HelpTopic name="XmlTypeName" link="ms-help://MS.NETFrameworkSDKv1.1/cpref/html/frlrfsystemruntimeremotingmetadatasoaptypeattributeclassXmlTypeNameTopic.htm" ismsdn="true" />
      <HelpTopic name="XmlTypeNamespace" link="ms-help://MS.NETFrameworkSDKv1.1/cpref/html/frlrfsystemruntimeremotingmetadatasoaptypeattributeclassXmlTypeNamespaceTopic.htm" ismsdn="true" />
      <HelpTopic name="XmlFieldOrder" link="ms-help://MS.NETFrameworkSDKv1.1/cpref/html/frlrfsystemruntimeremotingmetadatasoaptypeattributeclassXmlFieldOrderTopic.htm" ismsdn="true" />
      <HelpTopic name="UseAttribute" link="ms-help://MS.NETFrameworkSDKv1.1/cpref/html/frlrfsystemruntimeremotingmetadatasoaptypeattributeclassUseAttributeTopic.htm" ismsdn="true" />
    </HelpFolder>
  </HelpFolder>
  <HelpTopic name="XmlFieldOrderOption enumeration" link="ms-help://MS.NETFrameworkSDKv1.1/cpref/html/frlrfsystemruntimeremotingmetadataxmlfieldorderoptionClassTopic.htm" ismsdn="true" />
</HelpCollection>