<HelpCollection>
  <HelpFolder name="Capture class" link="ms-help://MS.NETFrameworkSDKv1.1/cpref/html/frlrfsystemtextregularexpressionscaptureClassTopic.htm" ismsdn="true">
    <HelpTopic name="Capture members" link="ms-help://MS.NETFrameworkSDKv1.1/cpref/html/frlrfsystemtextregularexpressionscaptureMembersTopic.htm" ismsdn="true" />
    <HelpFolder name="Methods" link="ms-help://MS.NETFrameworkSDKv1.1/cpref/html/frlrfsystemtextregularexpressionscaptureMethodsTopic.htm" ismsdn="true">
      <HelpTopic name="ToString()" link="ms-help://MS.NETFrameworkSDKv1.1/cpref/html/frlrfsystemtextregularexpressionscaptureclassToStringTopic.htm" ismsdn="true" />
    </HelpFolder>
    <HelpFolder name="Properties" link="ms-help://MS.NETFrameworkSDKv1.1/cpref/html/frlrfsystemtextregularexpressionscapturePropertiesTopic.htm" ismsdn="true">
      <HelpTopic name="Index" link="ms-help://MS.NETFrameworkSDKv1.1/cpref/html/frlrfsystemtextregularexpressionscaptureclassIndexTopic.htm" ismsdn="true" />
      <HelpTopic name="Length" link="ms-help://MS.NETFrameworkSDKv1.1/cpref/html/frlrfsystemtextregularexpressionscaptureclassLengthTopic.htm" ismsdn="true" />
      <HelpTopic name="Value" link="ms-help://MS.NETFrameworkSDKv1.1/cpref/html/frlrfsystemtextregularexpressionscaptureclassValueTopic.htm" ismsdn="true" />
    </HelpFolder>
  </HelpFolder>
  <HelpFolder name="CaptureCollection class" link="ms-help://MS.NETFrameworkSDKv1.1/cpref/html/frlrfsystemtextregularexpressionscapturecollectionClassTopic.htm" ismsdn="true">
    <HelpTopic name="CaptureCollection members" link="ms-help://MS.NETFrameworkSDKv1.1/cpref/html/frlrfsystemtextregularexpressionscapturecollectionMembersTopic.htm" ismsdn="true" />
    <HelpFolder name="Methods" link="ms-help://MS.NETFrameworkSDKv1.1/cpref/html/frlrfsystemtextregularexpressionscapturecollectionMethodsTopic.htm" ismsdn="true">
      <HelpTopic name="GetEnumerator()" link="ms-help://MS.NETFrameworkSDKv1.1/cpref/html/frlrfsystemtextregularexpressionscapturecollectionclassGetEnumeratorTopic.htm" ismsdn="true" />
      <HelpTopic name="CopyTo(System.Array, System.Int32)" link="ms-help://MS.NETFrameworkSDKv1.1/cpref/html/frlrfsystemtextregularexpressionscapturecollectionclassCopyToTopic.htm" ismsdn="true" />
    </HelpFolder>
    <HelpFolder name="Properties" link="ms-help://MS.NETFrameworkSDKv1.1/cpref/html/frlrfsystemtextregularexpressionscapturecollectionPropertiesTopic.htm" ismsdn="true">
      <HelpTopic name="SyncRoot" link="ms-help://MS.NETFrameworkSDKv1.1/cpref/html/frlrfsystemtextregularexpressionscapturecollectionclassSyncRootTopic.htm" ismsdn="true" />
      <HelpTopic name="IsSynchronized" link="ms-help://MS.NETFrameworkSDKv1.1/cpref/html/frlrfsystemtextregularexpressionscapturecollectionclassIsSynchronizedTopic.htm" ismsdn="true" />
      <HelpTopic name="IsReadOnly" link="ms-help://MS.NETFrameworkSDKv1.1/cpref/html/frlrfsystemtextregularexpressionscapturecollectionclassIsReadOnlyTopic.htm" ismsdn="true" />
      <HelpTopic name="Count" link="ms-help://MS.NETFrameworkSDKv1.1/cpref/html/frlrfsystemtextregularexpressionscapturecollectionclassCountTopic.htm" ismsdn="true" />
      <HelpTopic name="Item" link="ms-help://MS.NETFrameworkSDKv1.1/cpref/html/frlrfsystemtextregularexpressionscapturecollectionclassItemTopic.htm" ismsdn="true" />
    </HelpFolder>
  </HelpFolder>
  <HelpFolder name="Group class" link="ms-help://MS.NETFrameworkSDKv1.1/cpref/html/frlrfsystemtextregularexpressionsgroupClassTopic.htm" ismsdn="true">
    <HelpTopic name="Group members" link="ms-help://MS.NETFrameworkSDKv1.1/cpref/html/frlrfsystemtextregularexpressionsgroupMembersTopic.htm" ismsdn="true" />
    <HelpFolder name="Methods" link="ms-help://MS.NETFrameworkSDKv1.1/cpref/html/frlrfsystemtextregularexpressionsgroupMethodsTopic.htm" ismsdn="true">
      <HelpTopic name="Synchronized(System.Text.RegularExpressions.Group)" link="ms-help://MS.NETFrameworkSDKv1.1/cpref/html/frlrfsystemtextregularexpressionsgroupclassSynchronizedTopic.htm" ismsdn="true" />
    </HelpFolder>
    <HelpFolder name="Properties" link="ms-help://MS.NETFrameworkSDKv1.1/cpref/html/frlrfsystemtextregularexpressionsgroupPropertiesTopic.htm" ismsdn="true">
      <HelpTopic name="Success" link="ms-help://MS.NETFrameworkSDKv1.1/cpref/html/frlrfsystemtextregularexpressionsgroupclassSuccessTopic.htm" ismsdn="true" />
      <HelpTopic name="Captures" link="ms-help://MS.NETFrameworkSDKv1.1/cpref/html/frlrfsystemtextregularexpressionsgroupclassCapturesTopic.htm" ismsdn="true" />
    </HelpFolder>
  </HelpFolder>
  <HelpFolder name="GroupCollection class" link="ms-help://MS.NETFrameworkSDKv1.1/cpref/html/frlrfsystemtextregularexpressionsgroupcollectionClassTopic.htm" ismsdn="true">
    <HelpTopic name="GroupCollection members" link="ms-help://MS.NETFrameworkSDKv1.1/cpref/html/frlrfsystemtextregularexpressionsgroupcollectionMembersTopic.htm" ismsdn="true" />
    <HelpFolder name="Methods" link="ms-help://MS.NETFrameworkSDKv1.1/cpref/html/frlrfsystemtextregularexpressionsgroupcollectionMethodsTopic.htm" ismsdn="true">
      <HelpTopic name="GetEnumerator()" link="ms-help://MS.NETFrameworkSDKv1.1/cpref/html/frlrfsystemtextregularexpressionsgroupcollectionclassGetEnumeratorTopic.htm" ismsdn="true" />
      <HelpTopic name="CopyTo(System.Array, System.Int32)" link="ms-help://MS.NETFrameworkSDKv1.1/cpref/html/frlrfsystemtextregularexpressionsgroupcollectionclassCopyToTopic.htm" ismsdn="true" />
    </HelpFolder>
    <HelpFolder name="Properties" link="ms-help://MS.NETFrameworkSDKv1.1/cpref/html/frlrfsystemtextregularexpressionsgroupcollectionPropertiesTopic.htm" ismsdn="true">
      <HelpTopic name="SyncRoot" link="ms-help://MS.NETFrameworkSDKv1.1/cpref/html/frlrfsystemtextregularexpressionsgroupcollectionclassSyncRootTopic.htm" ismsdn="true" />
      <HelpTopic name="IsSynchronized" link="ms-help://MS.NETFrameworkSDKv1.1/cpref/html/frlrfsystemtextregularexpressionsgroupcollectionclassIsSynchronizedTopic.htm" ismsdn="true" />
      <HelpTopic name="IsReadOnly" link="ms-help://MS.NETFrameworkSDKv1.1/cpref/html/frlrfsystemtextregularexpressionsgroupcollectionclassIsReadOnlyTopic.htm" ismsdn="true" />
      <HelpTopic name="Count" link="ms-help://MS.NETFrameworkSDKv1.1/cpref/html/frlrfsystemtextregularexpressionsgroupcollectionclassCountTopic.htm" ismsdn="true" />
      <HelpTopic name="Item" link="ms-help://MS.NETFrameworkSDKv1.1/cpref/html/frlrfsystemtextregularexpressionsgroupcollectionclassItemTopic.htm" ismsdn="true" />
      <HelpTopic name="Item" link="ms-help://MS.NETFrameworkSDKv1.1/cpref/html/frlrfsystemtextregularexpressionsgroupcollectionclassItemTopic.htm" ismsdn="true" />
    </HelpFolder>
  </HelpFolder>
  <HelpFolder name="Match class" link="ms-help://MS.NETFrameworkSDKv1.1/cpref/html/frlrfsystemtextregularexpressionsmatchClassTopic.htm" ismsdn="true">
    <HelpTopic name="Match members" link="ms-help://MS.NETFrameworkSDKv1.1/cpref/html/frlrfsystemtextregularexpressionsmatchMembersTopic.htm" ismsdn="true" />
    <HelpFolder name="Methods" link="ms-help://MS.NETFrameworkSDKv1.1/cpref/html/frlrfsystemtextregularexpressionsmatchMethodsTopic.htm" ismsdn="true">
      <HelpTopic name="Result(System.String)" link="ms-help://MS.NETFrameworkSDKv1.1/cpref/html/frlrfsystemtextregularexpressionsmatchclassResultTopic.htm" ismsdn="true" />
      <HelpTopic name="NextMatch()" link="ms-help://MS.NETFrameworkSDKv1.1/cpref/html/frlrfsystemtextregularexpressionsmatchclassNextMatchTopic.htm" ismsdn="true" />
      <HelpTopic name="Synchronized(System.Text.RegularExpressions.Match)" link="ms-help://MS.NETFrameworkSDKv1.1/cpref/html/frlrfsystemtextregularexpressionsmatchclassSynchronizedTopic.htm" ismsdn="true" />
    </HelpFolder>
    <HelpFolder name="Properties" link="ms-help://MS.NETFrameworkSDKv1.1/cpref/html/frlrfsystemtextregularexpressionsmatchPropertiesTopic.htm" ismsdn="true">
      <HelpTopic name="Empty" link="ms-help://MS.NETFrameworkSDKv1.1/cpref/html/frlrfsystemtextregularexpressionsmatchclassEmptyTopic.htm" ismsdn="true" />
      <HelpTopic name="Groups" link="ms-help://MS.NETFrameworkSDKv1.1/cpref/html/frlrfsystemtextregularexpressionsmatchclassGroupsTopic.htm" ismsdn="true" />
    </HelpFolder>
  </HelpFolder>
  <HelpFolder name="MatchCollection class" link="ms-help://MS.NETFrameworkSDKv1.1/cpref/html/frlrfsystemtextregularexpressionsmatchcollectionClassTopic.htm" ismsdn="true">
    <HelpTopic name="MatchCollection members" link="ms-help://MS.NETFrameworkSDKv1.1/cpref/html/frlrfsystemtextregularexpressionsmatchcollectionMembersTopic.htm" ismsdn="true" />
    <HelpFolder name="Methods" link="ms-help://MS.NETFrameworkSDKv1.1/cpref/html/frlrfsystemtextregularexpressionsmatchcollectionMethodsTopic.htm" ismsdn="true">
      <HelpTopic name="GetEnumerator()" link="ms-help://MS.NETFrameworkSDKv1.1/cpref/html/frlrfsystemtextregularexpressionsmatchcollectionclassGetEnumeratorTopic.htm" ismsdn="true" />
      <HelpTopic name="CopyTo(System.Array, System.Int32)" link="ms-help://MS.NETFrameworkSDKv1.1/cpref/html/frlrfsystemtextregularexpressionsmatchcollectionclassCopyToTopic.htm" ismsdn="true" />
    </HelpFolder>
    <HelpFolder name="Properties" link="ms-help://MS.NETFrameworkSDKv1.1/cpref/html/frlrfsystemtextregularexpressionsmatchcollectionPropertiesTopic.htm" ismsdn="true">
      <HelpTopic name="Count" link="ms-help://MS.NETFrameworkSDKv1.1/cpref/html/frlrfsystemtextregularexpressionsmatchcollectionclassCountTopic.htm" ismsdn="true" />
      <HelpTopic name="SyncRoot" link="ms-help://MS.NETFrameworkSDKv1.1/cpref/html/frlrfsystemtextregularexpressionsmatchcollectionclassSyncRootTopic.htm" ismsdn="true" />
      <HelpTopic name="IsSynchronized" link="ms-help://MS.NETFrameworkSDKv1.1/cpref/html/frlrfsystemtextregularexpressionsmatchcollectionclassIsSynchronizedTopic.htm" ismsdn="true" />
      <HelpTopic name="IsReadOnly" link="ms-help://MS.NETFrameworkSDKv1.1/cpref/html/frlrfsystemtextregularexpressionsmatchcollectionclassIsReadOnlyTopic.htm" ismsdn="true" />
      <HelpTopic name="Item" link="ms-help://MS.NETFrameworkSDKv1.1/cpref/html/frlrfsystemtextregularexpressionsmatchcollectionclassItemTopic.htm" ismsdn="true" />
    </HelpFolder>
  </HelpFolder>
  <HelpTopic name="MatchEvaluator delegate" link="ms-help://MS.NETFrameworkSDKv1.1/cpref/html/frlrfsystemtextregularexpressionsmatchevaluatorClassTopic.htm" ismsdn="true" />
  <HelpFolder name="Regex class" link="ms-help://MS.NETFrameworkSDKv1.1/cpref/html/frlrfsystemtextregularexpressionsregexClassTopic.htm" ismsdn="true">
    <HelpTopic name="Regex members" link="ms-help://MS.NETFrameworkSDKv1.1/cpref/html/frlrfsystemtextregularexpressionsregexMembersTopic.htm" ismsdn="true" />
    <HelpFolder name="Constructors" link="ms-help://MS.NETFrameworkSDKv1.1/cpref/html/frlrfsystemtextregularexpressionsregexclassctorTopic.htm" ismsdn="true">
      <HelpTopic name=".ctor(System.String)" link="ms-help://MS.NETFrameworkSDKv1.1/cpref/html/frlrfsystemtextregularexpressionsregexclassctorTopic1.htm" ismsdn="true" />
      <HelpTopic name=".ctor(System.String, System.Text.RegularExpressions.RegexOptions)" link="ms-help://MS.NETFrameworkSDKv1.1/cpref/html/frlrfsystemtextregularexpressionsregexclassctorTopic1.htm" ismsdn="true" />
    </HelpFolder>
    <HelpFolder name="Methods" link="ms-help://MS.NETFrameworkSDKv1.1/cpref/html/frlrfsystemtextregularexpressionsregexMethodsTopic.htm" ismsdn="true">
      <HelpTopic name="ToString()" link="ms-help://MS.NETFrameworkSDKv1.1/cpref/html/frlrfsystemtextregularexpressionsregexclassToStringTopic.htm" ismsdn="true" />
      <HelpTopic name="Escape(System.String)" link="ms-help://MS.NETFrameworkSDKv1.1/cpref/html/frlrfsystemtextregularexpressionsregexclassEscapeTopic.htm" ismsdn="true" />
      <HelpTopic name="Unescape(System.String)" link="ms-help://MS.NETFrameworkSDKv1.1/cpref/html/frlrfsystemtextregularexpressionsregexclassUnescapeTopic.htm" ismsdn="true" />
      <HelpTopic name="GetGroupNames()" link="ms-help://MS.NETFrameworkSDKv1.1/cpref/html/frlrfsystemtextregularexpressionsregexclassGetGroupNamesTopic.htm" ismsdn="true" />
      <HelpTopic name="GetGroupNumbers()" link="ms-help://MS.NETFrameworkSDKv1.1/cpref/html/frlrfsystemtextregularexpressionsregexclassGetGroupNumbersTopic.htm" ismsdn="true" />
      <HelpTopic name="GroupNameFromNumber(System.Int32)" link="ms-help://MS.NETFrameworkSDKv1.1/cpref/html/frlrfsystemtextregularexpressionsregexclassGroupNameFromNumberTopic.htm" ismsdn="true" />
      <HelpTopic name="GroupNumberFromName(System.String)" link="ms-help://MS.NETFrameworkSDKv1.1/cpref/html/frlrfsystemtextregularexpressionsregexclassGroupNumberFromNameTopic.htm" ismsdn="true" />
      <HelpTopic name="IsMatch(System.String, System.String)" link="ms-help://MS.NETFrameworkSDKv1.1/cpref/html/frlrfsystemtextregularexpressionsregexclassIsMatchTopic1.htm" ismsdn="true" />
      <HelpTopic name="IsMatch(System.String, System.String, System.Text.RegularExpressions.RegexOptions)" link="ms-help://MS.NETFrameworkSDKv1.1/cpref/html/frlrfsystemtextregularexpressionsregexclassIsMatchTopic2.htm" ismsdn="true" />
      <HelpTopic name="IsMatch(System.String)" link="ms-help://MS.NETFrameworkSDKv1.1/cpref/html/frlrfsystemtextregularexpressionsregexclassIsMatchTopic3.htm" ismsdn="true" />
      <HelpTopic name="IsMatch(System.String, System.Int32)" link="ms-help://MS.NETFrameworkSDKv1.1/cpref/html/frlrfsystemtextregularexpressionsregexclassIsMatchTopic4.htm" ismsdn="true" />
      <HelpTopic name="Match(System.String, System.String)" link="ms-help://MS.NETFrameworkSDKv1.1/cpref/html/frlrfsystemtextregularexpressionsregexclassMatchTopic1.htm" ismsdn="true" />
      <HelpTopic name="Match(System.String, System.String, System.Text.RegularExpressions.RegexOptions)" link="ms-help://MS.NETFrameworkSDKv1.1/cpref/html/frlrfsystemtextregularexpressionsregexclassMatchTopic2.htm" ismsdn="true" />
      <HelpTopic name="Match(System.String)" link="ms-help://MS.NETFrameworkSDKv1.1/cpref/html/frlrfsystemtextregularexpressionsregexclassMatchTopic3.htm" ismsdn="true" />
      <HelpTopic name="Match(System.String, System.Int32)" link="ms-help://MS.NETFrameworkSDKv1.1/cpref/html/frlrfsystemtextregularexpressionsregexclassMatchTopic4.htm" ismsdn="true" />
      <HelpTopic name="Match(System.String, System.Int32, System.Int32)" link="ms-help://MS.NETFrameworkSDKv1.1/cpref/html/frlrfsystemtextregularexpressionsregexclassMatchTopic5.htm" ismsdn="true" />
      <HelpTopic name="Matches(System.String, System.String)" link="ms-help://MS.NETFrameworkSDKv1.1/cpref/html/frlrfsystemtextregularexpressionsregexclassMatchesTopic1.htm" ismsdn="true" />
      <HelpTopic name="Matches(System.String, System.String, System.Text.RegularExpressions.RegexOptions)" link="ms-help://MS.NETFrameworkSDKv1.1/cpref/html/frlrfsystemtextregularexpressionsregexclassMatchesTopic2.htm" ismsdn="true" />
      <HelpTopic name="Matches(System.String)" link="ms-help://MS.NETFrameworkSDKv1.1/cpref/html/frlrfsystemtextregularexpressionsregexclassMatchesTopic3.htm" ismsdn="true" />
      <HelpTopic name="Matches(System.String, System.Int32)" link="ms-help://MS.NETFrameworkSDKv1.1/cpref/html/frlrfsystemtextregularexpressionsregexclassMatchesTopic4.htm" ismsdn="true" />
      <HelpTopic name="Replace(System.String, System.String, System.String)" link="ms-help://MS.NETFrameworkSDKv1.1/cpref/html/frlrfsystemtextregularexpressionsregexclassReplaceTopic1.htm" ismsdn="true" />
      <HelpTopic name="Replace(System.String, System.String, System.String, System.Text.RegularExpressions.RegexOptions)" link="ms-help://MS.NETFrameworkSDKv1.1/cpref/html/frlrfsystemtextregularexpressionsregexclassReplaceTopic2.htm" ismsdn="true" />
      <HelpTopic name="Replace(System.String, System.String)" link="ms-help://MS.NETFrameworkSDKv1.1/cpref/html/frlrfsystemtextregularexpressionsregexclassReplaceTopic3.htm" ismsdn="true" />
      <HelpTopic name="Replace(System.String, System.String, System.Int32)" link="ms-help://MS.NETFrameworkSDKv1.1/cpref/html/frlrfsystemtextregularexpressionsregexclassReplaceTopic4.htm" ismsdn="true" />
      <HelpTopic name="Replace(System.String, System.String, System.Int32, System.Int32)" link="ms-help://MS.NETFrameworkSDKv1.1/cpref/html/frlrfsystemtextregularexpressionsregexclassReplaceTopic5.htm" ismsdn="true" />
      <HelpTopic name="Replace(System.String, System.String, System.Text.RegularExpressions.MatchEvaluator)" link="ms-help://MS.NETFrameworkSDKv1.1/cpref/html/frlrfsystemtextregularexpressionsregexclassReplaceTopic6.htm" ismsdn="true" />
      <HelpTopic name="Replace(System.String, System.String, System.Text.RegularExpressions.MatchEvaluator, System.Text.RegularExpressions.RegexOptions)" link="ms-help://MS.NETFrameworkSDKv1.1/cpref/html/frlrfsystemtextregularexpressionsregexclassReplaceTopic7.htm" ismsdn="true" />
      <HelpTopic name="Replace(System.String, System.Text.RegularExpressions.MatchEvaluator)" link="ms-help://MS.NETFrameworkSDKv1.1/cpref/html/frlrfsystemtextregularexpressionsregexclassReplaceTopic8.htm" ismsdn="true" />
      <HelpTopic name="Replace(System.String, System.Text.RegularExpressions.MatchEvaluator, System.Int32)" link="ms-help://MS.NETFrameworkSDKv1.1/cpref/html/frlrfsystemtextregularexpressionsregexclassReplaceTopic9.htm" ismsdn="true" />
      <HelpTopic name="Replace(System.String, System.Text.RegularExpressions.MatchEvaluator, System.Int32, System.Int32)" link="ms-help://MS.NETFrameworkSDKv1.1/cpref/html/frlrfsystemtextregularexpressionsregexclassReplaceTopic10.htm" ismsdn="true" />
      <HelpTopic name="Split(System.String, System.String)" link="ms-help://MS.NETFrameworkSDKv1.1/cpref/html/frlrfsystemtextregularexpressionsregexclassSplitTopic1.htm" ismsdn="true" />
      <HelpTopic name="Split(System.String, System.String, System.Text.RegularExpressions.RegexOptions)" link="ms-help://MS.NETFrameworkSDKv1.1/cpref/html/frlrfsystemtextregularexpressionsregexclassSplitTopic2.htm" ismsdn="true" />
      <HelpTopic name="Split(System.String)" link="ms-help://MS.NETFrameworkSDKv1.1/cpref/html/frlrfsystemtextregularexpressionsregexclassSplitTopic3.htm" ismsdn="true" />
      <HelpTopic name="Split(System.String, System.Int32)" link="ms-help://MS.NETFrameworkSDKv1.1/cpref/html/frlrfsystemtextregularexpressionsregexclassSplitTopic4.htm" ismsdn="true" />
      <HelpTopic name="Split(System.String, System.Int32, System.Int32)" link="ms-help://MS.NETFrameworkSDKv1.1/cpref/html/frlrfsystemtextregularexpressionsregexclassSplitTopic5.htm" ismsdn="true" />
      <HelpTopic name="CompileToAssembly(System.Text.RegularExpressions.RegexCompilationInfo[], System.Reflection.AssemblyName)" link="ms-help://MS.NETFrameworkSDKv1.1/cpref/html/frlrfsystemtextregularexpressionsregexclassCompileToAssemblyTopic1.htm" ismsdn="true" />
      <HelpTopic name="CompileToAssembly(System.Text.RegularExpressions.RegexCompilationInfo[], System.Reflection.AssemblyName, System.Reflection.Emit.CustomAttributeBuilder[])" link="ms-help://MS.NETFrameworkSDKv1.1/cpref/html/frlrfsystemtextregularexpressionsregexclassCompileToAssemblyTopic2.htm" ismsdn="true" />
      <HelpTopic name="CompileToAssembly(System.Text.RegularExpressions.RegexCompilationInfo[], System.Reflection.AssemblyName, System.Reflection.Emit.CustomAttributeBuilder[], System.String)" link="ms-help://MS.NETFrameworkSDKv1.1/cpref/html/frlrfsystemtextregularexpressionsregexclassCompileToAssemblyTopic3.htm" ismsdn="true" />
    </HelpFolder>
    <HelpFolder name="Properties" link="ms-help://MS.NETFrameworkSDKv1.1/cpref/html/frlrfsystemtextregularexpressionsregexPropertiesTopic.htm" ismsdn="true">
      <HelpTopic name="RightToLeft" link="ms-help://MS.NETFrameworkSDKv1.1/cpref/html/frlrfsystemtextregularexpressionsregexclassRightToLeftTopic.htm" ismsdn="true" />
      <HelpTopic name="Options" link="ms-help://MS.NETFrameworkSDKv1.1/cpref/html/frlrfsystemtextregularexpressionsregexclassOptionsTopic.htm" ismsdn="true" />
    </HelpFolder>
  </HelpFolder>
  <HelpFolder name="RegexCompilationInfo class" link="ms-help://MS.NETFrameworkSDKv1.1/cpref/html/frlrfsystemtextregularexpressionsregexcompilationinfoClassTopic.htm" ismsdn="true">
    <HelpTopic name="RegexCompilationInfo members" link="ms-help://MS.NETFrameworkSDKv1.1/cpref/html/frlrfsystemtextregularexpressionsregexcompilationinfoMembersTopic.htm" ismsdn="true" />
    <HelpFolder name="Constructors" link="ms-help://MS.NETFrameworkSDKv1.1/cpref/html/frlrfsystemtextregularexpressionsregexcompilationinfoclassctorTopic.htm" ismsdn="true">
      <HelpTopic name=".ctor(System.String, System.Text.RegularExpressions.RegexOptions, System.String, System.String, System.Boolean)" link="ms-help://MS.NETFrameworkSDKv1.1/cpref/html/frlrfsystemtextregularexpressionsregexcompilationinfoclassctorTopic.htm" ismsdn="true" />
    </HelpFolder>
    <HelpFolder name="Properties" link="ms-help://MS.NETFrameworkSDKv1.1/cpref/html/frlrfsystemtextregularexpressionsregexcompilationinfoPropertiesTopic.htm" ismsdn="true">
      <HelpTopic name="Pattern" link="ms-help://MS.NETFrameworkSDKv1.1/cpref/html/frlrfsystemtextregularexpressionsregexcompilationinfoclassPatternTopic.htm" ismsdn="true" />
      <HelpTopic name="Options" link="ms-help://MS.NETFrameworkSDKv1.1/cpref/html/frlrfsystemtextregularexpressionsregexcompilationinfoclassOptionsTopic.htm" ismsdn="true" />
      <HelpTopic name="Name" link="ms-help://MS.NETFrameworkSDKv1.1/cpref/html/frlrfsystemtextregularexpressionsregexcompilationinfoclassNameTopic.htm" ismsdn="true" />
      <HelpTopic name="Namespace" link="ms-help://MS.NETFrameworkSDKv1.1/cpref/html/frlrfsystemtextregularexpressionsregexcompilationinfoclassNamespaceTopic.htm" ismsdn="true" />
      <HelpTopic name="IsPublic" link="ms-help://MS.NETFrameworkSDKv1.1/cpref/html/frlrfsystemtextregularexpressionsregexcompilationinfoclassIsPublicTopic.htm" ismsdn="true" />
    </HelpFolder>
  </HelpFolder>
  <HelpTopic name="RegexOptions enumeration" link="ms-help://MS.NETFrameworkSDKv1.1/cpref/html/frlrfsystemtextregularexpressionsregexoptionsClassTopic.htm" ismsdn="true" />
  <HelpFolder name="RegexRunner class" link="ms-help://MS.NETFrameworkSDKv1.1/cpref/html/frlrfsystemtextregularexpressionsregexrunnerClassTopic.htm" ismsdn="true">
    <HelpTopic name="RegexRunner members" link="ms-help://MS.NETFrameworkSDKv1.1/cpref/html/frlrfsystemtextregularexpressionsregexrunnerMembersTopic.htm" ismsdn="true" />
  </HelpFolder>
  <HelpFolder name="RegexRunnerFactory class" link="ms-help://MS.NETFrameworkSDKv1.1/cpref/html/frlrfsystemtextregularexpressionsregexrunnerfactoryClassTopic.htm" ismsdn="true">
    <HelpTopic name="RegexRunnerFactory members" link="ms-help://MS.NETFrameworkSDKv1.1/cpref/html/frlrfsystemtextregularexpressionsregexrunnerfactoryMembersTopic.htm" ismsdn="true" />
  </HelpFolder>
</HelpCollection>