<HelpCollection>
  <HelpTopic name="ApartmentState enumeration" link="ms-help://MS.NETFrameworkSDKv1.1/cpref/html/frlrfsystemthreadingapartmentstateClassTopic.htm" ismsdn="true" />
  <HelpFolder name="AutoResetEvent class" link="ms-help://MS.NETFrameworkSDKv1.1/cpref/html/frlrfsystemthreadingautoreseteventClassTopic.htm" ismsdn="true">
    <HelpTopic name="AutoResetEvent members" link="ms-help://MS.NETFrameworkSDKv1.1/cpref/html/frlrfsystemthreadingautoreseteventMembersTopic.htm" ismsdn="true" />
    <HelpFolder name="Constructors" link="ms-help://MS.NETFrameworkSDKv1.1/cpref/html/frlrfsystemthreadingautoreseteventclassctorTopic.htm" ismsdn="true">
      <HelpTopic name=".ctor(System.Boolean)" link="ms-help://MS.NETFrameworkSDKv1.1/cpref/html/frlrfsystemthreadingautoreseteventclassctorTopic.htm" ismsdn="true" />
    </HelpFolder>
    <HelpFolder name="Methods" link="ms-help://MS.NETFrameworkSDKv1.1/cpref/html/frlrfsystemthreadingautoreseteventMethodsTopic.htm" ismsdn="true">
      <HelpTopic name="Reset()" link="ms-help://MS.NETFrameworkSDKv1.1/cpref/html/frlrfsystemthreadingautoreseteventclassResetTopic.htm" ismsdn="true" />
      <HelpTopic name="Set()" link="ms-help://MS.NETFrameworkSDKv1.1/cpref/html/frlrfsystemthreadingautoreseteventclassSetTopic.htm" ismsdn="true" />
    </HelpFolder>
  </HelpFolder>
  <HelpFolder name="CompressedStack class" link="ms-help://MS.NETFrameworkSDKv1.1/cpref/html/frlrfsystemthreadingcompressedstackClassTopic.htm" ismsdn="true">
    <HelpTopic name="CompressedStack members" link="ms-help://MS.NETFrameworkSDKv1.1/cpref/html/frlrfsystemthreadingcompressedstackMembersTopic.htm" ismsdn="true" />
  </HelpFolder>
  <HelpFolder name="Interlocked class" link="ms-help://MS.NETFrameworkSDKv1.1/cpref/html/frlrfsystemthreadinginterlockedClassTopic.htm" ismsdn="true">
    <HelpTopic name="Interlocked members" link="ms-help://MS.NETFrameworkSDKv1.1/cpref/html/frlrfsystemthreadinginterlockedMembersTopic.htm" ismsdn="true" />
    <HelpFolder name="Methods" link="ms-help://MS.NETFrameworkSDKv1.1/cpref/html/frlrfsystemthreadinginterlockedMethodsTopic.htm" ismsdn="true">
      <HelpTopic name="Increment(System.Int32&amp;)" link="ms-help://MS.NETFrameworkSDKv1.1/cpref/html/frlrfsystemthreadinginterlockedclassIncrementTopic.htm" ismsdn="true" />
      <HelpTopic name="Decrement(System.Int32&amp;)" link="ms-help://MS.NETFrameworkSDKv1.1/cpref/html/frlrfsystemthreadinginterlockedclassDecrementTopic.htm" ismsdn="true" />
      <HelpTopic name="Increment(System.Int64&amp;)" link="ms-help://MS.NETFrameworkSDKv1.1/cpref/html/frlrfsystemthreadinginterlockedclassIncrementTopic.htm" ismsdn="true" />
      <HelpTopic name="Decrement(System.Int64&amp;)" link="ms-help://MS.NETFrameworkSDKv1.1/cpref/html/frlrfsystemthreadinginterlockedclassDecrementTopic.htm" ismsdn="true" />
      <HelpTopic name="Exchange(System.Int32&amp;, System.Int32)" link="ms-help://MS.NETFrameworkSDKv1.1/cpref/html/frlrfsystemthreadinginterlockedclassExchangeTopic.htm" ismsdn="true" />
      <HelpTopic name="CompareExchange(System.Int32&amp;, System.Int32, System.Int32)" link="ms-help://MS.NETFrameworkSDKv1.1/cpref/html/frlrfsystemthreadinginterlockedclassCompareExchangeTopic.htm" ismsdn="true" />
      <HelpTopic name="Exchange(System.Single&amp;, System.Single)" link="ms-help://MS.NETFrameworkSDKv1.1/cpref/html/frlrfsystemthreadinginterlockedclassExchangeTopic.htm" ismsdn="true" />
      <HelpTopic name="CompareExchange(System.Single&amp;, System.Single, System.Single)" link="ms-help://MS.NETFrameworkSDKv1.1/cpref/html/frlrfsystemthreadinginterlockedclassCompareExchangeTopic.htm" ismsdn="true" />
      <HelpTopic name="Exchange(System.Object&amp;, System.Object)" link="ms-help://MS.NETFrameworkSDKv1.1/cpref/html/frlrfsystemthreadinginterlockedclassExchangeTopic.htm" ismsdn="true" />
      <HelpTopic name="CompareExchange(System.Object&amp;, System.Object, System.Object)" link="ms-help://MS.NETFrameworkSDKv1.1/cpref/html/frlrfsystemthreadinginterlockedclassCompareExchangeTopic.htm" ismsdn="true" />
    </HelpFolder>
  </HelpFolder>
  <HelpTopic name="IOCompletionCallback delegate" link="ms-help://MS.NETFrameworkSDKv1.1/cpref/html/frlrfsystemthreadingiocompletioncallbackClassTopic.htm" ismsdn="true" />
  <HelpFolder name="LockCookie structure" link="ms-help://MS.NETFrameworkSDKv1.1/cpref/html/frlrfsystemthreadinglockcookieClassTopic.htm" ismsdn="true">
    <HelpTopic name="LockCookie members" link="ms-help://MS.NETFrameworkSDKv1.1/cpref/html/frlrfsystemthreadinglockcookieMembersTopic.htm" ismsdn="true" />
  </HelpFolder>
  <HelpFolder name="ManualResetEvent class" link="ms-help://MS.NETFrameworkSDKv1.1/cpref/html/frlrfsystemthreadingmanualreseteventClassTopic.htm" ismsdn="true">
    <HelpTopic name="ManualResetEvent members" link="ms-help://MS.NETFrameworkSDKv1.1/cpref/html/frlrfsystemthreadingmanualreseteventMembersTopic.htm" ismsdn="true" />
    <HelpFolder name="Constructors" link="ms-help://MS.NETFrameworkSDKv1.1/cpref/html/frlrfsystemthreadingmanualreseteventclassctorTopic.htm" ismsdn="true">
      <HelpTopic name=".ctor(System.Boolean)" link="ms-help://MS.NETFrameworkSDKv1.1/cpref/html/frlrfsystemthreadingmanualreseteventclassctorTopic.htm" ismsdn="true" />
    </HelpFolder>
    <HelpFolder name="Methods" link="ms-help://MS.NETFrameworkSDKv1.1/cpref/html/frlrfsystemthreadingmanualreseteventMethodsTopic.htm" ismsdn="true">
      <HelpTopic name="Reset()" link="ms-help://MS.NETFrameworkSDKv1.1/cpref/html/frlrfsystemthreadingmanualreseteventclassResetTopic.htm" ismsdn="true" />
      <HelpTopic name="Set()" link="ms-help://MS.NETFrameworkSDKv1.1/cpref/html/frlrfsystemthreadingmanualreseteventclassSetTopic.htm" ismsdn="true" />
    </HelpFolder>
  </HelpFolder>
  <HelpFolder name="Monitor class" link="ms-help://MS.NETFrameworkSDKv1.1/cpref/html/frlrfsystemthreadingmonitorClassTopic.htm" ismsdn="true">
    <HelpTopic name="Monitor members" link="ms-help://MS.NETFrameworkSDKv1.1/cpref/html/frlrfsystemthreadingmonitorMembersTopic.htm" ismsdn="true" />
    <HelpFolder name="Methods" link="ms-help://MS.NETFrameworkSDKv1.1/cpref/html/frlrfsystemthreadingmonitorMethodsTopic.htm" ismsdn="true">
      <HelpTopic name="Enter(System.Object)" link="ms-help://MS.NETFrameworkSDKv1.1/cpref/html/frlrfsystemthreadingmonitorclassEnterTopic.htm" ismsdn="true" />
      <HelpTopic name="Exit(System.Object)" link="ms-help://MS.NETFrameworkSDKv1.1/cpref/html/frlrfsystemthreadingmonitorclassExitTopic.htm" ismsdn="true" />
      <HelpTopic name="TryEnter(System.Object)" link="ms-help://MS.NETFrameworkSDKv1.1/cpref/html/frlrfsystemthreadingmonitorclassTryEnterTopic1.htm" ismsdn="true" />
      <HelpTopic name="TryEnter(System.Object, System.Int32)" link="ms-help://MS.NETFrameworkSDKv1.1/cpref/html/frlrfsystemthreadingmonitorclassTryEnterTopic2.htm" ismsdn="true" />
      <HelpTopic name="TryEnter(System.Object, System.TimeSpan)" link="ms-help://MS.NETFrameworkSDKv1.1/cpref/html/frlrfsystemthreadingmonitorclassTryEnterTopic3.htm" ismsdn="true" />
      <HelpTopic name="Wait(System.Object, System.Int32, System.Boolean)" link="ms-help://MS.NETFrameworkSDKv1.1/cpref/html/frlrfsystemthreadingmonitorclassWaitTopic1.htm" ismsdn="true" />
      <HelpTopic name="Wait(System.Object, System.TimeSpan, System.Boolean)" link="ms-help://MS.NETFrameworkSDKv1.1/cpref/html/frlrfsystemthreadingmonitorclassWaitTopic2.htm" ismsdn="true" />
      <HelpTopic name="Wait(System.Object, System.Int32)" link="ms-help://MS.NETFrameworkSDKv1.1/cpref/html/frlrfsystemthreadingmonitorclassWaitTopic3.htm" ismsdn="true" />
      <HelpTopic name="Wait(System.Object, System.TimeSpan)" link="ms-help://MS.NETFrameworkSDKv1.1/cpref/html/frlrfsystemthreadingmonitorclassWaitTopic4.htm" ismsdn="true" />
      <HelpTopic name="Wait(System.Object)" link="ms-help://MS.NETFrameworkSDKv1.1/cpref/html/frlrfsystemthreadingmonitorclassWaitTopic5.htm" ismsdn="true" />
      <HelpTopic name="Pulse(System.Object)" link="ms-help://MS.NETFrameworkSDKv1.1/cpref/html/frlrfsystemthreadingmonitorclassPulseTopic.htm" ismsdn="true" />
      <HelpTopic name="PulseAll(System.Object)" link="ms-help://MS.NETFrameworkSDKv1.1/cpref/html/frlrfsystemthreadingmonitorclassPulseAllTopic.htm" ismsdn="true" />
    </HelpFolder>
  </HelpFolder>
  <HelpFolder name="Mutex class" link="ms-help://MS.NETFrameworkSDKv1.1/cpref/html/frlrfsystemthreadingmutexClassTopic.htm" ismsdn="true">
    <HelpTopic name="Mutex members" link="ms-help://MS.NETFrameworkSDKv1.1/cpref/html/frlrfsystemthreadingmutexMembersTopic.htm" ismsdn="true" />
    <HelpFolder name="Constructors" link="ms-help://MS.NETFrameworkSDKv1.1/cpref/html/frlrfsystemthreadingmutexclassctorTopic.htm" ismsdn="true">
      <HelpTopic name=".ctor(System.Boolean, System.String, System.Boolean&amp;)" link="ms-help://MS.NETFrameworkSDKv1.1/cpref/html/frlrfsystemthreadingmutexclassctorTopic1.htm" ismsdn="true" />
      <HelpTopic name=".ctor(System.Boolean, System.String)" link="ms-help://MS.NETFrameworkSDKv1.1/cpref/html/frlrfsystemthreadingmutexclassctorTopic1.htm" ismsdn="true" />
      <HelpTopic name=".ctor(System.Boolean)" link="ms-help://MS.NETFrameworkSDKv1.1/cpref/html/frlrfsystemthreadingmutexclassctorTopic2.htm" ismsdn="true" />
      <HelpTopic name=".ctor()" link="ms-help://MS.NETFrameworkSDKv1.1/cpref/html/frlrfsystemthreadingmutexclassctorTopic3.htm" ismsdn="true" />
    </HelpFolder>
    <HelpFolder name="Methods" link="ms-help://MS.NETFrameworkSDKv1.1/cpref/html/frlrfsystemthreadingmutexMethodsTopic.htm" ismsdn="true">
      <HelpTopic name="ReleaseMutex()" link="ms-help://MS.NETFrameworkSDKv1.1/cpref/html/frlrfsystemthreadingmutexclassReleaseMutexTopic.htm" ismsdn="true" />
    </HelpFolder>
  </HelpFolder>
  <HelpFolder name="NativeOverlapped structure" link="ms-help://MS.NETFrameworkSDKv1.1/cpref/html/frlrfsystemthreadingnativeoverlappedClassTopic.htm" ismsdn="true">
    <HelpTopic name="NativeOverlapped members" link="ms-help://MS.NETFrameworkSDKv1.1/cpref/html/frlrfsystemthreadingnativeoverlappedMembersTopic.htm" ismsdn="true" />
    <HelpFolder name="Fields" link="ms-help://MS.NETFrameworkSDKv1.1/cpref/html/frlrfsystemthreadingnativeoverlappedFieldsTopic.htm" ismsdn="true">
      <HelpTopic name="InternalLow" link="ms-help://MS.NETFrameworkSDKv1.1/cpref/html/frlrfsystemthreadingnativeoverlappedclassInternalLowTopic.htm" ismsdn="true" />
      <HelpTopic name="InternalHigh" link="ms-help://MS.NETFrameworkSDKv1.1/cpref/html/frlrfsystemthreadingnativeoverlappedclassInternalHighTopic.htm" ismsdn="true" />
      <HelpTopic name="OffsetLow" link="ms-help://MS.NETFrameworkSDKv1.1/cpref/html/frlrfsystemthreadingnativeoverlappedclassOffsetLowTopic.htm" ismsdn="true" />
      <HelpTopic name="OffsetHigh" link="ms-help://MS.NETFrameworkSDKv1.1/cpref/html/frlrfsystemthreadingnativeoverlappedclassOffsetHighTopic.htm" ismsdn="true" />
      <HelpTopic name="EventHandle" link="ms-help://MS.NETFrameworkSDKv1.1/cpref/html/frlrfsystemthreadingnativeoverlappedclassEventHandleTopic.htm" ismsdn="true" />
    </HelpFolder>
  </HelpFolder>
  <HelpFolder name="Overlapped class" link="ms-help://MS.NETFrameworkSDKv1.1/cpref/html/frlrfsystemthreadingoverlappedClassTopic.htm" ismsdn="true">
    <HelpTopic name="Overlapped members" link="ms-help://MS.NETFrameworkSDKv1.1/cpref/html/frlrfsystemthreadingoverlappedMembersTopic.htm" ismsdn="true" />
    <HelpFolder name="Constructors" link="ms-help://MS.NETFrameworkSDKv1.1/cpref/html/frlrfsystemthreadingoverlappedclassctorTopic.htm" ismsdn="true">
      <HelpTopic name=".ctor()" link="ms-help://MS.NETFrameworkSDKv1.1/cpref/html/frlrfsystemthreadingoverlappedclassctorTopic1.htm" ismsdn="true" />
      <HelpTopic name=".ctor(System.Int32, System.Int32, System.Int32, System.IAsyncResult)" link="ms-help://MS.NETFrameworkSDKv1.1/cpref/html/frlrfsystemthreadingoverlappedclassctorTopic1.htm" ismsdn="true" />
    </HelpFolder>
    <HelpFolder name="Methods" link="ms-help://MS.NETFrameworkSDKv1.1/cpref/html/frlrfsystemthreadingoverlappedMethodsTopic.htm" ismsdn="true">
      <HelpTopic name="Pack(System.Threading.IOCompletionCallback)" link="ms-help://MS.NETFrameworkSDKv1.1/cpref/html/frlrfsystemthreadingoverlappedclassPackTopic.htm" ismsdn="true" />
      <HelpTopic name="UnsafePack(System.Threading.IOCompletionCallback)" link="ms-help://MS.NETFrameworkSDKv1.1/cpref/html/frlrfsystemthreadingoverlappedclassUnsafePackTopic.htm" ismsdn="true" />
      <HelpTopic name="Unpack(System.Threading.NativeOverlapped*)" link="ms-help://MS.NETFrameworkSDKv1.1/cpref/html/frlrfsystemthreadingoverlappedclassUnpackTopic.htm" ismsdn="true" />
      <HelpTopic name="Free(System.Threading.NativeOverlapped*)" link="ms-help://MS.NETFrameworkSDKv1.1/cpref/html/frlrfsystemthreadingoverlappedclassFreeTopic.htm" ismsdn="true" />
    </HelpFolder>
    <HelpFolder name="Properties" link="ms-help://MS.NETFrameworkSDKv1.1/cpref/html/frlrfsystemthreadingoverlappedPropertiesTopic.htm" ismsdn="true">
      <HelpTopic name="AsyncResult" link="ms-help://MS.NETFrameworkSDKv1.1/cpref/html/frlrfsystemthreadingoverlappedclassAsyncResultTopic.htm" ismsdn="true" />
      <HelpTopic name="OffsetLow" link="ms-help://MS.NETFrameworkSDKv1.1/cpref/html/frlrfsystemthreadingoverlappedclassOffsetLowTopic.htm" ismsdn="true" />
      <HelpTopic name="OffsetHigh" link="ms-help://MS.NETFrameworkSDKv1.1/cpref/html/frlrfsystemthreadingoverlappedclassOffsetHighTopic.htm" ismsdn="true" />
      <HelpTopic name="EventHandle" link="ms-help://MS.NETFrameworkSDKv1.1/cpref/html/frlrfsystemthreadingoverlappedclassEventHandleTopic.htm" ismsdn="true" />
    </HelpFolder>
  </HelpFolder>
  <HelpFolder name="ReaderWriterLock class" link="ms-help://MS.NETFrameworkSDKv1.1/cpref/html/frlrfsystemthreadingreaderwriterlockClassTopic.htm" ismsdn="true">
    <HelpTopic name="ReaderWriterLock members" link="ms-help://MS.NETFrameworkSDKv1.1/cpref/html/frlrfsystemthreadingreaderwriterlockMembersTopic.htm" ismsdn="true" />
    <HelpFolder name="Constructors" link="ms-help://MS.NETFrameworkSDKv1.1/cpref/html/frlrfsystemthreadingreaderwriterlockclassctorTopic.htm" ismsdn="true">
      <HelpTopic name=".ctor()" link="ms-help://MS.NETFrameworkSDKv1.1/cpref/html/frlrfsystemthreadingreaderwriterlockclassctorTopic.htm" ismsdn="true" />
    </HelpFolder>
    <HelpFolder name="Methods" link="ms-help://MS.NETFrameworkSDKv1.1/cpref/html/frlrfsystemthreadingreaderwriterlockMethodsTopic.htm" ismsdn="true">
      <HelpTopic name="AcquireReaderLock(System.Int32)" link="ms-help://MS.NETFrameworkSDKv1.1/cpref/html/frlrfsystemthreadingreaderwriterlockclassAcquireReaderLockTopic1.htm" ismsdn="true" />
      <HelpTopic name="AcquireReaderLock(System.TimeSpan)" link="ms-help://MS.NETFrameworkSDKv1.1/cpref/html/frlrfsystemthreadingreaderwriterlockclassAcquireReaderLockTopic2.htm" ismsdn="true" />
      <HelpTopic name="AcquireWriterLock(System.Int32)" link="ms-help://MS.NETFrameworkSDKv1.1/cpref/html/frlrfsystemthreadingreaderwriterlockclassAcquireWriterLockTopic1.htm" ismsdn="true" />
      <HelpTopic name="AcquireWriterLock(System.TimeSpan)" link="ms-help://MS.NETFrameworkSDKv1.1/cpref/html/frlrfsystemthreadingreaderwriterlockclassAcquireWriterLockTopic2.htm" ismsdn="true" />
      <HelpTopic name="ReleaseReaderLock()" link="ms-help://MS.NETFrameworkSDKv1.1/cpref/html/frlrfsystemthreadingreaderwriterlockclassReleaseReaderLockTopic.htm" ismsdn="true" />
      <HelpTopic name="ReleaseWriterLock()" link="ms-help://MS.NETFrameworkSDKv1.1/cpref/html/frlrfsystemthreadingreaderwriterlockclassReleaseWriterLockTopic.htm" ismsdn="true" />
      <HelpTopic name="UpgradeToWriterLock(System.Int32)" link="ms-help://MS.NETFrameworkSDKv1.1/cpref/html/frlrfsystemthreadingreaderwriterlockclassUpgradeToWriterLockTopic1.htm" ismsdn="true" />
      <HelpTopic name="UpgradeToWriterLock(System.TimeSpan)" link="ms-help://MS.NETFrameworkSDKv1.1/cpref/html/frlrfsystemthreadingreaderwriterlockclassUpgradeToWriterLockTopic2.htm" ismsdn="true" />
      <HelpTopic name="DowngradeFromWriterLock(System.Threading.LockCookie&amp;)" link="ms-help://MS.NETFrameworkSDKv1.1/cpref/html/frlrfsystemthreadingreaderwriterlockclassDowngradeFromWriterLockTopic.htm" ismsdn="true" />
      <HelpTopic name="ReleaseLock()" link="ms-help://MS.NETFrameworkSDKv1.1/cpref/html/frlrfsystemthreadingreaderwriterlockclassReleaseLockTopic.htm" ismsdn="true" />
      <HelpTopic name="RestoreLock(System.Threading.LockCookie&amp;)" link="ms-help://MS.NETFrameworkSDKv1.1/cpref/html/frlrfsystemthreadingreaderwriterlockclassRestoreLockTopic.htm" ismsdn="true" />
      <HelpTopic name="AnyWritersSince(System.Int32)" link="ms-help://MS.NETFrameworkSDKv1.1/cpref/html/frlrfsystemthreadingreaderwriterlockclassAnyWritersSinceTopic.htm" ismsdn="true" />
    </HelpFolder>
    <HelpFolder name="Properties" link="ms-help://MS.NETFrameworkSDKv1.1/cpref/html/frlrfsystemthreadingreaderwriterlockPropertiesTopic.htm" ismsdn="true">
      <HelpTopic name="IsReaderLockHeld" link="ms-help://MS.NETFrameworkSDKv1.1/cpref/html/frlrfsystemthreadingreaderwriterlockclassIsReaderLockHeldTopic.htm" ismsdn="true" />
      <HelpTopic name="IsWriterLockHeld" link="ms-help://MS.NETFrameworkSDKv1.1/cpref/html/frlrfsystemthreadingreaderwriterlockclassIsWriterLockHeldTopic.htm" ismsdn="true" />
      <HelpTopic name="WriterSeqNum" link="ms-help://MS.NETFrameworkSDKv1.1/cpref/html/frlrfsystemthreadingreaderwriterlockclassWriterSeqNumTopic.htm" ismsdn="true" />
    </HelpFolder>
  </HelpFolder>
  <HelpFolder name="RegisteredWaitHandle class" link="ms-help://MS.NETFrameworkSDKv1.1/cpref/html/frlrfsystemthreadingregisteredwaithandleClassTopic.htm" ismsdn="true">
    <HelpTopic name="RegisteredWaitHandle members" link="ms-help://MS.NETFrameworkSDKv1.1/cpref/html/frlrfsystemthreadingregisteredwaithandleMembersTopic.htm" ismsdn="true" />
    <HelpFolder name="Methods" link="ms-help://MS.NETFrameworkSDKv1.1/cpref/html/frlrfsystemthreadingregisteredwaithandleMethodsTopic.htm" ismsdn="true">
      <HelpTopic name="Unregister(System.Threading.WaitHandle)" link="ms-help://MS.NETFrameworkSDKv1.1/cpref/html/frlrfsystemthreadingregisteredwaithandleclassUnregisterTopic.htm" ismsdn="true" />
    </HelpFolder>
  </HelpFolder>
  <HelpFolder name="SynchronizationLockException class" link="ms-help://MS.NETFrameworkSDKv1.1/cpref/html/frlrfsystemthreadingsynchronizationlockexceptionClassTopic.htm" ismsdn="true">
    <HelpTopic name="SynchronizationLockException members" link="ms-help://MS.NETFrameworkSDKv1.1/cpref/html/frlrfsystemthreadingsynchronizationlockexceptionMembersTopic.htm" ismsdn="true" />
    <HelpFolder name="Constructors" link="ms-help://MS.NETFrameworkSDKv1.1/cpref/html/frlrfsystemthreadingsynchronizationlockexceptionclassctorTopic.htm" ismsdn="true">
      <HelpTopic name=".ctor()" link="ms-help://MS.NETFrameworkSDKv1.1/cpref/html/frlrfsystemthreadingsynchronizationlockexceptionclassctorTopic1.htm" ismsdn="true" />
      <HelpTopic name=".ctor(System.String)" link="ms-help://MS.NETFrameworkSDKv1.1/cpref/html/frlrfsystemthreadingsynchronizationlockexceptionclassctorTopic1.htm" ismsdn="true" />
      <HelpTopic name=".ctor(System.String, System.Exception)" link="ms-help://MS.NETFrameworkSDKv1.1/cpref/html/frlrfsystemthreadingsynchronizationlockexceptionclassctorTopic2.htm" ismsdn="true" />
    </HelpFolder>
  </HelpFolder>
  <HelpFolder name="Thread class" link="ms-help://MS.NETFrameworkSDKv1.1/cpref/html/frlrfsystemthreadingthreadClassTopic.htm" ismsdn="true">
    <HelpTopic name="Thread members" link="ms-help://MS.NETFrameworkSDKv1.1/cpref/html/frlrfsystemthreadingthreadMembersTopic.htm" ismsdn="true" />
    <HelpFolder name="Constructors" link="ms-help://MS.NETFrameworkSDKv1.1/cpref/html/frlrfsystemthreadingthreadclassctorTopic.htm" ismsdn="true">
      <HelpTopic name=".ctor(System.Threading.ThreadStart)" link="ms-help://MS.NETFrameworkSDKv1.1/cpref/html/frlrfsystemthreadingthreadclassctorTopic.htm" ismsdn="true" />
    </HelpFolder>
    <HelpFolder name="Methods" link="ms-help://MS.NETFrameworkSDKv1.1/cpref/html/frlrfsystemthreadingthreadMethodsTopic.htm" ismsdn="true">
      <HelpTopic name="Start()" link="ms-help://MS.NETFrameworkSDKv1.1/cpref/html/frlrfsystemthreadingthreadclassStartTopic.htm" ismsdn="true" />
      <HelpTopic name="Abort(System.Object)" link="ms-help://MS.NETFrameworkSDKv1.1/cpref/html/frlrfsystemthreadingthreadclassAbortTopic1.htm" ismsdn="true" />
      <HelpTopic name="Abort()" link="ms-help://MS.NETFrameworkSDKv1.1/cpref/html/frlrfsystemthreadingthreadclassAbortTopic2.htm" ismsdn="true" />
      <HelpTopic name="ResetAbort()" link="ms-help://MS.NETFrameworkSDKv1.1/cpref/html/frlrfsystemthreadingthreadclassResetAbortTopic.htm" ismsdn="true" />
      <HelpTopic name="Suspend()" link="ms-help://MS.NETFrameworkSDKv1.1/cpref/html/frlrfsystemthreadingthreadclassSuspendTopic.htm" ismsdn="true" />
      <HelpTopic name="Resume()" link="ms-help://MS.NETFrameworkSDKv1.1/cpref/html/frlrfsystemthreadingthreadclassResumeTopic.htm" ismsdn="true" />
      <HelpTopic name="Interrupt()" link="ms-help://MS.NETFrameworkSDKv1.1/cpref/html/frlrfsystemthreadingthreadclassInterruptTopic.htm" ismsdn="true" />
      <HelpTopic name="Join()" link="ms-help://MS.NETFrameworkSDKv1.1/cpref/html/frlrfsystemthreadingthreadclassJoinTopic1.htm" ismsdn="true" />
      <HelpTopic name="Join(System.Int32)" link="ms-help://MS.NETFrameworkSDKv1.1/cpref/html/frlrfsystemthreadingthreadclassJoinTopic2.htm" ismsdn="true" />
      <HelpTopic name="Join(System.TimeSpan)" link="ms-help://MS.NETFrameworkSDKv1.1/cpref/html/frlrfsystemthreadingthreadclassJoinTopic3.htm" ismsdn="true" />
      <HelpTopic name="Sleep(System.Int32)" link="ms-help://MS.NETFrameworkSDKv1.1/cpref/html/frlrfsystemthreadingthreadclassSleepTopic1.htm" ismsdn="true" />
      <HelpTopic name="Sleep(System.TimeSpan)" link="ms-help://MS.NETFrameworkSDKv1.1/cpref/html/frlrfsystemthreadingthreadclassSleepTopic2.htm" ismsdn="true" />
      <HelpTopic name="SpinWait(System.Int32)" link="ms-help://MS.NETFrameworkSDKv1.1/cpref/html/frlrfsystemthreadingthreadclassSpinWaitTopic.htm" ismsdn="true" />
      <HelpTopic name="AllocateDataSlot()" link="ms-help://MS.NETFrameworkSDKv1.1/cpref/html/frlrfsystemthreadingthreadclassAllocateDataSlotTopic.htm" ismsdn="true" />
      <HelpTopic name="AllocateNamedDataSlot(System.String)" link="ms-help://MS.NETFrameworkSDKv1.1/cpref/html/frlrfsystemthreadingthreadclassAllocateNamedDataSlotTopic.htm" ismsdn="true" />
      <HelpTopic name="GetNamedDataSlot(System.String)" link="ms-help://MS.NETFrameworkSDKv1.1/cpref/html/frlrfsystemthreadingthreadclassGetNamedDataSlotTopic.htm" ismsdn="true" />
      <HelpTopic name="FreeNamedDataSlot(System.String)" link="ms-help://MS.NETFrameworkSDKv1.1/cpref/html/frlrfsystemthreadingthreadclassFreeNamedDataSlotTopic.htm" ismsdn="true" />
      <HelpTopic name="GetData(System.LocalDataStoreSlot)" link="ms-help://MS.NETFrameworkSDKv1.1/cpref/html/frlrfsystemthreadingthreadclassGetDataTopic.htm" ismsdn="true" />
      <HelpTopic name="SetData(System.LocalDataStoreSlot, System.Object)" link="ms-help://MS.NETFrameworkSDKv1.1/cpref/html/frlrfsystemthreadingthreadclassSetDataTopic.htm" ismsdn="true" />
      <HelpTopic name="GetDomain()" link="ms-help://MS.NETFrameworkSDKv1.1/cpref/html/frlrfsystemthreadingthreadclassGetDomainTopic.htm" ismsdn="true" />
      <HelpTopic name="GetDomainID()" link="ms-help://MS.NETFrameworkSDKv1.1/cpref/html/frlrfsystemthreadingthreadclassGetDomainIDTopic.htm" ismsdn="true" />
      <HelpTopic name="VolatileRead(System.Byte&amp;)" link="ms-help://MS.NETFrameworkSDKv1.1/cpref/html/frlrfsystemthreadingthreadclassVolatileReadTopic1.htm" ismsdn="true" />
      <HelpTopic name="VolatileRead(System.Int16&amp;)" link="ms-help://MS.NETFrameworkSDKv1.1/cpref/html/frlrfsystemthreadingthreadclassVolatileReadTopic2.htm" ismsdn="true" />
      <HelpTopic name="VolatileRead(System.Int32&amp;)" link="ms-help://MS.NETFrameworkSDKv1.1/cpref/html/frlrfsystemthreadingthreadclassVolatileReadTopic3.htm" ismsdn="true" />
      <HelpTopic name="VolatileRead(System.Int64&amp;)" link="ms-help://MS.NETFrameworkSDKv1.1/cpref/html/frlrfsystemthreadingthreadclassVolatileReadTopic4.htm" ismsdn="true" />
      <HelpTopic name="VolatileRead(System.SByte&amp;)" link="ms-help://MS.NETFrameworkSDKv1.1/cpref/html/frlrfsystemthreadingthreadclassVolatileReadTopic5.htm" ismsdn="true" />
      <HelpTopic name="VolatileRead(System.UInt16&amp;)" link="ms-help://MS.NETFrameworkSDKv1.1/cpref/html/frlrfsystemthreadingthreadclassVolatileReadTopic6.htm" ismsdn="true" />
      <HelpTopic name="VolatileRead(System.UInt32&amp;)" link="ms-help://MS.NETFrameworkSDKv1.1/cpref/html/frlrfsystemthreadingthreadclassVolatileReadTopic7.htm" ismsdn="true" />
      <HelpTopic name="VolatileRead(System.IntPtr&amp;)" link="ms-help://MS.NETFrameworkSDKv1.1/cpref/html/frlrfsystemthreadingthreadclassVolatileReadTopic8.htm" ismsdn="true" />
      <HelpTopic name="VolatileRead(System.UIntPtr&amp;)" link="ms-help://MS.NETFrameworkSDKv1.1/cpref/html/frlrfsystemthreadingthreadclassVolatileReadTopic9.htm" ismsdn="true" />
      <HelpTopic name="VolatileRead(System.UInt64&amp;)" link="ms-help://MS.NETFrameworkSDKv1.1/cpref/html/frlrfsystemthreadingthreadclassVolatileReadTopic10.htm" ismsdn="true" />
      <HelpTopic name="VolatileRead(System.Single&amp;)" link="ms-help://MS.NETFrameworkSDKv1.1/cpref/html/frlrfsystemthreadingthreadclassVolatileReadTopic11.htm" ismsdn="true" />
      <HelpTopic name="VolatileRead(System.Double&amp;)" link="ms-help://MS.NETFrameworkSDKv1.1/cpref/html/frlrfsystemthreadingthreadclassVolatileReadTopic12.htm" ismsdn="true" />
      <HelpTopic name="VolatileRead(System.Object&amp;)" link="ms-help://MS.NETFrameworkSDKv1.1/cpref/html/frlrfsystemthreadingthreadclassVolatileReadTopic13.htm" ismsdn="true" />
      <HelpTopic name="VolatileWrite(System.Byte&amp;, System.Byte)" link="ms-help://MS.NETFrameworkSDKv1.1/cpref/html/frlrfsystemthreadingthreadclassVolatileWriteTopic1.htm" ismsdn="true" />
      <HelpTopic name="VolatileWrite(System.Int16&amp;, System.Int16)" link="ms-help://MS.NETFrameworkSDKv1.1/cpref/html/frlrfsystemthreadingthreadclassVolatileWriteTopic2.htm" ismsdn="true" />
      <HelpTopic name="VolatileWrite(System.Int32&amp;, System.Int32)" link="ms-help://MS.NETFrameworkSDKv1.1/cpref/html/frlrfsystemthreadingthreadclassVolatileWriteTopic3.htm" ismsdn="true" />
      <HelpTopic name="VolatileWrite(System.Int64&amp;, System.Int64)" link="ms-help://MS.NETFrameworkSDKv1.1/cpref/html/frlrfsystemthreadingthreadclassVolatileWriteTopic4.htm" ismsdn="true" />
      <HelpTopic name="VolatileWrite(System.SByte&amp;, System.SByte)" link="ms-help://MS.NETFrameworkSDKv1.1/cpref/html/frlrfsystemthreadingthreadclassVolatileWriteTopic5.htm" ismsdn="true" />
      <HelpTopic name="VolatileWrite(System.UInt16&amp;, System.UInt16)" link="ms-help://MS.NETFrameworkSDKv1.1/cpref/html/frlrfsystemthreadingthreadclassVolatileWriteTopic6.htm" ismsdn="true" />
      <HelpTopic name="VolatileWrite(System.UInt32&amp;, System.UInt32)" link="ms-help://MS.NETFrameworkSDKv1.1/cpref/html/frlrfsystemthreadingthreadclassVolatileWriteTopic7.htm" ismsdn="true" />
      <HelpTopic name="VolatileWrite(System.IntPtr&amp;, System.IntPtr)" link="ms-help://MS.NETFrameworkSDKv1.1/cpref/html/frlrfsystemthreadingthreadclassVolatileWriteTopic8.htm" ismsdn="true" />
      <HelpTopic name="VolatileWrite(System.UIntPtr&amp;, System.UIntPtr)" link="ms-help://MS.NETFrameworkSDKv1.1/cpref/html/frlrfsystemthreadingthreadclassVolatileWriteTopic9.htm" ismsdn="true" />
      <HelpTopic name="VolatileWrite(System.UInt64&amp;, System.UInt64)" link="ms-help://MS.NETFrameworkSDKv1.1/cpref/html/frlrfsystemthreadingthreadclassVolatileWriteTopic10.htm" ismsdn="true" />
      <HelpTopic name="VolatileWrite(System.Single&amp;, System.Single)" link="ms-help://MS.NETFrameworkSDKv1.1/cpref/html/frlrfsystemthreadingthreadclassVolatileWriteTopic11.htm" ismsdn="true" />
      <HelpTopic name="VolatileWrite(System.Double&amp;, System.Double)" link="ms-help://MS.NETFrameworkSDKv1.1/cpref/html/frlrfsystemthreadingthreadclassVolatileWriteTopic12.htm" ismsdn="true" />
      <HelpTopic name="VolatileWrite(System.Object&amp;, System.Object)" link="ms-help://MS.NETFrameworkSDKv1.1/cpref/html/frlrfsystemthreadingthreadclassVolatileWriteTopic13.htm" ismsdn="true" />
      <HelpTopic name="MemoryBarrier()" link="ms-help://MS.NETFrameworkSDKv1.1/cpref/html/frlrfsystemthreadingthreadclassMemoryBarrierTopic.htm" ismsdn="true" />
    </HelpFolder>
    <HelpFolder name="Properties" link="ms-help://MS.NETFrameworkSDKv1.1/cpref/html/frlrfsystemthreadingthreadPropertiesTopic.htm" ismsdn="true">
      <HelpTopic name="Priority" link="ms-help://MS.NETFrameworkSDKv1.1/cpref/html/frlrfsystemthreadingthreadclassPriorityTopic.htm" ismsdn="true" />
      <HelpTopic name="IsAlive" link="ms-help://MS.NETFrameworkSDKv1.1/cpref/html/frlrfsystemthreadingthreadclassIsAliveTopic.htm" ismsdn="true" />
      <HelpTopic name="IsThreadPoolThread" link="ms-help://MS.NETFrameworkSDKv1.1/cpref/html/frlrfsystemthreadingthreadclassIsThreadPoolThreadTopic.htm" ismsdn="true" />
      <HelpTopic name="CurrentThread" link="ms-help://MS.NETFrameworkSDKv1.1/cpref/html/frlrfsystemthreadingthreadclassCurrentThreadTopic.htm" ismsdn="true" />
      <HelpTopic name="IsBackground" link="ms-help://MS.NETFrameworkSDKv1.1/cpref/html/frlrfsystemthreadingthreadclassIsBackgroundTopic.htm" ismsdn="true" />
      <HelpTopic name="ThreadState" link="ms-help://MS.NETFrameworkSDKv1.1/cpref/html/frlrfsystemthreadingthreadclassThreadStateTopic.htm" ismsdn="true" />
      <HelpTopic name="ApartmentState" link="ms-help://MS.NETFrameworkSDKv1.1/cpref/html/frlrfsystemthreadingthreadclassApartmentStateTopic.htm" ismsdn="true" />
      <HelpTopic name="CurrentUICulture" link="ms-help://MS.NETFrameworkSDKv1.1/cpref/html/frlrfsystemthreadingthreadclassCurrentUICultureTopic.htm" ismsdn="true" />
      <HelpTopic name="CurrentCulture" link="ms-help://MS.NETFrameworkSDKv1.1/cpref/html/frlrfsystemthreadingthreadclassCurrentCultureTopic.htm" ismsdn="true" />
      <HelpTopic name="CurrentContext" link="ms-help://MS.NETFrameworkSDKv1.1/cpref/html/frlrfsystemthreadingthreadclassCurrentContextTopic.htm" ismsdn="true" />
      <HelpTopic name="CurrentPrincipal" link="ms-help://MS.NETFrameworkSDKv1.1/cpref/html/frlrfsystemthreadingthreadclassCurrentPrincipalTopic.htm" ismsdn="true" />
      <HelpTopic name="Name" link="ms-help://MS.NETFrameworkSDKv1.1/cpref/html/frlrfsystemthreadingthreadclassNameTopic.htm" ismsdn="true" />
    </HelpFolder>
  </HelpFolder>
  <HelpFolder name="ThreadAbortException class" link="ms-help://MS.NETFrameworkSDKv1.1/cpref/html/frlrfsystemthreadingthreadabortexceptionClassTopic.htm" ismsdn="true">
    <HelpTopic name="ThreadAbortException members" link="ms-help://MS.NETFrameworkSDKv1.1/cpref/html/frlrfsystemthreadingthreadabortexceptionMembersTopic.htm" ismsdn="true" />
    <HelpFolder name="Properties" link="ms-help://MS.NETFrameworkSDKv1.1/cpref/html/frlrfsystemthreadingthreadabortexceptionPropertiesTopic.htm" ismsdn="true">
      <HelpTopic name="ExceptionState" link="ms-help://MS.NETFrameworkSDKv1.1/cpref/html/frlrfsystemthreadingthreadabortexceptionclassExceptionStateTopic.htm" ismsdn="true" />
    </HelpFolder>
  </HelpFolder>
  <HelpFolder name="ThreadExceptionEventArgs class" link="ms-help://MS.NETFrameworkSDKv1.1/cpref/html/frlrfsystemthreadingthreadexceptioneventargsClassTopic.htm" ismsdn="true">
    <HelpTopic name="ThreadExceptionEventArgs members" link="ms-help://MS.NETFrameworkSDKv1.1/cpref/html/frlrfsystemthreadingthreadexceptioneventargsMembersTopic.htm" ismsdn="true" />
    <HelpFolder name="Constructors" link="ms-help://MS.NETFrameworkSDKv1.1/cpref/html/frlrfsystemthreadingthreadexceptioneventargsclassctorTopic.htm" ismsdn="true">
      <HelpTopic name=".ctor(System.Exception)" link="ms-help://MS.NETFrameworkSDKv1.1/cpref/html/frlrfsystemthreadingthreadexceptioneventargsclassctorTopic.htm" ismsdn="true" />
    </HelpFolder>
    <HelpFolder name="Properties" link="ms-help://MS.NETFrameworkSDKv1.1/cpref/html/frlrfsystemthreadingthreadexceptioneventargsPropertiesTopic.htm" ismsdn="true">
      <HelpTopic name="Exception" link="ms-help://MS.NETFrameworkSDKv1.1/cpref/html/frlrfsystemthreadingthreadexceptioneventargsclassExceptionTopic.htm" ismsdn="true" />
    </HelpFolder>
  </HelpFolder>
  <HelpTopic name="ThreadExceptionEventHandler delegate" link="ms-help://MS.NETFrameworkSDKv1.1/cpref/html/frlrfsystemthreadingthreadexceptioneventhandlerClassTopic.htm" ismsdn="true" />
  <HelpFolder name="ThreadInterruptedException class" link="ms-help://MS.NETFrameworkSDKv1.1/cpref/html/frlrfsystemthreadingthreadinterruptedexceptionClassTopic.htm" ismsdn="true">
    <HelpTopic name="ThreadInterruptedException members" link="ms-help://MS.NETFrameworkSDKv1.1/cpref/html/frlrfsystemthreadingthreadinterruptedexceptionMembersTopic.htm" ismsdn="true" />
    <HelpFolder name="Constructors" link="ms-help://MS.NETFrameworkSDKv1.1/cpref/html/frlrfsystemthreadingthreadinterruptedexceptionclassctorTopic.htm" ismsdn="true">
      <HelpTopic name=".ctor()" link="ms-help://MS.NETFrameworkSDKv1.1/cpref/html/frlrfsystemthreadingthreadinterruptedexceptionclassctorTopic1.htm" ismsdn="true" />
      <HelpTopic name=".ctor(System.String)" link="ms-help://MS.NETFrameworkSDKv1.1/cpref/html/frlrfsystemthreadingthreadinterruptedexceptionclassctorTopic1.htm" ismsdn="true" />
      <HelpTopic name=".ctor(System.String, System.Exception)" link="ms-help://MS.NETFrameworkSDKv1.1/cpref/html/frlrfsystemthreadingthreadinterruptedexceptionclassctorTopic2.htm" ismsdn="true" />
    </HelpFolder>
  </HelpFolder>
  <HelpFolder name="ThreadPool class" link="ms-help://MS.NETFrameworkSDKv1.1/cpref/html/frlrfsystemthreadingthreadpoolClassTopic.htm" ismsdn="true">
    <HelpTopic name="ThreadPool members" link="ms-help://MS.NETFrameworkSDKv1.1/cpref/html/frlrfsystemthreadingthreadpoolMembersTopic.htm" ismsdn="true" />
    <HelpFolder name="Methods" link="ms-help://MS.NETFrameworkSDKv1.1/cpref/html/frlrfsystemthreadingthreadpoolMethodsTopic.htm" ismsdn="true">
      <HelpTopic name="GetMaxThreads(System.Int32&amp;, System.Int32&amp;)" link="ms-help://MS.NETFrameworkSDKv1.1/cpref/html/frlrfsystemthreadingthreadpoolclassGetMaxThreadsTopic.htm" ismsdn="true" />
      <HelpTopic name="SetMinThreads(System.Int32, System.Int32)" link="ms-help://MS.NETFrameworkSDKv1.1/cpref/html/frlrfsystemthreadingthreadpoolclassSetMinThreadsTopic.htm" ismsdn="true" />
      <HelpTopic name="GetMinThreads(System.Int32&amp;, System.Int32&amp;)" link="ms-help://MS.NETFrameworkSDKv1.1/cpref/html/frlrfsystemthreadingthreadpoolclassGetMinThreadsTopic.htm" ismsdn="true" />
      <HelpTopic name="GetAvailableThreads(System.Int32&amp;, System.Int32&amp;)" link="ms-help://MS.NETFrameworkSDKv1.1/cpref/html/frlrfsystemthreadingthreadpoolclassGetAvailableThreadsTopic.htm" ismsdn="true" />
      <HelpTopic name="RegisterWaitForSingleObject(System.Threading.WaitHandle, System.Threading.WaitOrTimerCallback, System.Object, System.UInt32, System.Boolean)" link="ms-help://MS.NETFrameworkSDKv1.1/cpref/html/frlrfsystemthreadingthreadpoolclassRegisterWaitForSingleObjectTopic.htm" ismsdn="true" />
      <HelpTopic name="UnsafeRegisterWaitForSingleObject(System.Threading.WaitHandle, System.Threading.WaitOrTimerCallback, System.Object, System.UInt32, System.Boolean)" link="ms-help://MS.NETFrameworkSDKv1.1/cpref/html/frlrfsystemthreadingthreadpoolclassUnsafeRegisterWaitForSingleObjectTopic.htm" ismsdn="true" />
      <HelpTopic name="RegisterWaitForSingleObject(System.Threading.WaitHandle, System.Threading.WaitOrTimerCallback, System.Object, System.Int32, System.Boolean)" link="ms-help://MS.NETFrameworkSDKv1.1/cpref/html/frlrfsystemthreadingthreadpoolclassRegisterWaitForSingleObjectTopic.htm" ismsdn="true" />
      <HelpTopic name="UnsafeRegisterWaitForSingleObject(System.Threading.WaitHandle, System.Threading.WaitOrTimerCallback, System.Object, System.Int32, System.Boolean)" link="ms-help://MS.NETFrameworkSDKv1.1/cpref/html/frlrfsystemthreadingthreadpoolclassUnsafeRegisterWaitForSingleObjectTopic.htm" ismsdn="true" />
      <HelpTopic name="RegisterWaitForSingleObject(System.Threading.WaitHandle, System.Threading.WaitOrTimerCallback, System.Object, System.Int64, System.Boolean)" link="ms-help://MS.NETFrameworkSDKv1.1/cpref/html/frlrfsystemthreadingthreadpoolclassRegisterWaitForSingleObjectTopic.htm" ismsdn="true" />
      <HelpTopic name="UnsafeRegisterWaitForSingleObject(System.Threading.WaitHandle, System.Threading.WaitOrTimerCallback, System.Object, System.Int64, System.Boolean)" link="ms-help://MS.NETFrameworkSDKv1.1/cpref/html/frlrfsystemthreadingthreadpoolclassUnsafeRegisterWaitForSingleObjectTopic.htm" ismsdn="true" />
      <HelpTopic name="RegisterWaitForSingleObject(System.Threading.WaitHandle, System.Threading.WaitOrTimerCallback, System.Object, System.TimeSpan, System.Boolean)" link="ms-help://MS.NETFrameworkSDKv1.1/cpref/html/frlrfsystemthreadingthreadpoolclassRegisterWaitForSingleObjectTopic.htm" ismsdn="true" />
      <HelpTopic name="UnsafeRegisterWaitForSingleObject(System.Threading.WaitHandle, System.Threading.WaitOrTimerCallback, System.Object, System.TimeSpan, System.Boolean)" link="ms-help://MS.NETFrameworkSDKv1.1/cpref/html/frlrfsystemthreadingthreadpoolclassUnsafeRegisterWaitForSingleObjectTopic.htm" ismsdn="true" />
      <HelpTopic name="QueueUserWorkItem(System.Threading.WaitCallback, System.Object)" link="ms-help://MS.NETFrameworkSDKv1.1/cpref/html/frlrfsystemthreadingthreadpoolclassQueueUserWorkItemTopic1.htm" ismsdn="true" />
      <HelpTopic name="QueueUserWorkItem(System.Threading.WaitCallback)" link="ms-help://MS.NETFrameworkSDKv1.1/cpref/html/frlrfsystemthreadingthreadpoolclassQueueUserWorkItemTopic2.htm" ismsdn="true" />
      <HelpTopic name="UnsafeQueueUserWorkItem(System.Threading.WaitCallback, System.Object)" link="ms-help://MS.NETFrameworkSDKv1.1/cpref/html/frlrfsystemthreadingthreadpoolclassUnsafeQueueUserWorkItemTopic.htm" ismsdn="true" />
      <HelpTopic name="BindHandle(System.IntPtr)" link="ms-help://MS.NETFrameworkSDKv1.1/cpref/html/frlrfsystemthreadingthreadpoolclassBindHandleTopic.htm" ismsdn="true" />
    </HelpFolder>
  </HelpFolder>
  <HelpTopic name="ThreadPriority enumeration" link="ms-help://MS.NETFrameworkSDKv1.1/cpref/html/frlrfsystemthreadingthreadpriorityClassTopic.htm" ismsdn="true" />
  <HelpTopic name="ThreadStart delegate" link="ms-help://MS.NETFrameworkSDKv1.1/cpref/html/frlrfsystemthreadingthreadstartClassTopic.htm" ismsdn="true" />
  <HelpTopic name="ThreadState enumeration" link="ms-help://MS.NETFrameworkSDKv1.1/cpref/html/frlrfsystemthreadingthreadstateClassTopic.htm" ismsdn="true" />
  <HelpFolder name="ThreadStateException class" link="ms-help://MS.NETFrameworkSDKv1.1/cpref/html/frlrfsystemthreadingthreadstateexceptionClassTopic.htm" ismsdn="true">
    <HelpTopic name="ThreadStateException members" link="ms-help://MS.NETFrameworkSDKv1.1/cpref/html/frlrfsystemthreadingthreadstateexceptionMembersTopic.htm" ismsdn="true" />
    <HelpFolder name="Constructors" link="ms-help://MS.NETFrameworkSDKv1.1/cpref/html/frlrfsystemthreadingthreadstateexceptionclassctorTopic.htm" ismsdn="true">
      <HelpTopic name=".ctor()" link="ms-help://MS.NETFrameworkSDKv1.1/cpref/html/frlrfsystemthreadingthreadstateexceptionclassctorTopic1.htm" ismsdn="true" />
      <HelpTopic name=".ctor(System.String)" link="ms-help://MS.NETFrameworkSDKv1.1/cpref/html/frlrfsystemthreadingthreadstateexceptionclassctorTopic1.htm" ismsdn="true" />
      <HelpTopic name=".ctor(System.String, System.Exception)" link="ms-help://MS.NETFrameworkSDKv1.1/cpref/html/frlrfsystemthreadingthreadstateexceptionclassctorTopic2.htm" ismsdn="true" />
    </HelpFolder>
  </HelpFolder>
  <HelpFolder name="Timeout class" link="ms-help://MS.NETFrameworkSDKv1.1/cpref/html/frlrfsystemthreadingtimeoutClassTopic.htm" ismsdn="true">
    <HelpTopic name="Timeout members" link="ms-help://MS.NETFrameworkSDKv1.1/cpref/html/frlrfsystemthreadingtimeoutMembersTopic.htm" ismsdn="true" />
    <HelpFolder name="Fields" link="ms-help://MS.NETFrameworkSDKv1.1/cpref/html/frlrfsystemthreadingtimeoutFieldsTopic.htm" ismsdn="true">
      <HelpTopic name="Infinite" link="ms-help://MS.NETFrameworkSDKv1.1/cpref/html/frlrfsystemthreadingtimeoutclassInfiniteTopic.htm" ismsdn="true" />
    </HelpFolder>
  </HelpFolder>
  <HelpFolder name="Timer class" link="ms-help://MS.NETFrameworkSDKv1.1/cpref/html/frlrfsystemthreadingtimerClassTopic.htm" ismsdn="true">
    <HelpTopic name="Timer members" link="ms-help://MS.NETFrameworkSDKv1.1/cpref/html/frlrfsystemthreadingtimerMembersTopic.htm" ismsdn="true" />
    <HelpFolder name="Constructors" link="ms-help://MS.NETFrameworkSDKv1.1/cpref/html/frlrfsystemthreadingtimerclassctorTopic.htm" ismsdn="true">
      <HelpTopic name=".ctor(System.Threading.TimerCallback, System.Object, System.Int32, System.Int32)" link="ms-help://MS.NETFrameworkSDKv1.1/cpref/html/frlrfsystemthreadingtimerclassctorTopic1.htm" ismsdn="true" />
      <HelpTopic name=".ctor(System.Threading.TimerCallback, System.Object, System.TimeSpan, System.TimeSpan)" link="ms-help://MS.NETFrameworkSDKv1.1/cpref/html/frlrfsystemthreadingtimerclassctorTopic1.htm" ismsdn="true" />
      <HelpTopic name=".ctor(System.Threading.TimerCallback, System.Object, System.UInt32, System.UInt32)" link="ms-help://MS.NETFrameworkSDKv1.1/cpref/html/frlrfsystemthreadingtimerclassctorTopic2.htm" ismsdn="true" />
      <HelpTopic name=".ctor(System.Threading.TimerCallback, System.Object, System.Int64, System.Int64)" link="ms-help://MS.NETFrameworkSDKv1.1/cpref/html/frlrfsystemthreadingtimerclassctorTopic3.htm" ismsdn="true" />
    </HelpFolder>
    <HelpFolder name="Methods" link="ms-help://MS.NETFrameworkSDKv1.1/cpref/html/frlrfsystemthreadingtimerMethodsTopic.htm" ismsdn="true">
      <HelpTopic name="Dispose()" link="ms-help://MS.NETFrameworkSDKv1.1/cpref/html/frlrfsystemthreadingtimerclassDisposeTopic.htm" ismsdn="true" />
      <HelpTopic name="Change(System.Int32, System.Int32)" link="ms-help://MS.NETFrameworkSDKv1.1/cpref/html/frlrfsystemthreadingtimerclassChangeTopic1.htm" ismsdn="true" />
      <HelpTopic name="Change(System.TimeSpan, System.TimeSpan)" link="ms-help://MS.NETFrameworkSDKv1.1/cpref/html/frlrfsystemthreadingtimerclassChangeTopic2.htm" ismsdn="true" />
      <HelpTopic name="Change(System.UInt32, System.UInt32)" link="ms-help://MS.NETFrameworkSDKv1.1/cpref/html/frlrfsystemthreadingtimerclassChangeTopic3.htm" ismsdn="true" />
      <HelpTopic name="Change(System.Int64, System.Int64)" link="ms-help://MS.NETFrameworkSDKv1.1/cpref/html/frlrfsystemthreadingtimerclassChangeTopic4.htm" ismsdn="true" />
      <HelpTopic name="Dispose(System.Threading.WaitHandle)" link="ms-help://MS.NETFrameworkSDKv1.1/cpref/html/frlrfsystemthreadingtimerclassDisposeTopic.htm" ismsdn="true" />
    </HelpFolder>
  </HelpFolder>
  <HelpTopic name="TimerCallback delegate" link="ms-help://MS.NETFrameworkSDKv1.1/cpref/html/frlrfsystemthreadingtimercallbackClassTopic.htm" ismsdn="true" />
  <HelpTopic name="WaitCallback delegate" link="ms-help://MS.NETFrameworkSDKv1.1/cpref/html/frlrfsystemthreadingwaitcallbackClassTopic.htm" ismsdn="true" />
  <HelpFolder name="WaitHandle class" link="ms-help://MS.NETFrameworkSDKv1.1/cpref/html/frlrfsystemthreadingwaithandleClassTopic.htm" ismsdn="true">
    <HelpTopic name="WaitHandle members" link="ms-help://MS.NETFrameworkSDKv1.1/cpref/html/frlrfsystemthreadingwaithandleMembersTopic.htm" ismsdn="true" />
    <HelpFolder name="Constructors" link="ms-help://MS.NETFrameworkSDKv1.1/cpref/html/frlrfsystemthreadingwaithandleclassctorTopic.htm" ismsdn="true">
      <HelpTopic name=".ctor()" link="ms-help://MS.NETFrameworkSDKv1.1/cpref/html/frlrfsystemthreadingwaithandleclassctorTopic.htm" ismsdn="true" />
    </HelpFolder>
    <HelpFolder name="Fields" link="ms-help://MS.NETFrameworkSDKv1.1/cpref/html/frlrfsystemthreadingwaithandleFieldsTopic.htm" ismsdn="true">
      <HelpTopic name="WaitTimeout" link="ms-help://MS.NETFrameworkSDKv1.1/cpref/html/frlrfsystemthreadingwaithandleclassWaitTimeoutTopic.htm" ismsdn="true" />
    </HelpFolder>
    <HelpFolder name="Methods" link="ms-help://MS.NETFrameworkSDKv1.1/cpref/html/frlrfsystemthreadingwaithandleMethodsTopic.htm" ismsdn="true">
      <HelpTopic name="Close()" link="ms-help://MS.NETFrameworkSDKv1.1/cpref/html/frlrfsystemthreadingwaithandleclassCloseTopic.htm" ismsdn="true" />
      <HelpTopic name="WaitOne()" link="ms-help://MS.NETFrameworkSDKv1.1/cpref/html/frlrfsystemthreadingwaithandleclassWaitOneTopic1.htm" ismsdn="true" />
      <HelpTopic name="WaitOne(System.TimeSpan, System.Boolean)" link="ms-help://MS.NETFrameworkSDKv1.1/cpref/html/frlrfsystemthreadingwaithandleclassWaitOneTopic2.htm" ismsdn="true" />
      <HelpTopic name="WaitOne(System.Int32, System.Boolean)" link="ms-help://MS.NETFrameworkSDKv1.1/cpref/html/frlrfsystemthreadingwaithandleclassWaitOneTopic3.htm" ismsdn="true" />
      <HelpTopic name="WaitAll(System.Threading.WaitHandle[], System.Int32, System.Boolean)" link="ms-help://MS.NETFrameworkSDKv1.1/cpref/html/frlrfsystemthreadingwaithandleclassWaitAllTopic1.htm" ismsdn="true" />
      <HelpTopic name="WaitAll(System.Threading.WaitHandle[], System.TimeSpan, System.Boolean)" link="ms-help://MS.NETFrameworkSDKv1.1/cpref/html/frlrfsystemthreadingwaithandleclassWaitAllTopic2.htm" ismsdn="true" />
      <HelpTopic name="WaitAll(System.Threading.WaitHandle[])" link="ms-help://MS.NETFrameworkSDKv1.1/cpref/html/frlrfsystemthreadingwaithandleclassWaitAllTopic3.htm" ismsdn="true" />
      <HelpTopic name="WaitAny(System.Threading.WaitHandle[], System.Int32, System.Boolean)" link="ms-help://MS.NETFrameworkSDKv1.1/cpref/html/frlrfsystemthreadingwaithandleclassWaitAnyTopic1.htm" ismsdn="true" />
      <HelpTopic name="WaitAny(System.Threading.WaitHandle[], System.TimeSpan, System.Boolean)" link="ms-help://MS.NETFrameworkSDKv1.1/cpref/html/frlrfsystemthreadingwaithandleclassWaitAnyTopic2.htm" ismsdn="true" />
      <HelpTopic name="WaitAny(System.Threading.WaitHandle[])" link="ms-help://MS.NETFrameworkSDKv1.1/cpref/html/frlrfsystemthreadingwaithandleclassWaitAnyTopic3.htm" ismsdn="true" />
    </HelpFolder>
    <HelpFolder name="Properties" link="ms-help://MS.NETFrameworkSDKv1.1/cpref/html/frlrfsystemthreadingwaithandlePropertiesTopic.htm" ismsdn="true">
      <HelpTopic name="Handle" link="ms-help://MS.NETFrameworkSDKv1.1/cpref/html/frlrfsystemthreadingwaithandleclassHandleTopic.htm" ismsdn="true" />
    </HelpFolder>
  </HelpFolder>
  <HelpTopic name="WaitOrTimerCallback delegate" link="ms-help://MS.NETFrameworkSDKv1.1/cpref/html/frlrfsystemthreadingwaitortimercallbackClassTopic.htm" ismsdn="true" />
</HelpCollection>