<HelpCollection>
  <HelpFolder name="ActivatedClientTypeEntry class" link="ms-help://MS.NETFrameworkSDKv1.1/cpref/html/frlrfsystemruntimeremotingactivatedclienttypeentryClassTopic.htm" ismsdn="true">
    <HelpTopic name="ActivatedClientTypeEntry members" link="ms-help://MS.NETFrameworkSDKv1.1/cpref/html/frlrfsystemruntimeremotingactivatedclienttypeentryMembersTopic.htm" ismsdn="true" />
    <HelpFolder name="Constructors" link="ms-help://MS.NETFrameworkSDKv1.1/cpref/html/frlrfsystemruntimeremotingactivatedclienttypeentryclassctorTopic.htm" ismsdn="true">
      <HelpTopic name=".ctor(System.String, System.String, System.String)" link="ms-help://MS.NETFrameworkSDKv1.1/cpref/html/frlrfsystemruntimeremotingactivatedclienttypeentryclassctorTopic1.htm" ismsdn="true" />
      <HelpTopic name=".ctor(System.Type, System.String)" link="ms-help://MS.NETFrameworkSDKv1.1/cpref/html/frlrfsystemruntimeremotingactivatedclienttypeentryclassctorTopic1.htm" ismsdn="true" />
    </HelpFolder>
    <HelpFolder name="Methods" link="ms-help://MS.NETFrameworkSDKv1.1/cpref/html/frlrfsystemruntimeremotingactivatedclienttypeentryMethodsTopic.htm" ismsdn="true">
      <HelpTopic name="ToString()" link="ms-help://MS.NETFrameworkSDKv1.1/cpref/html/frlrfsystemruntimeremotingactivatedclienttypeentryclassToStringTopic.htm" ismsdn="true" />
    </HelpFolder>
    <HelpFolder name="Properties" link="ms-help://MS.NETFrameworkSDKv1.1/cpref/html/frlrfsystemruntimeremotingactivatedclienttypeentryPropertiesTopic.htm" ismsdn="true">
      <HelpTopic name="ApplicationUrl" link="ms-help://MS.NETFrameworkSDKv1.1/cpref/html/frlrfsystemruntimeremotingactivatedclienttypeentryclassApplicationUrlTopic.htm" ismsdn="true" />
      <HelpTopic name="ObjectType" link="ms-help://MS.NETFrameworkSDKv1.1/cpref/html/frlrfsystemruntimeremotingactivatedclienttypeentryclassObjectTypeTopic.htm" ismsdn="true" />
      <HelpTopic name="ContextAttributes" link="ms-help://MS.NETFrameworkSDKv1.1/cpref/html/frlrfsystemruntimeremotingactivatedclienttypeentryclassContextAttributesTopic.htm" ismsdn="true" />
    </HelpFolder>
  </HelpFolder>
  <HelpFolder name="ActivatedServiceTypeEntry class" link="ms-help://MS.NETFrameworkSDKv1.1/cpref/html/frlrfsystemruntimeremotingactivatedservicetypeentryClassTopic.htm" ismsdn="true">
    <HelpTopic name="ActivatedServiceTypeEntry members" link="ms-help://MS.NETFrameworkSDKv1.1/cpref/html/frlrfsystemruntimeremotingactivatedservicetypeentryMembersTopic.htm" ismsdn="true" />
    <HelpFolder name="Constructors" link="ms-help://MS.NETFrameworkSDKv1.1/cpref/html/frlrfsystemruntimeremotingactivatedservicetypeentryclassctorTopic.htm" ismsdn="true">
      <HelpTopic name=".ctor(System.String, System.String)" link="ms-help://MS.NETFrameworkSDKv1.1/cpref/html/frlrfsystemruntimeremotingactivatedservicetypeentryclassctorTopic1.htm" ismsdn="true" />
      <HelpTopic name=".ctor(System.Type)" link="ms-help://MS.NETFrameworkSDKv1.1/cpref/html/frlrfsystemruntimeremotingactivatedservicetypeentryclassctorTopic1.htm" ismsdn="true" />
    </HelpFolder>
    <HelpFolder name="Methods" link="ms-help://MS.NETFrameworkSDKv1.1/cpref/html/frlrfsystemruntimeremotingactivatedservicetypeentryMethodsTopic.htm" ismsdn="true">
      <HelpTopic name="ToString()" link="ms-help://MS.NETFrameworkSDKv1.1/cpref/html/frlrfsystemruntimeremotingactivatedservicetypeentryclassToStringTopic.htm" ismsdn="true" />
    </HelpFolder>
    <HelpFolder name="Properties" link="ms-help://MS.NETFrameworkSDKv1.1/cpref/html/frlrfsystemruntimeremotingactivatedservicetypeentryPropertiesTopic.htm" ismsdn="true">
      <HelpTopic name="ObjectType" link="ms-help://MS.NETFrameworkSDKv1.1/cpref/html/frlrfsystemruntimeremotingactivatedservicetypeentryclassObjectTypeTopic.htm" ismsdn="true" />
      <HelpTopic name="ContextAttributes" link="ms-help://MS.NETFrameworkSDKv1.1/cpref/html/frlrfsystemruntimeremotingactivatedservicetypeentryclassContextAttributesTopic.htm" ismsdn="true" />
    </HelpFolder>
  </HelpFolder>
  <HelpTopic name="CustomErrorsModes enumeration" link="ms-help://MS.NETFrameworkSDKv1.1/cpref/html/frlrfsystemruntimeremotingcustomerrorsmodesClassTopic.htm" ismsdn="true" />
  <HelpFolder name="IChannelInfo interface" link="ms-help://MS.NETFrameworkSDKv1.1/cpref/html/frlrfsystemruntimeremotingichannelinfoClassTopic.htm" ismsdn="true">
    <HelpTopic name="IChannelInfo members" link="ms-help://MS.NETFrameworkSDKv1.1/cpref/html/frlrfsystemruntimeremotingichannelinfoMembersTopic.htm" ismsdn="true" />
    <HelpFolder name="Properties" link="ms-help://MS.NETFrameworkSDKv1.1/cpref/html/frlrfsystemruntimeremotingichannelinfoPropertiesTopic.htm" ismsdn="true">
      <HelpTopic name="ChannelData" link="ms-help://MS.NETFrameworkSDKv1.1/cpref/html/frlrfsystemruntimeremotingichannelinfoclassChannelDataTopic.htm" ismsdn="true" />
    </HelpFolder>
  </HelpFolder>
  <HelpFolder name="IEnvoyInfo interface" link="ms-help://MS.NETFrameworkSDKv1.1/cpref/html/frlrfsystemruntimeremotingienvoyinfoClassTopic.htm" ismsdn="true">
    <HelpTopic name="IEnvoyInfo members" link="ms-help://MS.NETFrameworkSDKv1.1/cpref/html/frlrfsystemruntimeremotingienvoyinfoMembersTopic.htm" ismsdn="true" />
    <HelpFolder name="Properties" link="ms-help://MS.NETFrameworkSDKv1.1/cpref/html/frlrfsystemruntimeremotingienvoyinfoPropertiesTopic.htm" ismsdn="true">
      <HelpTopic name="EnvoySinks" link="ms-help://MS.NETFrameworkSDKv1.1/cpref/html/frlrfsystemruntimeremotingienvoyinfoclassEnvoySinksTopic.htm" ismsdn="true" />
    </HelpFolder>
  </HelpFolder>
  <HelpFolder name="InternalRemotingServices class" link="ms-help://MS.NETFrameworkSDKv1.1/cpref/html/frlrfsystemruntimeremotinginternalremotingservicesClassTopic.htm" ismsdn="true">
    <HelpTopic name="InternalRemotingServices members" link="ms-help://MS.NETFrameworkSDKv1.1/cpref/html/frlrfsystemruntimeremotinginternalremotingservicesMembersTopic.htm" ismsdn="true" />
    <HelpFolder name="Constructors" link="ms-help://MS.NETFrameworkSDKv1.1/cpref/html/frlrfsystemruntimeremotinginternalremotingservicesclassctorTopic.htm" ismsdn="true">
      <HelpTopic name=".ctor()" link="ms-help://MS.NETFrameworkSDKv1.1/cpref/html/frlrfsystemruntimeremotinginternalremotingservicesclassctorTopic.htm" ismsdn="true" />
    </HelpFolder>
    <HelpFolder name="Methods" link="ms-help://MS.NETFrameworkSDKv1.1/cpref/html/frlrfsystemruntimeremotinginternalremotingservicesMethodsTopic.htm" ismsdn="true">
      <HelpTopic name="DebugOutChnl(System.String)" link="ms-help://MS.NETFrameworkSDKv1.1/cpref/html/frlrfsystemruntimeremotinginternalremotingservicesclassDebugOutChnlTopic.htm" ismsdn="true" />
      <HelpTopic name="RemotingTrace(System.Object[])" link="ms-help://MS.NETFrameworkSDKv1.1/cpref/html/frlrfsystemruntimeremotinginternalremotingservicesclassRemotingTraceTopic.htm" ismsdn="true" />
      <HelpTopic name="RemotingAssert(System.Boolean, System.String)" link="ms-help://MS.NETFrameworkSDKv1.1/cpref/html/frlrfsystemruntimeremotinginternalremotingservicesclassRemotingAssertTopic.htm" ismsdn="true" />
      <HelpTopic name="SetServerIdentity(System.Runtime.Remoting.Messaging.MethodCall, System.Object)" link="ms-help://MS.NETFrameworkSDKv1.1/cpref/html/frlrfsystemruntimeremotinginternalremotingservicesclassSetServerIdentityTopic.htm" ismsdn="true" />
      <HelpTopic name="GetCachedSoapAttribute(System.Object)" link="ms-help://MS.NETFrameworkSDKv1.1/cpref/html/frlrfsystemruntimeremotinginternalremotingservicesclassGetCachedSoapAttributeTopic.htm" ismsdn="true" />
    </HelpFolder>
  </HelpFolder>
  <HelpFolder name="IObjectHandle interface" link="ms-help://MS.NETFrameworkSDKv1.1/cpref/html/frlrfsystemruntimeremotingiobjecthandleClassTopic.htm" ismsdn="true">
    <HelpTopic name="IObjectHandle members" link="ms-help://MS.NETFrameworkSDKv1.1/cpref/html/frlrfsystemruntimeremotingiobjecthandleMembersTopic.htm" ismsdn="true" />
    <HelpFolder name="Methods" link="ms-help://MS.NETFrameworkSDKv1.1/cpref/html/frlrfsystemruntimeremotingiobjecthandleMethodsTopic.htm" ismsdn="true">
      <HelpTopic name="Unwrap()" link="ms-help://MS.NETFrameworkSDKv1.1/cpref/html/frlrfsystemruntimeremotingiobjecthandleclassUnwrapTopic.htm" ismsdn="true" />
    </HelpFolder>
  </HelpFolder>
  <HelpFolder name="IRemotingTypeInfo interface" link="ms-help://MS.NETFrameworkSDKv1.1/cpref/html/frlrfsystemruntimeremotingiremotingtypeinfoClassTopic.htm" ismsdn="true">
    <HelpTopic name="IRemotingTypeInfo members" link="ms-help://MS.NETFrameworkSDKv1.1/cpref/html/frlrfsystemruntimeremotingiremotingtypeinfoMembersTopic.htm" ismsdn="true" />
    <HelpFolder name="Methods" link="ms-help://MS.NETFrameworkSDKv1.1/cpref/html/frlrfsystemruntimeremotingiremotingtypeinfoMethodsTopic.htm" ismsdn="true">
      <HelpTopic name="CanCastTo(System.Type, System.Object)" link="ms-help://MS.NETFrameworkSDKv1.1/cpref/html/frlrfsystemruntimeremotingiremotingtypeinfoclassCanCastToTopic.htm" ismsdn="true" />
    </HelpFolder>
    <HelpFolder name="Properties" link="ms-help://MS.NETFrameworkSDKv1.1/cpref/html/frlrfsystemruntimeremotingiremotingtypeinfoPropertiesTopic.htm" ismsdn="true">
      <HelpTopic name="TypeName" link="ms-help://MS.NETFrameworkSDKv1.1/cpref/html/frlrfsystemruntimeremotingiremotingtypeinfoclassTypeNameTopic.htm" ismsdn="true" />
    </HelpFolder>
  </HelpFolder>
  <HelpFolder name="ObjectHandle class" link="ms-help://MS.NETFrameworkSDKv1.1/cpref/html/frlrfsystemruntimeremotingobjecthandleClassTopic.htm" ismsdn="true">
    <HelpTopic name="ObjectHandle members" link="ms-help://MS.NETFrameworkSDKv1.1/cpref/html/frlrfsystemruntimeremotingobjecthandleMembersTopic.htm" ismsdn="true" />
    <HelpFolder name="Constructors" link="ms-help://MS.NETFrameworkSDKv1.1/cpref/html/frlrfsystemruntimeremotingobjecthandleclassctorTopic.htm" ismsdn="true">
      <HelpTopic name=".ctor(System.Object)" link="ms-help://MS.NETFrameworkSDKv1.1/cpref/html/frlrfsystemruntimeremotingobjecthandleclassctorTopic.htm" ismsdn="true" />
    </HelpFolder>
    <HelpFolder name="Methods" link="ms-help://MS.NETFrameworkSDKv1.1/cpref/html/frlrfsystemruntimeremotingobjecthandleMethodsTopic.htm" ismsdn="true">
      <HelpTopic name="Unwrap()" link="ms-help://MS.NETFrameworkSDKv1.1/cpref/html/frlrfsystemruntimeremotingobjecthandleclassUnwrapTopic.htm" ismsdn="true" />
      <HelpTopic name="InitializeLifetimeService()" link="ms-help://MS.NETFrameworkSDKv1.1/cpref/html/frlrfsystemruntimeremotingobjecthandleclassInitializeLifetimeServiceTopic.htm" ismsdn="true" />
    </HelpFolder>
  </HelpFolder>
  <HelpFolder name="ObjRef class" link="ms-help://MS.NETFrameworkSDKv1.1/cpref/html/frlrfsystemruntimeremotingobjrefClassTopic.htm" ismsdn="true">
    <HelpTopic name="ObjRef members" link="ms-help://MS.NETFrameworkSDKv1.1/cpref/html/frlrfsystemruntimeremotingobjrefMembersTopic.htm" ismsdn="true" />
    <HelpFolder name="Constructors" link="ms-help://MS.NETFrameworkSDKv1.1/cpref/html/frlrfsystemruntimeremotingobjrefclassctorTopic.htm" ismsdn="true">
      <HelpTopic name=".ctor(System.MarshalByRefObject, System.Type)" link="ms-help://MS.NETFrameworkSDKv1.1/cpref/html/frlrfsystemruntimeremotingobjrefclassctorTopic1.htm" ismsdn="true" />
      <HelpTopic name=".ctor()" link="ms-help://MS.NETFrameworkSDKv1.1/cpref/html/frlrfsystemruntimeremotingobjrefclassctorTopic1.htm" ismsdn="true" />
    </HelpFolder>
    <HelpFolder name="Methods" link="ms-help://MS.NETFrameworkSDKv1.1/cpref/html/frlrfsystemruntimeremotingobjrefMethodsTopic.htm" ismsdn="true">
      <HelpTopic name="GetRealObject(System.Runtime.Serialization.StreamingContext)" link="ms-help://MS.NETFrameworkSDKv1.1/cpref/html/frlrfsystemruntimeremotingobjrefclassGetRealObjectTopic.htm" ismsdn="true" />
      <HelpTopic name="GetObjectData(System.Runtime.Serialization.SerializationInfo, System.Runtime.Serialization.StreamingContext)" link="ms-help://MS.NETFrameworkSDKv1.1/cpref/html/frlrfsystemruntimeremotingobjrefclassGetObjectDataTopic.htm" ismsdn="true" />
      <HelpTopic name="IsFromThisProcess()" link="ms-help://MS.NETFrameworkSDKv1.1/cpref/html/frlrfsystemruntimeremotingobjrefclassIsFromThisProcessTopic.htm" ismsdn="true" />
      <HelpTopic name="IsFromThisAppDomain()" link="ms-help://MS.NETFrameworkSDKv1.1/cpref/html/frlrfsystemruntimeremotingobjrefclassIsFromThisAppDomainTopic.htm" ismsdn="true" />
    </HelpFolder>
    <HelpFolder name="Properties" link="ms-help://MS.NETFrameworkSDKv1.1/cpref/html/frlrfsystemruntimeremotingobjrefPropertiesTopic.htm" ismsdn="true">
      <HelpTopic name="URI" link="ms-help://MS.NETFrameworkSDKv1.1/cpref/html/frlrfsystemruntimeremotingobjrefclassURITopic.htm" ismsdn="true" />
      <HelpTopic name="TypeInfo" link="ms-help://MS.NETFrameworkSDKv1.1/cpref/html/frlrfsystemruntimeremotingobjrefclassTypeInfoTopic.htm" ismsdn="true" />
      <HelpTopic name="EnvoyInfo" link="ms-help://MS.NETFrameworkSDKv1.1/cpref/html/frlrfsystemruntimeremotingobjrefclassEnvoyInfoTopic.htm" ismsdn="true" />
      <HelpTopic name="ChannelInfo" link="ms-help://MS.NETFrameworkSDKv1.1/cpref/html/frlrfsystemruntimeremotingobjrefclassChannelInfoTopic.htm" ismsdn="true" />
    </HelpFolder>
  </HelpFolder>
  <HelpFolder name="RemotingConfiguration class" link="ms-help://MS.NETFrameworkSDKv1.1/cpref/html/frlrfsystemruntimeremotingremotingconfigurationClassTopic.htm" ismsdn="true">
    <HelpTopic name="RemotingConfiguration members" link="ms-help://MS.NETFrameworkSDKv1.1/cpref/html/frlrfsystemruntimeremotingremotingconfigurationMembersTopic.htm" ismsdn="true" />
    <HelpFolder name="Methods" link="ms-help://MS.NETFrameworkSDKv1.1/cpref/html/frlrfsystemruntimeremotingremotingconfigurationMethodsTopic.htm" ismsdn="true">
      <HelpTopic name="Configure(System.String)" link="ms-help://MS.NETFrameworkSDKv1.1/cpref/html/frlrfsystemruntimeremotingremotingconfigurationclassConfigureTopic0.htm" ismsdn="true" />
      <HelpTopic name="Configure(System.String, System.Boolean)" link="ms-help://MS.NETFrameworkSDKv1.1/cpref/html/frlrfsystemruntimeremotingremotingconfigurationclassConfigureTopic1.htm" ismsdn="true" />
      <HelpTopic name="CustomErrorsEnabled(System.Boolean)" link="ms-help://MS.NETFrameworkSDKv1.1/cpref/html/frlrfsystemruntimeremotingremotingconfigurationclassCustomErrorsEnabledTopic.htm" ismsdn="true" />
      <HelpTopic name="RegisterActivatedServiceType(System.Type)" link="ms-help://MS.NETFrameworkSDKv1.1/cpref/html/frlrfsystemruntimeremotingremotingconfigurationclassRegisterActivatedServiceTypeTopic1.htm" ismsdn="true" />
      <HelpTopic name="RegisterActivatedServiceType(System.Runtime.Remoting.ActivatedServiceTypeEntry)" link="ms-help://MS.NETFrameworkSDKv1.1/cpref/html/frlrfsystemruntimeremotingremotingconfigurationclassRegisterActivatedServiceTypeTopic2.htm" ismsdn="true" />
      <HelpTopic name="RegisterWellKnownServiceType(System.Type, System.String, System.Runtime.Remoting.WellKnownObjectMode)" link="ms-help://MS.NETFrameworkSDKv1.1/cpref/html/frlrfsystemruntimeremotingremotingconfigurationclassRegisterWellKnownServiceTypeTopic1.htm" ismsdn="true" />
      <HelpTopic name="RegisterWellKnownServiceType(System.Runtime.Remoting.WellKnownServiceTypeEntry)" link="ms-help://MS.NETFrameworkSDKv1.1/cpref/html/frlrfsystemruntimeremotingremotingconfigurationclassRegisterWellKnownServiceTypeTopic2.htm" ismsdn="true" />
      <HelpTopic name="RegisterActivatedClientType(System.Type, System.String)" link="ms-help://MS.NETFrameworkSDKv1.1/cpref/html/frlrfsystemruntimeremotingremotingconfigurationclassRegisterActivatedClientTypeTopic1.htm" ismsdn="true" />
      <HelpTopic name="RegisterActivatedClientType(System.Runtime.Remoting.ActivatedClientTypeEntry)" link="ms-help://MS.NETFrameworkSDKv1.1/cpref/html/frlrfsystemruntimeremotingremotingconfigurationclassRegisterActivatedClientTypeTopic2.htm" ismsdn="true" />
      <HelpTopic name="RegisterWellKnownClientType(System.Type, System.String)" link="ms-help://MS.NETFrameworkSDKv1.1/cpref/html/frlrfsystemruntimeremotingremotingconfigurationclassRegisterWellKnownClientTypeTopic1.htm" ismsdn="true" />
      <HelpTopic name="RegisterWellKnownClientType(System.Runtime.Remoting.WellKnownClientTypeEntry)" link="ms-help://MS.NETFrameworkSDKv1.1/cpref/html/frlrfsystemruntimeremotingremotingconfigurationclassRegisterWellKnownClientTypeTopic2.htm" ismsdn="true" />
      <HelpTopic name="GetRegisteredActivatedServiceTypes()" link="ms-help://MS.NETFrameworkSDKv1.1/cpref/html/frlrfsystemruntimeremotingremotingconfigurationclassGetRegisteredActivatedServiceTypesTopic.htm" ismsdn="true" />
      <HelpTopic name="GetRegisteredWellKnownServiceTypes()" link="ms-help://MS.NETFrameworkSDKv1.1/cpref/html/frlrfsystemruntimeremotingremotingconfigurationclassGetRegisteredWellKnownServiceTypesTopic.htm" ismsdn="true" />
      <HelpTopic name="GetRegisteredActivatedClientTypes()" link="ms-help://MS.NETFrameworkSDKv1.1/cpref/html/frlrfsystemruntimeremotingremotingconfigurationclassGetRegisteredActivatedClientTypesTopic.htm" ismsdn="true" />
      <HelpTopic name="GetRegisteredWellKnownClientTypes()" link="ms-help://MS.NETFrameworkSDKv1.1/cpref/html/frlrfsystemruntimeremotingremotingconfigurationclassGetRegisteredWellKnownClientTypesTopic.htm" ismsdn="true" />
      <HelpTopic name="IsRemotelyActivatedClientType(System.Type)" link="ms-help://MS.NETFrameworkSDKv1.1/cpref/html/frlrfsystemruntimeremotingremotingconfigurationclassIsRemotelyActivatedClientTypeTopic1.htm" ismsdn="true" />
      <HelpTopic name="IsRemotelyActivatedClientType(System.String, System.String)" link="ms-help://MS.NETFrameworkSDKv1.1/cpref/html/frlrfsystemruntimeremotingremotingconfigurationclassIsRemotelyActivatedClientTypeTopic2.htm" ismsdn="true" />
      <HelpTopic name="IsWellKnownClientType(System.Type)" link="ms-help://MS.NETFrameworkSDKv1.1/cpref/html/frlrfsystemruntimeremotingremotingconfigurationclassIsWellKnownClientTypeTopic1.htm" ismsdn="true" />
      <HelpTopic name="IsWellKnownClientType(System.String, System.String)" link="ms-help://MS.NETFrameworkSDKv1.1/cpref/html/frlrfsystemruntimeremotingremotingconfigurationclassIsWellKnownClientTypeTopic2.htm" ismsdn="true" />
      <HelpTopic name="IsActivationAllowed(System.Type)" link="ms-help://MS.NETFrameworkSDKv1.1/cpref/html/frlrfsystemruntimeremotingremotingconfigurationclassIsActivationAllowedTopic.htm" ismsdn="true" />
    </HelpFolder>
    <HelpFolder name="Properties" link="ms-help://MS.NETFrameworkSDKv1.1/cpref/html/frlrfsystemruntimeremotingremotingconfigurationPropertiesTopic.htm" ismsdn="true">
      <HelpTopic name="ApplicationName" link="ms-help://MS.NETFrameworkSDKv1.1/cpref/html/frlrfsystemruntimeremotingremotingconfigurationclassApplicationNameTopic.htm" ismsdn="true" />
      <HelpTopic name="ApplicationId" link="ms-help://MS.NETFrameworkSDKv1.1/cpref/html/frlrfsystemruntimeremotingremotingconfigurationclassApplicationIdTopic.htm" ismsdn="true" />
      <HelpTopic name="ProcessId" link="ms-help://MS.NETFrameworkSDKv1.1/cpref/html/frlrfsystemruntimeremotingremotingconfigurationclassProcessIdTopic.htm" ismsdn="true" />
      <HelpTopic name="CustomErrorsMode" link="ms-help://MS.NETFrameworkSDKv1.1/cpref/html/frlrfsystemruntimeremotingremotingconfigurationclassCustomErrorsModeTopic.htm" ismsdn="true" />
    </HelpFolder>
  </HelpFolder>
  <HelpFolder name="RemotingException class" link="ms-help://MS.NETFrameworkSDKv1.1/cpref/html/frlrfsystemruntimeremotingremotingexceptionClassTopic.htm" ismsdn="true">
    <HelpTopic name="RemotingException members" link="ms-help://MS.NETFrameworkSDKv1.1/cpref/html/frlrfsystemruntimeremotingremotingexceptionMembersTopic.htm" ismsdn="true" />
    <HelpFolder name="Constructors" link="ms-help://MS.NETFrameworkSDKv1.1/cpref/html/frlrfsystemruntimeremotingremotingexceptionclassctorTopic.htm" ismsdn="true">
      <HelpTopic name=".ctor()" link="ms-help://MS.NETFrameworkSDKv1.1/cpref/html/frlrfsystemruntimeremotingremotingexceptionclassctorTopic1.htm" ismsdn="true" />
      <HelpTopic name=".ctor(System.String)" link="ms-help://MS.NETFrameworkSDKv1.1/cpref/html/frlrfsystemruntimeremotingremotingexceptionclassctorTopic1.htm" ismsdn="true" />
      <HelpTopic name=".ctor(System.String, System.Exception)" link="ms-help://MS.NETFrameworkSDKv1.1/cpref/html/frlrfsystemruntimeremotingremotingexceptionclassctorTopic2.htm" ismsdn="true" />
    </HelpFolder>
  </HelpFolder>
  <HelpFolder name="RemotingServices class" link="ms-help://MS.NETFrameworkSDKv1.1/cpref/html/frlrfsystemruntimeremotingremotingservicesClassTopic.htm" ismsdn="true">
    <HelpTopic name="RemotingServices members" link="ms-help://MS.NETFrameworkSDKv1.1/cpref/html/frlrfsystemruntimeremotingremotingservicesMembersTopic.htm" ismsdn="true" />
    <HelpFolder name="Methods" link="ms-help://MS.NETFrameworkSDKv1.1/cpref/html/frlrfsystemruntimeremotingremotingservicesMethodsTopic.htm" ismsdn="true">
      <HelpTopic name="IsTransparentProxy(System.Object)" link="ms-help://MS.NETFrameworkSDKv1.1/cpref/html/frlrfsystemruntimeremotingremotingservicesclassIsTransparentProxyTopic.htm" ismsdn="true" />
      <HelpTopic name="GetRealProxy(System.Object)" link="ms-help://MS.NETFrameworkSDKv1.1/cpref/html/frlrfsystemruntimeremotingremotingservicesclassGetRealProxyTopic.htm" ismsdn="true" />
      <HelpTopic name="IsObjectOutOfContext(System.Object)" link="ms-help://MS.NETFrameworkSDKv1.1/cpref/html/frlrfsystemruntimeremotingremotingservicesclassIsObjectOutOfContextTopic.htm" ismsdn="true" />
      <HelpTopic name="IsObjectOutOfAppDomain(System.Object)" link="ms-help://MS.NETFrameworkSDKv1.1/cpref/html/frlrfsystemruntimeremotingremotingservicesclassIsObjectOutOfAppDomainTopic.htm" ismsdn="true" />
      <HelpTopic name="GetSessionIdForMethodMessage(System.Runtime.Remoting.Messaging.IMethodMessage)" link="ms-help://MS.NETFrameworkSDKv1.1/cpref/html/frlrfsystemruntimeremotingremotingservicesclassGetSessionIdForMethodMessageTopic.htm" ismsdn="true" />
      <HelpTopic name="GetLifetimeService(System.MarshalByRefObject)" link="ms-help://MS.NETFrameworkSDKv1.1/cpref/html/frlrfsystemruntimeremotingremotingservicesclassGetLifetimeServiceTopic.htm" ismsdn="true" />
      <HelpTopic name="GetObjectUri(System.MarshalByRefObject)" link="ms-help://MS.NETFrameworkSDKv1.1/cpref/html/frlrfsystemruntimeremotingremotingservicesclassGetObjectUriTopic.htm" ismsdn="true" />
      <HelpTopic name="SetObjectUriForMarshal(System.MarshalByRefObject, System.String)" link="ms-help://MS.NETFrameworkSDKv1.1/cpref/html/frlrfsystemruntimeremotingremotingservicesclassSetObjectUriForMarshalTopic.htm" ismsdn="true" />
      <HelpTopic name="Marshal(System.MarshalByRefObject)" link="ms-help://MS.NETFrameworkSDKv1.1/cpref/html/frlrfsystemruntimeremotingremotingservicesclassMarshalTopic1.htm" ismsdn="true" />
      <HelpTopic name="Marshal(System.MarshalByRefObject, System.String)" link="ms-help://MS.NETFrameworkSDKv1.1/cpref/html/frlrfsystemruntimeremotingremotingservicesclassMarshalTopic2.htm" ismsdn="true" />
      <HelpTopic name="Marshal(System.MarshalByRefObject, System.String, System.Type)" link="ms-help://MS.NETFrameworkSDKv1.1/cpref/html/frlrfsystemruntimeremotingremotingservicesclassMarshalTopic3.htm" ismsdn="true" />
      <HelpTopic name="GetObjectData(System.Object, System.Runtime.Serialization.SerializationInfo, System.Runtime.Serialization.StreamingContext)" link="ms-help://MS.NETFrameworkSDKv1.1/cpref/html/frlrfsystemruntimeremotingremotingservicesclassGetObjectDataTopic.htm" ismsdn="true" />
      <HelpTopic name="Unmarshal(System.Runtime.Remoting.ObjRef)" link="ms-help://MS.NETFrameworkSDKv1.1/cpref/html/frlrfsystemruntimeremotingremotingservicesclassUnmarshalTopic1.htm" ismsdn="true" />
      <HelpTopic name="Unmarshal(System.Runtime.Remoting.ObjRef, System.Boolean)" link="ms-help://MS.NETFrameworkSDKv1.1/cpref/html/frlrfsystemruntimeremotingremotingservicesclassUnmarshalTopic2.htm" ismsdn="true" />
      <HelpTopic name="Connect(System.Type, System.String)" link="ms-help://MS.NETFrameworkSDKv1.1/cpref/html/frlrfsystemruntimeremotingremotingservicesclassConnectTopic1.htm" ismsdn="true" />
      <HelpTopic name="Connect(System.Type, System.String, System.Object)" link="ms-help://MS.NETFrameworkSDKv1.1/cpref/html/frlrfsystemruntimeremotingremotingservicesclassConnectTopic2.htm" ismsdn="true" />
      <HelpTopic name="Disconnect(System.MarshalByRefObject)" link="ms-help://MS.NETFrameworkSDKv1.1/cpref/html/frlrfsystemruntimeremotingremotingservicesclassDisconnectTopic.htm" ismsdn="true" />
      <HelpTopic name="GetEnvoyChainForProxy(System.MarshalByRefObject)" link="ms-help://MS.NETFrameworkSDKv1.1/cpref/html/frlrfsystemruntimeremotingremotingservicesclassGetEnvoyChainForProxyTopic.htm" ismsdn="true" />
      <HelpTopic name="GetObjRefForProxy(System.MarshalByRefObject)" link="ms-help://MS.NETFrameworkSDKv1.1/cpref/html/frlrfsystemruntimeremotingremotingservicesclassGetObjRefForProxyTopic.htm" ismsdn="true" />
      <HelpTopic name="GetMethodBaseFromMethodMessage(System.Runtime.Remoting.Messaging.IMethodMessage)" link="ms-help://MS.NETFrameworkSDKv1.1/cpref/html/frlrfsystemruntimeremotingremotingservicesclassGetMethodBaseFromMethodMessageTopic.htm" ismsdn="true" />
      <HelpTopic name="IsMethodOverloaded(System.Runtime.Remoting.Messaging.IMethodMessage)" link="ms-help://MS.NETFrameworkSDKv1.1/cpref/html/frlrfsystemruntimeremotingremotingservicesclassIsMethodOverloadedTopic.htm" ismsdn="true" />
      <HelpTopic name="IsOneWay(System.Reflection.MethodBase)" link="ms-help://MS.NETFrameworkSDKv1.1/cpref/html/frlrfsystemruntimeremotingremotingservicesclassIsOneWayTopic.htm" ismsdn="true" />
      <HelpTopic name="GetServerTypeForUri(System.String)" link="ms-help://MS.NETFrameworkSDKv1.1/cpref/html/frlrfsystemruntimeremotingremotingservicesclassGetServerTypeForUriTopic.htm" ismsdn="true" />
      <HelpTopic name="ExecuteMessage(System.MarshalByRefObject, System.Runtime.Remoting.Messaging.IMethodCallMessage)" link="ms-help://MS.NETFrameworkSDKv1.1/cpref/html/frlrfsystemruntimeremotingremotingservicesclassExecuteMessageTopic.htm" ismsdn="true" />
      <HelpTopic name="LogRemotingStage(System.Int32)" link="ms-help://MS.NETFrameworkSDKv1.1/cpref/html/frlrfsystemruntimeremotingremotingservicesclassLogRemotingStageTopic.htm" ismsdn="true" />
    </HelpFolder>
  </HelpFolder>
  <HelpFolder name="RemotingTimeoutException class" link="ms-help://MS.NETFrameworkSDKv1.1/cpref/html/frlrfsystemruntimeremotingremotingtimeoutexceptionClassTopic.htm" ismsdn="true">
    <HelpTopic name="RemotingTimeoutException members" link="ms-help://MS.NETFrameworkSDKv1.1/cpref/html/frlrfsystemruntimeremotingremotingtimeoutexceptionMembersTopic.htm" ismsdn="true" />
    <HelpFolder name="Constructors" link="ms-help://MS.NETFrameworkSDKv1.1/cpref/html/frlrfsystemruntimeremotingremotingtimeoutexceptionclassctorTopic.htm" ismsdn="true">
      <HelpTopic name=".ctor()" link="ms-help://MS.NETFrameworkSDKv1.1/cpref/html/frlrfsystemruntimeremotingremotingtimeoutexceptionclassctorTopic1.htm" ismsdn="true" />
      <HelpTopic name=".ctor(System.String)" link="ms-help://MS.NETFrameworkSDKv1.1/cpref/html/frlrfsystemruntimeremotingremotingtimeoutexceptionclassctorTopic1.htm" ismsdn="true" />
      <HelpTopic name=".ctor(System.String, System.Exception)" link="ms-help://MS.NETFrameworkSDKv1.1/cpref/html/frlrfsystemruntimeremotingremotingtimeoutexceptionclassctorTopic2.htm" ismsdn="true" />
    </HelpFolder>
  </HelpFolder>
  <HelpFolder name="ServerException class" link="ms-help://MS.NETFrameworkSDKv1.1/cpref/html/frlrfsystemruntimeremotingserverexceptionClassTopic.htm" ismsdn="true">
    <HelpTopic name="ServerException members" link="ms-help://MS.NETFrameworkSDKv1.1/cpref/html/frlrfsystemruntimeremotingserverexceptionMembersTopic.htm" ismsdn="true" />
    <HelpFolder name="Constructors" link="ms-help://MS.NETFrameworkSDKv1.1/cpref/html/frlrfsystemruntimeremotingserverexceptionclassctorTopic.htm" ismsdn="true">
      <HelpTopic name=".ctor()" link="ms-help://MS.NETFrameworkSDKv1.1/cpref/html/frlrfsystemruntimeremotingserverexceptionclassctorTopic1.htm" ismsdn="true" />
      <HelpTopic name=".ctor(System.String)" link="ms-help://MS.NETFrameworkSDKv1.1/cpref/html/frlrfsystemruntimeremotingserverexceptionclassctorTopic1.htm" ismsdn="true" />
      <HelpTopic name=".ctor(System.String, System.Exception)" link="ms-help://MS.NETFrameworkSDKv1.1/cpref/html/frlrfsystemruntimeremotingserverexceptionclassctorTopic2.htm" ismsdn="true" />
    </HelpFolder>
  </HelpFolder>
  <HelpFolder name="SoapServices class" link="ms-help://MS.NETFrameworkSDKv1.1/cpref/html/frlrfsystemruntimeremotingsoapservicesClassTopic.htm" ismsdn="true">
    <HelpTopic name="SoapServices members" link="ms-help://MS.NETFrameworkSDKv1.1/cpref/html/frlrfsystemruntimeremotingsoapservicesMembersTopic.htm" ismsdn="true" />
    <HelpFolder name="Methods" link="ms-help://MS.NETFrameworkSDKv1.1/cpref/html/frlrfsystemruntimeremotingsoapservicesMethodsTopic.htm" ismsdn="true">
      <HelpTopic name="RegisterInteropXmlElement(System.String, System.String, System.Type)" link="ms-help://MS.NETFrameworkSDKv1.1/cpref/html/frlrfsystemruntimeremotingsoapservicesclassRegisterInteropXmlElementTopic.htm" ismsdn="true" />
      <HelpTopic name="RegisterInteropXmlType(System.String, System.String, System.Type)" link="ms-help://MS.NETFrameworkSDKv1.1/cpref/html/frlrfsystemruntimeremotingsoapservicesclassRegisterInteropXmlTypeTopic.htm" ismsdn="true" />
      <HelpTopic name="PreLoad(System.Type)" link="ms-help://MS.NETFrameworkSDKv1.1/cpref/html/frlrfsystemruntimeremotingsoapservicesclassPreLoadTopic1.htm" ismsdn="true" />
      <HelpTopic name="PreLoad(System.Reflection.Assembly)" link="ms-help://MS.NETFrameworkSDKv1.1/cpref/html/frlrfsystemruntimeremotingsoapservicesclassPreLoadTopic2.htm" ismsdn="true" />
      <HelpTopic name="GetInteropTypeFromXmlElement(System.String, System.String)" link="ms-help://MS.NETFrameworkSDKv1.1/cpref/html/frlrfsystemruntimeremotingsoapservicesclassGetInteropTypeFromXmlElementTopic.htm" ismsdn="true" />
      <HelpTopic name="GetInteropTypeFromXmlType(System.String, System.String)" link="ms-help://MS.NETFrameworkSDKv1.1/cpref/html/frlrfsystemruntimeremotingsoapservicesclassGetInteropTypeFromXmlTypeTopic.htm" ismsdn="true" />
      <HelpTopic name="GetInteropFieldTypeAndNameFromXmlElement(System.Type, System.String, System.String, System.Type&amp;, System.String&amp;)" link="ms-help://MS.NETFrameworkSDKv1.1/cpref/html/frlrfsystemruntimeremotingsoapservicesclassGetInteropFieldTypeAndNameFromXmlElementTopic.htm" ismsdn="true" />
      <HelpTopic name="GetInteropFieldTypeAndNameFromXmlAttribute(System.Type, System.String, System.String, System.Type&amp;, System.String&amp;)" link="ms-help://MS.NETFrameworkSDKv1.1/cpref/html/frlrfsystemruntimeremotingsoapservicesclassGetInteropFieldTypeAndNameFromXmlAttributeTopic.htm" ismsdn="true" />
      <HelpTopic name="GetXmlElementForInteropType(System.Type, System.String&amp;, System.String&amp;)" link="ms-help://MS.NETFrameworkSDKv1.1/cpref/html/frlrfsystemruntimeremotingsoapservicesclassGetXmlElementForInteropTypeTopic.htm" ismsdn="true" />
      <HelpTopic name="GetXmlTypeForInteropType(System.Type, System.String&amp;, System.String&amp;)" link="ms-help://MS.NETFrameworkSDKv1.1/cpref/html/frlrfsystemruntimeremotingsoapservicesclassGetXmlTypeForInteropTypeTopic.htm" ismsdn="true" />
      <HelpTopic name="GetXmlNamespaceForMethodCall(System.Reflection.MethodBase)" link="ms-help://MS.NETFrameworkSDKv1.1/cpref/html/frlrfsystemruntimeremotingsoapservicesclassGetXmlNamespaceForMethodCallTopic.htm" ismsdn="true" />
      <HelpTopic name="GetXmlNamespaceForMethodResponse(System.Reflection.MethodBase)" link="ms-help://MS.NETFrameworkSDKv1.1/cpref/html/frlrfsystemruntimeremotingsoapservicesclassGetXmlNamespaceForMethodResponseTopic.htm" ismsdn="true" />
      <HelpTopic name="RegisterSoapActionForMethodBase(System.Reflection.MethodBase)" link="ms-help://MS.NETFrameworkSDKv1.1/cpref/html/frlrfsystemruntimeremotingsoapservicesclassRegisterSoapActionForMethodBaseTopic1.htm" ismsdn="true" />
      <HelpTopic name="RegisterSoapActionForMethodBase(System.Reflection.MethodBase, System.String)" link="ms-help://MS.NETFrameworkSDKv1.1/cpref/html/frlrfsystemruntimeremotingsoapservicesclassRegisterSoapActionForMethodBaseTopic2.htm" ismsdn="true" />
      <HelpTopic name="GetSoapActionFromMethodBase(System.Reflection.MethodBase)" link="ms-help://MS.NETFrameworkSDKv1.1/cpref/html/frlrfsystemruntimeremotingsoapservicesclassGetSoapActionFromMethodBaseTopic.htm" ismsdn="true" />
      <HelpTopic name="IsSoapActionValidForMethodBase(System.String, System.Reflection.MethodBase)" link="ms-help://MS.NETFrameworkSDKv1.1/cpref/html/frlrfsystemruntimeremotingsoapservicesclassIsSoapActionValidForMethodBaseTopic.htm" ismsdn="true" />
      <HelpTopic name="GetTypeAndMethodNameFromSoapAction(System.String, System.String&amp;, System.String&amp;)" link="ms-help://MS.NETFrameworkSDKv1.1/cpref/html/frlrfsystemruntimeremotingsoapservicesclassGetTypeAndMethodNameFromSoapActionTopic.htm" ismsdn="true" />
      <HelpTopic name="IsClrTypeNamespace(System.String)" link="ms-help://MS.NETFrameworkSDKv1.1/cpref/html/frlrfsystemruntimeremotingsoapservicesclassIsClrTypeNamespaceTopic.htm" ismsdn="true" />
      <HelpTopic name="CodeXmlNamespaceForClrTypeNamespace(System.String, System.String)" link="ms-help://MS.NETFrameworkSDKv1.1/cpref/html/frlrfsystemruntimeremotingsoapservicesclassCodeXmlNamespaceForClrTypeNamespaceTopic.htm" ismsdn="true" />
      <HelpTopic name="DecodeXmlNamespaceForClrTypeNamespace(System.String, System.String&amp;, System.String&amp;)" link="ms-help://MS.NETFrameworkSDKv1.1/cpref/html/frlrfsystemruntimeremotingsoapservicesclassDecodeXmlNamespaceForClrTypeNamespaceTopic.htm" ismsdn="true" />
    </HelpFolder>
    <HelpFolder name="Properties" link="ms-help://MS.NETFrameworkSDKv1.1/cpref/html/frlrfsystemruntimeremotingsoapservicesPropertiesTopic.htm" ismsdn="true">
      <HelpTopic name="XmlNsForClrType" link="ms-help://MS.NETFrameworkSDKv1.1/cpref/html/frlrfsystemruntimeremotingsoapservicesclassXmlNsForClrTypeTopic.htm" ismsdn="true" />
      <HelpTopic name="XmlNsForClrTypeWithAssembly" link="ms-help://MS.NETFrameworkSDKv1.1/cpref/html/frlrfsystemruntimeremotingsoapservicesclassXmlNsForClrTypeWithAssemblyTopic.htm" ismsdn="true" />
      <HelpTopic name="XmlNsForClrTypeWithNs" link="ms-help://MS.NETFrameworkSDKv1.1/cpref/html/frlrfsystemruntimeremotingsoapservicesclassXmlNsForClrTypeWithNsTopic.htm" ismsdn="true" />
      <HelpTopic name="XmlNsForClrTypeWithNsAndAssembly" link="ms-help://MS.NETFrameworkSDKv1.1/cpref/html/frlrfsystemruntimeremotingsoapservicesclassXmlNsForClrTypeWithNsAndAssemblyTopic.htm" ismsdn="true" />
    </HelpFolder>
  </HelpFolder>
  <HelpFolder name="TypeEntry class" link="ms-help://MS.NETFrameworkSDKv1.1/cpref/html/frlrfsystemruntimeremotingtypeentryClassTopic.htm" ismsdn="true">
    <HelpTopic name="TypeEntry members" link="ms-help://MS.NETFrameworkSDKv1.1/cpref/html/frlrfsystemruntimeremotingtypeentryMembersTopic.htm" ismsdn="true" />
    <HelpFolder name="Properties" link="ms-help://MS.NETFrameworkSDKv1.1/cpref/html/frlrfsystemruntimeremotingtypeentryPropertiesTopic.htm" ismsdn="true">
      <HelpTopic name="TypeName" link="ms-help://MS.NETFrameworkSDKv1.1/cpref/html/frlrfsystemruntimeremotingtypeentryclassTypeNameTopic.htm" ismsdn="true" />
      <HelpTopic name="AssemblyName" link="ms-help://MS.NETFrameworkSDKv1.1/cpref/html/frlrfsystemruntimeremotingtypeentryclassAssemblyNameTopic.htm" ismsdn="true" />
    </HelpFolder>
  </HelpFolder>
  <HelpFolder name="WellKnownClientTypeEntry class" link="ms-help://MS.NETFrameworkSDKv1.1/cpref/html/frlrfsystemruntimeremotingwellknownclienttypeentryClassTopic.htm" ismsdn="true">
    <HelpTopic name="WellKnownClientTypeEntry members" link="ms-help://MS.NETFrameworkSDKv1.1/cpref/html/frlrfsystemruntimeremotingwellknownclienttypeentryMembersTopic.htm" ismsdn="true" />
    <HelpFolder name="Constructors" link="ms-help://MS.NETFrameworkSDKv1.1/cpref/html/frlrfsystemruntimeremotingwellknownclienttypeentryclassctorTopic.htm" ismsdn="true">
      <HelpTopic name=".ctor(System.String, System.String, System.String)" link="ms-help://MS.NETFrameworkSDKv1.1/cpref/html/frlrfsystemruntimeremotingwellknownclienttypeentryclassctorTopic1.htm" ismsdn="true" />
      <HelpTopic name=".ctor(System.Type, System.String)" link="ms-help://MS.NETFrameworkSDKv1.1/cpref/html/frlrfsystemruntimeremotingwellknownclienttypeentryclassctorTopic1.htm" ismsdn="true" />
    </HelpFolder>
    <HelpFolder name="Methods" link="ms-help://MS.NETFrameworkSDKv1.1/cpref/html/frlrfsystemruntimeremotingwellknownclienttypeentryMethodsTopic.htm" ismsdn="true">
      <HelpTopic name="ToString()" link="ms-help://MS.NETFrameworkSDKv1.1/cpref/html/frlrfsystemruntimeremotingwellknownclienttypeentryclassToStringTopic.htm" ismsdn="true" />
    </HelpFolder>
    <HelpFolder name="Properties" link="ms-help://MS.NETFrameworkSDKv1.1/cpref/html/frlrfsystemruntimeremotingwellknownclienttypeentryPropertiesTopic.htm" ismsdn="true">
      <HelpTopic name="ObjectUrl" link="ms-help://MS.NETFrameworkSDKv1.1/cpref/html/frlrfsystemruntimeremotingwellknownclienttypeentryclassObjectUrlTopic.htm" ismsdn="true" />
      <HelpTopic name="ObjectType" link="ms-help://MS.NETFrameworkSDKv1.1/cpref/html/frlrfsystemruntimeremotingwellknownclienttypeentryclassObjectTypeTopic.htm" ismsdn="true" />
      <HelpTopic name="ApplicationUrl" link="ms-help://MS.NETFrameworkSDKv1.1/cpref/html/frlrfsystemruntimeremotingwellknownclienttypeentryclassApplicationUrlTopic.htm" ismsdn="true" />
    </HelpFolder>
  </HelpFolder>
  <HelpTopic name="WellKnownObjectMode enumeration" link="ms-help://MS.NETFrameworkSDKv1.1/cpref/html/frlrfsystemruntimeremotingwellknownobjectmodeClassTopic.htm" ismsdn="true" />
  <HelpFolder name="WellKnownServiceTypeEntry class" link="ms-help://MS.NETFrameworkSDKv1.1/cpref/html/frlrfsystemruntimeremotingwellknownservicetypeentryClassTopic.htm" ismsdn="true">
    <HelpTopic name="WellKnownServiceTypeEntry members" link="ms-help://MS.NETFrameworkSDKv1.1/cpref/html/frlrfsystemruntimeremotingwellknownservicetypeentryMembersTopic.htm" ismsdn="true" />
    <HelpFolder name="Constructors" link="ms-help://MS.NETFrameworkSDKv1.1/cpref/html/frlrfsystemruntimeremotingwellknownservicetypeentryclassctorTopic.htm" ismsdn="true">
      <HelpTopic name=".ctor(System.String, System.String, System.String, System.Runtime.Remoting.WellKnownObjectMode)" link="ms-help://MS.NETFrameworkSDKv1.1/cpref/html/frlrfsystemruntimeremotingwellknownservicetypeentryclassctorTopic1.htm" ismsdn="true" />
      <HelpTopic name=".ctor(System.Type, System.String, System.Runtime.Remoting.WellKnownObjectMode)" link="ms-help://MS.NETFrameworkSDKv1.1/cpref/html/frlrfsystemruntimeremotingwellknownservicetypeentryclassctorTopic1.htm" ismsdn="true" />
    </HelpFolder>
    <HelpFolder name="Methods" link="ms-help://MS.NETFrameworkSDKv1.1/cpref/html/frlrfsystemruntimeremotingwellknownservicetypeentryMethodsTopic.htm" ismsdn="true">
      <HelpTopic name="ToString()" link="ms-help://MS.NETFrameworkSDKv1.1/cpref/html/frlrfsystemruntimeremotingwellknownservicetypeentryclassToStringTopic.htm" ismsdn="true" />
    </HelpFolder>
    <HelpFolder name="Properties" link="ms-help://MS.NETFrameworkSDKv1.1/cpref/html/frlrfsystemruntimeremotingwellknownservicetypeentryPropertiesTopic.htm" ismsdn="true">
      <HelpTopic name="ObjectUri" link="ms-help://MS.NETFrameworkSDKv1.1/cpref/html/frlrfsystemruntimeremotingwellknownservicetypeentryclassObjectUriTopic.htm" ismsdn="true" />
      <HelpTopic name="Mode" link="ms-help://MS.NETFrameworkSDKv1.1/cpref/html/frlrfsystemruntimeremotingwellknownservicetypeentryclassModeTopic.htm" ismsdn="true" />
      <HelpTopic name="ObjectType" link="ms-help://MS.NETFrameworkSDKv1.1/cpref/html/frlrfsystemruntimeremotingwellknownservicetypeentryclassObjectTypeTopic.htm" ismsdn="true" />
      <HelpTopic name="ContextAttributes" link="ms-help://MS.NETFrameworkSDKv1.1/cpref/html/frlrfsystemruntimeremotingwellknownservicetypeentryclassContextAttributesTopic.htm" ismsdn="true" />
    </HelpFolder>
  </HelpFolder>
</HelpCollection>