<HelpCollection>
  <HelpFolder name="BasicDesignerLoader class" link="ms-help://MS.NETFrameworkSDKv1.1/cpref/html/frlrfsystemcomponentmodeldesignserializationbasicdesignerloaderClassTopic.htm" ismsdn="true">
    <HelpTopic name="BasicDesignerLoader members" link="ms-help://MS.NETFrameworkSDKv1.1/cpref/html/frlrfsystemcomponentmodeldesignserializationbasicdesignerloaderMembersTopic.htm" ismsdn="true" />
    <HelpFolder name="Methods" link="ms-help://MS.NETFrameworkSDKv1.1/cpref/html/frlrfsystemcomponentmodeldesignserializationbasicdesignerloaderMethodsTopic.htm" ismsdn="true">
      <HelpTopic name="BeginLoad(System.ComponentModel.Design.Serialization.IDesignerLoaderHost)" link="ms-help://MS.NETFrameworkSDKv1.1/cpref/html/frlrfsystemcomponentmodeldesignserializationbasicdesignerloaderclassBeginLoadTopic.htm" ismsdn="true" />
      <HelpTopic name="Dispose()" link="ms-help://MS.NETFrameworkSDKv1.1/cpref/html/frlrfsystemcomponentmodeldesignserializationbasicdesignerloaderclassDisposeTopic.htm" ismsdn="true" />
      <HelpTopic name="Flush()" link="ms-help://MS.NETFrameworkSDKv1.1/cpref/html/frlrfsystemcomponentmodeldesignserializationbasicdesignerloaderclassFlushTopic.htm" ismsdn="true" />
    </HelpFolder>
    <HelpFolder name="Properties" link="ms-help://MS.NETFrameworkSDKv1.1/cpref/html/frlrfsystemcomponentmodeldesignserializationbasicdesignerloaderPropertiesTopic.htm" ismsdn="true">
      <HelpTopic name="Loading" link="ms-help://MS.NETFrameworkSDKv1.1/cpref/html/frlrfsystemcomponentmodeldesignserializationbasicdesignerloaderclassLoadingTopic.htm" ismsdn="true" />
    </HelpFolder>
  </HelpFolder>
  <HelpFolder name="CodeDomComponentSerializationService class" link="ms-help://MS.NETFrameworkSDKv1.1/cpref/html/frlrfsystemcomponentmodeldesignserializationcodedomcomponentserializationserviceClassTopic.htm" ismsdn="true">
    <HelpTopic name="CodeDomComponentSerializationService members" link="ms-help://MS.NETFrameworkSDKv1.1/cpref/html/frlrfsystemcomponentmodeldesignserializationcodedomcomponentserializationserviceMembersTopic.htm" ismsdn="true" />
    <HelpFolder name="Constructors" link="ms-help://MS.NETFrameworkSDKv1.1/cpref/html/frlrfsystemcomponentmodeldesignserializationcodedomcomponentserializationserviceclassctorTopic.htm" ismsdn="true">
      <HelpTopic name=".ctor()" link="ms-help://MS.NETFrameworkSDKv1.1/cpref/html/frlrfsystemcomponentmodeldesignserializationcodedomcomponentserializationserviceclassctorTopic1.htm" ismsdn="true" />
      <HelpTopic name=".ctor(System.IServiceProvider)" link="ms-help://MS.NETFrameworkSDKv1.1/cpref/html/frlrfsystemcomponentmodeldesignserializationcodedomcomponentserializationserviceclassctorTopic1.htm" ismsdn="true" />
    </HelpFolder>
    <HelpFolder name="Methods" link="ms-help://MS.NETFrameworkSDKv1.1/cpref/html/frlrfsystemcomponentmodeldesignserializationcodedomcomponentserializationserviceMethodsTopic.htm" ismsdn="true">
      <HelpTopic name="CreateStore()" link="ms-help://MS.NETFrameworkSDKv1.1/cpref/html/frlrfsystemcomponentmodeldesignserializationcodedomcomponentserializationserviceclassCreateStoreTopic.htm" ismsdn="true" />
      <HelpTopic name="LoadStore(System.IO.Stream)" link="ms-help://MS.NETFrameworkSDKv1.1/cpref/html/frlrfsystemcomponentmodeldesignserializationcodedomcomponentserializationserviceclassLoadStoreTopic.htm" ismsdn="true" />
      <HelpTopic name="Serialize(System.ComponentModel.Design.Serialization.SerializationStore, System.Object)" link="ms-help://MS.NETFrameworkSDKv1.1/cpref/html/frlrfsystemcomponentmodeldesignserializationcodedomcomponentserializationserviceclassSerializeTopic.htm" ismsdn="true" />
      <HelpTopic name="SerializeAbsolute(System.ComponentModel.Design.Serialization.SerializationStore, System.Object)" link="ms-help://MS.NETFrameworkSDKv1.1/cpref/html/frlrfsystemcomponentmodeldesignserializationcodedomcomponentserializationserviceclassSerializeAbsoluteTopic.htm" ismsdn="true" />
      <HelpTopic name="SerializeMember(System.ComponentModel.Design.Serialization.SerializationStore, System.Object, System.ComponentModel.MemberDescriptor)" link="ms-help://MS.NETFrameworkSDKv1.1/cpref/html/frlrfsystemcomponentmodeldesignserializationcodedomcomponentserializationserviceclassSerializeMemberTopic.htm" ismsdn="true" />
      <HelpTopic name="SerializeMemberAbsolute(System.ComponentModel.Design.Serialization.SerializationStore, System.Object, System.ComponentModel.MemberDescriptor)" link="ms-help://MS.NETFrameworkSDKv1.1/cpref/html/frlrfsystemcomponentmodeldesignserializationcodedomcomponentserializationserviceclassSerializeMemberAbsoluteTopic.htm" ismsdn="true" />
      <HelpTopic name="Deserialize(System.ComponentModel.Design.Serialization.SerializationStore)" link="ms-help://MS.NETFrameworkSDKv1.1/cpref/html/frlrfsystemcomponentmodeldesignserializationcodedomcomponentserializationserviceclassDeserializeTopic1.htm" ismsdn="true" />
      <HelpTopic name="Deserialize(System.ComponentModel.Design.Serialization.SerializationStore, System.ComponentModel.IContainer)" link="ms-help://MS.NETFrameworkSDKv1.1/cpref/html/frlrfsystemcomponentmodeldesignserializationcodedomcomponentserializationserviceclassDeserializeTopic2.htm" ismsdn="true" />
      <HelpTopic name="DeserializeTo(System.ComponentModel.Design.Serialization.SerializationStore, System.ComponentModel.IContainer, System.Boolean, System.Boolean)" link="ms-help://MS.NETFrameworkSDKv1.1/cpref/html/frlrfsystemcomponentmodeldesignserializationcodedomcomponentserializationserviceclassDeserializeToTopic.htm" ismsdn="true" />
    </HelpFolder>
  </HelpFolder>
  <HelpFolder name="CodeDomDesignerLoader class" link="ms-help://MS.NETFrameworkSDKv1.1/cpref/html/frlrfsystemcomponentmodeldesignserializationcodedomdesignerloaderClassTopic.htm" ismsdn="true">
    <HelpTopic name="CodeDomDesignerLoader members" link="ms-help://MS.NETFrameworkSDKv1.1/cpref/html/frlrfsystemcomponentmodeldesignserializationcodedomdesignerloaderMembersTopic.htm" ismsdn="true" />
    <HelpFolder name="Methods" link="ms-help://MS.NETFrameworkSDKv1.1/cpref/html/frlrfsystemcomponentmodeldesignserializationcodedomdesignerloaderMethodsTopic.htm" ismsdn="true">
      <HelpTopic name="Dispose()" link="ms-help://MS.NETFrameworkSDKv1.1/cpref/html/frlrfsystemcomponentmodeldesignserializationcodedomdesignerloaderclassDisposeTopic.htm" ismsdn="true" />
    </HelpFolder>
  </HelpFolder>
  <HelpTopic name="CodeDomLocalizationModel enumeration" link="ms-help://MS.NETFrameworkSDKv1.1/cpref/html/frlrfsystemcomponentmodeldesignserializationcodedomlocalizationmodelClassTopic.htm" ismsdn="true" />
  <HelpFolder name="CodeDomLocalizationProvider class" link="ms-help://MS.NETFrameworkSDKv1.1/cpref/html/frlrfsystemcomponentmodeldesignserializationcodedomlocalizationproviderClassTopic.htm" ismsdn="true">
    <HelpTopic name="CodeDomLocalizationProvider members" link="ms-help://MS.NETFrameworkSDKv1.1/cpref/html/frlrfsystemcomponentmodeldesignserializationcodedomlocalizationproviderMembersTopic.htm" ismsdn="true" />
    <HelpFolder name="Constructors" link="ms-help://MS.NETFrameworkSDKv1.1/cpref/html/frlrfsystemcomponentmodeldesignserializationcodedomlocalizationproviderclassctorTopic.htm" ismsdn="true">
      <HelpTopic name=".ctor(System.IServiceProvider, System.ComponentModel.Design.Serialization.CodeDomLocalizationModel)" link="ms-help://MS.NETFrameworkSDKv1.1/cpref/html/frlrfsystemcomponentmodeldesignserializationcodedomlocalizationproviderclassctorTopic1.htm" ismsdn="true" />
      <HelpTopic name=".ctor(System.IServiceProvider, System.ComponentModel.Design.Serialization.CodeDomLocalizationModel, System.Globalization.CultureInfo[])" link="ms-help://MS.NETFrameworkSDKv1.1/cpref/html/frlrfsystemcomponentmodeldesignserializationcodedomlocalizationproviderclassctorTopic1.htm" ismsdn="true" />
    </HelpFolder>
    <HelpFolder name="Methods" link="ms-help://MS.NETFrameworkSDKv1.1/cpref/html/frlrfsystemcomponentmodeldesignserializationcodedomlocalizationproviderMethodsTopic.htm" ismsdn="true">
      <HelpTopic name="Dispose()" link="ms-help://MS.NETFrameworkSDKv1.1/cpref/html/frlrfsystemcomponentmodeldesignserializationcodedomlocalizationproviderclassDisposeTopic.htm" ismsdn="true" />
    </HelpFolder>
  </HelpFolder>
  <HelpFolder name="CodeDomSerializer class" link="ms-help://MS.NETFrameworkSDKv1.1/cpref/html/frlrfsystemcomponentmodeldesignserializationcodedomserializerClassTopic.htm" ismsdn="true">
    <HelpTopic name="CodeDomSerializer members" link="ms-help://MS.NETFrameworkSDKv1.1/cpref/html/frlrfsystemcomponentmodeldesignserializationcodedomserializerMembersTopic.htm" ismsdn="true" />
    <HelpFolder name="Constructors" link="ms-help://MS.NETFrameworkSDKv1.1/cpref/html/frlrfsystemcomponentmodeldesignserializationcodedomserializerclassctorTopic.htm" ismsdn="true">
      <HelpTopic name=".ctor()" link="ms-help://MS.NETFrameworkSDKv1.1/cpref/html/frlrfsystemcomponentmodeldesignserializationcodedomserializerclassctorTopic.htm" ismsdn="true" />
    </HelpFolder>
    <HelpFolder name="Methods" link="ms-help://MS.NETFrameworkSDKv1.1/cpref/html/frlrfsystemcomponentmodeldesignserializationcodedomserializerMethodsTopic.htm" ismsdn="true">
      <HelpTopic name="GetTargetComponentName(System.CodeDom.CodeStatement, System.CodeDom.CodeExpression, System.Type)" link="ms-help://MS.NETFrameworkSDKv1.1/cpref/html/frlrfsystemcomponentmodeldesignserializationcodedomserializerclassGetTargetComponentNameTopic.htm" ismsdn="true" />
      <HelpTopic name="Deserialize(System.ComponentModel.Design.Serialization.IDesignerSerializationManager, System.Object)" link="ms-help://MS.NETFrameworkSDKv1.1/cpref/html/frlrfsystemcomponentmodeldesignserializationcodedomserializerclassDeserializeTopic.htm" ismsdn="true" />
      <HelpTopic name="Serialize(System.ComponentModel.Design.Serialization.IDesignerSerializationManager, System.Object)" link="ms-help://MS.NETFrameworkSDKv1.1/cpref/html/frlrfsystemcomponentmodeldesignserializationcodedomserializerclassSerializeTopic.htm" ismsdn="true" />
      <HelpTopic name="SerializeAbsolute(System.ComponentModel.Design.Serialization.IDesignerSerializationManager, System.Object)" link="ms-help://MS.NETFrameworkSDKv1.1/cpref/html/frlrfsystemcomponentmodeldesignserializationcodedomserializerclassSerializeAbsoluteTopic.htm" ismsdn="true" />
      <HelpTopic name="SerializeMember(System.ComponentModel.Design.Serialization.IDesignerSerializationManager, System.Object, System.ComponentModel.MemberDescriptor)" link="ms-help://MS.NETFrameworkSDKv1.1/cpref/html/frlrfsystemcomponentmodeldesignserializationcodedomserializerclassSerializeMemberTopic.htm" ismsdn="true" />
      <HelpTopic name="SerializeMemberAbsolute(System.ComponentModel.Design.Serialization.IDesignerSerializationManager, System.Object, System.ComponentModel.MemberDescriptor)" link="ms-help://MS.NETFrameworkSDKv1.1/cpref/html/frlrfsystemcomponentmodeldesignserializationcodedomserializerclassSerializeMemberAbsoluteTopic.htm" ismsdn="true" />
    </HelpFolder>
  </HelpFolder>
  <HelpFolder name="CodeDomSerializerBase class" link="ms-help://MS.NETFrameworkSDKv1.1/cpref/html/frlrfsystemcomponentmodeldesignserializationcodedomserializerbaseClassTopic.htm" ismsdn="true">
    <HelpTopic name="CodeDomSerializerBase members" link="ms-help://MS.NETFrameworkSDKv1.1/cpref/html/frlrfsystemcomponentmodeldesignserializationcodedomserializerbaseMembersTopic.htm" ismsdn="true" />
  </HelpFolder>
  <HelpFolder name="CodeDomSerializerException class" link="ms-help://MS.NETFrameworkSDKv1.1/cpref/html/frlrfsystemcomponentmodeldesignserializationcodedomserializerexceptionClassTopic.htm" ismsdn="true">
    <HelpTopic name="CodeDomSerializerException members" link="ms-help://MS.NETFrameworkSDKv1.1/cpref/html/frlrfsystemcomponentmodeldesignserializationcodedomserializerexceptionMembersTopic.htm" ismsdn="true" />
    <HelpFolder name="Constructors" link="ms-help://MS.NETFrameworkSDKv1.1/cpref/html/frlrfsystemcomponentmodeldesignserializationcodedomserializerexceptionclassctorTopic.htm" ismsdn="true">
      <HelpTopic name=".ctor(System.String, System.CodeDom.CodeLinePragma)" link="ms-help://MS.NETFrameworkSDKv1.1/cpref/html/frlrfsystemcomponentmodeldesignserializationcodedomserializerexceptionclassctorTopic1.htm" ismsdn="true" />
      <HelpTopic name=".ctor(System.Exception, System.CodeDom.CodeLinePragma)" link="ms-help://MS.NETFrameworkSDKv1.1/cpref/html/frlrfsystemcomponentmodeldesignserializationcodedomserializerexceptionclassctorTopic1.htm" ismsdn="true" />
      <HelpTopic name=".ctor(System.String, System.ComponentModel.Design.Serialization.IDesignerSerializationManager)" link="ms-help://MS.NETFrameworkSDKv1.1/cpref/html/frlrfsystemcomponentmodeldesignserializationcodedomserializerexceptionclassctorTopic2.htm" ismsdn="true" />
      <HelpTopic name=".ctor(System.Exception, System.ComponentModel.Design.Serialization.IDesignerSerializationManager)" link="ms-help://MS.NETFrameworkSDKv1.1/cpref/html/frlrfsystemcomponentmodeldesignserializationcodedomserializerexceptionclassctorTopic3.htm" ismsdn="true" />
    </HelpFolder>
    <HelpFolder name="Methods" link="ms-help://MS.NETFrameworkSDKv1.1/cpref/html/frlrfsystemcomponentmodeldesignserializationcodedomserializerexceptionMethodsTopic.htm" ismsdn="true">
      <HelpTopic name="GetObjectData(System.Runtime.Serialization.SerializationInfo, System.Runtime.Serialization.StreamingContext)" link="ms-help://MS.NETFrameworkSDKv1.1/cpref/html/frlrfsystemcomponentmodeldesignserializationcodedomserializerexceptionclassGetObjectDataTopic.htm" ismsdn="true" />
    </HelpFolder>
    <HelpFolder name="Properties" link="ms-help://MS.NETFrameworkSDKv1.1/cpref/html/frlrfsystemcomponentmodeldesignserializationcodedomserializerexceptionPropertiesTopic.htm" ismsdn="true">
      <HelpTopic name="LinePragma" link="ms-help://MS.NETFrameworkSDKv1.1/cpref/html/frlrfsystemcomponentmodeldesignserializationcodedomserializerexceptionclassLinePragmaTopic.htm" ismsdn="true" />
    </HelpFolder>
  </HelpFolder>
  <HelpFolder name="CollectionCodeDomSerializer class" link="ms-help://MS.NETFrameworkSDKv1.1/cpref/html/frlrfsystemcomponentmodeldesignserializationcollectioncodedomserializerClassTopic.htm" ismsdn="true">
    <HelpTopic name="CollectionCodeDomSerializer members" link="ms-help://MS.NETFrameworkSDKv1.1/cpref/html/frlrfsystemcomponentmodeldesignserializationcollectioncodedomserializerMembersTopic.htm" ismsdn="true" />
    <HelpFolder name="Constructors" link="ms-help://MS.NETFrameworkSDKv1.1/cpref/html/frlrfsystemcomponentmodeldesignserializationcollectioncodedomserializerclassctorTopic.htm" ismsdn="true">
      <HelpTopic name=".ctor()" link="ms-help://MS.NETFrameworkSDKv1.1/cpref/html/frlrfsystemcomponentmodeldesignserializationcollectioncodedomserializerclassctorTopic.htm" ismsdn="true" />
    </HelpFolder>
    <HelpFolder name="Methods" link="ms-help://MS.NETFrameworkSDKv1.1/cpref/html/frlrfsystemcomponentmodeldesignserializationcollectioncodedomserializerMethodsTopic.htm" ismsdn="true">
      <HelpTopic name="Serialize(System.ComponentModel.Design.Serialization.IDesignerSerializationManager, System.Object)" link="ms-help://MS.NETFrameworkSDKv1.1/cpref/html/frlrfsystemcomponentmodeldesignserializationcollectioncodedomserializerclassSerializeTopic.htm" ismsdn="true" />
    </HelpFolder>
  </HelpFolder>
  <HelpFolder name="ComponentSerializationService class" link="ms-help://MS.NETFrameworkSDKv1.1/cpref/html/frlrfsystemcomponentmodeldesignserializationcomponentserializationserviceClassTopic.htm" ismsdn="true">
    <HelpTopic name="ComponentSerializationService members" link="ms-help://MS.NETFrameworkSDKv1.1/cpref/html/frlrfsystemcomponentmodeldesignserializationcomponentserializationserviceMembersTopic.htm" ismsdn="true" />
    <HelpFolder name="Methods" link="ms-help://MS.NETFrameworkSDKv1.1/cpref/html/frlrfsystemcomponentmodeldesignserializationcomponentserializationserviceMethodsTopic.htm" ismsdn="true">
      <HelpTopic name="CreateStore()" link="ms-help://MS.NETFrameworkSDKv1.1/cpref/html/frlrfsystemcomponentmodeldesignserializationcomponentserializationserviceclassCreateStoreTopic.htm" ismsdn="true" />
      <HelpTopic name="LoadStore(System.IO.Stream)" link="ms-help://MS.NETFrameworkSDKv1.1/cpref/html/frlrfsystemcomponentmodeldesignserializationcomponentserializationserviceclassLoadStoreTopic.htm" ismsdn="true" />
      <HelpTopic name="Serialize(System.ComponentModel.Design.Serialization.SerializationStore, System.Object)" link="ms-help://MS.NETFrameworkSDKv1.1/cpref/html/frlrfsystemcomponentmodeldesignserializationcomponentserializationserviceclassSerializeTopic.htm" ismsdn="true" />
      <HelpTopic name="SerializeAbsolute(System.ComponentModel.Design.Serialization.SerializationStore, System.Object)" link="ms-help://MS.NETFrameworkSDKv1.1/cpref/html/frlrfsystemcomponentmodeldesignserializationcomponentserializationserviceclassSerializeAbsoluteTopic.htm" ismsdn="true" />
      <HelpTopic name="SerializeMember(System.ComponentModel.Design.Serialization.SerializationStore, System.Object, System.ComponentModel.MemberDescriptor)" link="ms-help://MS.NETFrameworkSDKv1.1/cpref/html/frlrfsystemcomponentmodeldesignserializationcomponentserializationserviceclassSerializeMemberTopic.htm" ismsdn="true" />
      <HelpTopic name="SerializeMemberAbsolute(System.ComponentModel.Design.Serialization.SerializationStore, System.Object, System.ComponentModel.MemberDescriptor)" link="ms-help://MS.NETFrameworkSDKv1.1/cpref/html/frlrfsystemcomponentmodeldesignserializationcomponentserializationserviceclassSerializeMemberAbsoluteTopic.htm" ismsdn="true" />
      <HelpTopic name="Deserialize(System.ComponentModel.Design.Serialization.SerializationStore)" link="ms-help://MS.NETFrameworkSDKv1.1/cpref/html/frlrfsystemcomponentmodeldesignserializationcomponentserializationserviceclassDeserializeTopic1.htm" ismsdn="true" />
      <HelpTopic name="Deserialize(System.ComponentModel.Design.Serialization.SerializationStore, System.ComponentModel.IContainer)" link="ms-help://MS.NETFrameworkSDKv1.1/cpref/html/frlrfsystemcomponentmodeldesignserializationcomponentserializationserviceclassDeserializeTopic2.htm" ismsdn="true" />
      <HelpTopic name="DeserializeTo(System.ComponentModel.Design.Serialization.SerializationStore, System.ComponentModel.IContainer, System.Boolean, System.Boolean)" link="ms-help://MS.NETFrameworkSDKv1.1/cpref/html/frlrfsystemcomponentmodeldesignserializationcomponentserializationserviceclassDeserializeToTopic1.htm" ismsdn="true" />
      <HelpTopic name="DeserializeTo(System.ComponentModel.Design.Serialization.SerializationStore, System.ComponentModel.IContainer)" link="ms-help://MS.NETFrameworkSDKv1.1/cpref/html/frlrfsystemcomponentmodeldesignserializationcomponentserializationserviceclassDeserializeToTopic2.htm" ismsdn="true" />
      <HelpTopic name="DeserializeTo(System.ComponentModel.Design.Serialization.SerializationStore, System.ComponentModel.IContainer, System.Boolean)" link="ms-help://MS.NETFrameworkSDKv1.1/cpref/html/frlrfsystemcomponentmodeldesignserializationcomponentserializationserviceclassDeserializeToTopic3.htm" ismsdn="true" />
    </HelpFolder>
  </HelpFolder>
  <HelpFolder name="ContextStack class" link="ms-help://MS.NETFrameworkSDKv1.1/cpref/html/frlrfsystemcomponentmodeldesignserializationcontextstackClassTopic.htm" ismsdn="true">
    <HelpTopic name="ContextStack members" link="ms-help://MS.NETFrameworkSDKv1.1/cpref/html/frlrfsystemcomponentmodeldesignserializationcontextstackMembersTopic.htm" ismsdn="true" />
    <HelpFolder name="Constructors" link="ms-help://MS.NETFrameworkSDKv1.1/cpref/html/frlrfsystemcomponentmodeldesignserializationcontextstackclassctorTopic.htm" ismsdn="true">
      <HelpTopic name=".ctor()" link="ms-help://MS.NETFrameworkSDKv1.1/cpref/html/frlrfsystemcomponentmodeldesignserializationcontextstackclassctorTopic.htm" ismsdn="true" />
    </HelpFolder>
    <HelpFolder name="Methods" link="ms-help://MS.NETFrameworkSDKv1.1/cpref/html/frlrfsystemcomponentmodeldesignserializationcontextstackMethodsTopic.htm" ismsdn="true">
      <HelpTopic name="Append(System.Object)" link="ms-help://MS.NETFrameworkSDKv1.1/cpref/html/frlrfsystemcomponentmodeldesignserializationcontextstackclassAppendTopic.htm" ismsdn="true" />
      <HelpTopic name="Pop()" link="ms-help://MS.NETFrameworkSDKv1.1/cpref/html/frlrfsystemcomponentmodeldesignserializationcontextstackclassPopTopic.htm" ismsdn="true" />
      <HelpTopic name="Push(System.Object)" link="ms-help://MS.NETFrameworkSDKv1.1/cpref/html/frlrfsystemcomponentmodeldesignserializationcontextstackclassPushTopic.htm" ismsdn="true" />
    </HelpFolder>
    <HelpFolder name="Properties" link="ms-help://MS.NETFrameworkSDKv1.1/cpref/html/frlrfsystemcomponentmodeldesignserializationcontextstackPropertiesTopic.htm" ismsdn="true">
      <HelpTopic name="Current" link="ms-help://MS.NETFrameworkSDKv1.1/cpref/html/frlrfsystemcomponentmodeldesignserializationcontextstackclassCurrentTopic.htm" ismsdn="true" />
      <HelpTopic name="Item" link="ms-help://MS.NETFrameworkSDKv1.1/cpref/html/frlrfsystemcomponentmodeldesignserializationcontextstackclassItemTopic.htm" ismsdn="true" />
      <HelpTopic name="Item" link="ms-help://MS.NETFrameworkSDKv1.1/cpref/html/frlrfsystemcomponentmodeldesignserializationcontextstackclassItemTopic.htm" ismsdn="true" />
    </HelpFolder>
  </HelpFolder>
  <HelpFolder name="DefaultSerializationProviderAttribute class" link="ms-help://MS.NETFrameworkSDKv1.1/cpref/html/frlrfsystemcomponentmodeldesignserializationdefaultserializationproviderattributeClassTopic.htm" ismsdn="true">
    <HelpTopic name="DefaultSerializationProviderAttribute members" link="ms-help://MS.NETFrameworkSDKv1.1/cpref/html/frlrfsystemcomponentmodeldesignserializationdefaultserializationproviderattributeMembersTopic.htm" ismsdn="true" />
    <HelpFolder name="Constructors" link="ms-help://MS.NETFrameworkSDKv1.1/cpref/html/frlrfsystemcomponentmodeldesignserializationdefaultserializationproviderattributeclassctorTopic.htm" ismsdn="true">
      <HelpTopic name=".ctor(System.Type)" link="ms-help://MS.NETFrameworkSDKv1.1/cpref/html/frlrfsystemcomponentmodeldesignserializationdefaultserializationproviderattributeclassctorTopic1.htm" ismsdn="true" />
      <HelpTopic name=".ctor(System.String)" link="ms-help://MS.NETFrameworkSDKv1.1/cpref/html/frlrfsystemcomponentmodeldesignserializationdefaultserializationproviderattributeclassctorTopic1.htm" ismsdn="true" />
    </HelpFolder>
    <HelpFolder name="Properties" link="ms-help://MS.NETFrameworkSDKv1.1/cpref/html/frlrfsystemcomponentmodeldesignserializationdefaultserializationproviderattributePropertiesTopic.htm" ismsdn="true">
      <HelpTopic name="ProviderTypeName" link="ms-help://MS.NETFrameworkSDKv1.1/cpref/html/frlrfsystemcomponentmodeldesignserializationdefaultserializationproviderattributeclassProviderTypeNameTopic.htm" ismsdn="true" />
    </HelpFolder>
  </HelpFolder>
  <HelpFolder name="DesignerLoader class" link="ms-help://MS.NETFrameworkSDKv1.1/cpref/html/frlrfsystemcomponentmodeldesignserializationdesignerloaderClassTopic.htm" ismsdn="true">
    <HelpTopic name="DesignerLoader members" link="ms-help://MS.NETFrameworkSDKv1.1/cpref/html/frlrfsystemcomponentmodeldesignserializationdesignerloaderMembersTopic.htm" ismsdn="true" />
    <HelpFolder name="Methods" link="ms-help://MS.NETFrameworkSDKv1.1/cpref/html/frlrfsystemcomponentmodeldesignserializationdesignerloaderMethodsTopic.htm" ismsdn="true">
      <HelpTopic name="BeginLoad(System.ComponentModel.Design.Serialization.IDesignerLoaderHost)" link="ms-help://MS.NETFrameworkSDKv1.1/cpref/html/frlrfsystemcomponentmodeldesignserializationdesignerloaderclassBeginLoadTopic.htm" ismsdn="true" />
      <HelpTopic name="Dispose()" link="ms-help://MS.NETFrameworkSDKv1.1/cpref/html/frlrfsystemcomponentmodeldesignserializationdesignerloaderclassDisposeTopic.htm" ismsdn="true" />
      <HelpTopic name="Flush()" link="ms-help://MS.NETFrameworkSDKv1.1/cpref/html/frlrfsystemcomponentmodeldesignserializationdesignerloaderclassFlushTopic.htm" ismsdn="true" />
    </HelpFolder>
    <HelpFolder name="Properties" link="ms-help://MS.NETFrameworkSDKv1.1/cpref/html/frlrfsystemcomponentmodeldesignserializationdesignerloaderPropertiesTopic.htm" ismsdn="true">
      <HelpTopic name="Loading" link="ms-help://MS.NETFrameworkSDKv1.1/cpref/html/frlrfsystemcomponentmodeldesignserializationdesignerloaderclassLoadingTopic.htm" ismsdn="true" />
    </HelpFolder>
  </HelpFolder>
  <HelpFolder name="DesignerSerializationManager class" link="ms-help://MS.NETFrameworkSDKv1.1/cpref/html/frlrfsystemcomponentmodeldesignserializationdesignerserializationmanagerClassTopic.htm" ismsdn="true">
    <HelpTopic name="DesignerSerializationManager members" link="ms-help://MS.NETFrameworkSDKv1.1/cpref/html/frlrfsystemcomponentmodeldesignserializationdesignerserializationmanagerMembersTopic.htm" ismsdn="true" />
    <HelpFolder name="Constructors" link="ms-help://MS.NETFrameworkSDKv1.1/cpref/html/frlrfsystemcomponentmodeldesignserializationdesignerserializationmanagerclassctorTopic.htm" ismsdn="true">
      <HelpTopic name=".ctor()" link="ms-help://MS.NETFrameworkSDKv1.1/cpref/html/frlrfsystemcomponentmodeldesignserializationdesignerserializationmanagerclassctorTopic1.htm" ismsdn="true" />
      <HelpTopic name=".ctor(System.IServiceProvider)" link="ms-help://MS.NETFrameworkSDKv1.1/cpref/html/frlrfsystemcomponentmodeldesignserializationdesignerserializationmanagerclassctorTopic1.htm" ismsdn="true" />
    </HelpFolder>
    <HelpFolder name="Methods" link="ms-help://MS.NETFrameworkSDKv1.1/cpref/html/frlrfsystemcomponentmodeldesignserializationdesignerserializationmanagerMethodsTopic.htm" ismsdn="true">
      <HelpTopic name="CreateSession()" link="ms-help://MS.NETFrameworkSDKv1.1/cpref/html/frlrfsystemcomponentmodeldesignserializationdesignerserializationmanagerclassCreateSessionTopic.htm" ismsdn="true" />
      <HelpTopic name="GetSerializer(System.Type, System.Type)" link="ms-help://MS.NETFrameworkSDKv1.1/cpref/html/frlrfsystemcomponentmodeldesignserializationdesignerserializationmanagerclassGetSerializerTopic.htm" ismsdn="true" />
    </HelpFolder>
    <HelpFolder name="Properties" link="ms-help://MS.NETFrameworkSDKv1.1/cpref/html/frlrfsystemcomponentmodeldesignserializationdesignerserializationmanagerPropertiesTopic.htm" ismsdn="true">
      <HelpTopic name="Container" link="ms-help://MS.NETFrameworkSDKv1.1/cpref/html/frlrfsystemcomponentmodeldesignserializationdesignerserializationmanagerclassContainerTopic.htm" ismsdn="true" />
      <HelpTopic name="Errors" link="ms-help://MS.NETFrameworkSDKv1.1/cpref/html/frlrfsystemcomponentmodeldesignserializationdesignerserializationmanagerclassErrorsTopic.htm" ismsdn="true" />
      <HelpTopic name="PreserveNames" link="ms-help://MS.NETFrameworkSDKv1.1/cpref/html/frlrfsystemcomponentmodeldesignserializationdesignerserializationmanagerclassPreserveNamesTopic.htm" ismsdn="true" />
      <HelpTopic name="PropertyProvider" link="ms-help://MS.NETFrameworkSDKv1.1/cpref/html/frlrfsystemcomponentmodeldesignserializationdesignerserializationmanagerclassPropertyProviderTopic.htm" ismsdn="true" />
      <HelpTopic name="RecycleInstances" link="ms-help://MS.NETFrameworkSDKv1.1/cpref/html/frlrfsystemcomponentmodeldesignserializationdesignerserializationmanagerclassRecycleInstancesTopic.htm" ismsdn="true" />
      <HelpTopic name="ValidateRecycledTypes" link="ms-help://MS.NETFrameworkSDKv1.1/cpref/html/frlrfsystemcomponentmodeldesignserializationdesignerserializationmanagerclassValidateRecycledTypesTopic.htm" ismsdn="true" />
    </HelpFolder>
    <HelpFolder name="Events" link="ms-help://MS.NETFrameworkSDKv1.1/cpref/html/frlrfsystemcomponentmodeldesignserializationdesignerserializationmanagerEventsTopic.htm" ismsdn="true">
      <HelpTopic name="SessionCreated" link="ms-help://MS.NETFrameworkSDKv1.1/cpref/html/frlrfsystemcomponentmodeldesignserializationdesignerserializationmanagerclassSessionCreatedTopic.htm" ismsdn="true" />
      <HelpTopic name="SessionDisposed" link="ms-help://MS.NETFrameworkSDKv1.1/cpref/html/frlrfsystemcomponentmodeldesignserializationdesignerserializationmanagerclassSessionDisposedTopic.htm" ismsdn="true" />
    </HelpFolder>
  </HelpFolder>
  <HelpFolder name="DesignerSerializerAttribute class" link="ms-help://MS.NETFrameworkSDKv1.1/cpref/html/frlrfsystemcomponentmodeldesignserializationdesignerserializerattributeClassTopic.htm" ismsdn="true">
    <HelpTopic name="DesignerSerializerAttribute members" link="ms-help://MS.NETFrameworkSDKv1.1/cpref/html/frlrfsystemcomponentmodeldesignserializationdesignerserializerattributeMembersTopic.htm" ismsdn="true" />
    <HelpFolder name="Constructors" link="ms-help://MS.NETFrameworkSDKv1.1/cpref/html/frlrfsystemcomponentmodeldesignserializationdesignerserializerattributeclassctorTopic.htm" ismsdn="true">
      <HelpTopic name=".ctor(System.String, System.String)" link="ms-help://MS.NETFrameworkSDKv1.1/cpref/html/frlrfsystemcomponentmodeldesignserializationdesignerserializerattributeclassctorTopic1.htm" ismsdn="true" />
      <HelpTopic name=".ctor(System.Type, System.Type)" link="ms-help://MS.NETFrameworkSDKv1.1/cpref/html/frlrfsystemcomponentmodeldesignserializationdesignerserializerattributeclassctorTopic1.htm" ismsdn="true" />
      <HelpTopic name=".ctor(System.String, System.Type)" link="ms-help://MS.NETFrameworkSDKv1.1/cpref/html/frlrfsystemcomponentmodeldesignserializationdesignerserializerattributeclassctorTopic2.htm" ismsdn="true" />
    </HelpFolder>
    <HelpFolder name="Properties" link="ms-help://MS.NETFrameworkSDKv1.1/cpref/html/frlrfsystemcomponentmodeldesignserializationdesignerserializerattributePropertiesTopic.htm" ismsdn="true">
      <HelpTopic name="SerializerTypeName" link="ms-help://MS.NETFrameworkSDKv1.1/cpref/html/frlrfsystemcomponentmodeldesignserializationdesignerserializerattributeclassSerializerTypeNameTopic.htm" ismsdn="true" />
      <HelpTopic name="SerializerBaseTypeName" link="ms-help://MS.NETFrameworkSDKv1.1/cpref/html/frlrfsystemcomponentmodeldesignserializationdesignerserializerattributeclassSerializerBaseTypeNameTopic.htm" ismsdn="true" />
      <HelpTopic name="TypeId" link="ms-help://MS.NETFrameworkSDKv1.1/cpref/html/frlrfsystemcomponentmodeldesignserializationdesignerserializerattributeclassTypeIdTopic.htm" ismsdn="true" />
    </HelpFolder>
  </HelpFolder>
  <HelpFolder name="ExpressionContext class" link="ms-help://MS.NETFrameworkSDKv1.1/cpref/html/frlrfsystemcomponentmodeldesignserializationexpressioncontextClassTopic.htm" ismsdn="true">
    <HelpTopic name="ExpressionContext members" link="ms-help://MS.NETFrameworkSDKv1.1/cpref/html/frlrfsystemcomponentmodeldesignserializationexpressioncontextMembersTopic.htm" ismsdn="true" />
    <HelpFolder name="Constructors" link="ms-help://MS.NETFrameworkSDKv1.1/cpref/html/frlrfsystemcomponentmodeldesignserializationexpressioncontextclassctorTopic.htm" ismsdn="true">
      <HelpTopic name=".ctor(System.CodeDom.CodeExpression, System.Type, System.Object, System.Object)" link="ms-help://MS.NETFrameworkSDKv1.1/cpref/html/frlrfsystemcomponentmodeldesignserializationexpressioncontextclassctorTopic1.htm" ismsdn="true" />
      <HelpTopic name=".ctor(System.CodeDom.CodeExpression, System.Type, System.Object)" link="ms-help://MS.NETFrameworkSDKv1.1/cpref/html/frlrfsystemcomponentmodeldesignserializationexpressioncontextclassctorTopic1.htm" ismsdn="true" />
    </HelpFolder>
    <HelpFolder name="Properties" link="ms-help://MS.NETFrameworkSDKv1.1/cpref/html/frlrfsystemcomponentmodeldesignserializationexpressioncontextPropertiesTopic.htm" ismsdn="true">
      <HelpTopic name="Expression" link="ms-help://MS.NETFrameworkSDKv1.1/cpref/html/frlrfsystemcomponentmodeldesignserializationexpressioncontextclassExpressionTopic.htm" ismsdn="true" />
      <HelpTopic name="ExpressionType" link="ms-help://MS.NETFrameworkSDKv1.1/cpref/html/frlrfsystemcomponentmodeldesignserializationexpressioncontextclassExpressionTypeTopic.htm" ismsdn="true" />
      <HelpTopic name="Owner" link="ms-help://MS.NETFrameworkSDKv1.1/cpref/html/frlrfsystemcomponentmodeldesignserializationexpressioncontextclassOwnerTopic.htm" ismsdn="true" />
      <HelpTopic name="PresetValue" link="ms-help://MS.NETFrameworkSDKv1.1/cpref/html/frlrfsystemcomponentmodeldesignserializationexpressioncontextclassPresetValueTopic.htm" ismsdn="true" />
    </HelpFolder>
  </HelpFolder>
  <HelpFolder name="ICodeDomDesignerReload interface" link="ms-help://MS.NETFrameworkSDKv1.1/cpref/html/frlrfsystemcomponentmodeldesignserializationicodedomdesignerreloadClassTopic.htm" ismsdn="true">
    <HelpTopic name="ICodeDomDesignerReload members" link="ms-help://MS.NETFrameworkSDKv1.1/cpref/html/frlrfsystemcomponentmodeldesignserializationicodedomdesignerreloadMembersTopic.htm" ismsdn="true" />
    <HelpFolder name="Methods" link="ms-help://MS.NETFrameworkSDKv1.1/cpref/html/frlrfsystemcomponentmodeldesignserializationicodedomdesignerreloadMethodsTopic.htm" ismsdn="true">
      <HelpTopic name="ShouldReloadDesigner(System.CodeDom.CodeCompileUnit)" link="ms-help://MS.NETFrameworkSDKv1.1/cpref/html/frlrfsystemcomponentmodeldesignserializationicodedomdesignerreloadclassShouldReloadDesignerTopic.htm" ismsdn="true" />
    </HelpFolder>
  </HelpFolder>
  <HelpFolder name="IDesignerLoaderHost interface" link="ms-help://MS.NETFrameworkSDKv1.1/cpref/html/frlrfsystemcomponentmodeldesignserializationidesignerloaderhostClassTopic.htm" ismsdn="true">
    <HelpTopic name="IDesignerLoaderHost members" link="ms-help://MS.NETFrameworkSDKv1.1/cpref/html/frlrfsystemcomponentmodeldesignserializationidesignerloaderhostMembersTopic.htm" ismsdn="true" />
    <HelpFolder name="Methods" link="ms-help://MS.NETFrameworkSDKv1.1/cpref/html/frlrfsystemcomponentmodeldesignserializationidesignerloaderhostMethodsTopic.htm" ismsdn="true">
      <HelpTopic name="EndLoad(System.String, System.Boolean, System.Collections.ICollection)" link="ms-help://MS.NETFrameworkSDKv1.1/cpref/html/frlrfsystemcomponentmodeldesignserializationidesignerloaderhostclassEndLoadTopic.htm" ismsdn="true" />
      <HelpTopic name="Reload()" link="ms-help://MS.NETFrameworkSDKv1.1/cpref/html/frlrfsystemcomponentmodeldesignserializationidesignerloaderhostclassReloadTopic.htm" ismsdn="true" />
    </HelpFolder>
  </HelpFolder>
  <HelpFolder name="IDesignerLoaderService interface" link="ms-help://MS.NETFrameworkSDKv1.1/cpref/html/frlrfsystemcomponentmodeldesignserializationidesignerloaderserviceClassTopic.htm" ismsdn="true">
    <HelpTopic name="IDesignerLoaderService members" link="ms-help://MS.NETFrameworkSDKv1.1/cpref/html/frlrfsystemcomponentmodeldesignserializationidesignerloaderserviceMembersTopic.htm" ismsdn="true" />
    <HelpFolder name="Methods" link="ms-help://MS.NETFrameworkSDKv1.1/cpref/html/frlrfsystemcomponentmodeldesignserializationidesignerloaderserviceMethodsTopic.htm" ismsdn="true">
      <HelpTopic name="AddLoadDependency()" link="ms-help://MS.NETFrameworkSDKv1.1/cpref/html/frlrfsystemcomponentmodeldesignserializationidesignerloaderserviceclassAddLoadDependencyTopic.htm" ismsdn="true" />
      <HelpTopic name="DependentLoadComplete(System.Boolean, System.Collections.ICollection)" link="ms-help://MS.NETFrameworkSDKv1.1/cpref/html/frlrfsystemcomponentmodeldesignserializationidesignerloaderserviceclassDependentLoadCompleteTopic.htm" ismsdn="true" />
      <HelpTopic name="Reload()" link="ms-help://MS.NETFrameworkSDKv1.1/cpref/html/frlrfsystemcomponentmodeldesignserializationidesignerloaderserviceclassReloadTopic.htm" ismsdn="true" />
    </HelpFolder>
  </HelpFolder>
  <HelpFolder name="IDesignerSerializationManager interface" link="ms-help://MS.NETFrameworkSDKv1.1/cpref/html/frlrfsystemcomponentmodeldesignserializationidesignerserializationmanagerClassTopic.htm" ismsdn="true">
    <HelpTopic name="IDesignerSerializationManager members" link="ms-help://MS.NETFrameworkSDKv1.1/cpref/html/frlrfsystemcomponentmodeldesignserializationidesignerserializationmanagerMembersTopic.htm" ismsdn="true" />
    <HelpFolder name="Methods" link="ms-help://MS.NETFrameworkSDKv1.1/cpref/html/frlrfsystemcomponentmodeldesignserializationidesignerserializationmanagerMethodsTopic.htm" ismsdn="true">
      <HelpTopic name="AddSerializationProvider(System.ComponentModel.Design.Serialization.IDesignerSerializationProvider)" link="ms-help://MS.NETFrameworkSDKv1.1/cpref/html/frlrfsystemcomponentmodeldesignserializationidesignerserializationmanagerclassAddSerializationProviderTopic.htm" ismsdn="true" />
      <HelpTopic name="CreateInstance(System.Type, System.Collections.ICollection, System.String, System.Boolean)" link="ms-help://MS.NETFrameworkSDKv1.1/cpref/html/frlrfsystemcomponentmodeldesignserializationidesignerserializationmanagerclassCreateInstanceTopic.htm" ismsdn="true" />
      <HelpTopic name="GetInstance(System.String)" link="ms-help://MS.NETFrameworkSDKv1.1/cpref/html/frlrfsystemcomponentmodeldesignserializationidesignerserializationmanagerclassGetInstanceTopic.htm" ismsdn="true" />
      <HelpTopic name="GetName(System.Object)" link="ms-help://MS.NETFrameworkSDKv1.1/cpref/html/frlrfsystemcomponentmodeldesignserializationidesignerserializationmanagerclassGetNameTopic.htm" ismsdn="true" />
      <HelpTopic name="GetSerializer(System.Type, System.Type)" link="ms-help://MS.NETFrameworkSDKv1.1/cpref/html/frlrfsystemcomponentmodeldesignserializationidesignerserializationmanagerclassGetSerializerTopic.htm" ismsdn="true" />
      <HelpTopic name="GetType(System.String)" link="ms-help://MS.NETFrameworkSDKv1.1/cpref/html/frlrfsystemcomponentmodeldesignserializationidesignerserializationmanagerclassGetTypeTopic.htm" ismsdn="true" />
      <HelpTopic name="RemoveSerializationProvider(System.ComponentModel.Design.Serialization.IDesignerSerializationProvider)" link="ms-help://MS.NETFrameworkSDKv1.1/cpref/html/frlrfsystemcomponentmodeldesignserializationidesignerserializationmanagerclassRemoveSerializationProviderTopic.htm" ismsdn="true" />
      <HelpTopic name="ReportError(System.Object)" link="ms-help://MS.NETFrameworkSDKv1.1/cpref/html/frlrfsystemcomponentmodeldesignserializationidesignerserializationmanagerclassReportErrorTopic.htm" ismsdn="true" />
      <HelpTopic name="SetName(System.Object, System.String)" link="ms-help://MS.NETFrameworkSDKv1.1/cpref/html/frlrfsystemcomponentmodeldesignserializationidesignerserializationmanagerclassSetNameTopic.htm" ismsdn="true" />
    </HelpFolder>
    <HelpFolder name="Properties" link="ms-help://MS.NETFrameworkSDKv1.1/cpref/html/frlrfsystemcomponentmodeldesignserializationidesignerserializationmanagerPropertiesTopic.htm" ismsdn="true">
      <HelpTopic name="Context" link="ms-help://MS.NETFrameworkSDKv1.1/cpref/html/frlrfsystemcomponentmodeldesignserializationidesignerserializationmanagerclassContextTopic.htm" ismsdn="true" />
      <HelpTopic name="Properties" link="ms-help://MS.NETFrameworkSDKv1.1/cpref/html/frlrfsystemcomponentmodeldesignserializationidesignerserializationmanagerclassPropertiesTopic.htm" ismsdn="true" />
    </HelpFolder>
    <HelpFolder name="Events" link="ms-help://MS.NETFrameworkSDKv1.1/cpref/html/frlrfsystemcomponentmodeldesignserializationidesignerserializationmanagerEventsTopic.htm" ismsdn="true">
      <HelpTopic name="ResolveName" link="ms-help://MS.NETFrameworkSDKv1.1/cpref/html/frlrfsystemcomponentmodeldesignserializationidesignerserializationmanagerclassResolveNameTopic.htm" ismsdn="true" />
      <HelpTopic name="SerializationComplete" link="ms-help://MS.NETFrameworkSDKv1.1/cpref/html/frlrfsystemcomponentmodeldesignserializationidesignerserializationmanagerclassSerializationCompleteTopic.htm" ismsdn="true" />
    </HelpFolder>
  </HelpFolder>
  <HelpFolder name="IDesignerSerializationProvider interface" link="ms-help://MS.NETFrameworkSDKv1.1/cpref/html/frlrfsystemcomponentmodeldesignserializationidesignerserializationproviderClassTopic.htm" ismsdn="true">
    <HelpTopic name="IDesignerSerializationProvider members" link="ms-help://MS.NETFrameworkSDKv1.1/cpref/html/frlrfsystemcomponentmodeldesignserializationidesignerserializationproviderMembersTopic.htm" ismsdn="true" />
    <HelpFolder name="Methods" link="ms-help://MS.NETFrameworkSDKv1.1/cpref/html/frlrfsystemcomponentmodeldesignserializationidesignerserializationproviderMethodsTopic.htm" ismsdn="true">
      <HelpTopic name="GetSerializer(System.ComponentModel.Design.Serialization.IDesignerSerializationManager, System.Object, System.Type, System.Type)" link="ms-help://MS.NETFrameworkSDKv1.1/cpref/html/frlrfsystemcomponentmodeldesignserializationidesignerserializationproviderclassGetSerializerTopic.htm" ismsdn="true" />
    </HelpFolder>
  </HelpFolder>
  <HelpFolder name="IDesignerSerializationService interface" link="ms-help://MS.NETFrameworkSDKv1.1/cpref/html/frlrfsystemcomponentmodeldesignserializationidesignerserializationserviceClassTopic.htm" ismsdn="true">
    <HelpTopic name="IDesignerSerializationService members" link="ms-help://MS.NETFrameworkSDKv1.1/cpref/html/frlrfsystemcomponentmodeldesignserializationidesignerserializationserviceMembersTopic.htm" ismsdn="true" />
    <HelpFolder name="Methods" link="ms-help://MS.NETFrameworkSDKv1.1/cpref/html/frlrfsystemcomponentmodeldesignserializationidesignerserializationserviceMethodsTopic.htm" ismsdn="true">
      <HelpTopic name="Deserialize(System.Object)" link="ms-help://MS.NETFrameworkSDKv1.1/cpref/html/frlrfsystemcomponentmodeldesignserializationidesignerserializationserviceclassDeserializeTopic.htm" ismsdn="true" />
      <HelpTopic name="Serialize(System.Collections.ICollection)" link="ms-help://MS.NETFrameworkSDKv1.1/cpref/html/frlrfsystemcomponentmodeldesignserializationidesignerserializationserviceclassSerializeTopic.htm" ismsdn="true" />
    </HelpFolder>
  </HelpFolder>
  <HelpFolder name="INameCreationService interface" link="ms-help://MS.NETFrameworkSDKv1.1/cpref/html/frlrfsystemcomponentmodeldesignserializationinamecreationserviceClassTopic.htm" ismsdn="true">
    <HelpTopic name="INameCreationService members" link="ms-help://MS.NETFrameworkSDKv1.1/cpref/html/frlrfsystemcomponentmodeldesignserializationinamecreationserviceMembersTopic.htm" ismsdn="true" />
    <HelpFolder name="Methods" link="ms-help://MS.NETFrameworkSDKv1.1/cpref/html/frlrfsystemcomponentmodeldesignserializationinamecreationserviceMethodsTopic.htm" ismsdn="true">
      <HelpTopic name="CreateName(System.ComponentModel.IContainer, System.Type)" link="ms-help://MS.NETFrameworkSDKv1.1/cpref/html/frlrfsystemcomponentmodeldesignserializationinamecreationserviceclassCreateNameTopic.htm" ismsdn="true" />
      <HelpTopic name="IsValidName(System.String)" link="ms-help://MS.NETFrameworkSDKv1.1/cpref/html/frlrfsystemcomponentmodeldesignserializationinamecreationserviceclassIsValidNameTopic.htm" ismsdn="true" />
      <HelpTopic name="ValidateName(System.String)" link="ms-help://MS.NETFrameworkSDKv1.1/cpref/html/frlrfsystemcomponentmodeldesignserializationinamecreationserviceclassValidateNameTopic.htm" ismsdn="true" />
    </HelpFolder>
  </HelpFolder>
  <HelpFolder name="InstanceDescriptor class" link="ms-help://MS.NETFrameworkSDKv1.1/cpref/html/frlrfsystemcomponentmodeldesignserializationinstancedescriptorClassTopic.htm" ismsdn="true">
    <HelpTopic name="InstanceDescriptor members" link="ms-help://MS.NETFrameworkSDKv1.1/cpref/html/frlrfsystemcomponentmodeldesignserializationinstancedescriptorMembersTopic.htm" ismsdn="true" />
    <HelpFolder name="Constructors" link="ms-help://MS.NETFrameworkSDKv1.1/cpref/html/frlrfsystemcomponentmodeldesignserializationinstancedescriptorclassctorTopic.htm" ismsdn="true">
      <HelpTopic name=".ctor(System.Reflection.MemberInfo, System.Collections.ICollection)" link="ms-help://MS.NETFrameworkSDKv1.1/cpref/html/frlrfsystemcomponentmodeldesignserializationinstancedescriptorclassctorTopic1.htm" ismsdn="true" />
      <HelpTopic name=".ctor(System.Reflection.MemberInfo, System.Collections.ICollection, System.Boolean)" link="ms-help://MS.NETFrameworkSDKv1.1/cpref/html/frlrfsystemcomponentmodeldesignserializationinstancedescriptorclassctorTopic1.htm" ismsdn="true" />
    </HelpFolder>
    <HelpFolder name="Methods" link="ms-help://MS.NETFrameworkSDKv1.1/cpref/html/frlrfsystemcomponentmodeldesignserializationinstancedescriptorMethodsTopic.htm" ismsdn="true">
      <HelpTopic name="Invoke()" link="ms-help://MS.NETFrameworkSDKv1.1/cpref/html/frlrfsystemcomponentmodeldesignserializationinstancedescriptorclassInvokeTopic.htm" ismsdn="true" />
    </HelpFolder>
    <HelpFolder name="Properties" link="ms-help://MS.NETFrameworkSDKv1.1/cpref/html/frlrfsystemcomponentmodeldesignserializationinstancedescriptorPropertiesTopic.htm" ismsdn="true">
      <HelpTopic name="Arguments" link="ms-help://MS.NETFrameworkSDKv1.1/cpref/html/frlrfsystemcomponentmodeldesignserializationinstancedescriptorclassArgumentsTopic.htm" ismsdn="true" />
      <HelpTopic name="IsComplete" link="ms-help://MS.NETFrameworkSDKv1.1/cpref/html/frlrfsystemcomponentmodeldesignserializationinstancedescriptorclassIsCompleteTopic.htm" ismsdn="true" />
      <HelpTopic name="MemberInfo" link="ms-help://MS.NETFrameworkSDKv1.1/cpref/html/frlrfsystemcomponentmodeldesignserializationinstancedescriptorclassMemberInfoTopic.htm" ismsdn="true" />
    </HelpFolder>
  </HelpFolder>
  <HelpFolder name="MemberCodeDomSerializer class" link="ms-help://MS.NETFrameworkSDKv1.1/cpref/html/frlrfsystemcomponentmodeldesignserializationmembercodedomserializerClassTopic.htm" ismsdn="true">
    <HelpTopic name="MemberCodeDomSerializer members" link="ms-help://MS.NETFrameworkSDKv1.1/cpref/html/frlrfsystemcomponentmodeldesignserializationmembercodedomserializerMembersTopic.htm" ismsdn="true" />
    <HelpFolder name="Methods" link="ms-help://MS.NETFrameworkSDKv1.1/cpref/html/frlrfsystemcomponentmodeldesignserializationmembercodedomserializerMethodsTopic.htm" ismsdn="true">
      <HelpTopic name="Serialize(System.ComponentModel.Design.Serialization.IDesignerSerializationManager, System.Object, System.ComponentModel.MemberDescriptor, System.CodeDom.CodeStatementCollection)" link="ms-help://MS.NETFrameworkSDKv1.1/cpref/html/frlrfsystemcomponentmodeldesignserializationmembercodedomserializerclassSerializeTopic.htm" ismsdn="true" />
      <HelpTopic name="ShouldSerialize(System.ComponentModel.Design.Serialization.IDesignerSerializationManager, System.Object, System.ComponentModel.MemberDescriptor)" link="ms-help://MS.NETFrameworkSDKv1.1/cpref/html/frlrfsystemcomponentmodeldesignserializationmembercodedomserializerclassShouldSerializeTopic.htm" ismsdn="true" />
    </HelpFolder>
  </HelpFolder>
  <HelpFolder name="MemberRelationship structure" link="ms-help://MS.NETFrameworkSDKv1.1/cpref/html/frlrfsystemcomponentmodeldesignserializationmemberrelationshipClassTopic.htm" ismsdn="true">
    <HelpTopic name="MemberRelationship members" link="ms-help://MS.NETFrameworkSDKv1.1/cpref/html/frlrfsystemcomponentmodeldesignserializationmemberrelationshipMembersTopic.htm" ismsdn="true" />
    <HelpFolder name="Constructors" link="ms-help://MS.NETFrameworkSDKv1.1/cpref/html/frlrfsystemcomponentmodeldesignserializationmemberrelationshipclassctorTopic.htm" ismsdn="true">
      <HelpTopic name=".ctor(System.Object, System.ComponentModel.MemberDescriptor)" link="ms-help://MS.NETFrameworkSDKv1.1/cpref/html/frlrfsystemcomponentmodeldesignserializationmemberrelationshipclassctorTopic.htm" ismsdn="true" />
    </HelpFolder>
    <HelpFolder name="Fields" link="ms-help://MS.NETFrameworkSDKv1.1/cpref/html/frlrfsystemcomponentmodeldesignserializationmemberrelationshipFieldsTopic.htm" ismsdn="true">
      <HelpTopic name="Empty" link="ms-help://MS.NETFrameworkSDKv1.1/cpref/html/frlrfsystemcomponentmodeldesignserializationmemberrelationshipclassEmptyTopic.htm" ismsdn="true" />
    </HelpFolder>
    <HelpFolder name="Methods" link="ms-help://MS.NETFrameworkSDKv1.1/cpref/html/frlrfsystemcomponentmodeldesignserializationmemberrelationshipMethodsTopic.htm" ismsdn="true">
      <HelpTopic name="Equals(System.Object)" link="ms-help://MS.NETFrameworkSDKv1.1/cpref/html/frlrfsystemcomponentmodeldesignserializationmemberrelationshipclassEqualsTopic.htm" ismsdn="true" />
      <HelpTopic name="GetHashCode()" link="ms-help://MS.NETFrameworkSDKv1.1/cpref/html/frlrfsystemcomponentmodeldesignserializationmemberrelationshipclassGetHashCodeTopic.htm" ismsdn="true" />
    </HelpFolder>
    <HelpFolder name="Properties" link="ms-help://MS.NETFrameworkSDKv1.1/cpref/html/frlrfsystemcomponentmodeldesignserializationmemberrelationshipPropertiesTopic.htm" ismsdn="true">
      <HelpTopic name="IsEmpty" link="ms-help://MS.NETFrameworkSDKv1.1/cpref/html/frlrfsystemcomponentmodeldesignserializationmemberrelationshipclassIsEmptyTopic.htm" ismsdn="true" />
      <HelpTopic name="Member" link="ms-help://MS.NETFrameworkSDKv1.1/cpref/html/frlrfsystemcomponentmodeldesignserializationmemberrelationshipclassMemberTopic.htm" ismsdn="true" />
      <HelpTopic name="Owner" link="ms-help://MS.NETFrameworkSDKv1.1/cpref/html/frlrfsystemcomponentmodeldesignserializationmemberrelationshipclassOwnerTopic.htm" ismsdn="true" />
    </HelpFolder>
  </HelpFolder>
  <HelpFolder name="MemberRelationshipService class" link="ms-help://MS.NETFrameworkSDKv1.1/cpref/html/frlrfsystemcomponentmodeldesignserializationmemberrelationshipserviceClassTopic.htm" ismsdn="true">
    <HelpTopic name="MemberRelationshipService members" link="ms-help://MS.NETFrameworkSDKv1.1/cpref/html/frlrfsystemcomponentmodeldesignserializationmemberrelationshipserviceMembersTopic.htm" ismsdn="true" />
    <HelpFolder name="Methods" link="ms-help://MS.NETFrameworkSDKv1.1/cpref/html/frlrfsystemcomponentmodeldesignserializationmemberrelationshipserviceMethodsTopic.htm" ismsdn="true">
      <HelpTopic name="SupportsRelationship(System.ComponentModel.Design.Serialization.MemberRelationship, System.ComponentModel.Design.Serialization.MemberRelationship)" link="ms-help://MS.NETFrameworkSDKv1.1/cpref/html/frlrfsystemcomponentmodeldesignserializationmemberrelationshipserviceclassSupportsRelationshipTopic.htm" ismsdn="true" />
    </HelpFolder>
    <HelpFolder name="Properties" link="ms-help://MS.NETFrameworkSDKv1.1/cpref/html/frlrfsystemcomponentmodeldesignserializationmemberrelationshipservicePropertiesTopic.htm" ismsdn="true">
      <HelpTopic name="Item" link="ms-help://MS.NETFrameworkSDKv1.1/cpref/html/frlrfsystemcomponentmodeldesignserializationmemberrelationshipserviceclassItemTopic.htm" ismsdn="true" />
      <HelpTopic name="Item" link="ms-help://MS.NETFrameworkSDKv1.1/cpref/html/frlrfsystemcomponentmodeldesignserializationmemberrelationshipserviceclassItemTopic.htm" ismsdn="true" />
    </HelpFolder>
  </HelpFolder>
  <HelpFolder name="ObjectStatementCollection class" link="ms-help://MS.NETFrameworkSDKv1.1/cpref/html/frlrfsystemcomponentmodeldesignserializationobjectstatementcollectionClassTopic.htm" ismsdn="true">
    <HelpTopic name="ObjectStatementCollection members" link="ms-help://MS.NETFrameworkSDKv1.1/cpref/html/frlrfsystemcomponentmodeldesignserializationobjectstatementcollectionMembersTopic.htm" ismsdn="true" />
    <HelpFolder name="Methods" link="ms-help://MS.NETFrameworkSDKv1.1/cpref/html/frlrfsystemcomponentmodeldesignserializationobjectstatementcollectionMethodsTopic.htm" ismsdn="true">
      <HelpTopic name="ContainsKey(System.Object)" link="ms-help://MS.NETFrameworkSDKv1.1/cpref/html/frlrfsystemcomponentmodeldesignserializationobjectstatementcollectionclassContainsKeyTopic.htm" ismsdn="true" />
      <HelpTopic name="GetEnumerator()" link="ms-help://MS.NETFrameworkSDKv1.1/cpref/html/frlrfsystemcomponentmodeldesignserializationobjectstatementcollectionclassGetEnumeratorTopic.htm" ismsdn="true" />
      <HelpTopic name="Populate(System.Collections.ICollection)" link="ms-help://MS.NETFrameworkSDKv1.1/cpref/html/frlrfsystemcomponentmodeldesignserializationobjectstatementcollectionclassPopulateTopic1.htm" ismsdn="true" />
      <HelpTopic name="Populate(System.Object)" link="ms-help://MS.NETFrameworkSDKv1.1/cpref/html/frlrfsystemcomponentmodeldesignserializationobjectstatementcollectionclassPopulateTopic2.htm" ismsdn="true" />
    </HelpFolder>
    <HelpFolder name="Properties" link="ms-help://MS.NETFrameworkSDKv1.1/cpref/html/frlrfsystemcomponentmodeldesignserializationobjectstatementcollectionPropertiesTopic.htm" ismsdn="true">
      <HelpTopic name="Item" link="ms-help://MS.NETFrameworkSDKv1.1/cpref/html/frlrfsystemcomponentmodeldesignserializationobjectstatementcollectionclassItemTopic.htm" ismsdn="true" />
    </HelpFolder>
  </HelpFolder>
  <HelpFolder name="ResolveNameEventArgs class" link="ms-help://MS.NETFrameworkSDKv1.1/cpref/html/frlrfsystemcomponentmodeldesignserializationresolvenameeventargsClassTopic.htm" ismsdn="true">
    <HelpTopic name="ResolveNameEventArgs members" link="ms-help://MS.NETFrameworkSDKv1.1/cpref/html/frlrfsystemcomponentmodeldesignserializationresolvenameeventargsMembersTopic.htm" ismsdn="true" />
    <HelpFolder name="Constructors" link="ms-help://MS.NETFrameworkSDKv1.1/cpref/html/frlrfsystemcomponentmodeldesignserializationresolvenameeventargsclassctorTopic.htm" ismsdn="true">
      <HelpTopic name=".ctor(System.String)" link="ms-help://MS.NETFrameworkSDKv1.1/cpref/html/frlrfsystemcomponentmodeldesignserializationresolvenameeventargsclassctorTopic.htm" ismsdn="true" />
    </HelpFolder>
    <HelpFolder name="Properties" link="ms-help://MS.NETFrameworkSDKv1.1/cpref/html/frlrfsystemcomponentmodeldesignserializationresolvenameeventargsPropertiesTopic.htm" ismsdn="true">
      <HelpTopic name="Name" link="ms-help://MS.NETFrameworkSDKv1.1/cpref/html/frlrfsystemcomponentmodeldesignserializationresolvenameeventargsclassNameTopic.htm" ismsdn="true" />
      <HelpTopic name="Value" link="ms-help://MS.NETFrameworkSDKv1.1/cpref/html/frlrfsystemcomponentmodeldesignserializationresolvenameeventargsclassValueTopic.htm" ismsdn="true" />
    </HelpFolder>
  </HelpFolder>
  <HelpTopic name="ResolveNameEventHandler delegate" link="ms-help://MS.NETFrameworkSDKv1.1/cpref/html/frlrfsystemcomponentmodeldesignserializationresolvenameeventhandlerClassTopic.htm" ismsdn="true" />
  <HelpFolder name="RootContext class" link="ms-help://MS.NETFrameworkSDKv1.1/cpref/html/frlrfsystemcomponentmodeldesignserializationrootcontextClassTopic.htm" ismsdn="true">
    <HelpTopic name="RootContext members" link="ms-help://MS.NETFrameworkSDKv1.1/cpref/html/frlrfsystemcomponentmodeldesignserializationrootcontextMembersTopic.htm" ismsdn="true" />
    <HelpFolder name="Constructors" link="ms-help://MS.NETFrameworkSDKv1.1/cpref/html/frlrfsystemcomponentmodeldesignserializationrootcontextclassctorTopic.htm" ismsdn="true">
      <HelpTopic name=".ctor(System.CodeDom.CodeExpression, System.Object)" link="ms-help://MS.NETFrameworkSDKv1.1/cpref/html/frlrfsystemcomponentmodeldesignserializationrootcontextclassctorTopic.htm" ismsdn="true" />
    </HelpFolder>
    <HelpFolder name="Properties" link="ms-help://MS.NETFrameworkSDKv1.1/cpref/html/frlrfsystemcomponentmodeldesignserializationrootcontextPropertiesTopic.htm" ismsdn="true">
      <HelpTopic name="Expression" link="ms-help://MS.NETFrameworkSDKv1.1/cpref/html/frlrfsystemcomponentmodeldesignserializationrootcontextclassExpressionTopic.htm" ismsdn="true" />
      <HelpTopic name="Value" link="ms-help://MS.NETFrameworkSDKv1.1/cpref/html/frlrfsystemcomponentmodeldesignserializationrootcontextclassValueTopic.htm" ismsdn="true" />
    </HelpFolder>
  </HelpFolder>
  <HelpFolder name="RootDesignerSerializerAttribute class" link="ms-help://MS.NETFrameworkSDKv1.1/cpref/html/frlrfsystemcomponentmodeldesignserializationrootdesignerserializerattributeClassTopic.htm" ismsdn="true">
    <HelpTopic name="RootDesignerSerializerAttribute members" link="ms-help://MS.NETFrameworkSDKv1.1/cpref/html/frlrfsystemcomponentmodeldesignserializationrootdesignerserializerattributeMembersTopic.htm" ismsdn="true" />
    <HelpFolder name="Constructors" link="ms-help://MS.NETFrameworkSDKv1.1/cpref/html/frlrfsystemcomponentmodeldesignserializationrootdesignerserializerattributeclassctorTopic.htm" ismsdn="true">
      <HelpTopic name=".ctor(System.String, System.String, System.Boolean)" link="ms-help://MS.NETFrameworkSDKv1.1/cpref/html/frlrfsystemcomponentmodeldesignserializationrootdesignerserializerattributeclassctorTopic1.htm" ismsdn="true" />
      <HelpTopic name=".ctor(System.Type, System.Type, System.Boolean)" link="ms-help://MS.NETFrameworkSDKv1.1/cpref/html/frlrfsystemcomponentmodeldesignserializationrootdesignerserializerattributeclassctorTopic1.htm" ismsdn="true" />
      <HelpTopic name=".ctor(System.String, System.Type, System.Boolean)" link="ms-help://MS.NETFrameworkSDKv1.1/cpref/html/frlrfsystemcomponentmodeldesignserializationrootdesignerserializerattributeclassctorTopic2.htm" ismsdn="true" />
    </HelpFolder>
    <HelpFolder name="Properties" link="ms-help://MS.NETFrameworkSDKv1.1/cpref/html/frlrfsystemcomponentmodeldesignserializationrootdesignerserializerattributePropertiesTopic.htm" ismsdn="true">
      <HelpTopic name="Reloadable" link="ms-help://MS.NETFrameworkSDKv1.1/cpref/html/frlrfsystemcomponentmodeldesignserializationrootdesignerserializerattributeclassReloadableTopic.htm" ismsdn="true" />
      <HelpTopic name="SerializerTypeName" link="ms-help://MS.NETFrameworkSDKv1.1/cpref/html/frlrfsystemcomponentmodeldesignserializationrootdesignerserializerattributeclassSerializerTypeNameTopic.htm" ismsdn="true" />
      <HelpTopic name="SerializerBaseTypeName" link="ms-help://MS.NETFrameworkSDKv1.1/cpref/html/frlrfsystemcomponentmodeldesignserializationrootdesignerserializerattributeclassSerializerBaseTypeNameTopic.htm" ismsdn="true" />
      <HelpTopic name="TypeId" link="ms-help://MS.NETFrameworkSDKv1.1/cpref/html/frlrfsystemcomponentmodeldesignserializationrootdesignerserializerattributeclassTypeIdTopic.htm" ismsdn="true" />
    </HelpFolder>
  </HelpFolder>
  <HelpFolder name="SerializationStore class" link="ms-help://MS.NETFrameworkSDKv1.1/cpref/html/frlrfsystemcomponentmodeldesignserializationserializationstoreClassTopic.htm" ismsdn="true">
    <HelpTopic name="SerializationStore members" link="ms-help://MS.NETFrameworkSDKv1.1/cpref/html/frlrfsystemcomponentmodeldesignserializationserializationstoreMembersTopic.htm" ismsdn="true" />
    <HelpFolder name="Methods" link="ms-help://MS.NETFrameworkSDKv1.1/cpref/html/frlrfsystemcomponentmodeldesignserializationserializationstoreMethodsTopic.htm" ismsdn="true">
      <HelpTopic name="Close()" link="ms-help://MS.NETFrameworkSDKv1.1/cpref/html/frlrfsystemcomponentmodeldesignserializationserializationstoreclassCloseTopic.htm" ismsdn="true" />
      <HelpTopic name="Save(System.IO.Stream)" link="ms-help://MS.NETFrameworkSDKv1.1/cpref/html/frlrfsystemcomponentmodeldesignserializationserializationstoreclassSaveTopic.htm" ismsdn="true" />
    </HelpFolder>
    <HelpFolder name="Properties" link="ms-help://MS.NETFrameworkSDKv1.1/cpref/html/frlrfsystemcomponentmodeldesignserializationserializationstorePropertiesTopic.htm" ismsdn="true">
      <HelpTopic name="Errors" link="ms-help://MS.NETFrameworkSDKv1.1/cpref/html/frlrfsystemcomponentmodeldesignserializationserializationstoreclassErrorsTopic.htm" ismsdn="true" />
    </HelpFolder>
  </HelpFolder>
  <HelpFolder name="SerializeAbsoluteContext class" link="ms-help://MS.NETFrameworkSDKv1.1/cpref/html/frlrfsystemcomponentmodeldesignserializationserializeabsolutecontextClassTopic.htm" ismsdn="true">
    <HelpTopic name="SerializeAbsoluteContext members" link="ms-help://MS.NETFrameworkSDKv1.1/cpref/html/frlrfsystemcomponentmodeldesignserializationserializeabsolutecontextMembersTopic.htm" ismsdn="true" />
    <HelpFolder name="Constructors" link="ms-help://MS.NETFrameworkSDKv1.1/cpref/html/frlrfsystemcomponentmodeldesignserializationserializeabsolutecontextclassctorTopic.htm" ismsdn="true">
      <HelpTopic name=".ctor()" link="ms-help://MS.NETFrameworkSDKv1.1/cpref/html/frlrfsystemcomponentmodeldesignserializationserializeabsolutecontextclassctorTopic1.htm" ismsdn="true" />
      <HelpTopic name=".ctor(System.ComponentModel.MemberDescriptor)" link="ms-help://MS.NETFrameworkSDKv1.1/cpref/html/frlrfsystemcomponentmodeldesignserializationserializeabsolutecontextclassctorTopic1.htm" ismsdn="true" />
    </HelpFolder>
    <HelpFolder name="Methods" link="ms-help://MS.NETFrameworkSDKv1.1/cpref/html/frlrfsystemcomponentmodeldesignserializationserializeabsolutecontextMethodsTopic.htm" ismsdn="true">
      <HelpTopic name="ShouldSerialize(System.ComponentModel.MemberDescriptor)" link="ms-help://MS.NETFrameworkSDKv1.1/cpref/html/frlrfsystemcomponentmodeldesignserializationserializeabsolutecontextclassShouldSerializeTopic.htm" ismsdn="true" />
    </HelpFolder>
    <HelpFolder name="Properties" link="ms-help://MS.NETFrameworkSDKv1.1/cpref/html/frlrfsystemcomponentmodeldesignserializationserializeabsolutecontextPropertiesTopic.htm" ismsdn="true">
      <HelpTopic name="Member" link="ms-help://MS.NETFrameworkSDKv1.1/cpref/html/frlrfsystemcomponentmodeldesignserializationserializeabsolutecontextclassMemberTopic.htm" ismsdn="true" />
    </HelpFolder>
  </HelpFolder>
  <HelpFolder name="StatementContext class" link="ms-help://MS.NETFrameworkSDKv1.1/cpref/html/frlrfsystemcomponentmodeldesignserializationstatementcontextClassTopic.htm" ismsdn="true">
    <HelpTopic name="StatementContext members" link="ms-help://MS.NETFrameworkSDKv1.1/cpref/html/frlrfsystemcomponentmodeldesignserializationstatementcontextMembersTopic.htm" ismsdn="true" />
    <HelpFolder name="Constructors" link="ms-help://MS.NETFrameworkSDKv1.1/cpref/html/frlrfsystemcomponentmodeldesignserializationstatementcontextclassctorTopic.htm" ismsdn="true">
      <HelpTopic name=".ctor()" link="ms-help://MS.NETFrameworkSDKv1.1/cpref/html/frlrfsystemcomponentmodeldesignserializationstatementcontextclassctorTopic.htm" ismsdn="true" />
    </HelpFolder>
    <HelpFolder name="Properties" link="ms-help://MS.NETFrameworkSDKv1.1/cpref/html/frlrfsystemcomponentmodeldesignserializationstatementcontextPropertiesTopic.htm" ismsdn="true">
      <HelpTopic name="StatementCollection" link="ms-help://MS.NETFrameworkSDKv1.1/cpref/html/frlrfsystemcomponentmodeldesignserializationstatementcontextclassStatementCollectionTopic.htm" ismsdn="true" />
    </HelpFolder>
  </HelpFolder>
  <HelpFolder name="TypeCodeDomSerializer class" link="ms-help://MS.NETFrameworkSDKv1.1/cpref/html/frlrfsystemcomponentmodeldesignserializationtypecodedomserializerClassTopic.htm" ismsdn="true">
    <HelpTopic name="TypeCodeDomSerializer members" link="ms-help://MS.NETFrameworkSDKv1.1/cpref/html/frlrfsystemcomponentmodeldesignserializationtypecodedomserializerMembersTopic.htm" ismsdn="true" />
    <HelpFolder name="Constructors" link="ms-help://MS.NETFrameworkSDKv1.1/cpref/html/frlrfsystemcomponentmodeldesignserializationtypecodedomserializerclassctorTopic.htm" ismsdn="true">
      <HelpTopic name=".ctor()" link="ms-help://MS.NETFrameworkSDKv1.1/cpref/html/frlrfsystemcomponentmodeldesignserializationtypecodedomserializerclassctorTopic.htm" ismsdn="true" />
    </HelpFolder>
    <HelpFolder name="Methods" link="ms-help://MS.NETFrameworkSDKv1.1/cpref/html/frlrfsystemcomponentmodeldesignserializationtypecodedomserializerMethodsTopic.htm" ismsdn="true">
      <HelpTopic name="Deserialize(System.ComponentModel.Design.Serialization.IDesignerSerializationManager, System.CodeDom.CodeTypeDeclaration)" link="ms-help://MS.NETFrameworkSDKv1.1/cpref/html/frlrfsystemcomponentmodeldesignserializationtypecodedomserializerclassDeserializeTopic.htm" ismsdn="true" />
      <HelpTopic name="Serialize(System.ComponentModel.Design.Serialization.IDesignerSerializationManager, System.Object, System.Collections.ICollection)" link="ms-help://MS.NETFrameworkSDKv1.1/cpref/html/frlrfsystemcomponentmodeldesignserializationtypecodedomserializerclassSerializeTopic.htm" ismsdn="true" />
    </HelpFolder>
  </HelpFolder>
</HelpCollection>