<HelpCollection>
  <HelpFolder name="AssemblyInstaller class" link="ms-help://MS.NETFrameworkSDKv1.1/cpref/html/frlrfsystemconfigurationinstallassemblyinstallerClassTopic.htm" ismsdn="true">
    <HelpTopic name="AssemblyInstaller members" link="ms-help://MS.NETFrameworkSDKv1.1/cpref/html/frlrfsystemconfigurationinstallassemblyinstallerMembersTopic.htm" ismsdn="true" />
    <HelpFolder name="Constructors" link="ms-help://MS.NETFrameworkSDKv1.1/cpref/html/frlrfsystemconfigurationinstallassemblyinstallerclassctorTopic.htm" ismsdn="true">
      <HelpTopic name=".ctor()" link="ms-help://MS.NETFrameworkSDKv1.1/cpref/html/frlrfsystemconfigurationinstallassemblyinstallerclassctorTopic1.htm" ismsdn="true" />
      <HelpTopic name=".ctor(System.String, System.String[])" link="ms-help://MS.NETFrameworkSDKv1.1/cpref/html/frlrfsystemconfigurationinstallassemblyinstallerclassctorTopic1.htm" ismsdn="true" />
      <HelpTopic name=".ctor(System.Reflection.Assembly, System.String[])" link="ms-help://MS.NETFrameworkSDKv1.1/cpref/html/frlrfsystemconfigurationinstallassemblyinstallerclassctorTopic2.htm" ismsdn="true" />
    </HelpFolder>
    <HelpFolder name="Methods" link="ms-help://MS.NETFrameworkSDKv1.1/cpref/html/frlrfsystemconfigurationinstallassemblyinstallerMethodsTopic.htm" ismsdn="true">
      <HelpTopic name="Uninstall(System.Collections.IDictionary)" link="ms-help://MS.NETFrameworkSDKv1.1/cpref/html/frlrfsystemconfigurationinstallassemblyinstallerclassUninstallTopic.htm" ismsdn="true" />
      <HelpTopic name="Rollback(System.Collections.IDictionary)" link="ms-help://MS.NETFrameworkSDKv1.1/cpref/html/frlrfsystemconfigurationinstallassemblyinstallerclassRollbackTopic.htm" ismsdn="true" />
      <HelpTopic name="Install(System.Collections.IDictionary)" link="ms-help://MS.NETFrameworkSDKv1.1/cpref/html/frlrfsystemconfigurationinstallassemblyinstallerclassInstallTopic.htm" ismsdn="true" />
      <HelpTopic name="Commit(System.Collections.IDictionary)" link="ms-help://MS.NETFrameworkSDKv1.1/cpref/html/frlrfsystemconfigurationinstallassemblyinstallerclassCommitTopic.htm" ismsdn="true" />
      <HelpTopic name="CheckIfInstallable(System.String)" link="ms-help://MS.NETFrameworkSDKv1.1/cpref/html/frlrfsystemconfigurationinstallassemblyinstallerclassCheckIfInstallableTopic.htm" ismsdn="true" />
    </HelpFolder>
    <HelpFolder name="Properties" link="ms-help://MS.NETFrameworkSDKv1.1/cpref/html/frlrfsystemconfigurationinstallassemblyinstallerPropertiesTopic.htm" ismsdn="true">
      <HelpTopic name="Assembly" link="ms-help://MS.NETFrameworkSDKv1.1/cpref/html/frlrfsystemconfigurationinstallassemblyinstallerclassAssemblyTopic.htm" ismsdn="true" />
      <HelpTopic name="CommandLine" link="ms-help://MS.NETFrameworkSDKv1.1/cpref/html/frlrfsystemconfigurationinstallassemblyinstallerclassCommandLineTopic.htm" ismsdn="true" />
      <HelpTopic name="HelpText" link="ms-help://MS.NETFrameworkSDKv1.1/cpref/html/frlrfsystemconfigurationinstallassemblyinstallerclassHelpTextTopic.htm" ismsdn="true" />
      <HelpTopic name="Path" link="ms-help://MS.NETFrameworkSDKv1.1/cpref/html/frlrfsystemconfigurationinstallassemblyinstallerclassPathTopic.htm" ismsdn="true" />
      <HelpTopic name="UseNewContext" link="ms-help://MS.NETFrameworkSDKv1.1/cpref/html/frlrfsystemconfigurationinstallassemblyinstallerclassUseNewContextTopic.htm" ismsdn="true" />
    </HelpFolder>
  </HelpFolder>
  <HelpFolder name="ComponentInstaller class" link="ms-help://MS.NETFrameworkSDKv1.1/cpref/html/frlrfsystemconfigurationinstallcomponentinstallerClassTopic.htm" ismsdn="true">
    <HelpTopic name="ComponentInstaller members" link="ms-help://MS.NETFrameworkSDKv1.1/cpref/html/frlrfsystemconfigurationinstallcomponentinstallerMembersTopic.htm" ismsdn="true" />
    <HelpFolder name="Methods" link="ms-help://MS.NETFrameworkSDKv1.1/cpref/html/frlrfsystemconfigurationinstallcomponentinstallerMethodsTopic.htm" ismsdn="true">
      <HelpTopic name="IsEquivalentInstaller(System.Configuration.Install.ComponentInstaller)" link="ms-help://MS.NETFrameworkSDKv1.1/cpref/html/frlrfsystemconfigurationinstallcomponentinstallerclassIsEquivalentInstallerTopic.htm" ismsdn="true" />
      <HelpTopic name="CopyFromComponent(System.ComponentModel.IComponent)" link="ms-help://MS.NETFrameworkSDKv1.1/cpref/html/frlrfsystemconfigurationinstallcomponentinstallerclassCopyFromComponentTopic.htm" ismsdn="true" />
    </HelpFolder>
  </HelpFolder>
  <HelpFolder name="IManagedInstaller interface" link="ms-help://MS.NETFrameworkSDKv1.1/cpref/html/frlrfsystemconfigurationinstallimanagedinstallerClassTopic.htm" ismsdn="true">
    <HelpTopic name="IManagedInstaller members" link="ms-help://MS.NETFrameworkSDKv1.1/cpref/html/frlrfsystemconfigurationinstallimanagedinstallerMembersTopic.htm" ismsdn="true" />
    <HelpFolder name="Methods" link="ms-help://MS.NETFrameworkSDKv1.1/cpref/html/frlrfsystemconfigurationinstallimanagedinstallerMethodsTopic.htm" ismsdn="true">
      <HelpTopic name="ManagedInstall(System.String, System.Int32)" link="ms-help://MS.NETFrameworkSDKv1.1/cpref/html/frlrfsystemconfigurationinstallimanagedinstallerclassManagedInstallTopic.htm" ismsdn="true" />
    </HelpFolder>
  </HelpFolder>
  <HelpFolder name="InstallContext class" link="ms-help://MS.NETFrameworkSDKv1.1/cpref/html/frlrfsystemconfigurationinstallinstallcontextClassTopic.htm" ismsdn="true">
    <HelpTopic name="InstallContext members" link="ms-help://MS.NETFrameworkSDKv1.1/cpref/html/frlrfsystemconfigurationinstallinstallcontextMembersTopic.htm" ismsdn="true" />
    <HelpFolder name="Constructors" link="ms-help://MS.NETFrameworkSDKv1.1/cpref/html/frlrfsystemconfigurationinstallinstallcontextclassctorTopic.htm" ismsdn="true">
      <HelpTopic name=".ctor()" link="ms-help://MS.NETFrameworkSDKv1.1/cpref/html/frlrfsystemconfigurationinstallinstallcontextclassctorTopic1.htm" ismsdn="true" />
      <HelpTopic name=".ctor(System.String, System.String[])" link="ms-help://MS.NETFrameworkSDKv1.1/cpref/html/frlrfsystemconfigurationinstallinstallcontextclassctorTopic1.htm" ismsdn="true" />
    </HelpFolder>
    <HelpFolder name="Methods" link="ms-help://MS.NETFrameworkSDKv1.1/cpref/html/frlrfsystemconfigurationinstallinstallcontextMethodsTopic.htm" ismsdn="true">
      <HelpTopic name="IsParameterTrue(System.String)" link="ms-help://MS.NETFrameworkSDKv1.1/cpref/html/frlrfsystemconfigurationinstallinstallcontextclassIsParameterTrueTopic.htm" ismsdn="true" />
      <HelpTopic name="LogMessage(System.String)" link="ms-help://MS.NETFrameworkSDKv1.1/cpref/html/frlrfsystemconfigurationinstallinstallcontextclassLogMessageTopic.htm" ismsdn="true" />
    </HelpFolder>
    <HelpFolder name="Properties" link="ms-help://MS.NETFrameworkSDKv1.1/cpref/html/frlrfsystemconfigurationinstallinstallcontextPropertiesTopic.htm" ismsdn="true">
      <HelpTopic name="Parameters" link="ms-help://MS.NETFrameworkSDKv1.1/cpref/html/frlrfsystemconfigurationinstallinstallcontextclassParametersTopic.htm" ismsdn="true" />
    </HelpFolder>
  </HelpFolder>
  <HelpFolder name="Installer class" link="ms-help://MS.NETFrameworkSDKv1.1/cpref/html/frlrfsystemconfigurationinstallinstallerClassTopic.htm" ismsdn="true">
    <HelpTopic name="Installer members" link="ms-help://MS.NETFrameworkSDKv1.1/cpref/html/frlrfsystemconfigurationinstallinstallerMembersTopic.htm" ismsdn="true" />
    <HelpFolder name="Constructors" link="ms-help://MS.NETFrameworkSDKv1.1/cpref/html/frlrfsystemconfigurationinstallinstallerclassctorTopic.htm" ismsdn="true">
      <HelpTopic name=".ctor()" link="ms-help://MS.NETFrameworkSDKv1.1/cpref/html/frlrfsystemconfigurationinstallinstallerclassctorTopic.htm" ismsdn="true" />
    </HelpFolder>
    <HelpFolder name="Methods" link="ms-help://MS.NETFrameworkSDKv1.1/cpref/html/frlrfsystemconfigurationinstallinstallerMethodsTopic.htm" ismsdn="true">
      <HelpTopic name="Uninstall(System.Collections.IDictionary)" link="ms-help://MS.NETFrameworkSDKv1.1/cpref/html/frlrfsystemconfigurationinstallinstallerclassUninstallTopic.htm" ismsdn="true" />
      <HelpTopic name="Rollback(System.Collections.IDictionary)" link="ms-help://MS.NETFrameworkSDKv1.1/cpref/html/frlrfsystemconfigurationinstallinstallerclassRollbackTopic.htm" ismsdn="true" />
      <HelpTopic name="Install(System.Collections.IDictionary)" link="ms-help://MS.NETFrameworkSDKv1.1/cpref/html/frlrfsystemconfigurationinstallinstallerclassInstallTopic.htm" ismsdn="true" />
      <HelpTopic name="Commit(System.Collections.IDictionary)" link="ms-help://MS.NETFrameworkSDKv1.1/cpref/html/frlrfsystemconfigurationinstallinstallerclassCommitTopic.htm" ismsdn="true" />
    </HelpFolder>
    <HelpFolder name="Properties" link="ms-help://MS.NETFrameworkSDKv1.1/cpref/html/frlrfsystemconfigurationinstallinstallerPropertiesTopic.htm" ismsdn="true">
      <HelpTopic name="Context" link="ms-help://MS.NETFrameworkSDKv1.1/cpref/html/frlrfsystemconfigurationinstallinstallerclassContextTopic.htm" ismsdn="true" />
      <HelpTopic name="HelpText" link="ms-help://MS.NETFrameworkSDKv1.1/cpref/html/frlrfsystemconfigurationinstallinstallerclassHelpTextTopic.htm" ismsdn="true" />
      <HelpTopic name="Installers" link="ms-help://MS.NETFrameworkSDKv1.1/cpref/html/frlrfsystemconfigurationinstallinstallerclassInstallersTopic.htm" ismsdn="true" />
      <HelpTopic name="Parent" link="ms-help://MS.NETFrameworkSDKv1.1/cpref/html/frlrfsystemconfigurationinstallinstallerclassParentTopic.htm" ismsdn="true" />
    </HelpFolder>
    <HelpFolder name="Events" link="ms-help://MS.NETFrameworkSDKv1.1/cpref/html/frlrfsystemconfigurationinstallinstallerEventsTopic.htm" ismsdn="true">
      <HelpTopic name="Committed" link="ms-help://MS.NETFrameworkSDKv1.1/cpref/html/frlrfsystemconfigurationinstallinstallerclassCommittedTopic.htm" ismsdn="true" />
      <HelpTopic name="AfterInstall" link="ms-help://MS.NETFrameworkSDKv1.1/cpref/html/frlrfsystemconfigurationinstallinstallerclassAfterInstallTopic.htm" ismsdn="true" />
      <HelpTopic name="AfterRollback" link="ms-help://MS.NETFrameworkSDKv1.1/cpref/html/frlrfsystemconfigurationinstallinstallerclassAfterRollbackTopic.htm" ismsdn="true" />
      <HelpTopic name="AfterUninstall" link="ms-help://MS.NETFrameworkSDKv1.1/cpref/html/frlrfsystemconfigurationinstallinstallerclassAfterUninstallTopic.htm" ismsdn="true" />
      <HelpTopic name="Committing" link="ms-help://MS.NETFrameworkSDKv1.1/cpref/html/frlrfsystemconfigurationinstallinstallerclassCommittingTopic.htm" ismsdn="true" />
      <HelpTopic name="BeforeInstall" link="ms-help://MS.NETFrameworkSDKv1.1/cpref/html/frlrfsystemconfigurationinstallinstallerclassBeforeInstallTopic.htm" ismsdn="true" />
      <HelpTopic name="BeforeRollback" link="ms-help://MS.NETFrameworkSDKv1.1/cpref/html/frlrfsystemconfigurationinstallinstallerclassBeforeRollbackTopic.htm" ismsdn="true" />
      <HelpTopic name="BeforeUninstall" link="ms-help://MS.NETFrameworkSDKv1.1/cpref/html/frlrfsystemconfigurationinstallinstallerclassBeforeUninstallTopic.htm" ismsdn="true" />
    </HelpFolder>
  </HelpFolder>
  <HelpFolder name="InstallerCollection class" link="ms-help://MS.NETFrameworkSDKv1.1/cpref/html/frlrfsystemconfigurationinstallinstallercollectionClassTopic.htm" ismsdn="true">
    <HelpTopic name="InstallerCollection members" link="ms-help://MS.NETFrameworkSDKv1.1/cpref/html/frlrfsystemconfigurationinstallinstallercollectionMembersTopic.htm" ismsdn="true" />
    <HelpFolder name="Methods" link="ms-help://MS.NETFrameworkSDKv1.1/cpref/html/frlrfsystemconfigurationinstallinstallercollectionMethodsTopic.htm" ismsdn="true">
      <HelpTopic name="Add(System.Configuration.Install.Installer)" link="ms-help://MS.NETFrameworkSDKv1.1/cpref/html/frlrfsystemconfigurationinstallinstallercollectionclassAddTopic.htm" ismsdn="true" />
      <HelpTopic name="AddRange(System.Configuration.Install.InstallerCollection)" link="ms-help://MS.NETFrameworkSDKv1.1/cpref/html/frlrfsystemconfigurationinstallinstallercollectionclassAddRangeTopic1.htm" ismsdn="true" />
      <HelpTopic name="AddRange(System.Configuration.Install.Installer[])" link="ms-help://MS.NETFrameworkSDKv1.1/cpref/html/frlrfsystemconfigurationinstallinstallercollectionclassAddRangeTopic2.htm" ismsdn="true" />
      <HelpTopic name="Contains(System.Configuration.Install.Installer)" link="ms-help://MS.NETFrameworkSDKv1.1/cpref/html/frlrfsystemconfigurationinstallinstallercollectionclassContainsTopic.htm" ismsdn="true" />
      <HelpTopic name="CopyTo(System.Configuration.Install.Installer[], System.Int32)" link="ms-help://MS.NETFrameworkSDKv1.1/cpref/html/frlrfsystemconfigurationinstallinstallercollectionclassCopyToTopic.htm" ismsdn="true" />
      <HelpTopic name="IndexOf(System.Configuration.Install.Installer)" link="ms-help://MS.NETFrameworkSDKv1.1/cpref/html/frlrfsystemconfigurationinstallinstallercollectionclassIndexOfTopic.htm" ismsdn="true" />
      <HelpTopic name="Insert(System.Int32, System.Configuration.Install.Installer)" link="ms-help://MS.NETFrameworkSDKv1.1/cpref/html/frlrfsystemconfigurationinstallinstallercollectionclassInsertTopic.htm" ismsdn="true" />
      <HelpTopic name="Remove(System.Configuration.Install.Installer)" link="ms-help://MS.NETFrameworkSDKv1.1/cpref/html/frlrfsystemconfigurationinstallinstallercollectionclassRemoveTopic.htm" ismsdn="true" />
    </HelpFolder>
    <HelpFolder name="Properties" link="ms-help://MS.NETFrameworkSDKv1.1/cpref/html/frlrfsystemconfigurationinstallinstallercollectionPropertiesTopic.htm" ismsdn="true">
      <HelpTopic name="Item" link="ms-help://MS.NETFrameworkSDKv1.1/cpref/html/frlrfsystemconfigurationinstallinstallercollectionclassItemTopic.htm" ismsdn="true" />
    </HelpFolder>
  </HelpFolder>
  <HelpFolder name="InstallEventArgs class" link="ms-help://MS.NETFrameworkSDKv1.1/cpref/html/frlrfsystemconfigurationinstallinstalleventargsClassTopic.htm" ismsdn="true">
    <HelpTopic name="InstallEventArgs members" link="ms-help://MS.NETFrameworkSDKv1.1/cpref/html/frlrfsystemconfigurationinstallinstalleventargsMembersTopic.htm" ismsdn="true" />
    <HelpFolder name="Constructors" link="ms-help://MS.NETFrameworkSDKv1.1/cpref/html/frlrfsystemconfigurationinstallinstalleventargsclassctorTopic.htm" ismsdn="true">
      <HelpTopic name=".ctor()" link="ms-help://MS.NETFrameworkSDKv1.1/cpref/html/frlrfsystemconfigurationinstallinstalleventargsclassctorTopic1.htm" ismsdn="true" />
      <HelpTopic name=".ctor(System.Collections.IDictionary)" link="ms-help://MS.NETFrameworkSDKv1.1/cpref/html/frlrfsystemconfigurationinstallinstalleventargsclassctorTopic1.htm" ismsdn="true" />
    </HelpFolder>
    <HelpFolder name="Properties" link="ms-help://MS.NETFrameworkSDKv1.1/cpref/html/frlrfsystemconfigurationinstallinstalleventargsPropertiesTopic.htm" ismsdn="true">
      <HelpTopic name="SavedState" link="ms-help://MS.NETFrameworkSDKv1.1/cpref/html/frlrfsystemconfigurationinstallinstalleventargsclassSavedStateTopic.htm" ismsdn="true" />
    </HelpFolder>
  </HelpFolder>
  <HelpTopic name="InstallEventHandler delegate" link="ms-help://MS.NETFrameworkSDKv1.1/cpref/html/frlrfsystemconfigurationinstallinstalleventhandlerClassTopic.htm" ismsdn="true" />
  <HelpFolder name="InstallException class" link="ms-help://MS.NETFrameworkSDKv1.1/cpref/html/frlrfsystemconfigurationinstallinstallexceptionClassTopic.htm" ismsdn="true">
    <HelpTopic name="InstallException members" link="ms-help://MS.NETFrameworkSDKv1.1/cpref/html/frlrfsystemconfigurationinstallinstallexceptionMembersTopic.htm" ismsdn="true" />
    <HelpFolder name="Constructors" link="ms-help://MS.NETFrameworkSDKv1.1/cpref/html/frlrfsystemconfigurationinstallinstallexceptionclassctorTopic.htm" ismsdn="true">
      <HelpTopic name=".ctor()" link="ms-help://MS.NETFrameworkSDKv1.1/cpref/html/frlrfsystemconfigurationinstallinstallexceptionclassctorTopic1.htm" ismsdn="true" />
      <HelpTopic name=".ctor(System.String)" link="ms-help://MS.NETFrameworkSDKv1.1/cpref/html/frlrfsystemconfigurationinstallinstallexceptionclassctorTopic1.htm" ismsdn="true" />
      <HelpTopic name=".ctor(System.String, System.Exception)" link="ms-help://MS.NETFrameworkSDKv1.1/cpref/html/frlrfsystemconfigurationinstallinstallexceptionclassctorTopic2.htm" ismsdn="true" />
    </HelpFolder>
  </HelpFolder>
  <HelpFolder name="ManagedInstallerClass class" link="ms-help://MS.NETFrameworkSDKv1.1/cpref/html/frlrfsystemconfigurationinstallmanagedinstallerclassClassTopic.htm" ismsdn="true">
    <HelpTopic name="ManagedInstallerClass members" link="ms-help://MS.NETFrameworkSDKv1.1/cpref/html/frlrfsystemconfigurationinstallmanagedinstallerclassMembersTopic.htm" ismsdn="true" />
    <HelpFolder name="Constructors" link="ms-help://MS.NETFrameworkSDKv1.1/cpref/html/frlrfsystemconfigurationinstallmanagedinstallerclassclassctorTopic.htm" ismsdn="true">
      <HelpTopic name=".ctor()" link="ms-help://MS.NETFrameworkSDKv1.1/cpref/html/frlrfsystemconfigurationinstallmanagedinstallerclassclassctorTopic.htm" ismsdn="true" />
    </HelpFolder>
    <HelpFolder name="Methods" link="ms-help://MS.NETFrameworkSDKv1.1/cpref/html/frlrfsystemconfigurationinstallmanagedinstallerclassMethodsTopic.htm" ismsdn="true">
      <HelpTopic name="InstallHelper(System.String[])" link="ms-help://MS.NETFrameworkSDKv1.1/cpref/html/frlrfsystemconfigurationinstallmanagedinstallerclassclassInstallHelperTopic.htm" ismsdn="true" />
    </HelpFolder>
  </HelpFolder>
  <HelpFolder name="TransactedInstaller class" link="ms-help://MS.NETFrameworkSDKv1.1/cpref/html/frlrfsystemconfigurationinstalltransactedinstallerClassTopic.htm" ismsdn="true">
    <HelpTopic name="TransactedInstaller members" link="ms-help://MS.NETFrameworkSDKv1.1/cpref/html/frlrfsystemconfigurationinstalltransactedinstallerMembersTopic.htm" ismsdn="true" />
    <HelpFolder name="Constructors" link="ms-help://MS.NETFrameworkSDKv1.1/cpref/html/frlrfsystemconfigurationinstalltransactedinstallerclassctorTopic.htm" ismsdn="true">
      <HelpTopic name=".ctor()" link="ms-help://MS.NETFrameworkSDKv1.1/cpref/html/frlrfsystemconfigurationinstalltransactedinstallerclassctorTopic.htm" ismsdn="true" />
    </HelpFolder>
    <HelpFolder name="Methods" link="ms-help://MS.NETFrameworkSDKv1.1/cpref/html/frlrfsystemconfigurationinstalltransactedinstallerMethodsTopic.htm" ismsdn="true">
      <HelpTopic name="Uninstall(System.Collections.IDictionary)" link="ms-help://MS.NETFrameworkSDKv1.1/cpref/html/frlrfsystemconfigurationinstalltransactedinstallerclassUninstallTopic.htm" ismsdn="true" />
      <HelpTopic name="Install(System.Collections.IDictionary)" link="ms-help://MS.NETFrameworkSDKv1.1/cpref/html/frlrfsystemconfigurationinstalltransactedinstallerclassInstallTopic.htm" ismsdn="true" />
    </HelpFolder>
  </HelpFolder>
  <HelpTopic name="UninstallAction enumeration" link="ms-help://MS.NETFrameworkSDKv1.1/cpref/html/frlrfsystemconfigurationinstalluninstallactionClassTopic.htm" ismsdn="true" />
</HelpCollection>