<HelpCollection>
  <HelpFolder name="AssemblyHash structure" link="ms-help://MS.NETFrameworkSDKv1.1/cpref/html/frlrfsystemconfigurationassembliesassemblyhashClassTopic.htm" ismsdn="true">
    <HelpTopic name="AssemblyHash members" link="ms-help://MS.NETFrameworkSDKv1.1/cpref/html/frlrfsystemconfigurationassembliesassemblyhashMembersTopic.htm" ismsdn="true" />
    <HelpFolder name="Constructors" link="ms-help://MS.NETFrameworkSDKv1.1/cpref/html/frlrfsystemconfigurationassembliesassemblyhashclassctorTopic.htm" ismsdn="true">
      <HelpTopic name=".ctor(System.Byte[])" link="ms-help://MS.NETFrameworkSDKv1.1/cpref/html/frlrfsystemconfigurationassembliesassemblyhashclassctorTopic1.htm" ismsdn="true" />
      <HelpTopic name=".ctor(System.Configuration.Assemblies.AssemblyHashAlgorithm, System.Byte[])" link="ms-help://MS.NETFrameworkSDKv1.1/cpref/html/frlrfsystemconfigurationassembliesassemblyhashclassctorTopic1.htm" ismsdn="true" />
    </HelpFolder>
    <HelpFolder name="Fields" link="ms-help://MS.NETFrameworkSDKv1.1/cpref/html/frlrfsystemconfigurationassembliesassemblyhashFieldsTopic.htm" ismsdn="true">
      <HelpTopic name="Empty" link="ms-help://MS.NETFrameworkSDKv1.1/cpref/html/frlrfsystemconfigurationassembliesassemblyhashclassEmptyTopic.htm" ismsdn="true" />
    </HelpFolder>
    <HelpFolder name="Methods" link="ms-help://MS.NETFrameworkSDKv1.1/cpref/html/frlrfsystemconfigurationassembliesassemblyhashMethodsTopic.htm" ismsdn="true">
      <HelpTopic name="GetValue()" link="ms-help://MS.NETFrameworkSDKv1.1/cpref/html/frlrfsystemconfigurationassembliesassemblyhashclassGetValueTopic.htm" ismsdn="true" />
      <HelpTopic name="SetValue(System.Byte[])" link="ms-help://MS.NETFrameworkSDKv1.1/cpref/html/frlrfsystemconfigurationassembliesassemblyhashclassSetValueTopic.htm" ismsdn="true" />
      <HelpTopic name="Clone()" link="ms-help://MS.NETFrameworkSDKv1.1/cpref/html/frlrfsystemconfigurationassembliesassemblyhashclassCloneTopic.htm" ismsdn="true" />
    </HelpFolder>
    <HelpFolder name="Properties" link="ms-help://MS.NETFrameworkSDKv1.1/cpref/html/frlrfsystemconfigurationassembliesassemblyhashPropertiesTopic.htm" ismsdn="true">
      <HelpTopic name="Algorithm" link="ms-help://MS.NETFrameworkSDKv1.1/cpref/html/frlrfsystemconfigurationassembliesassemblyhashclassAlgorithmTopic.htm" ismsdn="true" />
    </HelpFolder>
  </HelpFolder>
  <HelpTopic name="AssemblyHashAlgorithm enumeration" link="ms-help://MS.NETFrameworkSDKv1.1/cpref/html/frlrfsystemconfigurationassembliesassemblyhashalgorithmClassTopic.htm" ismsdn="true" />
  <HelpTopic name="AssemblyVersionCompatibility enumeration" link="ms-help://MS.NETFrameworkSDKv1.1/cpref/html/frlrfsystemconfigurationassembliesassemblyversioncompatibilityClassTopic.htm" ismsdn="true" />
</HelpCollection>