<HelpCollection>
  <HelpTopic name="DuplicateAddressDetectionState enumeration" link="ms-help://MS.NETFrameworkSDKv1.1/cpref/html/frlrfsystemnetnetworkinformationduplicateaddressdetectionstateClassTopic.htm" ismsdn="true" />
  <HelpFolder name="GatewayIPAddressInformation class" link="ms-help://MS.NETFrameworkSDKv1.1/cpref/html/frlrfsystemnetnetworkinformationgatewayipaddressinformationClassTopic.htm" ismsdn="true">
    <HelpTopic name="GatewayIPAddressInformation members" link="ms-help://MS.NETFrameworkSDKv1.1/cpref/html/frlrfsystemnetnetworkinformationgatewayipaddressinformationMembersTopic.htm" ismsdn="true" />
    <HelpFolder name="Properties" link="ms-help://MS.NETFrameworkSDKv1.1/cpref/html/frlrfsystemnetnetworkinformationgatewayipaddressinformationPropertiesTopic.htm" ismsdn="true">
      <HelpTopic name="Address" link="ms-help://MS.NETFrameworkSDKv1.1/cpref/html/frlrfsystemnetnetworkinformationgatewayipaddressinformationclassAddressTopic.htm" ismsdn="true" />
    </HelpFolder>
  </HelpFolder>
  <HelpFolder name="GatewayIPAddressInformationCollection class" link="ms-help://MS.NETFrameworkSDKv1.1/cpref/html/frlrfsystemnetnetworkinformationgatewayipaddressinformationcollectionClassTopic.htm" ismsdn="true">
    <HelpTopic name="GatewayIPAddressInformationCollection members" link="ms-help://MS.NETFrameworkSDKv1.1/cpref/html/frlrfsystemnetnetworkinformationgatewayipaddressinformationcollectionMembersTopic.htm" ismsdn="true" />
    <HelpFolder name="Methods" link="ms-help://MS.NETFrameworkSDKv1.1/cpref/html/frlrfsystemnetnetworkinformationgatewayipaddressinformationcollectionMethodsTopic.htm" ismsdn="true">
      <HelpTopic name="CopyTo(System.Net.NetworkInformation.GatewayIPAddressInformation[], System.Int32)" link="ms-help://MS.NETFrameworkSDKv1.1/cpref/html/frlrfsystemnetnetworkinformationgatewayipaddressinformationcollectionclassCopyToTopic.htm" ismsdn="true" />
      <HelpTopic name="Add(System.Net.NetworkInformation.GatewayIPAddressInformation)" link="ms-help://MS.NETFrameworkSDKv1.1/cpref/html/frlrfsystemnetnetworkinformationgatewayipaddressinformationcollectionclassAddTopic.htm" ismsdn="true" />
      <HelpTopic name="Contains(System.Net.NetworkInformation.GatewayIPAddressInformation)" link="ms-help://MS.NETFrameworkSDKv1.1/cpref/html/frlrfsystemnetnetworkinformationgatewayipaddressinformationcollectionclassContainsTopic.htm" ismsdn="true" />
      <HelpTopic name="GetEnumerator()" link="ms-help://MS.NETFrameworkSDKv1.1/cpref/html/frlrfsystemnetnetworkinformationgatewayipaddressinformationcollectionclassGetEnumeratorTopic.htm" ismsdn="true" />
      <HelpTopic name="Remove(System.Net.NetworkInformation.GatewayIPAddressInformation)" link="ms-help://MS.NETFrameworkSDKv1.1/cpref/html/frlrfsystemnetnetworkinformationgatewayipaddressinformationcollectionclassRemoveTopic.htm" ismsdn="true" />
      <HelpTopic name="Clear()" link="ms-help://MS.NETFrameworkSDKv1.1/cpref/html/frlrfsystemnetnetworkinformationgatewayipaddressinformationcollectionclassClearTopic.htm" ismsdn="true" />
    </HelpFolder>
    <HelpFolder name="Properties" link="ms-help://MS.NETFrameworkSDKv1.1/cpref/html/frlrfsystemnetnetworkinformationgatewayipaddressinformationcollectionPropertiesTopic.htm" ismsdn="true">
      <HelpTopic name="Count" link="ms-help://MS.NETFrameworkSDKv1.1/cpref/html/frlrfsystemnetnetworkinformationgatewayipaddressinformationcollectionclassCountTopic.htm" ismsdn="true" />
      <HelpTopic name="IsReadOnly" link="ms-help://MS.NETFrameworkSDKv1.1/cpref/html/frlrfsystemnetnetworkinformationgatewayipaddressinformationcollectionclassIsReadOnlyTopic.htm" ismsdn="true" />
      <HelpTopic name="Item" link="ms-help://MS.NETFrameworkSDKv1.1/cpref/html/frlrfsystemnetnetworkinformationgatewayipaddressinformationcollectionclassItemTopic.htm" ismsdn="true" />
    </HelpFolder>
  </HelpFolder>
  <HelpFolder name="IcmpV4Statistics class" link="ms-help://MS.NETFrameworkSDKv1.1/cpref/html/frlrfsystemnetnetworkinformationicmpv4statisticsClassTopic.htm" ismsdn="true">
    <HelpTopic name="IcmpV4Statistics members" link="ms-help://MS.NETFrameworkSDKv1.1/cpref/html/frlrfsystemnetnetworkinformationicmpv4statisticsMembersTopic.htm" ismsdn="true" />
    <HelpFolder name="Properties" link="ms-help://MS.NETFrameworkSDKv1.1/cpref/html/frlrfsystemnetnetworkinformationicmpv4statisticsPropertiesTopic.htm" ismsdn="true">
      <HelpTopic name="AddressMaskRepliesReceived" link="ms-help://MS.NETFrameworkSDKv1.1/cpref/html/frlrfsystemnetnetworkinformationicmpv4statisticsclassAddressMaskRepliesReceivedTopic.htm" ismsdn="true" />
      <HelpTopic name="AddressMaskRepliesSent" link="ms-help://MS.NETFrameworkSDKv1.1/cpref/html/frlrfsystemnetnetworkinformationicmpv4statisticsclassAddressMaskRepliesSentTopic.htm" ismsdn="true" />
      <HelpTopic name="AddressMaskRequestsReceived" link="ms-help://MS.NETFrameworkSDKv1.1/cpref/html/frlrfsystemnetnetworkinformationicmpv4statisticsclassAddressMaskRequestsReceivedTopic.htm" ismsdn="true" />
      <HelpTopic name="AddressMaskRequestsSent" link="ms-help://MS.NETFrameworkSDKv1.1/cpref/html/frlrfsystemnetnetworkinformationicmpv4statisticsclassAddressMaskRequestsSentTopic.htm" ismsdn="true" />
      <HelpTopic name="DestinationUnreachableMessagesReceived" link="ms-help://MS.NETFrameworkSDKv1.1/cpref/html/frlrfsystemnetnetworkinformationicmpv4statisticsclassDestinationUnreachableMessagesReceivedTopic.htm" ismsdn="true" />
      <HelpTopic name="DestinationUnreachableMessagesSent" link="ms-help://MS.NETFrameworkSDKv1.1/cpref/html/frlrfsystemnetnetworkinformationicmpv4statisticsclassDestinationUnreachableMessagesSentTopic.htm" ismsdn="true" />
      <HelpTopic name="EchoRepliesReceived" link="ms-help://MS.NETFrameworkSDKv1.1/cpref/html/frlrfsystemnetnetworkinformationicmpv4statisticsclassEchoRepliesReceivedTopic.htm" ismsdn="true" />
      <HelpTopic name="EchoRepliesSent" link="ms-help://MS.NETFrameworkSDKv1.1/cpref/html/frlrfsystemnetnetworkinformationicmpv4statisticsclassEchoRepliesSentTopic.htm" ismsdn="true" />
      <HelpTopic name="EchoRequestsReceived" link="ms-help://MS.NETFrameworkSDKv1.1/cpref/html/frlrfsystemnetnetworkinformationicmpv4statisticsclassEchoRequestsReceivedTopic.htm" ismsdn="true" />
      <HelpTopic name="EchoRequestsSent" link="ms-help://MS.NETFrameworkSDKv1.1/cpref/html/frlrfsystemnetnetworkinformationicmpv4statisticsclassEchoRequestsSentTopic.htm" ismsdn="true" />
      <HelpTopic name="ErrorsReceived" link="ms-help://MS.NETFrameworkSDKv1.1/cpref/html/frlrfsystemnetnetworkinformationicmpv4statisticsclassErrorsReceivedTopic.htm" ismsdn="true" />
      <HelpTopic name="ErrorsSent" link="ms-help://MS.NETFrameworkSDKv1.1/cpref/html/frlrfsystemnetnetworkinformationicmpv4statisticsclassErrorsSentTopic.htm" ismsdn="true" />
      <HelpTopic name="MessagesReceived" link="ms-help://MS.NETFrameworkSDKv1.1/cpref/html/frlrfsystemnetnetworkinformationicmpv4statisticsclassMessagesReceivedTopic.htm" ismsdn="true" />
      <HelpTopic name="MessagesSent" link="ms-help://MS.NETFrameworkSDKv1.1/cpref/html/frlrfsystemnetnetworkinformationicmpv4statisticsclassMessagesSentTopic.htm" ismsdn="true" />
      <HelpTopic name="ParameterProblemsReceived" link="ms-help://MS.NETFrameworkSDKv1.1/cpref/html/frlrfsystemnetnetworkinformationicmpv4statisticsclassParameterProblemsReceivedTopic.htm" ismsdn="true" />
      <HelpTopic name="ParameterProblemsSent" link="ms-help://MS.NETFrameworkSDKv1.1/cpref/html/frlrfsystemnetnetworkinformationicmpv4statisticsclassParameterProblemsSentTopic.htm" ismsdn="true" />
      <HelpTopic name="RedirectsReceived" link="ms-help://MS.NETFrameworkSDKv1.1/cpref/html/frlrfsystemnetnetworkinformationicmpv4statisticsclassRedirectsReceivedTopic.htm" ismsdn="true" />
      <HelpTopic name="RedirectsSent" link="ms-help://MS.NETFrameworkSDKv1.1/cpref/html/frlrfsystemnetnetworkinformationicmpv4statisticsclassRedirectsSentTopic.htm" ismsdn="true" />
      <HelpTopic name="SourceQuenchesReceived" link="ms-help://MS.NETFrameworkSDKv1.1/cpref/html/frlrfsystemnetnetworkinformationicmpv4statisticsclassSourceQuenchesReceivedTopic.htm" ismsdn="true" />
      <HelpTopic name="SourceQuenchesSent" link="ms-help://MS.NETFrameworkSDKv1.1/cpref/html/frlrfsystemnetnetworkinformationicmpv4statisticsclassSourceQuenchesSentTopic.htm" ismsdn="true" />
      <HelpTopic name="TimeExceededMessagesReceived" link="ms-help://MS.NETFrameworkSDKv1.1/cpref/html/frlrfsystemnetnetworkinformationicmpv4statisticsclassTimeExceededMessagesReceivedTopic.htm" ismsdn="true" />
      <HelpTopic name="TimeExceededMessagesSent" link="ms-help://MS.NETFrameworkSDKv1.1/cpref/html/frlrfsystemnetnetworkinformationicmpv4statisticsclassTimeExceededMessagesSentTopic.htm" ismsdn="true" />
      <HelpTopic name="TimestampRepliesReceived" link="ms-help://MS.NETFrameworkSDKv1.1/cpref/html/frlrfsystemnetnetworkinformationicmpv4statisticsclassTimestampRepliesReceivedTopic.htm" ismsdn="true" />
      <HelpTopic name="TimestampRepliesSent" link="ms-help://MS.NETFrameworkSDKv1.1/cpref/html/frlrfsystemnetnetworkinformationicmpv4statisticsclassTimestampRepliesSentTopic.htm" ismsdn="true" />
      <HelpTopic name="TimestampRequestsReceived" link="ms-help://MS.NETFrameworkSDKv1.1/cpref/html/frlrfsystemnetnetworkinformationicmpv4statisticsclassTimestampRequestsReceivedTopic.htm" ismsdn="true" />
      <HelpTopic name="TimestampRequestsSent" link="ms-help://MS.NETFrameworkSDKv1.1/cpref/html/frlrfsystemnetnetworkinformationicmpv4statisticsclassTimestampRequestsSentTopic.htm" ismsdn="true" />
    </HelpFolder>
  </HelpFolder>
  <HelpFolder name="IcmpV6Statistics class" link="ms-help://MS.NETFrameworkSDKv1.1/cpref/html/frlrfsystemnetnetworkinformationicmpv6statisticsClassTopic.htm" ismsdn="true">
    <HelpTopic name="IcmpV6Statistics members" link="ms-help://MS.NETFrameworkSDKv1.1/cpref/html/frlrfsystemnetnetworkinformationicmpv6statisticsMembersTopic.htm" ismsdn="true" />
    <HelpFolder name="Properties" link="ms-help://MS.NETFrameworkSDKv1.1/cpref/html/frlrfsystemnetnetworkinformationicmpv6statisticsPropertiesTopic.htm" ismsdn="true">
      <HelpTopic name="DestinationUnreachableMessagesReceived" link="ms-help://MS.NETFrameworkSDKv1.1/cpref/html/frlrfsystemnetnetworkinformationicmpv6statisticsclassDestinationUnreachableMessagesReceivedTopic.htm" ismsdn="true" />
      <HelpTopic name="DestinationUnreachableMessagesSent" link="ms-help://MS.NETFrameworkSDKv1.1/cpref/html/frlrfsystemnetnetworkinformationicmpv6statisticsclassDestinationUnreachableMessagesSentTopic.htm" ismsdn="true" />
      <HelpTopic name="EchoRepliesReceived" link="ms-help://MS.NETFrameworkSDKv1.1/cpref/html/frlrfsystemnetnetworkinformationicmpv6statisticsclassEchoRepliesReceivedTopic.htm" ismsdn="true" />
      <HelpTopic name="EchoRepliesSent" link="ms-help://MS.NETFrameworkSDKv1.1/cpref/html/frlrfsystemnetnetworkinformationicmpv6statisticsclassEchoRepliesSentTopic.htm" ismsdn="true" />
      <HelpTopic name="EchoRequestsReceived" link="ms-help://MS.NETFrameworkSDKv1.1/cpref/html/frlrfsystemnetnetworkinformationicmpv6statisticsclassEchoRequestsReceivedTopic.htm" ismsdn="true" />
      <HelpTopic name="EchoRequestsSent" link="ms-help://MS.NETFrameworkSDKv1.1/cpref/html/frlrfsystemnetnetworkinformationicmpv6statisticsclassEchoRequestsSentTopic.htm" ismsdn="true" />
      <HelpTopic name="ErrorsReceived" link="ms-help://MS.NETFrameworkSDKv1.1/cpref/html/frlrfsystemnetnetworkinformationicmpv6statisticsclassErrorsReceivedTopic.htm" ismsdn="true" />
      <HelpTopic name="ErrorsSent" link="ms-help://MS.NETFrameworkSDKv1.1/cpref/html/frlrfsystemnetnetworkinformationicmpv6statisticsclassErrorsSentTopic.htm" ismsdn="true" />
      <HelpTopic name="MembershipQueriesReceived" link="ms-help://MS.NETFrameworkSDKv1.1/cpref/html/frlrfsystemnetnetworkinformationicmpv6statisticsclassMembershipQueriesReceivedTopic.htm" ismsdn="true" />
      <HelpTopic name="MembershipQueriesSent" link="ms-help://MS.NETFrameworkSDKv1.1/cpref/html/frlrfsystemnetnetworkinformationicmpv6statisticsclassMembershipQueriesSentTopic.htm" ismsdn="true" />
      <HelpTopic name="MembershipReductionsReceived" link="ms-help://MS.NETFrameworkSDKv1.1/cpref/html/frlrfsystemnetnetworkinformationicmpv6statisticsclassMembershipReductionsReceivedTopic.htm" ismsdn="true" />
      <HelpTopic name="MembershipReductionsSent" link="ms-help://MS.NETFrameworkSDKv1.1/cpref/html/frlrfsystemnetnetworkinformationicmpv6statisticsclassMembershipReductionsSentTopic.htm" ismsdn="true" />
      <HelpTopic name="MembershipReportsReceived" link="ms-help://MS.NETFrameworkSDKv1.1/cpref/html/frlrfsystemnetnetworkinformationicmpv6statisticsclassMembershipReportsReceivedTopic.htm" ismsdn="true" />
      <HelpTopic name="MembershipReportsSent" link="ms-help://MS.NETFrameworkSDKv1.1/cpref/html/frlrfsystemnetnetworkinformationicmpv6statisticsclassMembershipReportsSentTopic.htm" ismsdn="true" />
      <HelpTopic name="MessagesReceived" link="ms-help://MS.NETFrameworkSDKv1.1/cpref/html/frlrfsystemnetnetworkinformationicmpv6statisticsclassMessagesReceivedTopic.htm" ismsdn="true" />
      <HelpTopic name="MessagesSent" link="ms-help://MS.NETFrameworkSDKv1.1/cpref/html/frlrfsystemnetnetworkinformationicmpv6statisticsclassMessagesSentTopic.htm" ismsdn="true" />
      <HelpTopic name="NeighborAdvertisementsReceived" link="ms-help://MS.NETFrameworkSDKv1.1/cpref/html/frlrfsystemnetnetworkinformationicmpv6statisticsclassNeighborAdvertisementsReceivedTopic.htm" ismsdn="true" />
      <HelpTopic name="NeighborAdvertisementsSent" link="ms-help://MS.NETFrameworkSDKv1.1/cpref/html/frlrfsystemnetnetworkinformationicmpv6statisticsclassNeighborAdvertisementsSentTopic.htm" ismsdn="true" />
      <HelpTopic name="NeighborSolicitsReceived" link="ms-help://MS.NETFrameworkSDKv1.1/cpref/html/frlrfsystemnetnetworkinformationicmpv6statisticsclassNeighborSolicitsReceivedTopic.htm" ismsdn="true" />
      <HelpTopic name="NeighborSolicitsSent" link="ms-help://MS.NETFrameworkSDKv1.1/cpref/html/frlrfsystemnetnetworkinformationicmpv6statisticsclassNeighborSolicitsSentTopic.htm" ismsdn="true" />
      <HelpTopic name="PacketTooBigMessagesReceived" link="ms-help://MS.NETFrameworkSDKv1.1/cpref/html/frlrfsystemnetnetworkinformationicmpv6statisticsclassPacketTooBigMessagesReceivedTopic.htm" ismsdn="true" />
      <HelpTopic name="PacketTooBigMessagesSent" link="ms-help://MS.NETFrameworkSDKv1.1/cpref/html/frlrfsystemnetnetworkinformationicmpv6statisticsclassPacketTooBigMessagesSentTopic.htm" ismsdn="true" />
      <HelpTopic name="ParameterProblemsReceived" link="ms-help://MS.NETFrameworkSDKv1.1/cpref/html/frlrfsystemnetnetworkinformationicmpv6statisticsclassParameterProblemsReceivedTopic.htm" ismsdn="true" />
      <HelpTopic name="ParameterProblemsSent" link="ms-help://MS.NETFrameworkSDKv1.1/cpref/html/frlrfsystemnetnetworkinformationicmpv6statisticsclassParameterProblemsSentTopic.htm" ismsdn="true" />
      <HelpTopic name="RedirectsReceived" link="ms-help://MS.NETFrameworkSDKv1.1/cpref/html/frlrfsystemnetnetworkinformationicmpv6statisticsclassRedirectsReceivedTopic.htm" ismsdn="true" />
      <HelpTopic name="RedirectsSent" link="ms-help://MS.NETFrameworkSDKv1.1/cpref/html/frlrfsystemnetnetworkinformationicmpv6statisticsclassRedirectsSentTopic.htm" ismsdn="true" />
      <HelpTopic name="RouterAdvertisementsReceived" link="ms-help://MS.NETFrameworkSDKv1.1/cpref/html/frlrfsystemnetnetworkinformationicmpv6statisticsclassRouterAdvertisementsReceivedTopic.htm" ismsdn="true" />
      <HelpTopic name="RouterAdvertisementsSent" link="ms-help://MS.NETFrameworkSDKv1.1/cpref/html/frlrfsystemnetnetworkinformationicmpv6statisticsclassRouterAdvertisementsSentTopic.htm" ismsdn="true" />
      <HelpTopic name="RouterSolicitsReceived" link="ms-help://MS.NETFrameworkSDKv1.1/cpref/html/frlrfsystemnetnetworkinformationicmpv6statisticsclassRouterSolicitsReceivedTopic.htm" ismsdn="true" />
      <HelpTopic name="RouterSolicitsSent" link="ms-help://MS.NETFrameworkSDKv1.1/cpref/html/frlrfsystemnetnetworkinformationicmpv6statisticsclassRouterSolicitsSentTopic.htm" ismsdn="true" />
      <HelpTopic name="TimeExceededMessagesReceived" link="ms-help://MS.NETFrameworkSDKv1.1/cpref/html/frlrfsystemnetnetworkinformationicmpv6statisticsclassTimeExceededMessagesReceivedTopic.htm" ismsdn="true" />
      <HelpTopic name="TimeExceededMessagesSent" link="ms-help://MS.NETFrameworkSDKv1.1/cpref/html/frlrfsystemnetnetworkinformationicmpv6statisticsclassTimeExceededMessagesSentTopic.htm" ismsdn="true" />
    </HelpFolder>
  </HelpFolder>
  <HelpFolder name="IPAddressCollection class" link="ms-help://MS.NETFrameworkSDKv1.1/cpref/html/frlrfsystemnetnetworkinformationipaddresscollectionClassTopic.htm" ismsdn="true">
    <HelpTopic name="IPAddressCollection members" link="ms-help://MS.NETFrameworkSDKv1.1/cpref/html/frlrfsystemnetnetworkinformationipaddresscollectionMembersTopic.htm" ismsdn="true" />
    <HelpFolder name="Methods" link="ms-help://MS.NETFrameworkSDKv1.1/cpref/html/frlrfsystemnetnetworkinformationipaddresscollectionMethodsTopic.htm" ismsdn="true">
      <HelpTopic name="CopyTo(System.Net.IPAddress[], System.Int32)" link="ms-help://MS.NETFrameworkSDKv1.1/cpref/html/frlrfsystemnetnetworkinformationipaddresscollectionclassCopyToTopic.htm" ismsdn="true" />
      <HelpTopic name="Add(System.Net.IPAddress)" link="ms-help://MS.NETFrameworkSDKv1.1/cpref/html/frlrfsystemnetnetworkinformationipaddresscollectionclassAddTopic.htm" ismsdn="true" />
      <HelpTopic name="Contains(System.Net.IPAddress)" link="ms-help://MS.NETFrameworkSDKv1.1/cpref/html/frlrfsystemnetnetworkinformationipaddresscollectionclassContainsTopic.htm" ismsdn="true" />
      <HelpTopic name="GetEnumerator()" link="ms-help://MS.NETFrameworkSDKv1.1/cpref/html/frlrfsystemnetnetworkinformationipaddresscollectionclassGetEnumeratorTopic.htm" ismsdn="true" />
      <HelpTopic name="Remove(System.Net.IPAddress)" link="ms-help://MS.NETFrameworkSDKv1.1/cpref/html/frlrfsystemnetnetworkinformationipaddresscollectionclassRemoveTopic.htm" ismsdn="true" />
      <HelpTopic name="Clear()" link="ms-help://MS.NETFrameworkSDKv1.1/cpref/html/frlrfsystemnetnetworkinformationipaddresscollectionclassClearTopic.htm" ismsdn="true" />
    </HelpFolder>
    <HelpFolder name="Properties" link="ms-help://MS.NETFrameworkSDKv1.1/cpref/html/frlrfsystemnetnetworkinformationipaddresscollectionPropertiesTopic.htm" ismsdn="true">
      <HelpTopic name="Count" link="ms-help://MS.NETFrameworkSDKv1.1/cpref/html/frlrfsystemnetnetworkinformationipaddresscollectionclassCountTopic.htm" ismsdn="true" />
      <HelpTopic name="IsReadOnly" link="ms-help://MS.NETFrameworkSDKv1.1/cpref/html/frlrfsystemnetnetworkinformationipaddresscollectionclassIsReadOnlyTopic.htm" ismsdn="true" />
      <HelpTopic name="Item" link="ms-help://MS.NETFrameworkSDKv1.1/cpref/html/frlrfsystemnetnetworkinformationipaddresscollectionclassItemTopic.htm" ismsdn="true" />
    </HelpFolder>
  </HelpFolder>
  <HelpFolder name="IPAddressInformation class" link="ms-help://MS.NETFrameworkSDKv1.1/cpref/html/frlrfsystemnetnetworkinformationipaddressinformationClassTopic.htm" ismsdn="true">
    <HelpTopic name="IPAddressInformation members" link="ms-help://MS.NETFrameworkSDKv1.1/cpref/html/frlrfsystemnetnetworkinformationipaddressinformationMembersTopic.htm" ismsdn="true" />
    <HelpFolder name="Properties" link="ms-help://MS.NETFrameworkSDKv1.1/cpref/html/frlrfsystemnetnetworkinformationipaddressinformationPropertiesTopic.htm" ismsdn="true">
      <HelpTopic name="Address" link="ms-help://MS.NETFrameworkSDKv1.1/cpref/html/frlrfsystemnetnetworkinformationipaddressinformationclassAddressTopic.htm" ismsdn="true" />
      <HelpTopic name="IsDnsEligible" link="ms-help://MS.NETFrameworkSDKv1.1/cpref/html/frlrfsystemnetnetworkinformationipaddressinformationclassIsDnsEligibleTopic.htm" ismsdn="true" />
      <HelpTopic name="IsTransient" link="ms-help://MS.NETFrameworkSDKv1.1/cpref/html/frlrfsystemnetnetworkinformationipaddressinformationclassIsTransientTopic.htm" ismsdn="true" />
    </HelpFolder>
  </HelpFolder>
  <HelpFolder name="IPAddressInformationCollection class" link="ms-help://MS.NETFrameworkSDKv1.1/cpref/html/frlrfsystemnetnetworkinformationipaddressinformationcollectionClassTopic.htm" ismsdn="true">
    <HelpTopic name="IPAddressInformationCollection members" link="ms-help://MS.NETFrameworkSDKv1.1/cpref/html/frlrfsystemnetnetworkinformationipaddressinformationcollectionMembersTopic.htm" ismsdn="true" />
    <HelpFolder name="Methods" link="ms-help://MS.NETFrameworkSDKv1.1/cpref/html/frlrfsystemnetnetworkinformationipaddressinformationcollectionMethodsTopic.htm" ismsdn="true">
      <HelpTopic name="CopyTo(System.Net.NetworkInformation.IPAddressInformation[], System.Int32)" link="ms-help://MS.NETFrameworkSDKv1.1/cpref/html/frlrfsystemnetnetworkinformationipaddressinformationcollectionclassCopyToTopic.htm" ismsdn="true" />
      <HelpTopic name="Add(System.Net.NetworkInformation.IPAddressInformation)" link="ms-help://MS.NETFrameworkSDKv1.1/cpref/html/frlrfsystemnetnetworkinformationipaddressinformationcollectionclassAddTopic.htm" ismsdn="true" />
      <HelpTopic name="Contains(System.Net.NetworkInformation.IPAddressInformation)" link="ms-help://MS.NETFrameworkSDKv1.1/cpref/html/frlrfsystemnetnetworkinformationipaddressinformationcollectionclassContainsTopic.htm" ismsdn="true" />
      <HelpTopic name="GetEnumerator()" link="ms-help://MS.NETFrameworkSDKv1.1/cpref/html/frlrfsystemnetnetworkinformationipaddressinformationcollectionclassGetEnumeratorTopic.htm" ismsdn="true" />
      <HelpTopic name="Remove(System.Net.NetworkInformation.IPAddressInformation)" link="ms-help://MS.NETFrameworkSDKv1.1/cpref/html/frlrfsystemnetnetworkinformationipaddressinformationcollectionclassRemoveTopic.htm" ismsdn="true" />
      <HelpTopic name="Clear()" link="ms-help://MS.NETFrameworkSDKv1.1/cpref/html/frlrfsystemnetnetworkinformationipaddressinformationcollectionclassClearTopic.htm" ismsdn="true" />
    </HelpFolder>
    <HelpFolder name="Properties" link="ms-help://MS.NETFrameworkSDKv1.1/cpref/html/frlrfsystemnetnetworkinformationipaddressinformationcollectionPropertiesTopic.htm" ismsdn="true">
      <HelpTopic name="Count" link="ms-help://MS.NETFrameworkSDKv1.1/cpref/html/frlrfsystemnetnetworkinformationipaddressinformationcollectionclassCountTopic.htm" ismsdn="true" />
      <HelpTopic name="IsReadOnly" link="ms-help://MS.NETFrameworkSDKv1.1/cpref/html/frlrfsystemnetnetworkinformationipaddressinformationcollectionclassIsReadOnlyTopic.htm" ismsdn="true" />
      <HelpTopic name="Item" link="ms-help://MS.NETFrameworkSDKv1.1/cpref/html/frlrfsystemnetnetworkinformationipaddressinformationcollectionclassItemTopic.htm" ismsdn="true" />
    </HelpFolder>
  </HelpFolder>
  <HelpFolder name="IPGlobalProperties class" link="ms-help://MS.NETFrameworkSDKv1.1/cpref/html/frlrfsystemnetnetworkinformationipglobalpropertiesClassTopic.htm" ismsdn="true">
    <HelpTopic name="IPGlobalProperties members" link="ms-help://MS.NETFrameworkSDKv1.1/cpref/html/frlrfsystemnetnetworkinformationipglobalpropertiesMembersTopic.htm" ismsdn="true" />
    <HelpFolder name="Methods" link="ms-help://MS.NETFrameworkSDKv1.1/cpref/html/frlrfsystemnetnetworkinformationipglobalpropertiesMethodsTopic.htm" ismsdn="true">
      <HelpTopic name="GetIPGlobalProperties()" link="ms-help://MS.NETFrameworkSDKv1.1/cpref/html/frlrfsystemnetnetworkinformationipglobalpropertiesclassGetIPGlobalPropertiesTopic.htm" ismsdn="true" />
      <HelpTopic name="GetActiveUdpListeners()" link="ms-help://MS.NETFrameworkSDKv1.1/cpref/html/frlrfsystemnetnetworkinformationipglobalpropertiesclassGetActiveUdpListenersTopic.htm" ismsdn="true" />
      <HelpTopic name="GetActiveTcpListeners()" link="ms-help://MS.NETFrameworkSDKv1.1/cpref/html/frlrfsystemnetnetworkinformationipglobalpropertiesclassGetActiveTcpListenersTopic.htm" ismsdn="true" />
      <HelpTopic name="GetActiveTcpConnections()" link="ms-help://MS.NETFrameworkSDKv1.1/cpref/html/frlrfsystemnetnetworkinformationipglobalpropertiesclassGetActiveTcpConnectionsTopic.htm" ismsdn="true" />
      <HelpTopic name="GetTcpIPv4Statistics()" link="ms-help://MS.NETFrameworkSDKv1.1/cpref/html/frlrfsystemnetnetworkinformationipglobalpropertiesclassGetTcpIPv4StatisticsTopic.htm" ismsdn="true" />
      <HelpTopic name="GetTcpIPv6Statistics()" link="ms-help://MS.NETFrameworkSDKv1.1/cpref/html/frlrfsystemnetnetworkinformationipglobalpropertiesclassGetTcpIPv6StatisticsTopic.htm" ismsdn="true" />
      <HelpTopic name="GetUdpIPv4Statistics()" link="ms-help://MS.NETFrameworkSDKv1.1/cpref/html/frlrfsystemnetnetworkinformationipglobalpropertiesclassGetUdpIPv4StatisticsTopic.htm" ismsdn="true" />
      <HelpTopic name="GetUdpIPv6Statistics()" link="ms-help://MS.NETFrameworkSDKv1.1/cpref/html/frlrfsystemnetnetworkinformationipglobalpropertiesclassGetUdpIPv6StatisticsTopic.htm" ismsdn="true" />
      <HelpTopic name="GetIcmpV4Statistics()" link="ms-help://MS.NETFrameworkSDKv1.1/cpref/html/frlrfsystemnetnetworkinformationipglobalpropertiesclassGetIcmpV4StatisticsTopic.htm" ismsdn="true" />
      <HelpTopic name="GetIcmpV6Statistics()" link="ms-help://MS.NETFrameworkSDKv1.1/cpref/html/frlrfsystemnetnetworkinformationipglobalpropertiesclassGetIcmpV6StatisticsTopic.htm" ismsdn="true" />
      <HelpTopic name="GetIPv4GlobalStatistics()" link="ms-help://MS.NETFrameworkSDKv1.1/cpref/html/frlrfsystemnetnetworkinformationipglobalpropertiesclassGetIPv4GlobalStatisticsTopic.htm" ismsdn="true" />
      <HelpTopic name="GetIPv6GlobalStatistics()" link="ms-help://MS.NETFrameworkSDKv1.1/cpref/html/frlrfsystemnetnetworkinformationipglobalpropertiesclassGetIPv6GlobalStatisticsTopic.htm" ismsdn="true" />
    </HelpFolder>
    <HelpFolder name="Properties" link="ms-help://MS.NETFrameworkSDKv1.1/cpref/html/frlrfsystemnetnetworkinformationipglobalpropertiesPropertiesTopic.htm" ismsdn="true">
      <HelpTopic name="DhcpScopeName" link="ms-help://MS.NETFrameworkSDKv1.1/cpref/html/frlrfsystemnetnetworkinformationipglobalpropertiesclassDhcpScopeNameTopic.htm" ismsdn="true" />
      <HelpTopic name="DomainName" link="ms-help://MS.NETFrameworkSDKv1.1/cpref/html/frlrfsystemnetnetworkinformationipglobalpropertiesclassDomainNameTopic.htm" ismsdn="true" />
      <HelpTopic name="HostName" link="ms-help://MS.NETFrameworkSDKv1.1/cpref/html/frlrfsystemnetnetworkinformationipglobalpropertiesclassHostNameTopic.htm" ismsdn="true" />
      <HelpTopic name="IsWinsProxy" link="ms-help://MS.NETFrameworkSDKv1.1/cpref/html/frlrfsystemnetnetworkinformationipglobalpropertiesclassIsWinsProxyTopic.htm" ismsdn="true" />
      <HelpTopic name="NodeType" link="ms-help://MS.NETFrameworkSDKv1.1/cpref/html/frlrfsystemnetnetworkinformationipglobalpropertiesclassNodeTypeTopic.htm" ismsdn="true" />
    </HelpFolder>
  </HelpFolder>
  <HelpFolder name="IPGlobalStatistics class" link="ms-help://MS.NETFrameworkSDKv1.1/cpref/html/frlrfsystemnetnetworkinformationipglobalstatisticsClassTopic.htm" ismsdn="true">
    <HelpTopic name="IPGlobalStatistics members" link="ms-help://MS.NETFrameworkSDKv1.1/cpref/html/frlrfsystemnetnetworkinformationipglobalstatisticsMembersTopic.htm" ismsdn="true" />
    <HelpFolder name="Properties" link="ms-help://MS.NETFrameworkSDKv1.1/cpref/html/frlrfsystemnetnetworkinformationipglobalstatisticsPropertiesTopic.htm" ismsdn="true">
      <HelpTopic name="DefaultTtl" link="ms-help://MS.NETFrameworkSDKv1.1/cpref/html/frlrfsystemnetnetworkinformationipglobalstatisticsclassDefaultTtlTopic.htm" ismsdn="true" />
      <HelpTopic name="ForwardingEnabled" link="ms-help://MS.NETFrameworkSDKv1.1/cpref/html/frlrfsystemnetnetworkinformationipglobalstatisticsclassForwardingEnabledTopic.htm" ismsdn="true" />
      <HelpTopic name="NumberOfInterfaces" link="ms-help://MS.NETFrameworkSDKv1.1/cpref/html/frlrfsystemnetnetworkinformationipglobalstatisticsclassNumberOfInterfacesTopic.htm" ismsdn="true" />
      <HelpTopic name="NumberOfIPAddresses" link="ms-help://MS.NETFrameworkSDKv1.1/cpref/html/frlrfsystemnetnetworkinformationipglobalstatisticsclassNumberOfIPAddressesTopic.htm" ismsdn="true" />
      <HelpTopic name="OutputPacketRequests" link="ms-help://MS.NETFrameworkSDKv1.1/cpref/html/frlrfsystemnetnetworkinformationipglobalstatisticsclassOutputPacketRequestsTopic.htm" ismsdn="true" />
      <HelpTopic name="OutputPacketRoutingDiscards" link="ms-help://MS.NETFrameworkSDKv1.1/cpref/html/frlrfsystemnetnetworkinformationipglobalstatisticsclassOutputPacketRoutingDiscardsTopic.htm" ismsdn="true" />
      <HelpTopic name="OutputPacketsDiscarded" link="ms-help://MS.NETFrameworkSDKv1.1/cpref/html/frlrfsystemnetnetworkinformationipglobalstatisticsclassOutputPacketsDiscardedTopic.htm" ismsdn="true" />
      <HelpTopic name="OutputPacketsWithNoRoute" link="ms-help://MS.NETFrameworkSDKv1.1/cpref/html/frlrfsystemnetnetworkinformationipglobalstatisticsclassOutputPacketsWithNoRouteTopic.htm" ismsdn="true" />
      <HelpTopic name="PacketFragmentFailures" link="ms-help://MS.NETFrameworkSDKv1.1/cpref/html/frlrfsystemnetnetworkinformationipglobalstatisticsclassPacketFragmentFailuresTopic.htm" ismsdn="true" />
      <HelpTopic name="PacketReassembliesRequired" link="ms-help://MS.NETFrameworkSDKv1.1/cpref/html/frlrfsystemnetnetworkinformationipglobalstatisticsclassPacketReassembliesRequiredTopic.htm" ismsdn="true" />
      <HelpTopic name="PacketReassemblyFailures" link="ms-help://MS.NETFrameworkSDKv1.1/cpref/html/frlrfsystemnetnetworkinformationipglobalstatisticsclassPacketReassemblyFailuresTopic.htm" ismsdn="true" />
      <HelpTopic name="PacketReassemblyTimeout" link="ms-help://MS.NETFrameworkSDKv1.1/cpref/html/frlrfsystemnetnetworkinformationipglobalstatisticsclassPacketReassemblyTimeoutTopic.htm" ismsdn="true" />
      <HelpTopic name="PacketsFragmented" link="ms-help://MS.NETFrameworkSDKv1.1/cpref/html/frlrfsystemnetnetworkinformationipglobalstatisticsclassPacketsFragmentedTopic.htm" ismsdn="true" />
      <HelpTopic name="PacketsReassembled" link="ms-help://MS.NETFrameworkSDKv1.1/cpref/html/frlrfsystemnetnetworkinformationipglobalstatisticsclassPacketsReassembledTopic.htm" ismsdn="true" />
      <HelpTopic name="ReceivedPackets" link="ms-help://MS.NETFrameworkSDKv1.1/cpref/html/frlrfsystemnetnetworkinformationipglobalstatisticsclassReceivedPacketsTopic.htm" ismsdn="true" />
      <HelpTopic name="ReceivedPacketsDelivered" link="ms-help://MS.NETFrameworkSDKv1.1/cpref/html/frlrfsystemnetnetworkinformationipglobalstatisticsclassReceivedPacketsDeliveredTopic.htm" ismsdn="true" />
      <HelpTopic name="ReceivedPacketsDiscarded" link="ms-help://MS.NETFrameworkSDKv1.1/cpref/html/frlrfsystemnetnetworkinformationipglobalstatisticsclassReceivedPacketsDiscardedTopic.htm" ismsdn="true" />
      <HelpTopic name="ReceivedPacketsForwarded" link="ms-help://MS.NETFrameworkSDKv1.1/cpref/html/frlrfsystemnetnetworkinformationipglobalstatisticsclassReceivedPacketsForwardedTopic.htm" ismsdn="true" />
      <HelpTopic name="ReceivedPacketsWithAddressErrors" link="ms-help://MS.NETFrameworkSDKv1.1/cpref/html/frlrfsystemnetnetworkinformationipglobalstatisticsclassReceivedPacketsWithAddressErrorsTopic.htm" ismsdn="true" />
      <HelpTopic name="ReceivedPacketsWithHeadersErrors" link="ms-help://MS.NETFrameworkSDKv1.1/cpref/html/frlrfsystemnetnetworkinformationipglobalstatisticsclassReceivedPacketsWithHeadersErrorsTopic.htm" ismsdn="true" />
      <HelpTopic name="ReceivedPacketsWithUnknownProtocol" link="ms-help://MS.NETFrameworkSDKv1.1/cpref/html/frlrfsystemnetnetworkinformationipglobalstatisticsclassReceivedPacketsWithUnknownProtocolTopic.htm" ismsdn="true" />
      <HelpTopic name="NumberOfRoutes" link="ms-help://MS.NETFrameworkSDKv1.1/cpref/html/frlrfsystemnetnetworkinformationipglobalstatisticsclassNumberOfRoutesTopic.htm" ismsdn="true" />
    </HelpFolder>
  </HelpFolder>
  <HelpFolder name="IPInterfaceProperties class" link="ms-help://MS.NETFrameworkSDKv1.1/cpref/html/frlrfsystemnetnetworkinformationipinterfacepropertiesClassTopic.htm" ismsdn="true">
    <HelpTopic name="IPInterfaceProperties members" link="ms-help://MS.NETFrameworkSDKv1.1/cpref/html/frlrfsystemnetnetworkinformationipinterfacepropertiesMembersTopic.htm" ismsdn="true" />
    <HelpFolder name="Methods" link="ms-help://MS.NETFrameworkSDKv1.1/cpref/html/frlrfsystemnetnetworkinformationipinterfacepropertiesMethodsTopic.htm" ismsdn="true">
      <HelpTopic name="GetIPv4Properties()" link="ms-help://MS.NETFrameworkSDKv1.1/cpref/html/frlrfsystemnetnetworkinformationipinterfacepropertiesclassGetIPv4PropertiesTopic.htm" ismsdn="true" />
      <HelpTopic name="GetIPv6Properties()" link="ms-help://MS.NETFrameworkSDKv1.1/cpref/html/frlrfsystemnetnetworkinformationipinterfacepropertiesclassGetIPv6PropertiesTopic.htm" ismsdn="true" />
    </HelpFolder>
    <HelpFolder name="Properties" link="ms-help://MS.NETFrameworkSDKv1.1/cpref/html/frlrfsystemnetnetworkinformationipinterfacepropertiesPropertiesTopic.htm" ismsdn="true">
      <HelpTopic name="IsDnsEnabled" link="ms-help://MS.NETFrameworkSDKv1.1/cpref/html/frlrfsystemnetnetworkinformationipinterfacepropertiesclassIsDnsEnabledTopic.htm" ismsdn="true" />
      <HelpTopic name="DnsSuffix" link="ms-help://MS.NETFrameworkSDKv1.1/cpref/html/frlrfsystemnetnetworkinformationipinterfacepropertiesclassDnsSuffixTopic.htm" ismsdn="true" />
      <HelpTopic name="IsDynamicDnsEnabled" link="ms-help://MS.NETFrameworkSDKv1.1/cpref/html/frlrfsystemnetnetworkinformationipinterfacepropertiesclassIsDynamicDnsEnabledTopic.htm" ismsdn="true" />
      <HelpTopic name="UnicastAddresses" link="ms-help://MS.NETFrameworkSDKv1.1/cpref/html/frlrfsystemnetnetworkinformationipinterfacepropertiesclassUnicastAddressesTopic.htm" ismsdn="true" />
      <HelpTopic name="MulticastAddresses" link="ms-help://MS.NETFrameworkSDKv1.1/cpref/html/frlrfsystemnetnetworkinformationipinterfacepropertiesclassMulticastAddressesTopic.htm" ismsdn="true" />
      <HelpTopic name="AnycastAddresses" link="ms-help://MS.NETFrameworkSDKv1.1/cpref/html/frlrfsystemnetnetworkinformationipinterfacepropertiesclassAnycastAddressesTopic.htm" ismsdn="true" />
      <HelpTopic name="DnsAddresses" link="ms-help://MS.NETFrameworkSDKv1.1/cpref/html/frlrfsystemnetnetworkinformationipinterfacepropertiesclassDnsAddressesTopic.htm" ismsdn="true" />
      <HelpTopic name="GatewayAddresses" link="ms-help://MS.NETFrameworkSDKv1.1/cpref/html/frlrfsystemnetnetworkinformationipinterfacepropertiesclassGatewayAddressesTopic.htm" ismsdn="true" />
      <HelpTopic name="DhcpServerAddresses" link="ms-help://MS.NETFrameworkSDKv1.1/cpref/html/frlrfsystemnetnetworkinformationipinterfacepropertiesclassDhcpServerAddressesTopic.htm" ismsdn="true" />
      <HelpTopic name="WinsServersAddresses" link="ms-help://MS.NETFrameworkSDKv1.1/cpref/html/frlrfsystemnetnetworkinformationipinterfacepropertiesclassWinsServersAddressesTopic.htm" ismsdn="true" />
    </HelpFolder>
  </HelpFolder>
  <HelpTopic name="IPStatus enumeration" link="ms-help://MS.NETFrameworkSDKv1.1/cpref/html/frlrfsystemnetnetworkinformationipstatusClassTopic.htm" ismsdn="true" />
  <HelpFolder name="IPv4InterfaceProperties class" link="ms-help://MS.NETFrameworkSDKv1.1/cpref/html/frlrfsystemnetnetworkinformationipv4interfacepropertiesClassTopic.htm" ismsdn="true">
    <HelpTopic name="IPv4InterfaceProperties members" link="ms-help://MS.NETFrameworkSDKv1.1/cpref/html/frlrfsystemnetnetworkinformationipv4interfacepropertiesMembersTopic.htm" ismsdn="true" />
    <HelpFolder name="Properties" link="ms-help://MS.NETFrameworkSDKv1.1/cpref/html/frlrfsystemnetnetworkinformationipv4interfacepropertiesPropertiesTopic.htm" ismsdn="true">
      <HelpTopic name="UsesWins" link="ms-help://MS.NETFrameworkSDKv1.1/cpref/html/frlrfsystemnetnetworkinformationipv4interfacepropertiesclassUsesWinsTopic.htm" ismsdn="true" />
      <HelpTopic name="IsDhcpEnabled" link="ms-help://MS.NETFrameworkSDKv1.1/cpref/html/frlrfsystemnetnetworkinformationipv4interfacepropertiesclassIsDhcpEnabledTopic.htm" ismsdn="true" />
      <HelpTopic name="IsAutomaticPrivateAddressingActive" link="ms-help://MS.NETFrameworkSDKv1.1/cpref/html/frlrfsystemnetnetworkinformationipv4interfacepropertiesclassIsAutomaticPrivateAddressingActiveTopic.htm" ismsdn="true" />
      <HelpTopic name="IsAutomaticPrivateAddressingEnabled" link="ms-help://MS.NETFrameworkSDKv1.1/cpref/html/frlrfsystemnetnetworkinformationipv4interfacepropertiesclassIsAutomaticPrivateAddressingEnabledTopic.htm" ismsdn="true" />
      <HelpTopic name="Index" link="ms-help://MS.NETFrameworkSDKv1.1/cpref/html/frlrfsystemnetnetworkinformationipv4interfacepropertiesclassIndexTopic.htm" ismsdn="true" />
      <HelpTopic name="IsForwardingEnabled" link="ms-help://MS.NETFrameworkSDKv1.1/cpref/html/frlrfsystemnetnetworkinformationipv4interfacepropertiesclassIsForwardingEnabledTopic.htm" ismsdn="true" />
      <HelpTopic name="Mtu" link="ms-help://MS.NETFrameworkSDKv1.1/cpref/html/frlrfsystemnetnetworkinformationipv4interfacepropertiesclassMtuTopic.htm" ismsdn="true" />
    </HelpFolder>
  </HelpFolder>
  <HelpFolder name="IPv4InterfaceStatistics class" link="ms-help://MS.NETFrameworkSDKv1.1/cpref/html/frlrfsystemnetnetworkinformationipv4interfacestatisticsClassTopic.htm" ismsdn="true">
    <HelpTopic name="IPv4InterfaceStatistics members" link="ms-help://MS.NETFrameworkSDKv1.1/cpref/html/frlrfsystemnetnetworkinformationipv4interfacestatisticsMembersTopic.htm" ismsdn="true" />
    <HelpFolder name="Properties" link="ms-help://MS.NETFrameworkSDKv1.1/cpref/html/frlrfsystemnetnetworkinformationipv4interfacestatisticsPropertiesTopic.htm" ismsdn="true">
      <HelpTopic name="BytesReceived" link="ms-help://MS.NETFrameworkSDKv1.1/cpref/html/frlrfsystemnetnetworkinformationipv4interfacestatisticsclassBytesReceivedTopic.htm" ismsdn="true" />
      <HelpTopic name="BytesSent" link="ms-help://MS.NETFrameworkSDKv1.1/cpref/html/frlrfsystemnetnetworkinformationipv4interfacestatisticsclassBytesSentTopic.htm" ismsdn="true" />
      <HelpTopic name="IncomingPacketsDiscarded" link="ms-help://MS.NETFrameworkSDKv1.1/cpref/html/frlrfsystemnetnetworkinformationipv4interfacestatisticsclassIncomingPacketsDiscardedTopic.htm" ismsdn="true" />
      <HelpTopic name="IncomingPacketsWithErrors" link="ms-help://MS.NETFrameworkSDKv1.1/cpref/html/frlrfsystemnetnetworkinformationipv4interfacestatisticsclassIncomingPacketsWithErrorsTopic.htm" ismsdn="true" />
      <HelpTopic name="IncomingUnknownProtocolPackets" link="ms-help://MS.NETFrameworkSDKv1.1/cpref/html/frlrfsystemnetnetworkinformationipv4interfacestatisticsclassIncomingUnknownProtocolPacketsTopic.htm" ismsdn="true" />
      <HelpTopic name="NonUnicastPacketsReceived" link="ms-help://MS.NETFrameworkSDKv1.1/cpref/html/frlrfsystemnetnetworkinformationipv4interfacestatisticsclassNonUnicastPacketsReceivedTopic.htm" ismsdn="true" />
      <HelpTopic name="NonUnicastPacketsSent" link="ms-help://MS.NETFrameworkSDKv1.1/cpref/html/frlrfsystemnetnetworkinformationipv4interfacestatisticsclassNonUnicastPacketsSentTopic.htm" ismsdn="true" />
      <HelpTopic name="OutgoingPacketsDiscarded" link="ms-help://MS.NETFrameworkSDKv1.1/cpref/html/frlrfsystemnetnetworkinformationipv4interfacestatisticsclassOutgoingPacketsDiscardedTopic.htm" ismsdn="true" />
      <HelpTopic name="OutgoingPacketsWithErrors" link="ms-help://MS.NETFrameworkSDKv1.1/cpref/html/frlrfsystemnetnetworkinformationipv4interfacestatisticsclassOutgoingPacketsWithErrorsTopic.htm" ismsdn="true" />
      <HelpTopic name="OutputQueueLength" link="ms-help://MS.NETFrameworkSDKv1.1/cpref/html/frlrfsystemnetnetworkinformationipv4interfacestatisticsclassOutputQueueLengthTopic.htm" ismsdn="true" />
      <HelpTopic name="UnicastPacketsReceived" link="ms-help://MS.NETFrameworkSDKv1.1/cpref/html/frlrfsystemnetnetworkinformationipv4interfacestatisticsclassUnicastPacketsReceivedTopic.htm" ismsdn="true" />
      <HelpTopic name="UnicastPacketsSent" link="ms-help://MS.NETFrameworkSDKv1.1/cpref/html/frlrfsystemnetnetworkinformationipv4interfacestatisticsclassUnicastPacketsSentTopic.htm" ismsdn="true" />
    </HelpFolder>
  </HelpFolder>
  <HelpFolder name="IPv6InterfaceProperties class" link="ms-help://MS.NETFrameworkSDKv1.1/cpref/html/frlrfsystemnetnetworkinformationipv6interfacepropertiesClassTopic.htm" ismsdn="true">
    <HelpTopic name="IPv6InterfaceProperties members" link="ms-help://MS.NETFrameworkSDKv1.1/cpref/html/frlrfsystemnetnetworkinformationipv6interfacepropertiesMembersTopic.htm" ismsdn="true" />
    <HelpFolder name="Properties" link="ms-help://MS.NETFrameworkSDKv1.1/cpref/html/frlrfsystemnetnetworkinformationipv6interfacepropertiesPropertiesTopic.htm" ismsdn="true">
      <HelpTopic name="Index" link="ms-help://MS.NETFrameworkSDKv1.1/cpref/html/frlrfsystemnetnetworkinformationipv6interfacepropertiesclassIndexTopic.htm" ismsdn="true" />
      <HelpTopic name="Mtu" link="ms-help://MS.NETFrameworkSDKv1.1/cpref/html/frlrfsystemnetnetworkinformationipv6interfacepropertiesclassMtuTopic.htm" ismsdn="true" />
    </HelpFolder>
  </HelpFolder>
  <HelpFolder name="MulticastIPAddressInformation class" link="ms-help://MS.NETFrameworkSDKv1.1/cpref/html/frlrfsystemnetnetworkinformationmulticastipaddressinformationClassTopic.htm" ismsdn="true">
    <HelpTopic name="MulticastIPAddressInformation members" link="ms-help://MS.NETFrameworkSDKv1.1/cpref/html/frlrfsystemnetnetworkinformationmulticastipaddressinformationMembersTopic.htm" ismsdn="true" />
    <HelpFolder name="Properties" link="ms-help://MS.NETFrameworkSDKv1.1/cpref/html/frlrfsystemnetnetworkinformationmulticastipaddressinformationPropertiesTopic.htm" ismsdn="true">
      <HelpTopic name="AddressPreferredLifetime" link="ms-help://MS.NETFrameworkSDKv1.1/cpref/html/frlrfsystemnetnetworkinformationmulticastipaddressinformationclassAddressPreferredLifetimeTopic.htm" ismsdn="true" />
      <HelpTopic name="AddressValidLifetime" link="ms-help://MS.NETFrameworkSDKv1.1/cpref/html/frlrfsystemnetnetworkinformationmulticastipaddressinformationclassAddressValidLifetimeTopic.htm" ismsdn="true" />
      <HelpTopic name="DhcpLeaseLifetime" link="ms-help://MS.NETFrameworkSDKv1.1/cpref/html/frlrfsystemnetnetworkinformationmulticastipaddressinformationclassDhcpLeaseLifetimeTopic.htm" ismsdn="true" />
      <HelpTopic name="DuplicateAddressDetectionState" link="ms-help://MS.NETFrameworkSDKv1.1/cpref/html/frlrfsystemnetnetworkinformationmulticastipaddressinformationclassDuplicateAddressDetectionStateTopic.htm" ismsdn="true" />
      <HelpTopic name="PrefixOrigin" link="ms-help://MS.NETFrameworkSDKv1.1/cpref/html/frlrfsystemnetnetworkinformationmulticastipaddressinformationclassPrefixOriginTopic.htm" ismsdn="true" />
      <HelpTopic name="SuffixOrigin" link="ms-help://MS.NETFrameworkSDKv1.1/cpref/html/frlrfsystemnetnetworkinformationmulticastipaddressinformationclassSuffixOriginTopic.htm" ismsdn="true" />
    </HelpFolder>
  </HelpFolder>
  <HelpFolder name="MulticastIPAddressInformationCollection class" link="ms-help://MS.NETFrameworkSDKv1.1/cpref/html/frlrfsystemnetnetworkinformationmulticastipaddressinformationcollectionClassTopic.htm" ismsdn="true">
    <HelpTopic name="MulticastIPAddressInformationCollection members" link="ms-help://MS.NETFrameworkSDKv1.1/cpref/html/frlrfsystemnetnetworkinformationmulticastipaddressinformationcollectionMembersTopic.htm" ismsdn="true" />
    <HelpFolder name="Methods" link="ms-help://MS.NETFrameworkSDKv1.1/cpref/html/frlrfsystemnetnetworkinformationmulticastipaddressinformationcollectionMethodsTopic.htm" ismsdn="true">
      <HelpTopic name="CopyTo(System.Net.NetworkInformation.MulticastIPAddressInformation[], System.Int32)" link="ms-help://MS.NETFrameworkSDKv1.1/cpref/html/frlrfsystemnetnetworkinformationmulticastipaddressinformationcollectionclassCopyToTopic.htm" ismsdn="true" />
      <HelpTopic name="Add(System.Net.NetworkInformation.MulticastIPAddressInformation)" link="ms-help://MS.NETFrameworkSDKv1.1/cpref/html/frlrfsystemnetnetworkinformationmulticastipaddressinformationcollectionclassAddTopic.htm" ismsdn="true" />
      <HelpTopic name="Contains(System.Net.NetworkInformation.MulticastIPAddressInformation)" link="ms-help://MS.NETFrameworkSDKv1.1/cpref/html/frlrfsystemnetnetworkinformationmulticastipaddressinformationcollectionclassContainsTopic.htm" ismsdn="true" />
      <HelpTopic name="GetEnumerator()" link="ms-help://MS.NETFrameworkSDKv1.1/cpref/html/frlrfsystemnetnetworkinformationmulticastipaddressinformationcollectionclassGetEnumeratorTopic.htm" ismsdn="true" />
      <HelpTopic name="Remove(System.Net.NetworkInformation.MulticastIPAddressInformation)" link="ms-help://MS.NETFrameworkSDKv1.1/cpref/html/frlrfsystemnetnetworkinformationmulticastipaddressinformationcollectionclassRemoveTopic.htm" ismsdn="true" />
      <HelpTopic name="Clear()" link="ms-help://MS.NETFrameworkSDKv1.1/cpref/html/frlrfsystemnetnetworkinformationmulticastipaddressinformationcollectionclassClearTopic.htm" ismsdn="true" />
    </HelpFolder>
    <HelpFolder name="Properties" link="ms-help://MS.NETFrameworkSDKv1.1/cpref/html/frlrfsystemnetnetworkinformationmulticastipaddressinformationcollectionPropertiesTopic.htm" ismsdn="true">
      <HelpTopic name="Count" link="ms-help://MS.NETFrameworkSDKv1.1/cpref/html/frlrfsystemnetnetworkinformationmulticastipaddressinformationcollectionclassCountTopic.htm" ismsdn="true" />
      <HelpTopic name="IsReadOnly" link="ms-help://MS.NETFrameworkSDKv1.1/cpref/html/frlrfsystemnetnetworkinformationmulticastipaddressinformationcollectionclassIsReadOnlyTopic.htm" ismsdn="true" />
      <HelpTopic name="Item" link="ms-help://MS.NETFrameworkSDKv1.1/cpref/html/frlrfsystemnetnetworkinformationmulticastipaddressinformationcollectionclassItemTopic.htm" ismsdn="true" />
    </HelpFolder>
  </HelpFolder>
  <HelpTopic name="NetBiosNodeType enumeration" link="ms-help://MS.NETFrameworkSDKv1.1/cpref/html/frlrfsystemnetnetworkinformationnetbiosnodetypeClassTopic.htm" ismsdn="true" />
  <HelpTopic name="NetworkAddressChangedEventHandler delegate" link="ms-help://MS.NETFrameworkSDKv1.1/cpref/html/frlrfsystemnetnetworkinformationnetworkaddresschangedeventhandlerClassTopic.htm" ismsdn="true" />
  <HelpTopic name="NetworkAvailabilityChangedEventHandler delegate" link="ms-help://MS.NETFrameworkSDKv1.1/cpref/html/frlrfsystemnetnetworkinformationnetworkavailabilitychangedeventhandlerClassTopic.htm" ismsdn="true" />
  <HelpFolder name="NetworkAvailabilityEventArgs class" link="ms-help://MS.NETFrameworkSDKv1.1/cpref/html/frlrfsystemnetnetworkinformationnetworkavailabilityeventargsClassTopic.htm" ismsdn="true">
    <HelpTopic name="NetworkAvailabilityEventArgs members" link="ms-help://MS.NETFrameworkSDKv1.1/cpref/html/frlrfsystemnetnetworkinformationnetworkavailabilityeventargsMembersTopic.htm" ismsdn="true" />
    <HelpFolder name="Properties" link="ms-help://MS.NETFrameworkSDKv1.1/cpref/html/frlrfsystemnetnetworkinformationnetworkavailabilityeventargsPropertiesTopic.htm" ismsdn="true">
      <HelpTopic name="IsAvailable" link="ms-help://MS.NETFrameworkSDKv1.1/cpref/html/frlrfsystemnetnetworkinformationnetworkavailabilityeventargsclassIsAvailableTopic.htm" ismsdn="true" />
    </HelpFolder>
  </HelpFolder>
  <HelpFolder name="NetworkChange class" link="ms-help://MS.NETFrameworkSDKv1.1/cpref/html/frlrfsystemnetnetworkinformationnetworkchangeClassTopic.htm" ismsdn="true">
    <HelpTopic name="NetworkChange members" link="ms-help://MS.NETFrameworkSDKv1.1/cpref/html/frlrfsystemnetnetworkinformationnetworkchangeMembersTopic.htm" ismsdn="true" />
    <HelpFolder name="Events" link="ms-help://MS.NETFrameworkSDKv1.1/cpref/html/frlrfsystemnetnetworkinformationnetworkchangeEventsTopic.htm" ismsdn="true">
      <HelpTopic name="NetworkAvailabilityChanged" link="ms-help://MS.NETFrameworkSDKv1.1/cpref/html/frlrfsystemnetnetworkinformationnetworkchangeclassNetworkAvailabilityChangedTopic.htm" ismsdn="true" />
      <HelpTopic name="NetworkAddressChanged" link="ms-help://MS.NETFrameworkSDKv1.1/cpref/html/frlrfsystemnetnetworkinformationnetworkchangeclassNetworkAddressChangedTopic.htm" ismsdn="true" />
    </HelpFolder>
  </HelpFolder>
  <HelpTopic name="NetworkInformationAccess enumeration" link="ms-help://MS.NETFrameworkSDKv1.1/cpref/html/frlrfsystemnetnetworkinformationnetworkinformationaccessClassTopic.htm" ismsdn="true" />
  <HelpFolder name="NetworkInformationException class" link="ms-help://MS.NETFrameworkSDKv1.1/cpref/html/frlrfsystemnetnetworkinformationnetworkinformationexceptionClassTopic.htm" ismsdn="true">
    <HelpTopic name="NetworkInformationException members" link="ms-help://MS.NETFrameworkSDKv1.1/cpref/html/frlrfsystemnetnetworkinformationnetworkinformationexceptionMembersTopic.htm" ismsdn="true" />
    <HelpFolder name="Constructors" link="ms-help://MS.NETFrameworkSDKv1.1/cpref/html/frlrfsystemnetnetworkinformationnetworkinformationexceptionclassctorTopic.htm" ismsdn="true">
      <HelpTopic name=".ctor()" link="ms-help://MS.NETFrameworkSDKv1.1/cpref/html/frlrfsystemnetnetworkinformationnetworkinformationexceptionclassctorTopic1.htm" ismsdn="true" />
      <HelpTopic name=".ctor(System.Int32)" link="ms-help://MS.NETFrameworkSDKv1.1/cpref/html/frlrfsystemnetnetworkinformationnetworkinformationexceptionclassctorTopic1.htm" ismsdn="true" />
    </HelpFolder>
    <HelpFolder name="Properties" link="ms-help://MS.NETFrameworkSDKv1.1/cpref/html/frlrfsystemnetnetworkinformationnetworkinformationexceptionPropertiesTopic.htm" ismsdn="true">
      <HelpTopic name="ErrorCode" link="ms-help://MS.NETFrameworkSDKv1.1/cpref/html/frlrfsystemnetnetworkinformationnetworkinformationexceptionclassErrorCodeTopic.htm" ismsdn="true" />
    </HelpFolder>
  </HelpFolder>
  <HelpFolder name="NetworkInformationPermission class" link="ms-help://MS.NETFrameworkSDKv1.1/cpref/html/frlrfsystemnetnetworkinformationnetworkinformationpermissionClassTopic.htm" ismsdn="true">
    <HelpTopic name="NetworkInformationPermission members" link="ms-help://MS.NETFrameworkSDKv1.1/cpref/html/frlrfsystemnetnetworkinformationnetworkinformationpermissionMembersTopic.htm" ismsdn="true" />
    <HelpFolder name="Constructors" link="ms-help://MS.NETFrameworkSDKv1.1/cpref/html/frlrfsystemnetnetworkinformationnetworkinformationpermissionclassctorTopic.htm" ismsdn="true">
      <HelpTopic name=".ctor(System.Security.Permissions.PermissionState)" link="ms-help://MS.NETFrameworkSDKv1.1/cpref/html/frlrfsystemnetnetworkinformationnetworkinformationpermissionclassctorTopic1.htm" ismsdn="true" />
      <HelpTopic name=".ctor(System.Net.NetworkInformation.NetworkInformationAccess)" link="ms-help://MS.NETFrameworkSDKv1.1/cpref/html/frlrfsystemnetnetworkinformationnetworkinformationpermissionclassctorTopic1.htm" ismsdn="true" />
    </HelpFolder>
    <HelpFolder name="Methods" link="ms-help://MS.NETFrameworkSDKv1.1/cpref/html/frlrfsystemnetnetworkinformationnetworkinformationpermissionMethodsTopic.htm" ismsdn="true">
      <HelpTopic name="AddPermission(System.Net.NetworkInformation.NetworkInformationAccess)" link="ms-help://MS.NETFrameworkSDKv1.1/cpref/html/frlrfsystemnetnetworkinformationnetworkinformationpermissionclassAddPermissionTopic.htm" ismsdn="true" />
      <HelpTopic name="IsUnrestricted()" link="ms-help://MS.NETFrameworkSDKv1.1/cpref/html/frlrfsystemnetnetworkinformationnetworkinformationpermissionclassIsUnrestrictedTopic.htm" ismsdn="true" />
      <HelpTopic name="Copy()" link="ms-help://MS.NETFrameworkSDKv1.1/cpref/html/frlrfsystemnetnetworkinformationnetworkinformationpermissionclassCopyTopic.htm" ismsdn="true" />
      <HelpTopic name="Union(System.Security.IPermission)" link="ms-help://MS.NETFrameworkSDKv1.1/cpref/html/frlrfsystemnetnetworkinformationnetworkinformationpermissionclassUnionTopic.htm" ismsdn="true" />
      <HelpTopic name="Intersect(System.Security.IPermission)" link="ms-help://MS.NETFrameworkSDKv1.1/cpref/html/frlrfsystemnetnetworkinformationnetworkinformationpermissionclassIntersectTopic.htm" ismsdn="true" />
      <HelpTopic name="IsSubsetOf(System.Security.IPermission)" link="ms-help://MS.NETFrameworkSDKv1.1/cpref/html/frlrfsystemnetnetworkinformationnetworkinformationpermissionclassIsSubsetOfTopic.htm" ismsdn="true" />
      <HelpTopic name="FromXml(System.Security.SecurityElement)" link="ms-help://MS.NETFrameworkSDKv1.1/cpref/html/frlrfsystemnetnetworkinformationnetworkinformationpermissionclassFromXmlTopic.htm" ismsdn="true" />
      <HelpTopic name="ToXml()" link="ms-help://MS.NETFrameworkSDKv1.1/cpref/html/frlrfsystemnetnetworkinformationnetworkinformationpermissionclassToXmlTopic.htm" ismsdn="true" />
    </HelpFolder>
    <HelpFolder name="Properties" link="ms-help://MS.NETFrameworkSDKv1.1/cpref/html/frlrfsystemnetnetworkinformationnetworkinformationpermissionPropertiesTopic.htm" ismsdn="true">
      <HelpTopic name="Access" link="ms-help://MS.NETFrameworkSDKv1.1/cpref/html/frlrfsystemnetnetworkinformationnetworkinformationpermissionclassAccessTopic.htm" ismsdn="true" />
    </HelpFolder>
  </HelpFolder>
  <HelpFolder name="NetworkInformationPermissionAttribute class" link="ms-help://MS.NETFrameworkSDKv1.1/cpref/html/frlrfsystemnetnetworkinformationnetworkinformationpermissionattributeClassTopic.htm" ismsdn="true">
    <HelpTopic name="NetworkInformationPermissionAttribute members" link="ms-help://MS.NETFrameworkSDKv1.1/cpref/html/frlrfsystemnetnetworkinformationnetworkinformationpermissionattributeMembersTopic.htm" ismsdn="true" />
    <HelpFolder name="Constructors" link="ms-help://MS.NETFrameworkSDKv1.1/cpref/html/frlrfsystemnetnetworkinformationnetworkinformationpermissionattributeclassctorTopic.htm" ismsdn="true">
      <HelpTopic name=".ctor(System.Security.Permissions.SecurityAction)" link="ms-help://MS.NETFrameworkSDKv1.1/cpref/html/frlrfsystemnetnetworkinformationnetworkinformationpermissionattributeclassctorTopic.htm" ismsdn="true" />
    </HelpFolder>
    <HelpFolder name="Methods" link="ms-help://MS.NETFrameworkSDKv1.1/cpref/html/frlrfsystemnetnetworkinformationnetworkinformationpermissionattributeMethodsTopic.htm" ismsdn="true">
      <HelpTopic name="CreatePermission()" link="ms-help://MS.NETFrameworkSDKv1.1/cpref/html/frlrfsystemnetnetworkinformationnetworkinformationpermissionattributeclassCreatePermissionTopic.htm" ismsdn="true" />
    </HelpFolder>
    <HelpFolder name="Properties" link="ms-help://MS.NETFrameworkSDKv1.1/cpref/html/frlrfsystemnetnetworkinformationnetworkinformationpermissionattributePropertiesTopic.htm" ismsdn="true">
      <HelpTopic name="Access" link="ms-help://MS.NETFrameworkSDKv1.1/cpref/html/frlrfsystemnetnetworkinformationnetworkinformationpermissionattributeclassAccessTopic.htm" ismsdn="true" />
    </HelpFolder>
  </HelpFolder>
  <HelpFolder name="NetworkInterface class" link="ms-help://MS.NETFrameworkSDKv1.1/cpref/html/frlrfsystemnetnetworkinformationnetworkinterfaceClassTopic.htm" ismsdn="true">
    <HelpTopic name="NetworkInterface members" link="ms-help://MS.NETFrameworkSDKv1.1/cpref/html/frlrfsystemnetnetworkinformationnetworkinterfaceMembersTopic.htm" ismsdn="true" />
    <HelpFolder name="Methods" link="ms-help://MS.NETFrameworkSDKv1.1/cpref/html/frlrfsystemnetnetworkinformationnetworkinterfaceMethodsTopic.htm" ismsdn="true">
      <HelpTopic name="GetAllNetworkInterfaces()" link="ms-help://MS.NETFrameworkSDKv1.1/cpref/html/frlrfsystemnetnetworkinformationnetworkinterfaceclassGetAllNetworkInterfacesTopic.htm" ismsdn="true" />
      <HelpTopic name="GetIsNetworkAvailable()" link="ms-help://MS.NETFrameworkSDKv1.1/cpref/html/frlrfsystemnetnetworkinformationnetworkinterfaceclassGetIsNetworkAvailableTopic.htm" ismsdn="true" />
      <HelpTopic name="GetIPProperties()" link="ms-help://MS.NETFrameworkSDKv1.1/cpref/html/frlrfsystemnetnetworkinformationnetworkinterfaceclassGetIPPropertiesTopic.htm" ismsdn="true" />
      <HelpTopic name="GetIPv4Statistics()" link="ms-help://MS.NETFrameworkSDKv1.1/cpref/html/frlrfsystemnetnetworkinformationnetworkinterfaceclassGetIPv4StatisticsTopic.htm" ismsdn="true" />
      <HelpTopic name="GetPhysicalAddress()" link="ms-help://MS.NETFrameworkSDKv1.1/cpref/html/frlrfsystemnetnetworkinformationnetworkinterfaceclassGetPhysicalAddressTopic.htm" ismsdn="true" />
      <HelpTopic name="Supports(System.Net.NetworkInformation.NetworkInterfaceComponent)" link="ms-help://MS.NETFrameworkSDKv1.1/cpref/html/frlrfsystemnetnetworkinformationnetworkinterfaceclassSupportsTopic.htm" ismsdn="true" />
    </HelpFolder>
    <HelpFolder name="Properties" link="ms-help://MS.NETFrameworkSDKv1.1/cpref/html/frlrfsystemnetnetworkinformationnetworkinterfacePropertiesTopic.htm" ismsdn="true">
      <HelpTopic name="LoopbackInterfaceIndex" link="ms-help://MS.NETFrameworkSDKv1.1/cpref/html/frlrfsystemnetnetworkinformationnetworkinterfaceclassLoopbackInterfaceIndexTopic.htm" ismsdn="true" />
      <HelpTopic name="Id" link="ms-help://MS.NETFrameworkSDKv1.1/cpref/html/frlrfsystemnetnetworkinformationnetworkinterfaceclassIdTopic.htm" ismsdn="true" />
      <HelpTopic name="Name" link="ms-help://MS.NETFrameworkSDKv1.1/cpref/html/frlrfsystemnetnetworkinformationnetworkinterfaceclassNameTopic.htm" ismsdn="true" />
      <HelpTopic name="Description" link="ms-help://MS.NETFrameworkSDKv1.1/cpref/html/frlrfsystemnetnetworkinformationnetworkinterfaceclassDescriptionTopic.htm" ismsdn="true" />
      <HelpTopic name="OperationalStatus" link="ms-help://MS.NETFrameworkSDKv1.1/cpref/html/frlrfsystemnetnetworkinformationnetworkinterfaceclassOperationalStatusTopic.htm" ismsdn="true" />
      <HelpTopic name="Speed" link="ms-help://MS.NETFrameworkSDKv1.1/cpref/html/frlrfsystemnetnetworkinformationnetworkinterfaceclassSpeedTopic.htm" ismsdn="true" />
      <HelpTopic name="IsReceiveOnly" link="ms-help://MS.NETFrameworkSDKv1.1/cpref/html/frlrfsystemnetnetworkinformationnetworkinterfaceclassIsReceiveOnlyTopic.htm" ismsdn="true" />
      <HelpTopic name="SupportsMulticast" link="ms-help://MS.NETFrameworkSDKv1.1/cpref/html/frlrfsystemnetnetworkinformationnetworkinterfaceclassSupportsMulticastTopic.htm" ismsdn="true" />
      <HelpTopic name="NetworkInterfaceType" link="ms-help://MS.NETFrameworkSDKv1.1/cpref/html/frlrfsystemnetnetworkinformationnetworkinterfaceclassNetworkInterfaceTypeTopic.htm" ismsdn="true" />
    </HelpFolder>
  </HelpFolder>
  <HelpTopic name="NetworkInterfaceComponent enumeration" link="ms-help://MS.NETFrameworkSDKv1.1/cpref/html/frlrfsystemnetnetworkinformationnetworkinterfacecomponentClassTopic.htm" ismsdn="true" />
  <HelpTopic name="NetworkInterfaceType enumeration" link="ms-help://MS.NETFrameworkSDKv1.1/cpref/html/frlrfsystemnetnetworkinformationnetworkinterfacetypeClassTopic.htm" ismsdn="true" />
  <HelpTopic name="OperationalStatus enumeration" link="ms-help://MS.NETFrameworkSDKv1.1/cpref/html/frlrfsystemnetnetworkinformationoperationalstatusClassTopic.htm" ismsdn="true" />
  <HelpFolder name="PhysicalAddress class" link="ms-help://MS.NETFrameworkSDKv1.1/cpref/html/frlrfsystemnetnetworkinformationphysicaladdressClassTopic.htm" ismsdn="true">
    <HelpTopic name="PhysicalAddress members" link="ms-help://MS.NETFrameworkSDKv1.1/cpref/html/frlrfsystemnetnetworkinformationphysicaladdressMembersTopic.htm" ismsdn="true" />
    <HelpFolder name="Constructors" link="ms-help://MS.NETFrameworkSDKv1.1/cpref/html/frlrfsystemnetnetworkinformationphysicaladdressclassctorTopic.htm" ismsdn="true">
      <HelpTopic name=".ctor(System.Byte[])" link="ms-help://MS.NETFrameworkSDKv1.1/cpref/html/frlrfsystemnetnetworkinformationphysicaladdressclassctorTopic.htm" ismsdn="true" />
    </HelpFolder>
    <HelpFolder name="Fields" link="ms-help://MS.NETFrameworkSDKv1.1/cpref/html/frlrfsystemnetnetworkinformationphysicaladdressFieldsTopic.htm" ismsdn="true">
      <HelpTopic name="None" link="ms-help://MS.NETFrameworkSDKv1.1/cpref/html/frlrfsystemnetnetworkinformationphysicaladdressclassNoneTopic.htm" ismsdn="true" />
    </HelpFolder>
    <HelpFolder name="Methods" link="ms-help://MS.NETFrameworkSDKv1.1/cpref/html/frlrfsystemnetnetworkinformationphysicaladdressMethodsTopic.htm" ismsdn="true">
      <HelpTopic name="GetHashCode()" link="ms-help://MS.NETFrameworkSDKv1.1/cpref/html/frlrfsystemnetnetworkinformationphysicaladdressclassGetHashCodeTopic.htm" ismsdn="true" />
      <HelpTopic name="Equals(System.Object)" link="ms-help://MS.NETFrameworkSDKv1.1/cpref/html/frlrfsystemnetnetworkinformationphysicaladdressclassEqualsTopic.htm" ismsdn="true" />
      <HelpTopic name="ToString()" link="ms-help://MS.NETFrameworkSDKv1.1/cpref/html/frlrfsystemnetnetworkinformationphysicaladdressclassToStringTopic.htm" ismsdn="true" />
      <HelpTopic name="GetAddressBytes()" link="ms-help://MS.NETFrameworkSDKv1.1/cpref/html/frlrfsystemnetnetworkinformationphysicaladdressclassGetAddressBytesTopic.htm" ismsdn="true" />
      <HelpTopic name="Parse(System.String)" link="ms-help://MS.NETFrameworkSDKv1.1/cpref/html/frlrfsystemnetnetworkinformationphysicaladdressclassParseTopic.htm" ismsdn="true" />
    </HelpFolder>
  </HelpFolder>
  <HelpFolder name="Ping class" link="ms-help://MS.NETFrameworkSDKv1.1/cpref/html/frlrfsystemnetnetworkinformationpingClassTopic.htm" ismsdn="true">
    <HelpTopic name="Ping members" link="ms-help://MS.NETFrameworkSDKv1.1/cpref/html/frlrfsystemnetnetworkinformationpingMembersTopic.htm" ismsdn="true" />
    <HelpFolder name="Constructors" link="ms-help://MS.NETFrameworkSDKv1.1/cpref/html/frlrfsystemnetnetworkinformationpingclassctorTopic.htm" ismsdn="true">
      <HelpTopic name=".ctor()" link="ms-help://MS.NETFrameworkSDKv1.1/cpref/html/frlrfsystemnetnetworkinformationpingclassctorTopic.htm" ismsdn="true" />
    </HelpFolder>
    <HelpFolder name="Methods" link="ms-help://MS.NETFrameworkSDKv1.1/cpref/html/frlrfsystemnetnetworkinformationpingMethodsTopic.htm" ismsdn="true">
      <HelpTopic name="SendAsyncCancel()" link="ms-help://MS.NETFrameworkSDKv1.1/cpref/html/frlrfsystemnetnetworkinformationpingclassSendAsyncCancelTopic.htm" ismsdn="true" />
      <HelpTopic name="Send(System.String)" link="ms-help://MS.NETFrameworkSDKv1.1/cpref/html/frlrfsystemnetnetworkinformationpingclassSendTopic1.htm" ismsdn="true" />
      <HelpTopic name="Send(System.String, System.Int32)" link="ms-help://MS.NETFrameworkSDKv1.1/cpref/html/frlrfsystemnetnetworkinformationpingclassSendTopic2.htm" ismsdn="true" />
      <HelpTopic name="Send(System.Net.IPAddress)" link="ms-help://MS.NETFrameworkSDKv1.1/cpref/html/frlrfsystemnetnetworkinformationpingclassSendTopic3.htm" ismsdn="true" />
      <HelpTopic name="Send(System.Net.IPAddress, System.Int32)" link="ms-help://MS.NETFrameworkSDKv1.1/cpref/html/frlrfsystemnetnetworkinformationpingclassSendTopic4.htm" ismsdn="true" />
      <HelpTopic name="Send(System.String, System.Int32, System.Byte[])" link="ms-help://MS.NETFrameworkSDKv1.1/cpref/html/frlrfsystemnetnetworkinformationpingclassSendTopic5.htm" ismsdn="true" />
      <HelpTopic name="Send(System.Net.IPAddress, System.Int32, System.Byte[])" link="ms-help://MS.NETFrameworkSDKv1.1/cpref/html/frlrfsystemnetnetworkinformationpingclassSendTopic6.htm" ismsdn="true" />
      <HelpTopic name="Send(System.String, System.Int32, System.Byte[], System.Net.NetworkInformation.PingOptions)" link="ms-help://MS.NETFrameworkSDKv1.1/cpref/html/frlrfsystemnetnetworkinformationpingclassSendTopic7.htm" ismsdn="true" />
      <HelpTopic name="Send(System.Net.IPAddress, System.Int32, System.Byte[], System.Net.NetworkInformation.PingOptions)" link="ms-help://MS.NETFrameworkSDKv1.1/cpref/html/frlrfsystemnetnetworkinformationpingclassSendTopic8.htm" ismsdn="true" />
      <HelpTopic name="SendAsync(System.String, System.Object)" link="ms-help://MS.NETFrameworkSDKv1.1/cpref/html/frlrfsystemnetnetworkinformationpingclassSendAsyncTopic1.htm" ismsdn="true" />
      <HelpTopic name="SendAsync(System.String, System.Int32, System.Object)" link="ms-help://MS.NETFrameworkSDKv1.1/cpref/html/frlrfsystemnetnetworkinformationpingclassSendAsyncTopic2.htm" ismsdn="true" />
      <HelpTopic name="SendAsync(System.Net.IPAddress, System.Object)" link="ms-help://MS.NETFrameworkSDKv1.1/cpref/html/frlrfsystemnetnetworkinformationpingclassSendAsyncTopic3.htm" ismsdn="true" />
      <HelpTopic name="SendAsync(System.Net.IPAddress, System.Int32, System.Object)" link="ms-help://MS.NETFrameworkSDKv1.1/cpref/html/frlrfsystemnetnetworkinformationpingclassSendAsyncTopic4.htm" ismsdn="true" />
      <HelpTopic name="SendAsync(System.String, System.Int32, System.Byte[], System.Object)" link="ms-help://MS.NETFrameworkSDKv1.1/cpref/html/frlrfsystemnetnetworkinformationpingclassSendAsyncTopic5.htm" ismsdn="true" />
      <HelpTopic name="SendAsync(System.Net.IPAddress, System.Int32, System.Byte[], System.Object)" link="ms-help://MS.NETFrameworkSDKv1.1/cpref/html/frlrfsystemnetnetworkinformationpingclassSendAsyncTopic6.htm" ismsdn="true" />
      <HelpTopic name="SendAsync(System.String, System.Int32, System.Byte[], System.Net.NetworkInformation.PingOptions, System.Object)" link="ms-help://MS.NETFrameworkSDKv1.1/cpref/html/frlrfsystemnetnetworkinformationpingclassSendAsyncTopic7.htm" ismsdn="true" />
      <HelpTopic name="SendAsync(System.Net.IPAddress, System.Int32, System.Byte[], System.Net.NetworkInformation.PingOptions, System.Object)" link="ms-help://MS.NETFrameworkSDKv1.1/cpref/html/frlrfsystemnetnetworkinformationpingclassSendAsyncTopic8.htm" ismsdn="true" />
    </HelpFolder>
    <HelpFolder name="Events" link="ms-help://MS.NETFrameworkSDKv1.1/cpref/html/frlrfsystemnetnetworkinformationpingEventsTopic.htm" ismsdn="true">
      <HelpTopic name="PingCompleted" link="ms-help://MS.NETFrameworkSDKv1.1/cpref/html/frlrfsystemnetnetworkinformationpingclassPingCompletedTopic.htm" ismsdn="true" />
    </HelpFolder>
  </HelpFolder>
  <HelpFolder name="PingCompletedEventArgs class" link="ms-help://MS.NETFrameworkSDKv1.1/cpref/html/frlrfsystemnetnetworkinformationpingcompletedeventargsClassTopic.htm" ismsdn="true">
    <HelpTopic name="PingCompletedEventArgs members" link="ms-help://MS.NETFrameworkSDKv1.1/cpref/html/frlrfsystemnetnetworkinformationpingcompletedeventargsMembersTopic.htm" ismsdn="true" />
    <HelpFolder name="Properties" link="ms-help://MS.NETFrameworkSDKv1.1/cpref/html/frlrfsystemnetnetworkinformationpingcompletedeventargsPropertiesTopic.htm" ismsdn="true">
      <HelpTopic name="Reply" link="ms-help://MS.NETFrameworkSDKv1.1/cpref/html/frlrfsystemnetnetworkinformationpingcompletedeventargsclassReplyTopic.htm" ismsdn="true" />
    </HelpFolder>
  </HelpFolder>
  <HelpTopic name="PingCompletedEventHandler delegate" link="ms-help://MS.NETFrameworkSDKv1.1/cpref/html/frlrfsystemnetnetworkinformationpingcompletedeventhandlerClassTopic.htm" ismsdn="true" />
  <HelpFolder name="PingException class" link="ms-help://MS.NETFrameworkSDKv1.1/cpref/html/frlrfsystemnetnetworkinformationpingexceptionClassTopic.htm" ismsdn="true">
    <HelpTopic name="PingException members" link="ms-help://MS.NETFrameworkSDKv1.1/cpref/html/frlrfsystemnetnetworkinformationpingexceptionMembersTopic.htm" ismsdn="true" />
    <HelpFolder name="Constructors" link="ms-help://MS.NETFrameworkSDKv1.1/cpref/html/frlrfsystemnetnetworkinformationpingexceptionclassctorTopic.htm" ismsdn="true">
      <HelpTopic name=".ctor(System.String)" link="ms-help://MS.NETFrameworkSDKv1.1/cpref/html/frlrfsystemnetnetworkinformationpingexceptionclassctorTopic1.htm" ismsdn="true" />
      <HelpTopic name=".ctor(System.String, System.Exception)" link="ms-help://MS.NETFrameworkSDKv1.1/cpref/html/frlrfsystemnetnetworkinformationpingexceptionclassctorTopic1.htm" ismsdn="true" />
    </HelpFolder>
  </HelpFolder>
  <HelpFolder name="PingOptions class" link="ms-help://MS.NETFrameworkSDKv1.1/cpref/html/frlrfsystemnetnetworkinformationpingoptionsClassTopic.htm" ismsdn="true">
    <HelpTopic name="PingOptions members" link="ms-help://MS.NETFrameworkSDKv1.1/cpref/html/frlrfsystemnetnetworkinformationpingoptionsMembersTopic.htm" ismsdn="true" />
    <HelpFolder name="Constructors" link="ms-help://MS.NETFrameworkSDKv1.1/cpref/html/frlrfsystemnetnetworkinformationpingoptionsclassctorTopic.htm" ismsdn="true">
      <HelpTopic name=".ctor(System.Int32, System.Boolean)" link="ms-help://MS.NETFrameworkSDKv1.1/cpref/html/frlrfsystemnetnetworkinformationpingoptionsclassctorTopic1.htm" ismsdn="true" />
      <HelpTopic name=".ctor()" link="ms-help://MS.NETFrameworkSDKv1.1/cpref/html/frlrfsystemnetnetworkinformationpingoptionsclassctorTopic1.htm" ismsdn="true" />
    </HelpFolder>
    <HelpFolder name="Properties" link="ms-help://MS.NETFrameworkSDKv1.1/cpref/html/frlrfsystemnetnetworkinformationpingoptionsPropertiesTopic.htm" ismsdn="true">
      <HelpTopic name="Ttl" link="ms-help://MS.NETFrameworkSDKv1.1/cpref/html/frlrfsystemnetnetworkinformationpingoptionsclassTtlTopic.htm" ismsdn="true" />
      <HelpTopic name="DontFragment" link="ms-help://MS.NETFrameworkSDKv1.1/cpref/html/frlrfsystemnetnetworkinformationpingoptionsclassDontFragmentTopic.htm" ismsdn="true" />
    </HelpFolder>
  </HelpFolder>
  <HelpFolder name="PingReply class" link="ms-help://MS.NETFrameworkSDKv1.1/cpref/html/frlrfsystemnetnetworkinformationpingreplyClassTopic.htm" ismsdn="true">
    <HelpTopic name="PingReply members" link="ms-help://MS.NETFrameworkSDKv1.1/cpref/html/frlrfsystemnetnetworkinformationpingreplyMembersTopic.htm" ismsdn="true" />
    <HelpFolder name="Properties" link="ms-help://MS.NETFrameworkSDKv1.1/cpref/html/frlrfsystemnetnetworkinformationpingreplyPropertiesTopic.htm" ismsdn="true">
      <HelpTopic name="Status" link="ms-help://MS.NETFrameworkSDKv1.1/cpref/html/frlrfsystemnetnetworkinformationpingreplyclassStatusTopic.htm" ismsdn="true" />
      <HelpTopic name="Address" link="ms-help://MS.NETFrameworkSDKv1.1/cpref/html/frlrfsystemnetnetworkinformationpingreplyclassAddressTopic.htm" ismsdn="true" />
      <HelpTopic name="RoundtripTime" link="ms-help://MS.NETFrameworkSDKv1.1/cpref/html/frlrfsystemnetnetworkinformationpingreplyclassRoundtripTimeTopic.htm" ismsdn="true" />
      <HelpTopic name="Options" link="ms-help://MS.NETFrameworkSDKv1.1/cpref/html/frlrfsystemnetnetworkinformationpingreplyclassOptionsTopic.htm" ismsdn="true" />
      <HelpTopic name="Buffer" link="ms-help://MS.NETFrameworkSDKv1.1/cpref/html/frlrfsystemnetnetworkinformationpingreplyclassBufferTopic.htm" ismsdn="true" />
    </HelpFolder>
  </HelpFolder>
  <HelpTopic name="PrefixOrigin enumeration" link="ms-help://MS.NETFrameworkSDKv1.1/cpref/html/frlrfsystemnetnetworkinformationprefixoriginClassTopic.htm" ismsdn="true" />
  <HelpTopic name="SuffixOrigin enumeration" link="ms-help://MS.NETFrameworkSDKv1.1/cpref/html/frlrfsystemnetnetworkinformationsuffixoriginClassTopic.htm" ismsdn="true" />
  <HelpFolder name="TcpConnectionInformation class" link="ms-help://MS.NETFrameworkSDKv1.1/cpref/html/frlrfsystemnetnetworkinformationtcpconnectioninformationClassTopic.htm" ismsdn="true">
    <HelpTopic name="TcpConnectionInformation members" link="ms-help://MS.NETFrameworkSDKv1.1/cpref/html/frlrfsystemnetnetworkinformationtcpconnectioninformationMembersTopic.htm" ismsdn="true" />
    <HelpFolder name="Properties" link="ms-help://MS.NETFrameworkSDKv1.1/cpref/html/frlrfsystemnetnetworkinformationtcpconnectioninformationPropertiesTopic.htm" ismsdn="true">
      <HelpTopic name="LocalEndPoint" link="ms-help://MS.NETFrameworkSDKv1.1/cpref/html/frlrfsystemnetnetworkinformationtcpconnectioninformationclassLocalEndPointTopic.htm" ismsdn="true" />
      <HelpTopic name="RemoteEndPoint" link="ms-help://MS.NETFrameworkSDKv1.1/cpref/html/frlrfsystemnetnetworkinformationtcpconnectioninformationclassRemoteEndPointTopic.htm" ismsdn="true" />
      <HelpTopic name="State" link="ms-help://MS.NETFrameworkSDKv1.1/cpref/html/frlrfsystemnetnetworkinformationtcpconnectioninformationclassStateTopic.htm" ismsdn="true" />
    </HelpFolder>
  </HelpFolder>
  <HelpTopic name="TcpState enumeration" link="ms-help://MS.NETFrameworkSDKv1.1/cpref/html/frlrfsystemnetnetworkinformationtcpstateClassTopic.htm" ismsdn="true" />
  <HelpFolder name="TcpStatistics class" link="ms-help://MS.NETFrameworkSDKv1.1/cpref/html/frlrfsystemnetnetworkinformationtcpstatisticsClassTopic.htm" ismsdn="true">
    <HelpTopic name="TcpStatistics members" link="ms-help://MS.NETFrameworkSDKv1.1/cpref/html/frlrfsystemnetnetworkinformationtcpstatisticsMembersTopic.htm" ismsdn="true" />
    <HelpFolder name="Properties" link="ms-help://MS.NETFrameworkSDKv1.1/cpref/html/frlrfsystemnetnetworkinformationtcpstatisticsPropertiesTopic.htm" ismsdn="true">
      <HelpTopic name="ConnectionsAccepted" link="ms-help://MS.NETFrameworkSDKv1.1/cpref/html/frlrfsystemnetnetworkinformationtcpstatisticsclassConnectionsAcceptedTopic.htm" ismsdn="true" />
      <HelpTopic name="ConnectionsInitiated" link="ms-help://MS.NETFrameworkSDKv1.1/cpref/html/frlrfsystemnetnetworkinformationtcpstatisticsclassConnectionsInitiatedTopic.htm" ismsdn="true" />
      <HelpTopic name="CumulativeConnections" link="ms-help://MS.NETFrameworkSDKv1.1/cpref/html/frlrfsystemnetnetworkinformationtcpstatisticsclassCumulativeConnectionsTopic.htm" ismsdn="true" />
      <HelpTopic name="CurrentConnections" link="ms-help://MS.NETFrameworkSDKv1.1/cpref/html/frlrfsystemnetnetworkinformationtcpstatisticsclassCurrentConnectionsTopic.htm" ismsdn="true" />
      <HelpTopic name="ErrorsReceived" link="ms-help://MS.NETFrameworkSDKv1.1/cpref/html/frlrfsystemnetnetworkinformationtcpstatisticsclassErrorsReceivedTopic.htm" ismsdn="true" />
      <HelpTopic name="FailedConnectionAttempts" link="ms-help://MS.NETFrameworkSDKv1.1/cpref/html/frlrfsystemnetnetworkinformationtcpstatisticsclassFailedConnectionAttemptsTopic.htm" ismsdn="true" />
      <HelpTopic name="MaximumConnections" link="ms-help://MS.NETFrameworkSDKv1.1/cpref/html/frlrfsystemnetnetworkinformationtcpstatisticsclassMaximumConnectionsTopic.htm" ismsdn="true" />
      <HelpTopic name="MaximumTransmissionTimeout" link="ms-help://MS.NETFrameworkSDKv1.1/cpref/html/frlrfsystemnetnetworkinformationtcpstatisticsclassMaximumTransmissionTimeoutTopic.htm" ismsdn="true" />
      <HelpTopic name="MinimumTransmissionTimeout" link="ms-help://MS.NETFrameworkSDKv1.1/cpref/html/frlrfsystemnetnetworkinformationtcpstatisticsclassMinimumTransmissionTimeoutTopic.htm" ismsdn="true" />
      <HelpTopic name="ResetConnections" link="ms-help://MS.NETFrameworkSDKv1.1/cpref/html/frlrfsystemnetnetworkinformationtcpstatisticsclassResetConnectionsTopic.htm" ismsdn="true" />
      <HelpTopic name="SegmentsReceived" link="ms-help://MS.NETFrameworkSDKv1.1/cpref/html/frlrfsystemnetnetworkinformationtcpstatisticsclassSegmentsReceivedTopic.htm" ismsdn="true" />
      <HelpTopic name="SegmentsResent" link="ms-help://MS.NETFrameworkSDKv1.1/cpref/html/frlrfsystemnetnetworkinformationtcpstatisticsclassSegmentsResentTopic.htm" ismsdn="true" />
      <HelpTopic name="SegmentsSent" link="ms-help://MS.NETFrameworkSDKv1.1/cpref/html/frlrfsystemnetnetworkinformationtcpstatisticsclassSegmentsSentTopic.htm" ismsdn="true" />
      <HelpTopic name="ResetsSent" link="ms-help://MS.NETFrameworkSDKv1.1/cpref/html/frlrfsystemnetnetworkinformationtcpstatisticsclassResetsSentTopic.htm" ismsdn="true" />
    </HelpFolder>
  </HelpFolder>
  <HelpFolder name="UdpStatistics class" link="ms-help://MS.NETFrameworkSDKv1.1/cpref/html/frlrfsystemnetnetworkinformationudpstatisticsClassTopic.htm" ismsdn="true">
    <HelpTopic name="UdpStatistics members" link="ms-help://MS.NETFrameworkSDKv1.1/cpref/html/frlrfsystemnetnetworkinformationudpstatisticsMembersTopic.htm" ismsdn="true" />
    <HelpFolder name="Properties" link="ms-help://MS.NETFrameworkSDKv1.1/cpref/html/frlrfsystemnetnetworkinformationudpstatisticsPropertiesTopic.htm" ismsdn="true">
      <HelpTopic name="DatagramsReceived" link="ms-help://MS.NETFrameworkSDKv1.1/cpref/html/frlrfsystemnetnetworkinformationudpstatisticsclassDatagramsReceivedTopic.htm" ismsdn="true" />
      <HelpTopic name="DatagramsSent" link="ms-help://MS.NETFrameworkSDKv1.1/cpref/html/frlrfsystemnetnetworkinformationudpstatisticsclassDatagramsSentTopic.htm" ismsdn="true" />
      <HelpTopic name="IncomingDatagramsDiscarded" link="ms-help://MS.NETFrameworkSDKv1.1/cpref/html/frlrfsystemnetnetworkinformationudpstatisticsclassIncomingDatagramsDiscardedTopic.htm" ismsdn="true" />
      <HelpTopic name="IncomingDatagramsWithErrors" link="ms-help://MS.NETFrameworkSDKv1.1/cpref/html/frlrfsystemnetnetworkinformationudpstatisticsclassIncomingDatagramsWithErrorsTopic.htm" ismsdn="true" />
      <HelpTopic name="UdpListeners" link="ms-help://MS.NETFrameworkSDKv1.1/cpref/html/frlrfsystemnetnetworkinformationudpstatisticsclassUdpListenersTopic.htm" ismsdn="true" />
    </HelpFolder>
  </HelpFolder>
  <HelpFolder name="UnicastIPAddressInformation class" link="ms-help://MS.NETFrameworkSDKv1.1/cpref/html/frlrfsystemnetnetworkinformationunicastipaddressinformationClassTopic.htm" ismsdn="true">
    <HelpTopic name="UnicastIPAddressInformation members" link="ms-help://MS.NETFrameworkSDKv1.1/cpref/html/frlrfsystemnetnetworkinformationunicastipaddressinformationMembersTopic.htm" ismsdn="true" />
    <HelpFolder name="Properties" link="ms-help://MS.NETFrameworkSDKv1.1/cpref/html/frlrfsystemnetnetworkinformationunicastipaddressinformationPropertiesTopic.htm" ismsdn="true">
      <HelpTopic name="AddressPreferredLifetime" link="ms-help://MS.NETFrameworkSDKv1.1/cpref/html/frlrfsystemnetnetworkinformationunicastipaddressinformationclassAddressPreferredLifetimeTopic.htm" ismsdn="true" />
      <HelpTopic name="AddressValidLifetime" link="ms-help://MS.NETFrameworkSDKv1.1/cpref/html/frlrfsystemnetnetworkinformationunicastipaddressinformationclassAddressValidLifetimeTopic.htm" ismsdn="true" />
      <HelpTopic name="DhcpLeaseLifetime" link="ms-help://MS.NETFrameworkSDKv1.1/cpref/html/frlrfsystemnetnetworkinformationunicastipaddressinformationclassDhcpLeaseLifetimeTopic.htm" ismsdn="true" />
      <HelpTopic name="DuplicateAddressDetectionState" link="ms-help://MS.NETFrameworkSDKv1.1/cpref/html/frlrfsystemnetnetworkinformationunicastipaddressinformationclassDuplicateAddressDetectionStateTopic.htm" ismsdn="true" />
      <HelpTopic name="PrefixOrigin" link="ms-help://MS.NETFrameworkSDKv1.1/cpref/html/frlrfsystemnetnetworkinformationunicastipaddressinformationclassPrefixOriginTopic.htm" ismsdn="true" />
      <HelpTopic name="SuffixOrigin" link="ms-help://MS.NETFrameworkSDKv1.1/cpref/html/frlrfsystemnetnetworkinformationunicastipaddressinformationclassSuffixOriginTopic.htm" ismsdn="true" />
      <HelpTopic name="IPv4Mask" link="ms-help://MS.NETFrameworkSDKv1.1/cpref/html/frlrfsystemnetnetworkinformationunicastipaddressinformationclassIPv4MaskTopic.htm" ismsdn="true" />
    </HelpFolder>
  </HelpFolder>
  <HelpFolder name="UnicastIPAddressInformationCollection class" link="ms-help://MS.NETFrameworkSDKv1.1/cpref/html/frlrfsystemnetnetworkinformationunicastipaddressinformationcollectionClassTopic.htm" ismsdn="true">
    <HelpTopic name="UnicastIPAddressInformationCollection members" link="ms-help://MS.NETFrameworkSDKv1.1/cpref/html/frlrfsystemnetnetworkinformationunicastipaddressinformationcollectionMembersTopic.htm" ismsdn="true" />
    <HelpFolder name="Methods" link="ms-help://MS.NETFrameworkSDKv1.1/cpref/html/frlrfsystemnetnetworkinformationunicastipaddressinformationcollectionMethodsTopic.htm" ismsdn="true">
      <HelpTopic name="CopyTo(System.Net.NetworkInformation.UnicastIPAddressInformation[], System.Int32)" link="ms-help://MS.NETFrameworkSDKv1.1/cpref/html/frlrfsystemnetnetworkinformationunicastipaddressinformationcollectionclassCopyToTopic.htm" ismsdn="true" />
      <HelpTopic name="Add(System.Net.NetworkInformation.UnicastIPAddressInformation)" link="ms-help://MS.NETFrameworkSDKv1.1/cpref/html/frlrfsystemnetnetworkinformationunicastipaddressinformationcollectionclassAddTopic.htm" ismsdn="true" />
      <HelpTopic name="Contains(System.Net.NetworkInformation.UnicastIPAddressInformation)" link="ms-help://MS.NETFrameworkSDKv1.1/cpref/html/frlrfsystemnetnetworkinformationunicastipaddressinformationcollectionclassContainsTopic.htm" ismsdn="true" />
      <HelpTopic name="GetEnumerator()" link="ms-help://MS.NETFrameworkSDKv1.1/cpref/html/frlrfsystemnetnetworkinformationunicastipaddressinformationcollectionclassGetEnumeratorTopic.htm" ismsdn="true" />
      <HelpTopic name="Remove(System.Net.NetworkInformation.UnicastIPAddressInformation)" link="ms-help://MS.NETFrameworkSDKv1.1/cpref/html/frlrfsystemnetnetworkinformationunicastipaddressinformationcollectionclassRemoveTopic.htm" ismsdn="true" />
      <HelpTopic name="Clear()" link="ms-help://MS.NETFrameworkSDKv1.1/cpref/html/frlrfsystemnetnetworkinformationunicastipaddressinformationcollectionclassClearTopic.htm" ismsdn="true" />
    </HelpFolder>
    <HelpFolder name="Properties" link="ms-help://MS.NETFrameworkSDKv1.1/cpref/html/frlrfsystemnetnetworkinformationunicastipaddressinformationcollectionPropertiesTopic.htm" ismsdn="true">
      <HelpTopic name="Count" link="ms-help://MS.NETFrameworkSDKv1.1/cpref/html/frlrfsystemnetnetworkinformationunicastipaddressinformationcollectionclassCountTopic.htm" ismsdn="true" />
      <HelpTopic name="IsReadOnly" link="ms-help://MS.NETFrameworkSDKv1.1/cpref/html/frlrfsystemnetnetworkinformationunicastipaddressinformationcollectionclassIsReadOnlyTopic.htm" ismsdn="true" />
      <HelpTopic name="Item" link="ms-help://MS.NETFrameworkSDKv1.1/cpref/html/frlrfsystemnetnetworkinformationunicastipaddressinformationcollectionclassItemTopic.htm" ismsdn="true" />
    </HelpFolder>
  </HelpFolder>
</HelpCollection>