<HelpCollection>
  <HelpFolder name="AnyReturnReader class" link="ms-help://MS.NETFrameworkSDKv1.1/cpref/html/frlrfsystemwebservicesprotocolsanyreturnreaderClassTopic.htm" ismsdn="true">
    <HelpTopic name="AnyReturnReader members" link="ms-help://MS.NETFrameworkSDKv1.1/cpref/html/frlrfsystemwebservicesprotocolsanyreturnreaderMembersTopic.htm" ismsdn="true" />
    <HelpFolder name="Constructors" link="ms-help://MS.NETFrameworkSDKv1.1/cpref/html/frlrfsystemwebservicesprotocolsanyreturnreaderclassctorTopic.htm" ismsdn="true">
      <HelpTopic name=".ctor()" link="ms-help://MS.NETFrameworkSDKv1.1/cpref/html/frlrfsystemwebservicesprotocolsanyreturnreaderclassctorTopic.htm" ismsdn="true" />
    </HelpFolder>
    <HelpFolder name="Methods" link="ms-help://MS.NETFrameworkSDKv1.1/cpref/html/frlrfsystemwebservicesprotocolsanyreturnreaderMethodsTopic.htm" ismsdn="true">
      <HelpTopic name="Initialize(System.Object)" link="ms-help://MS.NETFrameworkSDKv1.1/cpref/html/frlrfsystemwebservicesprotocolsanyreturnreaderclassInitializeTopic.htm" ismsdn="true" />
      <HelpTopic name="GetInitializer(System.Web.Services.Protocols.LogicalMethodInfo)" link="ms-help://MS.NETFrameworkSDKv1.1/cpref/html/frlrfsystemwebservicesprotocolsanyreturnreaderclassGetInitializerTopic.htm" ismsdn="true" />
      <HelpTopic name="Read(System.Net.WebResponse, System.IO.Stream)" link="ms-help://MS.NETFrameworkSDKv1.1/cpref/html/frlrfsystemwebservicesprotocolsanyreturnreaderclassReadTopic.htm" ismsdn="true" />
    </HelpFolder>
  </HelpFolder>
  <HelpFolder name="HtmlFormParameterReader class" link="ms-help://MS.NETFrameworkSDKv1.1/cpref/html/frlrfsystemwebservicesprotocolshtmlformparameterreaderClassTopic.htm" ismsdn="true">
    <HelpTopic name="HtmlFormParameterReader members" link="ms-help://MS.NETFrameworkSDKv1.1/cpref/html/frlrfsystemwebservicesprotocolshtmlformparameterreaderMembersTopic.htm" ismsdn="true" />
    <HelpFolder name="Constructors" link="ms-help://MS.NETFrameworkSDKv1.1/cpref/html/frlrfsystemwebservicesprotocolshtmlformparameterreaderclassctorTopic.htm" ismsdn="true">
      <HelpTopic name=".ctor()" link="ms-help://MS.NETFrameworkSDKv1.1/cpref/html/frlrfsystemwebservicesprotocolshtmlformparameterreaderclassctorTopic.htm" ismsdn="true" />
    </HelpFolder>
    <HelpFolder name="Methods" link="ms-help://MS.NETFrameworkSDKv1.1/cpref/html/frlrfsystemwebservicesprotocolshtmlformparameterreaderMethodsTopic.htm" ismsdn="true">
      <HelpTopic name="Read(System.Web.HttpRequest)" link="ms-help://MS.NETFrameworkSDKv1.1/cpref/html/frlrfsystemwebservicesprotocolshtmlformparameterreaderclassReadTopic.htm" ismsdn="true" />
    </HelpFolder>
  </HelpFolder>
  <HelpFolder name="HtmlFormParameterWriter class" link="ms-help://MS.NETFrameworkSDKv1.1/cpref/html/frlrfsystemwebservicesprotocolshtmlformparameterwriterClassTopic.htm" ismsdn="true">
    <HelpTopic name="HtmlFormParameterWriter members" link="ms-help://MS.NETFrameworkSDKv1.1/cpref/html/frlrfsystemwebservicesprotocolshtmlformparameterwriterMembersTopic.htm" ismsdn="true" />
    <HelpFolder name="Constructors" link="ms-help://MS.NETFrameworkSDKv1.1/cpref/html/frlrfsystemwebservicesprotocolshtmlformparameterwriterclassctorTopic.htm" ismsdn="true">
      <HelpTopic name=".ctor()" link="ms-help://MS.NETFrameworkSDKv1.1/cpref/html/frlrfsystemwebservicesprotocolshtmlformparameterwriterclassctorTopic.htm" ismsdn="true" />
    </HelpFolder>
    <HelpFolder name="Methods" link="ms-help://MS.NETFrameworkSDKv1.1/cpref/html/frlrfsystemwebservicesprotocolshtmlformparameterwriterMethodsTopic.htm" ismsdn="true">
      <HelpTopic name="InitializeRequest(System.Net.WebRequest, System.Object[])" link="ms-help://MS.NETFrameworkSDKv1.1/cpref/html/frlrfsystemwebservicesprotocolshtmlformparameterwriterclassInitializeRequestTopic.htm" ismsdn="true" />
      <HelpTopic name="WriteRequest(System.IO.Stream, System.Object[])" link="ms-help://MS.NETFrameworkSDKv1.1/cpref/html/frlrfsystemwebservicesprotocolshtmlformparameterwriterclassWriteRequestTopic.htm" ismsdn="true" />
    </HelpFolder>
    <HelpFolder name="Properties" link="ms-help://MS.NETFrameworkSDKv1.1/cpref/html/frlrfsystemwebservicesprotocolshtmlformparameterwriterPropertiesTopic.htm" ismsdn="true">
      <HelpTopic name="UsesWriteRequest" link="ms-help://MS.NETFrameworkSDKv1.1/cpref/html/frlrfsystemwebservicesprotocolshtmlformparameterwriterclassUsesWriteRequestTopic.htm" ismsdn="true" />
    </HelpFolder>
  </HelpFolder>
  <HelpFolder name="HttpGetClientProtocol class" link="ms-help://MS.NETFrameworkSDKv1.1/cpref/html/frlrfsystemwebservicesprotocolshttpgetclientprotocolClassTopic.htm" ismsdn="true">
    <HelpTopic name="HttpGetClientProtocol members" link="ms-help://MS.NETFrameworkSDKv1.1/cpref/html/frlrfsystemwebservicesprotocolshttpgetclientprotocolMembersTopic.htm" ismsdn="true" />
    <HelpFolder name="Constructors" link="ms-help://MS.NETFrameworkSDKv1.1/cpref/html/frlrfsystemwebservicesprotocolshttpgetclientprotocolclassctorTopic.htm" ismsdn="true">
      <HelpTopic name=".ctor()" link="ms-help://MS.NETFrameworkSDKv1.1/cpref/html/frlrfsystemwebservicesprotocolshttpgetclientprotocolclassctorTopic.htm" ismsdn="true" />
    </HelpFolder>
  </HelpFolder>
  <HelpFolder name="HttpMethodAttribute class" link="ms-help://MS.NETFrameworkSDKv1.1/cpref/html/frlrfsystemwebservicesprotocolshttpmethodattributeClassTopic.htm" ismsdn="true">
    <HelpTopic name="HttpMethodAttribute members" link="ms-help://MS.NETFrameworkSDKv1.1/cpref/html/frlrfsystemwebservicesprotocolshttpmethodattributeMembersTopic.htm" ismsdn="true" />
    <HelpFolder name="Constructors" link="ms-help://MS.NETFrameworkSDKv1.1/cpref/html/frlrfsystemwebservicesprotocolshttpmethodattributeclassctorTopic.htm" ismsdn="true">
      <HelpTopic name=".ctor()" link="ms-help://MS.NETFrameworkSDKv1.1/cpref/html/frlrfsystemwebservicesprotocolshttpmethodattributeclassctorTopic1.htm" ismsdn="true" />
      <HelpTopic name=".ctor(System.Type, System.Type)" link="ms-help://MS.NETFrameworkSDKv1.1/cpref/html/frlrfsystemwebservicesprotocolshttpmethodattributeclassctorTopic1.htm" ismsdn="true" />
    </HelpFolder>
    <HelpFolder name="Properties" link="ms-help://MS.NETFrameworkSDKv1.1/cpref/html/frlrfsystemwebservicesprotocolshttpmethodattributePropertiesTopic.htm" ismsdn="true">
      <HelpTopic name="ReturnFormatter" link="ms-help://MS.NETFrameworkSDKv1.1/cpref/html/frlrfsystemwebservicesprotocolshttpmethodattributeclassReturnFormatterTopic.htm" ismsdn="true" />
      <HelpTopic name="ParameterFormatter" link="ms-help://MS.NETFrameworkSDKv1.1/cpref/html/frlrfsystemwebservicesprotocolshttpmethodattributeclassParameterFormatterTopic.htm" ismsdn="true" />
    </HelpFolder>
  </HelpFolder>
  <HelpFolder name="HttpPostClientProtocol class" link="ms-help://MS.NETFrameworkSDKv1.1/cpref/html/frlrfsystemwebservicesprotocolshttppostclientprotocolClassTopic.htm" ismsdn="true">
    <HelpTopic name="HttpPostClientProtocol members" link="ms-help://MS.NETFrameworkSDKv1.1/cpref/html/frlrfsystemwebservicesprotocolshttppostclientprotocolMembersTopic.htm" ismsdn="true" />
    <HelpFolder name="Constructors" link="ms-help://MS.NETFrameworkSDKv1.1/cpref/html/frlrfsystemwebservicesprotocolshttppostclientprotocolclassctorTopic.htm" ismsdn="true">
      <HelpTopic name=".ctor()" link="ms-help://MS.NETFrameworkSDKv1.1/cpref/html/frlrfsystemwebservicesprotocolshttppostclientprotocolclassctorTopic.htm" ismsdn="true" />
    </HelpFolder>
  </HelpFolder>
  <HelpFolder name="HttpSimpleClientProtocol class" link="ms-help://MS.NETFrameworkSDKv1.1/cpref/html/frlrfsystemwebservicesprotocolshttpsimpleclientprotocolClassTopic.htm" ismsdn="true">
    <HelpTopic name="HttpSimpleClientProtocol members" link="ms-help://MS.NETFrameworkSDKv1.1/cpref/html/frlrfsystemwebservicesprotocolshttpsimpleclientprotocolMembersTopic.htm" ismsdn="true" />
  </HelpFolder>
  <HelpFolder name="HttpWebClientProtocol class" link="ms-help://MS.NETFrameworkSDKv1.1/cpref/html/frlrfsystemwebservicesprotocolshttpwebclientprotocolClassTopic.htm" ismsdn="true">
    <HelpTopic name="HttpWebClientProtocol members" link="ms-help://MS.NETFrameworkSDKv1.1/cpref/html/frlrfsystemwebservicesprotocolshttpwebclientprotocolMembersTopic.htm" ismsdn="true" />
    <HelpFolder name="Methods" link="ms-help://MS.NETFrameworkSDKv1.1/cpref/html/frlrfsystemwebservicesprotocolshttpwebclientprotocolMethodsTopic.htm" ismsdn="true">
      <HelpTopic name="GenerateXmlMappings(System.Type, System.Collections.ArrayList)" link="ms-help://MS.NETFrameworkSDKv1.1/cpref/html/frlrfsystemwebservicesprotocolshttpwebclientprotocolclassGenerateXmlMappingsTopic1.htm" ismsdn="true" />
      <HelpTopic name="GenerateXmlMappings(System.Type[], System.Collections.ArrayList)" link="ms-help://MS.NETFrameworkSDKv1.1/cpref/html/frlrfsystemwebservicesprotocolshttpwebclientprotocolclassGenerateXmlMappingsTopic2.htm" ismsdn="true" />
    </HelpFolder>
    <HelpFolder name="Properties" link="ms-help://MS.NETFrameworkSDKv1.1/cpref/html/frlrfsystemwebservicesprotocolshttpwebclientprotocolPropertiesTopic.htm" ismsdn="true">
      <HelpTopic name="AllowAutoRedirect" link="ms-help://MS.NETFrameworkSDKv1.1/cpref/html/frlrfsystemwebservicesprotocolshttpwebclientprotocolclassAllowAutoRedirectTopic.htm" ismsdn="true" />
      <HelpTopic name="CookieContainer" link="ms-help://MS.NETFrameworkSDKv1.1/cpref/html/frlrfsystemwebservicesprotocolshttpwebclientprotocolclassCookieContainerTopic.htm" ismsdn="true" />
      <HelpTopic name="ClientCertificates" link="ms-help://MS.NETFrameworkSDKv1.1/cpref/html/frlrfsystemwebservicesprotocolshttpwebclientprotocolclassClientCertificatesTopic.htm" ismsdn="true" />
      <HelpTopic name="EnableDecompression" link="ms-help://MS.NETFrameworkSDKv1.1/cpref/html/frlrfsystemwebservicesprotocolshttpwebclientprotocolclassEnableDecompressionTopic.htm" ismsdn="true" />
      <HelpTopic name="UserAgent" link="ms-help://MS.NETFrameworkSDKv1.1/cpref/html/frlrfsystemwebservicesprotocolshttpwebclientprotocolclassUserAgentTopic.htm" ismsdn="true" />
      <HelpTopic name="Proxy" link="ms-help://MS.NETFrameworkSDKv1.1/cpref/html/frlrfsystemwebservicesprotocolshttpwebclientprotocolclassProxyTopic.htm" ismsdn="true" />
      <HelpTopic name="UnsafeAuthenticatedConnectionSharing" link="ms-help://MS.NETFrameworkSDKv1.1/cpref/html/frlrfsystemwebservicesprotocolshttpwebclientprotocolclassUnsafeAuthenticatedConnectionSharingTopic.htm" ismsdn="true" />
    </HelpFolder>
  </HelpFolder>
  <HelpFolder name="InvokeCompletedEventArgs class" link="ms-help://MS.NETFrameworkSDKv1.1/cpref/html/frlrfsystemwebservicesprotocolsinvokecompletedeventargsClassTopic.htm" ismsdn="true">
    <HelpTopic name="InvokeCompletedEventArgs members" link="ms-help://MS.NETFrameworkSDKv1.1/cpref/html/frlrfsystemwebservicesprotocolsinvokecompletedeventargsMembersTopic.htm" ismsdn="true" />
    <HelpFolder name="Properties" link="ms-help://MS.NETFrameworkSDKv1.1/cpref/html/frlrfsystemwebservicesprotocolsinvokecompletedeventargsPropertiesTopic.htm" ismsdn="true">
      <HelpTopic name="Results" link="ms-help://MS.NETFrameworkSDKv1.1/cpref/html/frlrfsystemwebservicesprotocolsinvokecompletedeventargsclassResultsTopic.htm" ismsdn="true" />
    </HelpFolder>
  </HelpFolder>
  <HelpTopic name="InvokeCompletedEventHandler delegate" link="ms-help://MS.NETFrameworkSDKv1.1/cpref/html/frlrfsystemwebservicesprotocolsinvokecompletedeventhandlerClassTopic.htm" ismsdn="true" />
  <HelpFolder name="LogicalMethodInfo class" link="ms-help://MS.NETFrameworkSDKv1.1/cpref/html/frlrfsystemwebservicesprotocolslogicalmethodinfoClassTopic.htm" ismsdn="true">
    <HelpTopic name="LogicalMethodInfo members" link="ms-help://MS.NETFrameworkSDKv1.1/cpref/html/frlrfsystemwebservicesprotocolslogicalmethodinfoMembersTopic.htm" ismsdn="true" />
    <HelpFolder name="Constructors" link="ms-help://MS.NETFrameworkSDKv1.1/cpref/html/frlrfsystemwebservicesprotocolslogicalmethodinfoclassctorTopic.htm" ismsdn="true">
      <HelpTopic name=".ctor(System.Reflection.MethodInfo)" link="ms-help://MS.NETFrameworkSDKv1.1/cpref/html/frlrfsystemwebservicesprotocolslogicalmethodinfoclassctorTopic.htm" ismsdn="true" />
    </HelpFolder>
    <HelpFolder name="Methods" link="ms-help://MS.NETFrameworkSDKv1.1/cpref/html/frlrfsystemwebservicesprotocolslogicalmethodinfoMethodsTopic.htm" ismsdn="true">
      <HelpTopic name="ToString()" link="ms-help://MS.NETFrameworkSDKv1.1/cpref/html/frlrfsystemwebservicesprotocolslogicalmethodinfoclassToStringTopic.htm" ismsdn="true" />
      <HelpTopic name="Invoke(System.Object, System.Object[])" link="ms-help://MS.NETFrameworkSDKv1.1/cpref/html/frlrfsystemwebservicesprotocolslogicalmethodinfoclassInvokeTopic.htm" ismsdn="true" />
      <HelpTopic name="BeginInvoke(System.Object, System.Object[], System.AsyncCallback, System.Object)" link="ms-help://MS.NETFrameworkSDKv1.1/cpref/html/frlrfsystemwebservicesprotocolslogicalmethodinfoclassBeginInvokeTopic.htm" ismsdn="true" />
      <HelpTopic name="EndInvoke(System.Object, System.IAsyncResult)" link="ms-help://MS.NETFrameworkSDKv1.1/cpref/html/frlrfsystemwebservicesprotocolslogicalmethodinfoclassEndInvokeTopic.htm" ismsdn="true" />
      <HelpTopic name="GetCustomAttributes(System.Type)" link="ms-help://MS.NETFrameworkSDKv1.1/cpref/html/frlrfsystemwebservicesprotocolslogicalmethodinfoclassGetCustomAttributesTopic.htm" ismsdn="true" />
      <HelpTopic name="GetCustomAttribute(System.Type)" link="ms-help://MS.NETFrameworkSDKv1.1/cpref/html/frlrfsystemwebservicesprotocolslogicalmethodinfoclassGetCustomAttributeTopic.htm" ismsdn="true" />
      <HelpTopic name="IsBeginMethod(System.Reflection.MethodInfo)" link="ms-help://MS.NETFrameworkSDKv1.1/cpref/html/frlrfsystemwebservicesprotocolslogicalmethodinfoclassIsBeginMethodTopic.htm" ismsdn="true" />
      <HelpTopic name="IsEndMethod(System.Reflection.MethodInfo)" link="ms-help://MS.NETFrameworkSDKv1.1/cpref/html/frlrfsystemwebservicesprotocolslogicalmethodinfoclassIsEndMethodTopic.htm" ismsdn="true" />
      <HelpTopic name="Create(System.Reflection.MethodInfo[])" link="ms-help://MS.NETFrameworkSDKv1.1/cpref/html/frlrfsystemwebservicesprotocolslogicalmethodinfoclassCreateTopic1.htm" ismsdn="true" />
      <HelpTopic name="Create(System.Reflection.MethodInfo[], System.Web.Services.Protocols.LogicalMethodTypes)" link="ms-help://MS.NETFrameworkSDKv1.1/cpref/html/frlrfsystemwebservicesprotocolslogicalmethodinfoclassCreateTopic2.htm" ismsdn="true" />
    </HelpFolder>
    <HelpFolder name="Properties" link="ms-help://MS.NETFrameworkSDKv1.1/cpref/html/frlrfsystemwebservicesprotocolslogicalmethodinfoPropertiesTopic.htm" ismsdn="true">
      <HelpTopic name="DeclaringType" link="ms-help://MS.NETFrameworkSDKv1.1/cpref/html/frlrfsystemwebservicesprotocolslogicalmethodinfoclassDeclaringTypeTopic.htm" ismsdn="true" />
      <HelpTopic name="Name" link="ms-help://MS.NETFrameworkSDKv1.1/cpref/html/frlrfsystemwebservicesprotocolslogicalmethodinfoclassNameTopic.htm" ismsdn="true" />
      <HelpTopic name="AsyncResultParameter" link="ms-help://MS.NETFrameworkSDKv1.1/cpref/html/frlrfsystemwebservicesprotocolslogicalmethodinfoclassAsyncResultParameterTopic.htm" ismsdn="true" />
      <HelpTopic name="AsyncCallbackParameter" link="ms-help://MS.NETFrameworkSDKv1.1/cpref/html/frlrfsystemwebservicesprotocolslogicalmethodinfoclassAsyncCallbackParameterTopic.htm" ismsdn="true" />
      <HelpTopic name="AsyncStateParameter" link="ms-help://MS.NETFrameworkSDKv1.1/cpref/html/frlrfsystemwebservicesprotocolslogicalmethodinfoclassAsyncStateParameterTopic.htm" ismsdn="true" />
      <HelpTopic name="ReturnType" link="ms-help://MS.NETFrameworkSDKv1.1/cpref/html/frlrfsystemwebservicesprotocolslogicalmethodinfoclassReturnTypeTopic.htm" ismsdn="true" />
      <HelpTopic name="IsVoid" link="ms-help://MS.NETFrameworkSDKv1.1/cpref/html/frlrfsystemwebservicesprotocolslogicalmethodinfoclassIsVoidTopic.htm" ismsdn="true" />
      <HelpTopic name="IsAsync" link="ms-help://MS.NETFrameworkSDKv1.1/cpref/html/frlrfsystemwebservicesprotocolslogicalmethodinfoclassIsAsyncTopic.htm" ismsdn="true" />
      <HelpTopic name="InParameters" link="ms-help://MS.NETFrameworkSDKv1.1/cpref/html/frlrfsystemwebservicesprotocolslogicalmethodinfoclassInParametersTopic.htm" ismsdn="true" />
      <HelpTopic name="OutParameters" link="ms-help://MS.NETFrameworkSDKv1.1/cpref/html/frlrfsystemwebservicesprotocolslogicalmethodinfoclassOutParametersTopic.htm" ismsdn="true" />
      <HelpTopic name="Parameters" link="ms-help://MS.NETFrameworkSDKv1.1/cpref/html/frlrfsystemwebservicesprotocolslogicalmethodinfoclassParametersTopic.htm" ismsdn="true" />
      <HelpTopic name="CustomAttributeProvider" link="ms-help://MS.NETFrameworkSDKv1.1/cpref/html/frlrfsystemwebservicesprotocolslogicalmethodinfoclassCustomAttributeProviderTopic.htm" ismsdn="true" />
      <HelpTopic name="ReturnTypeCustomAttributeProvider" link="ms-help://MS.NETFrameworkSDKv1.1/cpref/html/frlrfsystemwebservicesprotocolslogicalmethodinfoclassReturnTypeCustomAttributeProviderTopic.htm" ismsdn="true" />
      <HelpTopic name="MethodInfo" link="ms-help://MS.NETFrameworkSDKv1.1/cpref/html/frlrfsystemwebservicesprotocolslogicalmethodinfoclassMethodInfoTopic.htm" ismsdn="true" />
      <HelpTopic name="BeginMethodInfo" link="ms-help://MS.NETFrameworkSDKv1.1/cpref/html/frlrfsystemwebservicesprotocolslogicalmethodinfoclassBeginMethodInfoTopic.htm" ismsdn="true" />
      <HelpTopic name="EndMethodInfo" link="ms-help://MS.NETFrameworkSDKv1.1/cpref/html/frlrfsystemwebservicesprotocolslogicalmethodinfoclassEndMethodInfoTopic.htm" ismsdn="true" />
    </HelpFolder>
  </HelpFolder>
  <HelpTopic name="LogicalMethodTypes enumeration" link="ms-help://MS.NETFrameworkSDKv1.1/cpref/html/frlrfsystemwebservicesprotocolslogicalmethodtypesClassTopic.htm" ismsdn="true" />
  <HelpFolder name="MatchAttribute class" link="ms-help://MS.NETFrameworkSDKv1.1/cpref/html/frlrfsystemwebservicesprotocolsmatchattributeClassTopic.htm" ismsdn="true">
    <HelpTopic name="MatchAttribute members" link="ms-help://MS.NETFrameworkSDKv1.1/cpref/html/frlrfsystemwebservicesprotocolsmatchattributeMembersTopic.htm" ismsdn="true" />
    <HelpFolder name="Constructors" link="ms-help://MS.NETFrameworkSDKv1.1/cpref/html/frlrfsystemwebservicesprotocolsmatchattributeclassctorTopic.htm" ismsdn="true">
      <HelpTopic name=".ctor(System.String)" link="ms-help://MS.NETFrameworkSDKv1.1/cpref/html/frlrfsystemwebservicesprotocolsmatchattributeclassctorTopic.htm" ismsdn="true" />
    </HelpFolder>
    <HelpFolder name="Properties" link="ms-help://MS.NETFrameworkSDKv1.1/cpref/html/frlrfsystemwebservicesprotocolsmatchattributePropertiesTopic.htm" ismsdn="true">
      <HelpTopic name="Pattern" link="ms-help://MS.NETFrameworkSDKv1.1/cpref/html/frlrfsystemwebservicesprotocolsmatchattributeclassPatternTopic.htm" ismsdn="true" />
      <HelpTopic name="Group" link="ms-help://MS.NETFrameworkSDKv1.1/cpref/html/frlrfsystemwebservicesprotocolsmatchattributeclassGroupTopic.htm" ismsdn="true" />
      <HelpTopic name="Capture" link="ms-help://MS.NETFrameworkSDKv1.1/cpref/html/frlrfsystemwebservicesprotocolsmatchattributeclassCaptureTopic.htm" ismsdn="true" />
      <HelpTopic name="IgnoreCase" link="ms-help://MS.NETFrameworkSDKv1.1/cpref/html/frlrfsystemwebservicesprotocolsmatchattributeclassIgnoreCaseTopic.htm" ismsdn="true" />
      <HelpTopic name="MaxRepeats" link="ms-help://MS.NETFrameworkSDKv1.1/cpref/html/frlrfsystemwebservicesprotocolsmatchattributeclassMaxRepeatsTopic.htm" ismsdn="true" />
    </HelpFolder>
  </HelpFolder>
  <HelpFolder name="MimeFormatter class" link="ms-help://MS.NETFrameworkSDKv1.1/cpref/html/frlrfsystemwebservicesprotocolsmimeformatterClassTopic.htm" ismsdn="true">
    <HelpTopic name="MimeFormatter members" link="ms-help://MS.NETFrameworkSDKv1.1/cpref/html/frlrfsystemwebservicesprotocolsmimeformatterMembersTopic.htm" ismsdn="true" />
    <HelpFolder name="Methods" link="ms-help://MS.NETFrameworkSDKv1.1/cpref/html/frlrfsystemwebservicesprotocolsmimeformatterMethodsTopic.htm" ismsdn="true">
      <HelpTopic name="GetInitializer(System.Web.Services.Protocols.LogicalMethodInfo)" link="ms-help://MS.NETFrameworkSDKv1.1/cpref/html/frlrfsystemwebservicesprotocolsmimeformatterclassGetInitializerTopic.htm" ismsdn="true" />
      <HelpTopic name="Initialize(System.Object)" link="ms-help://MS.NETFrameworkSDKv1.1/cpref/html/frlrfsystemwebservicesprotocolsmimeformatterclassInitializeTopic.htm" ismsdn="true" />
      <HelpTopic name="GetInitializers(System.Web.Services.Protocols.LogicalMethodInfo[])" link="ms-help://MS.NETFrameworkSDKv1.1/cpref/html/frlrfsystemwebservicesprotocolsmimeformatterclassGetInitializersTopic.htm" ismsdn="true" />
      <HelpTopic name="GetInitializer(System.Type, System.Web.Services.Protocols.LogicalMethodInfo)" link="ms-help://MS.NETFrameworkSDKv1.1/cpref/html/frlrfsystemwebservicesprotocolsmimeformatterclassGetInitializerTopic.htm" ismsdn="true" />
      <HelpTopic name="GetInitializers(System.Type, System.Web.Services.Protocols.LogicalMethodInfo[])" link="ms-help://MS.NETFrameworkSDKv1.1/cpref/html/frlrfsystemwebservicesprotocolsmimeformatterclassGetInitializersTopic.htm" ismsdn="true" />
      <HelpTopic name="CreateInstance(System.Type, System.Object)" link="ms-help://MS.NETFrameworkSDKv1.1/cpref/html/frlrfsystemwebservicesprotocolsmimeformatterclassCreateInstanceTopic.htm" ismsdn="true" />
    </HelpFolder>
  </HelpFolder>
  <HelpFolder name="MimeParameterReader class" link="ms-help://MS.NETFrameworkSDKv1.1/cpref/html/frlrfsystemwebservicesprotocolsmimeparameterreaderClassTopic.htm" ismsdn="true">
    <HelpTopic name="MimeParameterReader members" link="ms-help://MS.NETFrameworkSDKv1.1/cpref/html/frlrfsystemwebservicesprotocolsmimeparameterreaderMembersTopic.htm" ismsdn="true" />
    <HelpFolder name="Methods" link="ms-help://MS.NETFrameworkSDKv1.1/cpref/html/frlrfsystemwebservicesprotocolsmimeparameterreaderMethodsTopic.htm" ismsdn="true">
      <HelpTopic name="Read(System.Web.HttpRequest)" link="ms-help://MS.NETFrameworkSDKv1.1/cpref/html/frlrfsystemwebservicesprotocolsmimeparameterreaderclassReadTopic.htm" ismsdn="true" />
    </HelpFolder>
  </HelpFolder>
  <HelpFolder name="MimeParameterWriter class" link="ms-help://MS.NETFrameworkSDKv1.1/cpref/html/frlrfsystemwebservicesprotocolsmimeparameterwriterClassTopic.htm" ismsdn="true">
    <HelpTopic name="MimeParameterWriter members" link="ms-help://MS.NETFrameworkSDKv1.1/cpref/html/frlrfsystemwebservicesprotocolsmimeparameterwriterMembersTopic.htm" ismsdn="true" />
    <HelpFolder name="Methods" link="ms-help://MS.NETFrameworkSDKv1.1/cpref/html/frlrfsystemwebservicesprotocolsmimeparameterwriterMethodsTopic.htm" ismsdn="true">
      <HelpTopic name="GetRequestUrl(System.String, System.Object[])" link="ms-help://MS.NETFrameworkSDKv1.1/cpref/html/frlrfsystemwebservicesprotocolsmimeparameterwriterclassGetRequestUrlTopic.htm" ismsdn="true" />
      <HelpTopic name="InitializeRequest(System.Net.WebRequest, System.Object[])" link="ms-help://MS.NETFrameworkSDKv1.1/cpref/html/frlrfsystemwebservicesprotocolsmimeparameterwriterclassInitializeRequestTopic.htm" ismsdn="true" />
      <HelpTopic name="WriteRequest(System.IO.Stream, System.Object[])" link="ms-help://MS.NETFrameworkSDKv1.1/cpref/html/frlrfsystemwebservicesprotocolsmimeparameterwriterclassWriteRequestTopic.htm" ismsdn="true" />
    </HelpFolder>
    <HelpFolder name="Properties" link="ms-help://MS.NETFrameworkSDKv1.1/cpref/html/frlrfsystemwebservicesprotocolsmimeparameterwriterPropertiesTopic.htm" ismsdn="true">
      <HelpTopic name="UsesWriteRequest" link="ms-help://MS.NETFrameworkSDKv1.1/cpref/html/frlrfsystemwebservicesprotocolsmimeparameterwriterclassUsesWriteRequestTopic.htm" ismsdn="true" />
      <HelpTopic name="RequestEncoding" link="ms-help://MS.NETFrameworkSDKv1.1/cpref/html/frlrfsystemwebservicesprotocolsmimeparameterwriterclassRequestEncodingTopic.htm" ismsdn="true" />
    </HelpFolder>
  </HelpFolder>
  <HelpFolder name="MimeReturnReader class" link="ms-help://MS.NETFrameworkSDKv1.1/cpref/html/frlrfsystemwebservicesprotocolsmimereturnreaderClassTopic.htm" ismsdn="true">
    <HelpTopic name="MimeReturnReader members" link="ms-help://MS.NETFrameworkSDKv1.1/cpref/html/frlrfsystemwebservicesprotocolsmimereturnreaderMembersTopic.htm" ismsdn="true" />
    <HelpFolder name="Methods" link="ms-help://MS.NETFrameworkSDKv1.1/cpref/html/frlrfsystemwebservicesprotocolsmimereturnreaderMethodsTopic.htm" ismsdn="true">
      <HelpTopic name="Read(System.Net.WebResponse, System.IO.Stream)" link="ms-help://MS.NETFrameworkSDKv1.1/cpref/html/frlrfsystemwebservicesprotocolsmimereturnreaderclassReadTopic.htm" ismsdn="true" />
    </HelpFolder>
  </HelpFolder>
  <HelpFolder name="NopReturnReader class" link="ms-help://MS.NETFrameworkSDKv1.1/cpref/html/frlrfsystemwebservicesprotocolsnopreturnreaderClassTopic.htm" ismsdn="true">
    <HelpTopic name="NopReturnReader members" link="ms-help://MS.NETFrameworkSDKv1.1/cpref/html/frlrfsystemwebservicesprotocolsnopreturnreaderMembersTopic.htm" ismsdn="true" />
    <HelpFolder name="Constructors" link="ms-help://MS.NETFrameworkSDKv1.1/cpref/html/frlrfsystemwebservicesprotocolsnopreturnreaderclassctorTopic.htm" ismsdn="true">
      <HelpTopic name=".ctor()" link="ms-help://MS.NETFrameworkSDKv1.1/cpref/html/frlrfsystemwebservicesprotocolsnopreturnreaderclassctorTopic.htm" ismsdn="true" />
    </HelpFolder>
    <HelpFolder name="Methods" link="ms-help://MS.NETFrameworkSDKv1.1/cpref/html/frlrfsystemwebservicesprotocolsnopreturnreaderMethodsTopic.htm" ismsdn="true">
      <HelpTopic name="GetInitializer(System.Web.Services.Protocols.LogicalMethodInfo)" link="ms-help://MS.NETFrameworkSDKv1.1/cpref/html/frlrfsystemwebservicesprotocolsnopreturnreaderclassGetInitializerTopic.htm" ismsdn="true" />
      <HelpTopic name="Initialize(System.Object)" link="ms-help://MS.NETFrameworkSDKv1.1/cpref/html/frlrfsystemwebservicesprotocolsnopreturnreaderclassInitializeTopic.htm" ismsdn="true" />
      <HelpTopic name="Read(System.Net.WebResponse, System.IO.Stream)" link="ms-help://MS.NETFrameworkSDKv1.1/cpref/html/frlrfsystemwebservicesprotocolsnopreturnreaderclassReadTopic.htm" ismsdn="true" />
    </HelpFolder>
  </HelpFolder>
  <HelpFolder name="PatternMatcher class" link="ms-help://MS.NETFrameworkSDKv1.1/cpref/html/frlrfsystemwebservicesprotocolspatternmatcherClassTopic.htm" ismsdn="true">
    <HelpTopic name="PatternMatcher members" link="ms-help://MS.NETFrameworkSDKv1.1/cpref/html/frlrfsystemwebservicesprotocolspatternmatcherMembersTopic.htm" ismsdn="true" />
    <HelpFolder name="Constructors" link="ms-help://MS.NETFrameworkSDKv1.1/cpref/html/frlrfsystemwebservicesprotocolspatternmatcherclassctorTopic.htm" ismsdn="true">
      <HelpTopic name=".ctor(System.Type)" link="ms-help://MS.NETFrameworkSDKv1.1/cpref/html/frlrfsystemwebservicesprotocolspatternmatcherclassctorTopic.htm" ismsdn="true" />
    </HelpFolder>
    <HelpFolder name="Methods" link="ms-help://MS.NETFrameworkSDKv1.1/cpref/html/frlrfsystemwebservicesprotocolspatternmatcherMethodsTopic.htm" ismsdn="true">
      <HelpTopic name="Match(System.String)" link="ms-help://MS.NETFrameworkSDKv1.1/cpref/html/frlrfsystemwebservicesprotocolspatternmatcherclassMatchTopic.htm" ismsdn="true" />
    </HelpFolder>
  </HelpFolder>
  <HelpFolder name="ServerProtocol class" link="ms-help://MS.NETFrameworkSDKv1.1/cpref/html/frlrfsystemwebservicesprotocolsserverprotocolClassTopic.htm" ismsdn="true">
    <HelpTopic name="ServerProtocol members" link="ms-help://MS.NETFrameworkSDKv1.1/cpref/html/frlrfsystemwebservicesprotocolsserverprotocolMembersTopic.htm" ismsdn="true" />
  </HelpFolder>
  <HelpFolder name="ServerProtocolFactory class" link="ms-help://MS.NETFrameworkSDKv1.1/cpref/html/frlrfsystemwebservicesprotocolsserverprotocolfactoryClassTopic.htm" ismsdn="true">
    <HelpTopic name="ServerProtocolFactory members" link="ms-help://MS.NETFrameworkSDKv1.1/cpref/html/frlrfsystemwebservicesprotocolsserverprotocolfactoryMembersTopic.htm" ismsdn="true" />
  </HelpFolder>
  <HelpFolder name="ServerType class" link="ms-help://MS.NETFrameworkSDKv1.1/cpref/html/frlrfsystemwebservicesprotocolsservertypeClassTopic.htm" ismsdn="true">
    <HelpTopic name="ServerType members" link="ms-help://MS.NETFrameworkSDKv1.1/cpref/html/frlrfsystemwebservicesprotocolsservertypeMembersTopic.htm" ismsdn="true" />
    <HelpFolder name="Constructors" link="ms-help://MS.NETFrameworkSDKv1.1/cpref/html/frlrfsystemwebservicesprotocolsservertypeclassctorTopic.htm" ismsdn="true">
      <HelpTopic name=".ctor(System.Type)" link="ms-help://MS.NETFrameworkSDKv1.1/cpref/html/frlrfsystemwebservicesprotocolsservertypeclassctorTopic.htm" ismsdn="true" />
    </HelpFolder>
  </HelpFolder>
  <HelpFolder name="Soap12FaultCodes class" link="ms-help://MS.NETFrameworkSDKv1.1/cpref/html/frlrfsystemwebservicesprotocolssoap12faultcodesClassTopic.htm" ismsdn="true">
    <HelpTopic name="Soap12FaultCodes members" link="ms-help://MS.NETFrameworkSDKv1.1/cpref/html/frlrfsystemwebservicesprotocolssoap12faultcodesMembersTopic.htm" ismsdn="true" />
    <HelpFolder name="Fields" link="ms-help://MS.NETFrameworkSDKv1.1/cpref/html/frlrfsystemwebservicesprotocolssoap12faultcodesFieldsTopic.htm" ismsdn="true">
      <HelpTopic name="ReceiverFaultCode" link="ms-help://MS.NETFrameworkSDKv1.1/cpref/html/frlrfsystemwebservicesprotocolssoap12faultcodesclassReceiverFaultCodeTopic.htm" ismsdn="true" />
      <HelpTopic name="SenderFaultCode" link="ms-help://MS.NETFrameworkSDKv1.1/cpref/html/frlrfsystemwebservicesprotocolssoap12faultcodesclassSenderFaultCodeTopic.htm" ismsdn="true" />
      <HelpTopic name="VersionMismatchFaultCode" link="ms-help://MS.NETFrameworkSDKv1.1/cpref/html/frlrfsystemwebservicesprotocolssoap12faultcodesclassVersionMismatchFaultCodeTopic.htm" ismsdn="true" />
      <HelpTopic name="MustUnderstandFaultCode" link="ms-help://MS.NETFrameworkSDKv1.1/cpref/html/frlrfsystemwebservicesprotocolssoap12faultcodesclassMustUnderstandFaultCodeTopic.htm" ismsdn="true" />
      <HelpTopic name="DataEncodingUnknownFaultCode" link="ms-help://MS.NETFrameworkSDKv1.1/cpref/html/frlrfsystemwebservicesprotocolssoap12faultcodesclassDataEncodingUnknownFaultCodeTopic.htm" ismsdn="true" />
      <HelpTopic name="RpcProcedureNotPresentFaultCode" link="ms-help://MS.NETFrameworkSDKv1.1/cpref/html/frlrfsystemwebservicesprotocolssoap12faultcodesclassRpcProcedureNotPresentFaultCodeTopic.htm" ismsdn="true" />
      <HelpTopic name="RpcBadArgumentsFaultCode" link="ms-help://MS.NETFrameworkSDKv1.1/cpref/html/frlrfsystemwebservicesprotocolssoap12faultcodesclassRpcBadArgumentsFaultCodeTopic.htm" ismsdn="true" />
      <HelpTopic name="EncodingMissingIdFaultCode" link="ms-help://MS.NETFrameworkSDKv1.1/cpref/html/frlrfsystemwebservicesprotocolssoap12faultcodesclassEncodingMissingIdFaultCodeTopic.htm" ismsdn="true" />
      <HelpTopic name="EncodingUntypedValueFaultCode" link="ms-help://MS.NETFrameworkSDKv1.1/cpref/html/frlrfsystemwebservicesprotocolssoap12faultcodesclassEncodingUntypedValueFaultCodeTopic.htm" ismsdn="true" />
    </HelpFolder>
  </HelpFolder>
  <HelpFolder name="SoapClientMessage class" link="ms-help://MS.NETFrameworkSDKv1.1/cpref/html/frlrfsystemwebservicesprotocolssoapclientmessageClassTopic.htm" ismsdn="true">
    <HelpTopic name="SoapClientMessage members" link="ms-help://MS.NETFrameworkSDKv1.1/cpref/html/frlrfsystemwebservicesprotocolssoapclientmessageMembersTopic.htm" ismsdn="true" />
    <HelpFolder name="Properties" link="ms-help://MS.NETFrameworkSDKv1.1/cpref/html/frlrfsystemwebservicesprotocolssoapclientmessagePropertiesTopic.htm" ismsdn="true">
      <HelpTopic name="OneWay" link="ms-help://MS.NETFrameworkSDKv1.1/cpref/html/frlrfsystemwebservicesprotocolssoapclientmessageclassOneWayTopic.htm" ismsdn="true" />
      <HelpTopic name="Client" link="ms-help://MS.NETFrameworkSDKv1.1/cpref/html/frlrfsystemwebservicesprotocolssoapclientmessageclassClientTopic.htm" ismsdn="true" />
      <HelpTopic name="MethodInfo" link="ms-help://MS.NETFrameworkSDKv1.1/cpref/html/frlrfsystemwebservicesprotocolssoapclientmessageclassMethodInfoTopic.htm" ismsdn="true" />
      <HelpTopic name="Url" link="ms-help://MS.NETFrameworkSDKv1.1/cpref/html/frlrfsystemwebservicesprotocolssoapclientmessageclassUrlTopic.htm" ismsdn="true" />
      <HelpTopic name="Action" link="ms-help://MS.NETFrameworkSDKv1.1/cpref/html/frlrfsystemwebservicesprotocolssoapclientmessageclassActionTopic.htm" ismsdn="true" />
      <HelpTopic name="SoapVersion" link="ms-help://MS.NETFrameworkSDKv1.1/cpref/html/frlrfsystemwebservicesprotocolssoapclientmessageclassSoapVersionTopic.htm" ismsdn="true" />
    </HelpFolder>
  </HelpFolder>
  <HelpFolder name="SoapDocumentMethodAttribute class" link="ms-help://MS.NETFrameworkSDKv1.1/cpref/html/frlrfsystemwebservicesprotocolssoapdocumentmethodattributeClassTopic.htm" ismsdn="true">
    <HelpTopic name="SoapDocumentMethodAttribute members" link="ms-help://MS.NETFrameworkSDKv1.1/cpref/html/frlrfsystemwebservicesprotocolssoapdocumentmethodattributeMembersTopic.htm" ismsdn="true" />
    <HelpFolder name="Constructors" link="ms-help://MS.NETFrameworkSDKv1.1/cpref/html/frlrfsystemwebservicesprotocolssoapdocumentmethodattributeclassctorTopic.htm" ismsdn="true">
      <HelpTopic name=".ctor()" link="ms-help://MS.NETFrameworkSDKv1.1/cpref/html/frlrfsystemwebservicesprotocolssoapdocumentmethodattributeclassctorTopic1.htm" ismsdn="true" />
      <HelpTopic name=".ctor(System.String)" link="ms-help://MS.NETFrameworkSDKv1.1/cpref/html/frlrfsystemwebservicesprotocolssoapdocumentmethodattributeclassctorTopic1.htm" ismsdn="true" />
    </HelpFolder>
    <HelpFolder name="Properties" link="ms-help://MS.NETFrameworkSDKv1.1/cpref/html/frlrfsystemwebservicesprotocolssoapdocumentmethodattributePropertiesTopic.htm" ismsdn="true">
      <HelpTopic name="Action" link="ms-help://MS.NETFrameworkSDKv1.1/cpref/html/frlrfsystemwebservicesprotocolssoapdocumentmethodattributeclassActionTopic.htm" ismsdn="true" />
      <HelpTopic name="OneWay" link="ms-help://MS.NETFrameworkSDKv1.1/cpref/html/frlrfsystemwebservicesprotocolssoapdocumentmethodattributeclassOneWayTopic.htm" ismsdn="true" />
      <HelpTopic name="RequestNamespace" link="ms-help://MS.NETFrameworkSDKv1.1/cpref/html/frlrfsystemwebservicesprotocolssoapdocumentmethodattributeclassRequestNamespaceTopic.htm" ismsdn="true" />
      <HelpTopic name="ResponseNamespace" link="ms-help://MS.NETFrameworkSDKv1.1/cpref/html/frlrfsystemwebservicesprotocolssoapdocumentmethodattributeclassResponseNamespaceTopic.htm" ismsdn="true" />
      <HelpTopic name="RequestElementName" link="ms-help://MS.NETFrameworkSDKv1.1/cpref/html/frlrfsystemwebservicesprotocolssoapdocumentmethodattributeclassRequestElementNameTopic.htm" ismsdn="true" />
      <HelpTopic name="ResponseElementName" link="ms-help://MS.NETFrameworkSDKv1.1/cpref/html/frlrfsystemwebservicesprotocolssoapdocumentmethodattributeclassResponseElementNameTopic.htm" ismsdn="true" />
      <HelpTopic name="Use" link="ms-help://MS.NETFrameworkSDKv1.1/cpref/html/frlrfsystemwebservicesprotocolssoapdocumentmethodattributeclassUseTopic.htm" ismsdn="true" />
      <HelpTopic name="ParameterStyle" link="ms-help://MS.NETFrameworkSDKv1.1/cpref/html/frlrfsystemwebservicesprotocolssoapdocumentmethodattributeclassParameterStyleTopic.htm" ismsdn="true" />
      <HelpTopic name="Binding" link="ms-help://MS.NETFrameworkSDKv1.1/cpref/html/frlrfsystemwebservicesprotocolssoapdocumentmethodattributeclassBindingTopic.htm" ismsdn="true" />
    </HelpFolder>
  </HelpFolder>
  <HelpFolder name="SoapDocumentServiceAttribute class" link="ms-help://MS.NETFrameworkSDKv1.1/cpref/html/frlrfsystemwebservicesprotocolssoapdocumentserviceattributeClassTopic.htm" ismsdn="true">
    <HelpTopic name="SoapDocumentServiceAttribute members" link="ms-help://MS.NETFrameworkSDKv1.1/cpref/html/frlrfsystemwebservicesprotocolssoapdocumentserviceattributeMembersTopic.htm" ismsdn="true" />
    <HelpFolder name="Constructors" link="ms-help://MS.NETFrameworkSDKv1.1/cpref/html/frlrfsystemwebservicesprotocolssoapdocumentserviceattributeclassctorTopic.htm" ismsdn="true">
      <HelpTopic name=".ctor()" link="ms-help://MS.NETFrameworkSDKv1.1/cpref/html/frlrfsystemwebservicesprotocolssoapdocumentserviceattributeclassctorTopic1.htm" ismsdn="true" />
      <HelpTopic name=".ctor(System.Web.Services.Description.SoapBindingUse)" link="ms-help://MS.NETFrameworkSDKv1.1/cpref/html/frlrfsystemwebservicesprotocolssoapdocumentserviceattributeclassctorTopic1.htm" ismsdn="true" />
      <HelpTopic name=".ctor(System.Web.Services.Description.SoapBindingUse, System.Web.Services.Protocols.SoapParameterStyle)" link="ms-help://MS.NETFrameworkSDKv1.1/cpref/html/frlrfsystemwebservicesprotocolssoapdocumentserviceattributeclassctorTopic2.htm" ismsdn="true" />
    </HelpFolder>
    <HelpFolder name="Properties" link="ms-help://MS.NETFrameworkSDKv1.1/cpref/html/frlrfsystemwebservicesprotocolssoapdocumentserviceattributePropertiesTopic.htm" ismsdn="true">
      <HelpTopic name="Use" link="ms-help://MS.NETFrameworkSDKv1.1/cpref/html/frlrfsystemwebservicesprotocolssoapdocumentserviceattributeclassUseTopic.htm" ismsdn="true" />
      <HelpTopic name="ParameterStyle" link="ms-help://MS.NETFrameworkSDKv1.1/cpref/html/frlrfsystemwebservicesprotocolssoapdocumentserviceattributeclassParameterStyleTopic.htm" ismsdn="true" />
      <HelpTopic name="RoutingStyle" link="ms-help://MS.NETFrameworkSDKv1.1/cpref/html/frlrfsystemwebservicesprotocolssoapdocumentserviceattributeclassRoutingStyleTopic.htm" ismsdn="true" />
    </HelpFolder>
  </HelpFolder>
  <HelpFolder name="SoapException class" link="ms-help://MS.NETFrameworkSDKv1.1/cpref/html/frlrfsystemwebservicesprotocolssoapexceptionClassTopic.htm" ismsdn="true">
    <HelpTopic name="SoapException members" link="ms-help://MS.NETFrameworkSDKv1.1/cpref/html/frlrfsystemwebservicesprotocolssoapexceptionMembersTopic.htm" ismsdn="true" />
    <HelpFolder name="Constructors" link="ms-help://MS.NETFrameworkSDKv1.1/cpref/html/frlrfsystemwebservicesprotocolssoapexceptionclassctorTopic.htm" ismsdn="true">
      <HelpTopic name=".ctor()" link="ms-help://MS.NETFrameworkSDKv1.1/cpref/html/frlrfsystemwebservicesprotocolssoapexceptionclassctorTopic1.htm" ismsdn="true" />
      <HelpTopic name=".ctor(System.String, System.Xml.XmlQualifiedName, System.String)" link="ms-help://MS.NETFrameworkSDKv1.1/cpref/html/frlrfsystemwebservicesprotocolssoapexceptionclassctorTopic1.htm" ismsdn="true" />
      <HelpTopic name=".ctor(System.String, System.Xml.XmlQualifiedName, System.String, System.Exception)" link="ms-help://MS.NETFrameworkSDKv1.1/cpref/html/frlrfsystemwebservicesprotocolssoapexceptionclassctorTopic2.htm" ismsdn="true" />
      <HelpTopic name=".ctor(System.String, System.Xml.XmlQualifiedName)" link="ms-help://MS.NETFrameworkSDKv1.1/cpref/html/frlrfsystemwebservicesprotocolssoapexceptionclassctorTopic3.htm" ismsdn="true" />
      <HelpTopic name=".ctor(System.String, System.Xml.XmlQualifiedName, System.Exception)" link="ms-help://MS.NETFrameworkSDKv1.1/cpref/html/frlrfsystemwebservicesprotocolssoapexceptionclassctorTopic4.htm" ismsdn="true" />
      <HelpTopic name=".ctor(System.String, System.Xml.XmlQualifiedName, System.String, System.Xml.XmlNode)" link="ms-help://MS.NETFrameworkSDKv1.1/cpref/html/frlrfsystemwebservicesprotocolssoapexceptionclassctorTopic5.htm" ismsdn="true" />
      <HelpTopic name=".ctor(System.String, System.Xml.XmlQualifiedName, System.String, System.Xml.XmlNode, System.Exception)" link="ms-help://MS.NETFrameworkSDKv1.1/cpref/html/frlrfsystemwebservicesprotocolssoapexceptionclassctorTopic6.htm" ismsdn="true" />
      <HelpTopic name=".ctor(System.String, System.Xml.XmlQualifiedName, System.Web.Services.Protocols.SoapFaultSubCode)" link="ms-help://MS.NETFrameworkSDKv1.1/cpref/html/frlrfsystemwebservicesprotocolssoapexceptionclassctorTopic7.htm" ismsdn="true" />
      <HelpTopic name=".ctor(System.String, System.Xml.XmlQualifiedName, System.String, System.String, System.Xml.XmlNode, System.Web.Services.Protocols.SoapFaultSubCode, System.Exception)" link="ms-help://MS.NETFrameworkSDKv1.1/cpref/html/frlrfsystemwebservicesprotocolssoapexceptionclassctorTopic8.htm" ismsdn="true" />
      <HelpTopic name=".ctor(System.String, System.Xml.XmlQualifiedName, System.String, System.String, System.String, System.Xml.XmlNode, System.Web.Services.Protocols.SoapFaultSubCode, System.Exception)" link="ms-help://MS.NETFrameworkSDKv1.1/cpref/html/frlrfsystemwebservicesprotocolssoapexceptionclassctorTopic9.htm" ismsdn="true" />
    </HelpFolder>
    <HelpFolder name="Fields" link="ms-help://MS.NETFrameworkSDKv1.1/cpref/html/frlrfsystemwebservicesprotocolssoapexceptionFieldsTopic.htm" ismsdn="true">
      <HelpTopic name="ServerFaultCode" link="ms-help://MS.NETFrameworkSDKv1.1/cpref/html/frlrfsystemwebservicesprotocolssoapexceptionclassServerFaultCodeTopic.htm" ismsdn="true" />
      <HelpTopic name="ClientFaultCode" link="ms-help://MS.NETFrameworkSDKv1.1/cpref/html/frlrfsystemwebservicesprotocolssoapexceptionclassClientFaultCodeTopic.htm" ismsdn="true" />
      <HelpTopic name="VersionMismatchFaultCode" link="ms-help://MS.NETFrameworkSDKv1.1/cpref/html/frlrfsystemwebservicesprotocolssoapexceptionclassVersionMismatchFaultCodeTopic.htm" ismsdn="true" />
      <HelpTopic name="MustUnderstandFaultCode" link="ms-help://MS.NETFrameworkSDKv1.1/cpref/html/frlrfsystemwebservicesprotocolssoapexceptionclassMustUnderstandFaultCodeTopic.htm" ismsdn="true" />
      <HelpTopic name="DetailElementName" link="ms-help://MS.NETFrameworkSDKv1.1/cpref/html/frlrfsystemwebservicesprotocolssoapexceptionclassDetailElementNameTopic.htm" ismsdn="true" />
    </HelpFolder>
    <HelpFolder name="Methods" link="ms-help://MS.NETFrameworkSDKv1.1/cpref/html/frlrfsystemwebservicesprotocolssoapexceptionMethodsTopic.htm" ismsdn="true">
      <HelpTopic name="IsServerFaultCode(System.Xml.XmlQualifiedName)" link="ms-help://MS.NETFrameworkSDKv1.1/cpref/html/frlrfsystemwebservicesprotocolssoapexceptionclassIsServerFaultCodeTopic.htm" ismsdn="true" />
      <HelpTopic name="IsClientFaultCode(System.Xml.XmlQualifiedName)" link="ms-help://MS.NETFrameworkSDKv1.1/cpref/html/frlrfsystemwebservicesprotocolssoapexceptionclassIsClientFaultCodeTopic.htm" ismsdn="true" />
      <HelpTopic name="IsVersionMismatchFaultCode(System.Xml.XmlQualifiedName)" link="ms-help://MS.NETFrameworkSDKv1.1/cpref/html/frlrfsystemwebservicesprotocolssoapexceptionclassIsVersionMismatchFaultCodeTopic.htm" ismsdn="true" />
      <HelpTopic name="IsMustUnderstandFaultCode(System.Xml.XmlQualifiedName)" link="ms-help://MS.NETFrameworkSDKv1.1/cpref/html/frlrfsystemwebservicesprotocolssoapexceptionclassIsMustUnderstandFaultCodeTopic.htm" ismsdn="true" />
      <HelpTopic name="GetObjectData(System.Runtime.Serialization.SerializationInfo, System.Runtime.Serialization.StreamingContext)" link="ms-help://MS.NETFrameworkSDKv1.1/cpref/html/frlrfsystemwebservicesprotocolssoapexceptionclassGetObjectDataTopic.htm" ismsdn="true" />
    </HelpFolder>
    <HelpFolder name="Properties" link="ms-help://MS.NETFrameworkSDKv1.1/cpref/html/frlrfsystemwebservicesprotocolssoapexceptionPropertiesTopic.htm" ismsdn="true">
      <HelpTopic name="Actor" link="ms-help://MS.NETFrameworkSDKv1.1/cpref/html/frlrfsystemwebservicesprotocolssoapexceptionclassActorTopic.htm" ismsdn="true" />
      <HelpTopic name="Code" link="ms-help://MS.NETFrameworkSDKv1.1/cpref/html/frlrfsystemwebservicesprotocolssoapexceptionclassCodeTopic.htm" ismsdn="true" />
      <HelpTopic name="Detail" link="ms-help://MS.NETFrameworkSDKv1.1/cpref/html/frlrfsystemwebservicesprotocolssoapexceptionclassDetailTopic.htm" ismsdn="true" />
      <HelpTopic name="Lang" link="ms-help://MS.NETFrameworkSDKv1.1/cpref/html/frlrfsystemwebservicesprotocolssoapexceptionclassLangTopic.htm" ismsdn="true" />
      <HelpTopic name="Node" link="ms-help://MS.NETFrameworkSDKv1.1/cpref/html/frlrfsystemwebservicesprotocolssoapexceptionclassNodeTopic.htm" ismsdn="true" />
      <HelpTopic name="Role" link="ms-help://MS.NETFrameworkSDKv1.1/cpref/html/frlrfsystemwebservicesprotocolssoapexceptionclassRoleTopic.htm" ismsdn="true" />
      <HelpTopic name="SubCode" link="ms-help://MS.NETFrameworkSDKv1.1/cpref/html/frlrfsystemwebservicesprotocolssoapexceptionclassSubCodeTopic.htm" ismsdn="true" />
    </HelpFolder>
  </HelpFolder>
  <HelpFolder name="SoapExtension class" link="ms-help://MS.NETFrameworkSDKv1.1/cpref/html/frlrfsystemwebservicesprotocolssoapextensionClassTopic.htm" ismsdn="true">
    <HelpTopic name="SoapExtension members" link="ms-help://MS.NETFrameworkSDKv1.1/cpref/html/frlrfsystemwebservicesprotocolssoapextensionMembersTopic.htm" ismsdn="true" />
    <HelpFolder name="Methods" link="ms-help://MS.NETFrameworkSDKv1.1/cpref/html/frlrfsystemwebservicesprotocolssoapextensionMethodsTopic.htm" ismsdn="true">
      <HelpTopic name="GetInitializer(System.Web.Services.Protocols.LogicalMethodInfo, System.Web.Services.Protocols.SoapExtensionAttribute)" link="ms-help://MS.NETFrameworkSDKv1.1/cpref/html/frlrfsystemwebservicesprotocolssoapextensionclassGetInitializerTopic0.htm" ismsdn="true" />
      <HelpTopic name="GetInitializer(System.Type)" link="ms-help://MS.NETFrameworkSDKv1.1/cpref/html/frlrfsystemwebservicesprotocolssoapextensionclassGetInitializerTopic1.htm" ismsdn="true" />
      <HelpTopic name="Initialize(System.Object)" link="ms-help://MS.NETFrameworkSDKv1.1/cpref/html/frlrfsystemwebservicesprotocolssoapextensionclassInitializeTopic.htm" ismsdn="true" />
      <HelpTopic name="ProcessMessage(System.Web.Services.Protocols.SoapMessage)" link="ms-help://MS.NETFrameworkSDKv1.1/cpref/html/frlrfsystemwebservicesprotocolssoapextensionclassProcessMessageTopic.htm" ismsdn="true" />
      <HelpTopic name="ChainStream(System.IO.Stream)" link="ms-help://MS.NETFrameworkSDKv1.1/cpref/html/frlrfsystemwebservicesprotocolssoapextensionclassChainStreamTopic.htm" ismsdn="true" />
    </HelpFolder>
  </HelpFolder>
  <HelpFolder name="SoapExtensionAttribute class" link="ms-help://MS.NETFrameworkSDKv1.1/cpref/html/frlrfsystemwebservicesprotocolssoapextensionattributeClassTopic.htm" ismsdn="true">
    <HelpTopic name="SoapExtensionAttribute members" link="ms-help://MS.NETFrameworkSDKv1.1/cpref/html/frlrfsystemwebservicesprotocolssoapextensionattributeMembersTopic.htm" ismsdn="true" />
    <HelpFolder name="Properties" link="ms-help://MS.NETFrameworkSDKv1.1/cpref/html/frlrfsystemwebservicesprotocolssoapextensionattributePropertiesTopic.htm" ismsdn="true">
      <HelpTopic name="ExtensionType" link="ms-help://MS.NETFrameworkSDKv1.1/cpref/html/frlrfsystemwebservicesprotocolssoapextensionattributeclassExtensionTypeTopic.htm" ismsdn="true" />
      <HelpTopic name="Priority" link="ms-help://MS.NETFrameworkSDKv1.1/cpref/html/frlrfsystemwebservicesprotocolssoapextensionattributeclassPriorityTopic.htm" ismsdn="true" />
    </HelpFolder>
  </HelpFolder>
  <HelpFolder name="SoapFaultSubCode class" link="ms-help://MS.NETFrameworkSDKv1.1/cpref/html/frlrfsystemwebservicesprotocolssoapfaultsubcodeClassTopic.htm" ismsdn="true">
    <HelpTopic name="SoapFaultSubCode members" link="ms-help://MS.NETFrameworkSDKv1.1/cpref/html/frlrfsystemwebservicesprotocolssoapfaultsubcodeMembersTopic.htm" ismsdn="true" />
    <HelpFolder name="Constructors" link="ms-help://MS.NETFrameworkSDKv1.1/cpref/html/frlrfsystemwebservicesprotocolssoapfaultsubcodeclassctorTopic.htm" ismsdn="true">
      <HelpTopic name=".ctor(System.Xml.XmlQualifiedName)" link="ms-help://MS.NETFrameworkSDKv1.1/cpref/html/frlrfsystemwebservicesprotocolssoapfaultsubcodeclassctorTopic1.htm" ismsdn="true" />
      <HelpTopic name=".ctor(System.Xml.XmlQualifiedName, System.Web.Services.Protocols.SoapFaultSubCode)" link="ms-help://MS.NETFrameworkSDKv1.1/cpref/html/frlrfsystemwebservicesprotocolssoapfaultsubcodeclassctorTopic1.htm" ismsdn="true" />
    </HelpFolder>
    <HelpFolder name="Properties" link="ms-help://MS.NETFrameworkSDKv1.1/cpref/html/frlrfsystemwebservicesprotocolssoapfaultsubcodePropertiesTopic.htm" ismsdn="true">
      <HelpTopic name="Code" link="ms-help://MS.NETFrameworkSDKv1.1/cpref/html/frlrfsystemwebservicesprotocolssoapfaultsubcodeclassCodeTopic.htm" ismsdn="true" />
      <HelpTopic name="SubCode" link="ms-help://MS.NETFrameworkSDKv1.1/cpref/html/frlrfsystemwebservicesprotocolssoapfaultsubcodeclassSubCodeTopic.htm" ismsdn="true" />
    </HelpFolder>
  </HelpFolder>
  <HelpFolder name="SoapHeader class" link="ms-help://MS.NETFrameworkSDKv1.1/cpref/html/frlrfsystemwebservicesprotocolssoapheaderClassTopic.htm" ismsdn="true">
    <HelpTopic name="SoapHeader members" link="ms-help://MS.NETFrameworkSDKv1.1/cpref/html/frlrfsystemwebservicesprotocolssoapheaderMembersTopic.htm" ismsdn="true" />
    <HelpFolder name="Properties" link="ms-help://MS.NETFrameworkSDKv1.1/cpref/html/frlrfsystemwebservicesprotocolssoapheaderPropertiesTopic.htm" ismsdn="true">
      <HelpTopic name="EncodedMustUnderstand" link="ms-help://MS.NETFrameworkSDKv1.1/cpref/html/frlrfsystemwebservicesprotocolssoapheaderclassEncodedMustUnderstandTopic.htm" ismsdn="true" />
      <HelpTopic name="EncodedMustUnderstand12" link="ms-help://MS.NETFrameworkSDKv1.1/cpref/html/frlrfsystemwebservicesprotocolssoapheaderclassEncodedMustUnderstand12Topic.htm" ismsdn="true" />
      <HelpTopic name="MustUnderstand" link="ms-help://MS.NETFrameworkSDKv1.1/cpref/html/frlrfsystemwebservicesprotocolssoapheaderclassMustUnderstandTopic.htm" ismsdn="true" />
      <HelpTopic name="Actor" link="ms-help://MS.NETFrameworkSDKv1.1/cpref/html/frlrfsystemwebservicesprotocolssoapheaderclassActorTopic.htm" ismsdn="true" />
      <HelpTopic name="Role" link="ms-help://MS.NETFrameworkSDKv1.1/cpref/html/frlrfsystemwebservicesprotocolssoapheaderclassRoleTopic.htm" ismsdn="true" />
      <HelpTopic name="DidUnderstand" link="ms-help://MS.NETFrameworkSDKv1.1/cpref/html/frlrfsystemwebservicesprotocolssoapheaderclassDidUnderstandTopic.htm" ismsdn="true" />
      <HelpTopic name="EncodedRelay" link="ms-help://MS.NETFrameworkSDKv1.1/cpref/html/frlrfsystemwebservicesprotocolssoapheaderclassEncodedRelayTopic.htm" ismsdn="true" />
      <HelpTopic name="Relay" link="ms-help://MS.NETFrameworkSDKv1.1/cpref/html/frlrfsystemwebservicesprotocolssoapheaderclassRelayTopic.htm" ismsdn="true" />
    </HelpFolder>
  </HelpFolder>
  <HelpFolder name="SoapHeaderAttribute class" link="ms-help://MS.NETFrameworkSDKv1.1/cpref/html/frlrfsystemwebservicesprotocolssoapheaderattributeClassTopic.htm" ismsdn="true">
    <HelpTopic name="SoapHeaderAttribute members" link="ms-help://MS.NETFrameworkSDKv1.1/cpref/html/frlrfsystemwebservicesprotocolssoapheaderattributeMembersTopic.htm" ismsdn="true" />
    <HelpFolder name="Constructors" link="ms-help://MS.NETFrameworkSDKv1.1/cpref/html/frlrfsystemwebservicesprotocolssoapheaderattributeclassctorTopic.htm" ismsdn="true">
      <HelpTopic name=".ctor(System.String)" link="ms-help://MS.NETFrameworkSDKv1.1/cpref/html/frlrfsystemwebservicesprotocolssoapheaderattributeclassctorTopic.htm" ismsdn="true" />
    </HelpFolder>
    <HelpFolder name="Properties" link="ms-help://MS.NETFrameworkSDKv1.1/cpref/html/frlrfsystemwebservicesprotocolssoapheaderattributePropertiesTopic.htm" ismsdn="true">
      <HelpTopic name="MemberName" link="ms-help://MS.NETFrameworkSDKv1.1/cpref/html/frlrfsystemwebservicesprotocolssoapheaderattributeclassMemberNameTopic.htm" ismsdn="true" />
      <HelpTopic name="Direction" link="ms-help://MS.NETFrameworkSDKv1.1/cpref/html/frlrfsystemwebservicesprotocolssoapheaderattributeclassDirectionTopic.htm" ismsdn="true" />
      <HelpTopic name="Required" link="ms-help://MS.NETFrameworkSDKv1.1/cpref/html/frlrfsystemwebservicesprotocolssoapheaderattributeclassRequiredTopic.htm" ismsdn="true" />
    </HelpFolder>
  </HelpFolder>
  <HelpFolder name="SoapHeaderCollection class" link="ms-help://MS.NETFrameworkSDKv1.1/cpref/html/frlrfsystemwebservicesprotocolssoapheadercollectionClassTopic.htm" ismsdn="true">
    <HelpTopic name="SoapHeaderCollection members" link="ms-help://MS.NETFrameworkSDKv1.1/cpref/html/frlrfsystemwebservicesprotocolssoapheadercollectionMembersTopic.htm" ismsdn="true" />
    <HelpFolder name="Constructors" link="ms-help://MS.NETFrameworkSDKv1.1/cpref/html/frlrfsystemwebservicesprotocolssoapheadercollectionclassctorTopic.htm" ismsdn="true">
      <HelpTopic name=".ctor()" link="ms-help://MS.NETFrameworkSDKv1.1/cpref/html/frlrfsystemwebservicesprotocolssoapheadercollectionclassctorTopic.htm" ismsdn="true" />
    </HelpFolder>
    <HelpFolder name="Methods" link="ms-help://MS.NETFrameworkSDKv1.1/cpref/html/frlrfsystemwebservicesprotocolssoapheadercollectionMethodsTopic.htm" ismsdn="true">
      <HelpTopic name="Add(System.Web.Services.Protocols.SoapHeader)" link="ms-help://MS.NETFrameworkSDKv1.1/cpref/html/frlrfsystemwebservicesprotocolssoapheadercollectionclassAddTopic.htm" ismsdn="true" />
      <HelpTopic name="Insert(System.Int32, System.Web.Services.Protocols.SoapHeader)" link="ms-help://MS.NETFrameworkSDKv1.1/cpref/html/frlrfsystemwebservicesprotocolssoapheadercollectionclassInsertTopic.htm" ismsdn="true" />
      <HelpTopic name="IndexOf(System.Web.Services.Protocols.SoapHeader)" link="ms-help://MS.NETFrameworkSDKv1.1/cpref/html/frlrfsystemwebservicesprotocolssoapheadercollectionclassIndexOfTopic.htm" ismsdn="true" />
      <HelpTopic name="Contains(System.Web.Services.Protocols.SoapHeader)" link="ms-help://MS.NETFrameworkSDKv1.1/cpref/html/frlrfsystemwebservicesprotocolssoapheadercollectionclassContainsTopic.htm" ismsdn="true" />
      <HelpTopic name="Remove(System.Web.Services.Protocols.SoapHeader)" link="ms-help://MS.NETFrameworkSDKv1.1/cpref/html/frlrfsystemwebservicesprotocolssoapheadercollectionclassRemoveTopic.htm" ismsdn="true" />
      <HelpTopic name="CopyTo(System.Web.Services.Protocols.SoapHeader[], System.Int32)" link="ms-help://MS.NETFrameworkSDKv1.1/cpref/html/frlrfsystemwebservicesprotocolssoapheadercollectionclassCopyToTopic.htm" ismsdn="true" />
    </HelpFolder>
    <HelpFolder name="Properties" link="ms-help://MS.NETFrameworkSDKv1.1/cpref/html/frlrfsystemwebservicesprotocolssoapheadercollectionPropertiesTopic.htm" ismsdn="true">
      <HelpTopic name="Item" link="ms-help://MS.NETFrameworkSDKv1.1/cpref/html/frlrfsystemwebservicesprotocolssoapheadercollectionclassItemTopic.htm" ismsdn="true" />
    </HelpFolder>
  </HelpFolder>
  <HelpTopic name="SoapHeaderDirection enumeration" link="ms-help://MS.NETFrameworkSDKv1.1/cpref/html/frlrfsystemwebservicesprotocolssoapheaderdirectionClassTopic.htm" ismsdn="true" />
  <HelpFolder name="SoapHeaderException class" link="ms-help://MS.NETFrameworkSDKv1.1/cpref/html/frlrfsystemwebservicesprotocolssoapheaderexceptionClassTopic.htm" ismsdn="true">
    <HelpTopic name="SoapHeaderException members" link="ms-help://MS.NETFrameworkSDKv1.1/cpref/html/frlrfsystemwebservicesprotocolssoapheaderexceptionMembersTopic.htm" ismsdn="true" />
    <HelpFolder name="Constructors" link="ms-help://MS.NETFrameworkSDKv1.1/cpref/html/frlrfsystemwebservicesprotocolssoapheaderexceptionclassctorTopic.htm" ismsdn="true">
      <HelpTopic name=".ctor()" link="ms-help://MS.NETFrameworkSDKv1.1/cpref/html/frlrfsystemwebservicesprotocolssoapheaderexceptionclassctorTopic1.htm" ismsdn="true" />
      <HelpTopic name=".ctor(System.String, System.Xml.XmlQualifiedName, System.String)" link="ms-help://MS.NETFrameworkSDKv1.1/cpref/html/frlrfsystemwebservicesprotocolssoapheaderexceptionclassctorTopic1.htm" ismsdn="true" />
      <HelpTopic name=".ctor(System.String, System.Xml.XmlQualifiedName, System.String, System.Exception)" link="ms-help://MS.NETFrameworkSDKv1.1/cpref/html/frlrfsystemwebservicesprotocolssoapheaderexceptionclassctorTopic2.htm" ismsdn="true" />
      <HelpTopic name=".ctor(System.String, System.Xml.XmlQualifiedName)" link="ms-help://MS.NETFrameworkSDKv1.1/cpref/html/frlrfsystemwebservicesprotocolssoapheaderexceptionclassctorTopic3.htm" ismsdn="true" />
      <HelpTopic name=".ctor(System.String, System.Xml.XmlQualifiedName, System.Exception)" link="ms-help://MS.NETFrameworkSDKv1.1/cpref/html/frlrfsystemwebservicesprotocolssoapheaderexceptionclassctorTopic4.htm" ismsdn="true" />
      <HelpTopic name=".ctor(System.String, System.Xml.XmlQualifiedName, System.String, System.String, System.Web.Services.Protocols.SoapFaultSubCode, System.Exception)" link="ms-help://MS.NETFrameworkSDKv1.1/cpref/html/frlrfsystemwebservicesprotocolssoapheaderexceptionclassctorTopic5.htm" ismsdn="true" />
      <HelpTopic name=".ctor(System.String, System.Xml.XmlQualifiedName, System.String, System.String, System.String, System.Web.Services.Protocols.SoapFaultSubCode, System.Exception)" link="ms-help://MS.NETFrameworkSDKv1.1/cpref/html/frlrfsystemwebservicesprotocolssoapheaderexceptionclassctorTopic6.htm" ismsdn="true" />
    </HelpFolder>
  </HelpFolder>
  <HelpFolder name="SoapHeaderHandling class" link="ms-help://MS.NETFrameworkSDKv1.1/cpref/html/frlrfsystemwebservicesprotocolssoapheaderhandlingClassTopic.htm" ismsdn="true">
    <HelpTopic name="SoapHeaderHandling members" link="ms-help://MS.NETFrameworkSDKv1.1/cpref/html/frlrfsystemwebservicesprotocolssoapheaderhandlingMembersTopic.htm" ismsdn="true" />
    <HelpFolder name="Constructors" link="ms-help://MS.NETFrameworkSDKv1.1/cpref/html/frlrfsystemwebservicesprotocolssoapheaderhandlingclassctorTopic.htm" ismsdn="true">
      <HelpTopic name=".ctor()" link="ms-help://MS.NETFrameworkSDKv1.1/cpref/html/frlrfsystemwebservicesprotocolssoapheaderhandlingclassctorTopic.htm" ismsdn="true" />
    </HelpFolder>
    <HelpFolder name="Methods" link="ms-help://MS.NETFrameworkSDKv1.1/cpref/html/frlrfsystemwebservicesprotocolssoapheaderhandlingMethodsTopic.htm" ismsdn="true">
      <HelpTopic name="ReadHeaders(System.Xml.XmlReader, System.Xml.Serialization.XmlSerializer, System.Web.Services.Protocols.SoapHeaderCollection, System.Web.Services.Protocols.SoapHeaderMapping[], System.Web.Services.Protocols.SoapHeaderDirection, System.String, System.String, System.Boolean)" link="ms-help://MS.NETFrameworkSDKv1.1/cpref/html/frlrfsystemwebservicesprotocolssoapheaderhandlingclassReadHeadersTopic.htm" ismsdn="true" />
      <HelpTopic name="WriteHeaders(System.Xml.XmlWriter, System.Xml.Serialization.XmlSerializer, System.Web.Services.Protocols.SoapHeaderCollection, System.Web.Services.Protocols.SoapHeaderMapping[], System.Web.Services.Protocols.SoapHeaderDirection, System.Boolean, System.String, System.Boolean, System.String)" link="ms-help://MS.NETFrameworkSDKv1.1/cpref/html/frlrfsystemwebservicesprotocolssoapheaderhandlingclassWriteHeadersTopic.htm" ismsdn="true" />
      <HelpTopic name="WriteUnknownHeaders(System.Xml.XmlWriter, System.Web.Services.Protocols.SoapHeaderCollection, System.String)" link="ms-help://MS.NETFrameworkSDKv1.1/cpref/html/frlrfsystemwebservicesprotocolssoapheaderhandlingclassWriteUnknownHeadersTopic.htm" ismsdn="true" />
      <HelpTopic name="SetHeaderMembers(System.Web.Services.Protocols.SoapHeaderCollection, System.Object, System.Web.Services.Protocols.SoapHeaderMapping[], System.Web.Services.Protocols.SoapHeaderDirection, System.Boolean)" link="ms-help://MS.NETFrameworkSDKv1.1/cpref/html/frlrfsystemwebservicesprotocolssoapheaderhandlingclassSetHeaderMembersTopic.htm" ismsdn="true" />
      <HelpTopic name="GetHeaderMembers(System.Web.Services.Protocols.SoapHeaderCollection, System.Object, System.Web.Services.Protocols.SoapHeaderMapping[], System.Web.Services.Protocols.SoapHeaderDirection, System.Boolean)" link="ms-help://MS.NETFrameworkSDKv1.1/cpref/html/frlrfsystemwebservicesprotocolssoapheaderhandlingclassGetHeaderMembersTopic.htm" ismsdn="true" />
      <HelpTopic name="EnsureHeadersUnderstood(System.Web.Services.Protocols.SoapHeaderCollection)" link="ms-help://MS.NETFrameworkSDKv1.1/cpref/html/frlrfsystemwebservicesprotocolssoapheaderhandlingclassEnsureHeadersUnderstoodTopic.htm" ismsdn="true" />
    </HelpFolder>
  </HelpFolder>
  <HelpFolder name="SoapHeaderMapping class" link="ms-help://MS.NETFrameworkSDKv1.1/cpref/html/frlrfsystemwebservicesprotocolssoapheadermappingClassTopic.htm" ismsdn="true">
    <HelpTopic name="SoapHeaderMapping members" link="ms-help://MS.NETFrameworkSDKv1.1/cpref/html/frlrfsystemwebservicesprotocolssoapheadermappingMembersTopic.htm" ismsdn="true" />
    <HelpFolder name="Properties" link="ms-help://MS.NETFrameworkSDKv1.1/cpref/html/frlrfsystemwebservicesprotocolssoapheadermappingPropertiesTopic.htm" ismsdn="true">
      <HelpTopic name="HeaderType" link="ms-help://MS.NETFrameworkSDKv1.1/cpref/html/frlrfsystemwebservicesprotocolssoapheadermappingclassHeaderTypeTopic.htm" ismsdn="true" />
      <HelpTopic name="Repeats" link="ms-help://MS.NETFrameworkSDKv1.1/cpref/html/frlrfsystemwebservicesprotocolssoapheadermappingclassRepeatsTopic.htm" ismsdn="true" />
      <HelpTopic name="Custom" link="ms-help://MS.NETFrameworkSDKv1.1/cpref/html/frlrfsystemwebservicesprotocolssoapheadermappingclassCustomTopic.htm" ismsdn="true" />
      <HelpTopic name="Direction" link="ms-help://MS.NETFrameworkSDKv1.1/cpref/html/frlrfsystemwebservicesprotocolssoapheadermappingclassDirectionTopic.htm" ismsdn="true" />
      <HelpTopic name="MemberInfo" link="ms-help://MS.NETFrameworkSDKv1.1/cpref/html/frlrfsystemwebservicesprotocolssoapheadermappingclassMemberInfoTopic.htm" ismsdn="true" />
    </HelpFolder>
  </HelpFolder>
  <HelpFolder name="SoapHttpClientProtocol class" link="ms-help://MS.NETFrameworkSDKv1.1/cpref/html/frlrfsystemwebservicesprotocolssoaphttpclientprotocolClassTopic.htm" ismsdn="true">
    <HelpTopic name="SoapHttpClientProtocol members" link="ms-help://MS.NETFrameworkSDKv1.1/cpref/html/frlrfsystemwebservicesprotocolssoaphttpclientprotocolMembersTopic.htm" ismsdn="true" />
    <HelpFolder name="Constructors" link="ms-help://MS.NETFrameworkSDKv1.1/cpref/html/frlrfsystemwebservicesprotocolssoaphttpclientprotocolclassctorTopic.htm" ismsdn="true">
      <HelpTopic name=".ctor()" link="ms-help://MS.NETFrameworkSDKv1.1/cpref/html/frlrfsystemwebservicesprotocolssoaphttpclientprotocolclassctorTopic.htm" ismsdn="true" />
    </HelpFolder>
    <HelpFolder name="Methods" link="ms-help://MS.NETFrameworkSDKv1.1/cpref/html/frlrfsystemwebservicesprotocolssoaphttpclientprotocolMethodsTopic.htm" ismsdn="true">
      <HelpTopic name="Discover()" link="ms-help://MS.NETFrameworkSDKv1.1/cpref/html/frlrfsystemwebservicesprotocolssoaphttpclientprotocolclassDiscoverTopic.htm" ismsdn="true" />
    </HelpFolder>
    <HelpFolder name="Properties" link="ms-help://MS.NETFrameworkSDKv1.1/cpref/html/frlrfsystemwebservicesprotocolssoaphttpclientprotocolPropertiesTopic.htm" ismsdn="true">
      <HelpTopic name="SoapVersion" link="ms-help://MS.NETFrameworkSDKv1.1/cpref/html/frlrfsystemwebservicesprotocolssoaphttpclientprotocolclassSoapVersionTopic.htm" ismsdn="true" />
    </HelpFolder>
  </HelpFolder>
  <HelpFolder name="SoapMessage class" link="ms-help://MS.NETFrameworkSDKv1.1/cpref/html/frlrfsystemwebservicesprotocolssoapmessageClassTopic.htm" ismsdn="true">
    <HelpTopic name="SoapMessage members" link="ms-help://MS.NETFrameworkSDKv1.1/cpref/html/frlrfsystemwebservicesprotocolssoapmessageMembersTopic.htm" ismsdn="true" />
    <HelpFolder name="Methods" link="ms-help://MS.NETFrameworkSDKv1.1/cpref/html/frlrfsystemwebservicesprotocolssoapmessageMethodsTopic.htm" ismsdn="true">
      <HelpTopic name="GetInParameterValue(System.Int32)" link="ms-help://MS.NETFrameworkSDKv1.1/cpref/html/frlrfsystemwebservicesprotocolssoapmessageclassGetInParameterValueTopic.htm" ismsdn="true" />
      <HelpTopic name="GetOutParameterValue(System.Int32)" link="ms-help://MS.NETFrameworkSDKv1.1/cpref/html/frlrfsystemwebservicesprotocolssoapmessageclassGetOutParameterValueTopic.htm" ismsdn="true" />
      <HelpTopic name="GetReturnValue()" link="ms-help://MS.NETFrameworkSDKv1.1/cpref/html/frlrfsystemwebservicesprotocolssoapmessageclassGetReturnValueTopic.htm" ismsdn="true" />
    </HelpFolder>
    <HelpFolder name="Properties" link="ms-help://MS.NETFrameworkSDKv1.1/cpref/html/frlrfsystemwebservicesprotocolssoapmessagePropertiesTopic.htm" ismsdn="true">
      <HelpTopic name="OneWay" link="ms-help://MS.NETFrameworkSDKv1.1/cpref/html/frlrfsystemwebservicesprotocolssoapmessageclassOneWayTopic.htm" ismsdn="true" />
      <HelpTopic name="Exception" link="ms-help://MS.NETFrameworkSDKv1.1/cpref/html/frlrfsystemwebservicesprotocolssoapmessageclassExceptionTopic.htm" ismsdn="true" />
      <HelpTopic name="MethodInfo" link="ms-help://MS.NETFrameworkSDKv1.1/cpref/html/frlrfsystemwebservicesprotocolssoapmessageclassMethodInfoTopic.htm" ismsdn="true" />
      <HelpTopic name="Headers" link="ms-help://MS.NETFrameworkSDKv1.1/cpref/html/frlrfsystemwebservicesprotocolssoapmessageclassHeadersTopic.htm" ismsdn="true" />
      <HelpTopic name="Stream" link="ms-help://MS.NETFrameworkSDKv1.1/cpref/html/frlrfsystemwebservicesprotocolssoapmessageclassStreamTopic.htm" ismsdn="true" />
      <HelpTopic name="ContentType" link="ms-help://MS.NETFrameworkSDKv1.1/cpref/html/frlrfsystemwebservicesprotocolssoapmessageclassContentTypeTopic.htm" ismsdn="true" />
      <HelpTopic name="ContentEncoding" link="ms-help://MS.NETFrameworkSDKv1.1/cpref/html/frlrfsystemwebservicesprotocolssoapmessageclassContentEncodingTopic.htm" ismsdn="true" />
      <HelpTopic name="Stage" link="ms-help://MS.NETFrameworkSDKv1.1/cpref/html/frlrfsystemwebservicesprotocolssoapmessageclassStageTopic.htm" ismsdn="true" />
      <HelpTopic name="Url" link="ms-help://MS.NETFrameworkSDKv1.1/cpref/html/frlrfsystemwebservicesprotocolssoapmessageclassUrlTopic.htm" ismsdn="true" />
      <HelpTopic name="Action" link="ms-help://MS.NETFrameworkSDKv1.1/cpref/html/frlrfsystemwebservicesprotocolssoapmessageclassActionTopic.htm" ismsdn="true" />
      <HelpTopic name="SoapVersion" link="ms-help://MS.NETFrameworkSDKv1.1/cpref/html/frlrfsystemwebservicesprotocolssoapmessageclassSoapVersionTopic.htm" ismsdn="true" />
    </HelpFolder>
  </HelpFolder>
  <HelpTopic name="SoapMessageStage enumeration" link="ms-help://MS.NETFrameworkSDKv1.1/cpref/html/frlrfsystemwebservicesprotocolssoapmessagestageClassTopic.htm" ismsdn="true" />
  <HelpTopic name="SoapParameterStyle enumeration" link="ms-help://MS.NETFrameworkSDKv1.1/cpref/html/frlrfsystemwebservicesprotocolssoapparameterstyleClassTopic.htm" ismsdn="true" />
  <HelpTopic name="SoapProtocolVersion enumeration" link="ms-help://MS.NETFrameworkSDKv1.1/cpref/html/frlrfsystemwebservicesprotocolssoapprotocolversionClassTopic.htm" ismsdn="true" />
  <HelpFolder name="SoapRpcMethodAttribute class" link="ms-help://MS.NETFrameworkSDKv1.1/cpref/html/frlrfsystemwebservicesprotocolssoaprpcmethodattributeClassTopic.htm" ismsdn="true">
    <HelpTopic name="SoapRpcMethodAttribute members" link="ms-help://MS.NETFrameworkSDKv1.1/cpref/html/frlrfsystemwebservicesprotocolssoaprpcmethodattributeMembersTopic.htm" ismsdn="true" />
    <HelpFolder name="Constructors" link="ms-help://MS.NETFrameworkSDKv1.1/cpref/html/frlrfsystemwebservicesprotocolssoaprpcmethodattributeclassctorTopic.htm" ismsdn="true">
      <HelpTopic name=".ctor()" link="ms-help://MS.NETFrameworkSDKv1.1/cpref/html/frlrfsystemwebservicesprotocolssoaprpcmethodattributeclassctorTopic1.htm" ismsdn="true" />
      <HelpTopic name=".ctor(System.String)" link="ms-help://MS.NETFrameworkSDKv1.1/cpref/html/frlrfsystemwebservicesprotocolssoaprpcmethodattributeclassctorTopic1.htm" ismsdn="true" />
    </HelpFolder>
    <HelpFolder name="Properties" link="ms-help://MS.NETFrameworkSDKv1.1/cpref/html/frlrfsystemwebservicesprotocolssoaprpcmethodattributePropertiesTopic.htm" ismsdn="true">
      <HelpTopic name="Action" link="ms-help://MS.NETFrameworkSDKv1.1/cpref/html/frlrfsystemwebservicesprotocolssoaprpcmethodattributeclassActionTopic.htm" ismsdn="true" />
      <HelpTopic name="Binding" link="ms-help://MS.NETFrameworkSDKv1.1/cpref/html/frlrfsystemwebservicesprotocolssoaprpcmethodattributeclassBindingTopic.htm" ismsdn="true" />
      <HelpTopic name="OneWay" link="ms-help://MS.NETFrameworkSDKv1.1/cpref/html/frlrfsystemwebservicesprotocolssoaprpcmethodattributeclassOneWayTopic.htm" ismsdn="true" />
      <HelpTopic name="RequestNamespace" link="ms-help://MS.NETFrameworkSDKv1.1/cpref/html/frlrfsystemwebservicesprotocolssoaprpcmethodattributeclassRequestNamespaceTopic.htm" ismsdn="true" />
      <HelpTopic name="ResponseNamespace" link="ms-help://MS.NETFrameworkSDKv1.1/cpref/html/frlrfsystemwebservicesprotocolssoaprpcmethodattributeclassResponseNamespaceTopic.htm" ismsdn="true" />
      <HelpTopic name="RequestElementName" link="ms-help://MS.NETFrameworkSDKv1.1/cpref/html/frlrfsystemwebservicesprotocolssoaprpcmethodattributeclassRequestElementNameTopic.htm" ismsdn="true" />
      <HelpTopic name="ResponseElementName" link="ms-help://MS.NETFrameworkSDKv1.1/cpref/html/frlrfsystemwebservicesprotocolssoaprpcmethodattributeclassResponseElementNameTopic.htm" ismsdn="true" />
      <HelpTopic name="Use" link="ms-help://MS.NETFrameworkSDKv1.1/cpref/html/frlrfsystemwebservicesprotocolssoaprpcmethodattributeclassUseTopic.htm" ismsdn="true" />
    </HelpFolder>
  </HelpFolder>
  <HelpFolder name="SoapRpcServiceAttribute class" link="ms-help://MS.NETFrameworkSDKv1.1/cpref/html/frlrfsystemwebservicesprotocolssoaprpcserviceattributeClassTopic.htm" ismsdn="true">
    <HelpTopic name="SoapRpcServiceAttribute members" link="ms-help://MS.NETFrameworkSDKv1.1/cpref/html/frlrfsystemwebservicesprotocolssoaprpcserviceattributeMembersTopic.htm" ismsdn="true" />
    <HelpFolder name="Constructors" link="ms-help://MS.NETFrameworkSDKv1.1/cpref/html/frlrfsystemwebservicesprotocolssoaprpcserviceattributeclassctorTopic.htm" ismsdn="true">
      <HelpTopic name=".ctor()" link="ms-help://MS.NETFrameworkSDKv1.1/cpref/html/frlrfsystemwebservicesprotocolssoaprpcserviceattributeclassctorTopic.htm" ismsdn="true" />
    </HelpFolder>
    <HelpFolder name="Properties" link="ms-help://MS.NETFrameworkSDKv1.1/cpref/html/frlrfsystemwebservicesprotocolssoaprpcserviceattributePropertiesTopic.htm" ismsdn="true">
      <HelpTopic name="RoutingStyle" link="ms-help://MS.NETFrameworkSDKv1.1/cpref/html/frlrfsystemwebservicesprotocolssoaprpcserviceattributeclassRoutingStyleTopic.htm" ismsdn="true" />
      <HelpTopic name="Use" link="ms-help://MS.NETFrameworkSDKv1.1/cpref/html/frlrfsystemwebservicesprotocolssoaprpcserviceattributeclassUseTopic.htm" ismsdn="true" />
    </HelpFolder>
  </HelpFolder>
  <HelpFolder name="SoapServerMessage class" link="ms-help://MS.NETFrameworkSDKv1.1/cpref/html/frlrfsystemwebservicesprotocolssoapservermessageClassTopic.htm" ismsdn="true">
    <HelpTopic name="SoapServerMessage members" link="ms-help://MS.NETFrameworkSDKv1.1/cpref/html/frlrfsystemwebservicesprotocolssoapservermessageMembersTopic.htm" ismsdn="true" />
    <HelpFolder name="Properties" link="ms-help://MS.NETFrameworkSDKv1.1/cpref/html/frlrfsystemwebservicesprotocolssoapservermessagePropertiesTopic.htm" ismsdn="true">
      <HelpTopic name="OneWay" link="ms-help://MS.NETFrameworkSDKv1.1/cpref/html/frlrfsystemwebservicesprotocolssoapservermessageclassOneWayTopic.htm" ismsdn="true" />
      <HelpTopic name="Url" link="ms-help://MS.NETFrameworkSDKv1.1/cpref/html/frlrfsystemwebservicesprotocolssoapservermessageclassUrlTopic.htm" ismsdn="true" />
      <HelpTopic name="Action" link="ms-help://MS.NETFrameworkSDKv1.1/cpref/html/frlrfsystemwebservicesprotocolssoapservermessageclassActionTopic.htm" ismsdn="true" />
      <HelpTopic name="SoapVersion" link="ms-help://MS.NETFrameworkSDKv1.1/cpref/html/frlrfsystemwebservicesprotocolssoapservermessageclassSoapVersionTopic.htm" ismsdn="true" />
      <HelpTopic name="Server" link="ms-help://MS.NETFrameworkSDKv1.1/cpref/html/frlrfsystemwebservicesprotocolssoapservermessageclassServerTopic.htm" ismsdn="true" />
      <HelpTopic name="MethodInfo" link="ms-help://MS.NETFrameworkSDKv1.1/cpref/html/frlrfsystemwebservicesprotocolssoapservermessageclassMethodInfoTopic.htm" ismsdn="true" />
    </HelpFolder>
  </HelpFolder>
  <HelpFolder name="SoapServerMethod class" link="ms-help://MS.NETFrameworkSDKv1.1/cpref/html/frlrfsystemwebservicesprotocolssoapservermethodClassTopic.htm" ismsdn="true">
    <HelpTopic name="SoapServerMethod members" link="ms-help://MS.NETFrameworkSDKv1.1/cpref/html/frlrfsystemwebservicesprotocolssoapservermethodMembersTopic.htm" ismsdn="true" />
    <HelpFolder name="Constructors" link="ms-help://MS.NETFrameworkSDKv1.1/cpref/html/frlrfsystemwebservicesprotocolssoapservermethodclassctorTopic.htm" ismsdn="true">
      <HelpTopic name=".ctor()" link="ms-help://MS.NETFrameworkSDKv1.1/cpref/html/frlrfsystemwebservicesprotocolssoapservermethodclassctorTopic1.htm" ismsdn="true" />
      <HelpTopic name=".ctor(System.Type, System.Web.Services.Protocols.LogicalMethodInfo)" link="ms-help://MS.NETFrameworkSDKv1.1/cpref/html/frlrfsystemwebservicesprotocolssoapservermethodclassctorTopic1.htm" ismsdn="true" />
    </HelpFolder>
    <HelpFolder name="Properties" link="ms-help://MS.NETFrameworkSDKv1.1/cpref/html/frlrfsystemwebservicesprotocolssoapservermethodPropertiesTopic.htm" ismsdn="true">
      <HelpTopic name="MethodInfo" link="ms-help://MS.NETFrameworkSDKv1.1/cpref/html/frlrfsystemwebservicesprotocolssoapservermethodclassMethodInfoTopic.htm" ismsdn="true" />
      <HelpTopic name="ReturnSerializer" link="ms-help://MS.NETFrameworkSDKv1.1/cpref/html/frlrfsystemwebservicesprotocolssoapservermethodclassReturnSerializerTopic.htm" ismsdn="true" />
      <HelpTopic name="ParameterSerializer" link="ms-help://MS.NETFrameworkSDKv1.1/cpref/html/frlrfsystemwebservicesprotocolssoapservermethodclassParameterSerializerTopic.htm" ismsdn="true" />
      <HelpTopic name="InHeaderSerializer" link="ms-help://MS.NETFrameworkSDKv1.1/cpref/html/frlrfsystemwebservicesprotocolssoapservermethodclassInHeaderSerializerTopic.htm" ismsdn="true" />
      <HelpTopic name="OutHeaderSerializer" link="ms-help://MS.NETFrameworkSDKv1.1/cpref/html/frlrfsystemwebservicesprotocolssoapservermethodclassOutHeaderSerializerTopic.htm" ismsdn="true" />
      <HelpTopic name="InHeaderMappings" link="ms-help://MS.NETFrameworkSDKv1.1/cpref/html/frlrfsystemwebservicesprotocolssoapservermethodclassInHeaderMappingsTopic.htm" ismsdn="true" />
      <HelpTopic name="OutHeaderMappings" link="ms-help://MS.NETFrameworkSDKv1.1/cpref/html/frlrfsystemwebservicesprotocolssoapservermethodclassOutHeaderMappingsTopic.htm" ismsdn="true" />
      <HelpTopic name="Action" link="ms-help://MS.NETFrameworkSDKv1.1/cpref/html/frlrfsystemwebservicesprotocolssoapservermethodclassActionTopic.htm" ismsdn="true" />
      <HelpTopic name="OneWay" link="ms-help://MS.NETFrameworkSDKv1.1/cpref/html/frlrfsystemwebservicesprotocolssoapservermethodclassOneWayTopic.htm" ismsdn="true" />
      <HelpTopic name="Rpc" link="ms-help://MS.NETFrameworkSDKv1.1/cpref/html/frlrfsystemwebservicesprotocolssoapservermethodclassRpcTopic.htm" ismsdn="true" />
      <HelpTopic name="BindingUse" link="ms-help://MS.NETFrameworkSDKv1.1/cpref/html/frlrfsystemwebservicesprotocolssoapservermethodclassBindingUseTopic.htm" ismsdn="true" />
      <HelpTopic name="ParameterStyle" link="ms-help://MS.NETFrameworkSDKv1.1/cpref/html/frlrfsystemwebservicesprotocolssoapservermethodclassParameterStyleTopic.htm" ismsdn="true" />
      <HelpTopic name="WsiClaims" link="ms-help://MS.NETFrameworkSDKv1.1/cpref/html/frlrfsystemwebservicesprotocolssoapservermethodclassWsiClaimsTopic.htm" ismsdn="true" />
    </HelpFolder>
  </HelpFolder>
  <HelpFolder name="SoapServerProtocol class" link="ms-help://MS.NETFrameworkSDKv1.1/cpref/html/frlrfsystemwebservicesprotocolssoapserverprotocolClassTopic.htm" ismsdn="true">
    <HelpTopic name="SoapServerProtocol members" link="ms-help://MS.NETFrameworkSDKv1.1/cpref/html/frlrfsystemwebservicesprotocolssoapserverprotocolMembersTopic.htm" ismsdn="true" />
  </HelpFolder>
  <HelpFolder name="SoapServerProtocolFactory class" link="ms-help://MS.NETFrameworkSDKv1.1/cpref/html/frlrfsystemwebservicesprotocolssoapserverprotocolfactoryClassTopic.htm" ismsdn="true">
    <HelpTopic name="SoapServerProtocolFactory members" link="ms-help://MS.NETFrameworkSDKv1.1/cpref/html/frlrfsystemwebservicesprotocolssoapserverprotocolfactoryMembersTopic.htm" ismsdn="true" />
    <HelpFolder name="Constructors" link="ms-help://MS.NETFrameworkSDKv1.1/cpref/html/frlrfsystemwebservicesprotocolssoapserverprotocolfactoryclassctorTopic.htm" ismsdn="true">
      <HelpTopic name=".ctor()" link="ms-help://MS.NETFrameworkSDKv1.1/cpref/html/frlrfsystemwebservicesprotocolssoapserverprotocolfactoryclassctorTopic.htm" ismsdn="true" />
    </HelpFolder>
  </HelpFolder>
  <HelpFolder name="SoapServerType class" link="ms-help://MS.NETFrameworkSDKv1.1/cpref/html/frlrfsystemwebservicesprotocolssoapservertypeClassTopic.htm" ismsdn="true">
    <HelpTopic name="SoapServerType members" link="ms-help://MS.NETFrameworkSDKv1.1/cpref/html/frlrfsystemwebservicesprotocolssoapservertypeMembersTopic.htm" ismsdn="true" />
    <HelpFolder name="Constructors" link="ms-help://MS.NETFrameworkSDKv1.1/cpref/html/frlrfsystemwebservicesprotocolssoapservertypeclassctorTopic.htm" ismsdn="true">
      <HelpTopic name=".ctor(System.Type, System.Web.Services.Configuration.WebServiceProtocols)" link="ms-help://MS.NETFrameworkSDKv1.1/cpref/html/frlrfsystemwebservicesprotocolssoapservertypeclassctorTopic.htm" ismsdn="true" />
    </HelpFolder>
    <HelpFolder name="Methods" link="ms-help://MS.NETFrameworkSDKv1.1/cpref/html/frlrfsystemwebservicesprotocolssoapservertypeMethodsTopic.htm" ismsdn="true">
      <HelpTopic name="GetMethod(System.Object)" link="ms-help://MS.NETFrameworkSDKv1.1/cpref/html/frlrfsystemwebservicesprotocolssoapservertypeclassGetMethodTopic.htm" ismsdn="true" />
      <HelpTopic name="GetDuplicateMethod(System.Object)" link="ms-help://MS.NETFrameworkSDKv1.1/cpref/html/frlrfsystemwebservicesprotocolssoapservertypeclassGetDuplicateMethodTopic.htm" ismsdn="true" />
    </HelpFolder>
    <HelpFolder name="Properties" link="ms-help://MS.NETFrameworkSDKv1.1/cpref/html/frlrfsystemwebservicesprotocolssoapservertypePropertiesTopic.htm" ismsdn="true">
      <HelpTopic name="ServiceNamespace" link="ms-help://MS.NETFrameworkSDKv1.1/cpref/html/frlrfsystemwebservicesprotocolssoapservertypeclassServiceNamespaceTopic.htm" ismsdn="true" />
      <HelpTopic name="ServiceDefaultIsEncoded" link="ms-help://MS.NETFrameworkSDKv1.1/cpref/html/frlrfsystemwebservicesprotocolssoapservertypeclassServiceDefaultIsEncodedTopic.htm" ismsdn="true" />
      <HelpTopic name="ServiceRoutingOnSoapAction" link="ms-help://MS.NETFrameworkSDKv1.1/cpref/html/frlrfsystemwebservicesprotocolssoapservertypeclassServiceRoutingOnSoapActionTopic.htm" ismsdn="true" />
    </HelpFolder>
  </HelpFolder>
  <HelpTopic name="SoapServiceRoutingStyle enumeration" link="ms-help://MS.NETFrameworkSDKv1.1/cpref/html/frlrfsystemwebservicesprotocolssoapserviceroutingstyleClassTopic.htm" ismsdn="true" />
  <HelpFolder name="SoapUnknownHeader class" link="ms-help://MS.NETFrameworkSDKv1.1/cpref/html/frlrfsystemwebservicesprotocolssoapunknownheaderClassTopic.htm" ismsdn="true">
    <HelpTopic name="SoapUnknownHeader members" link="ms-help://MS.NETFrameworkSDKv1.1/cpref/html/frlrfsystemwebservicesprotocolssoapunknownheaderMembersTopic.htm" ismsdn="true" />
    <HelpFolder name="Constructors" link="ms-help://MS.NETFrameworkSDKv1.1/cpref/html/frlrfsystemwebservicesprotocolssoapunknownheaderclassctorTopic.htm" ismsdn="true">
      <HelpTopic name=".ctor()" link="ms-help://MS.NETFrameworkSDKv1.1/cpref/html/frlrfsystemwebservicesprotocolssoapunknownheaderclassctorTopic.htm" ismsdn="true" />
    </HelpFolder>
    <HelpFolder name="Properties" link="ms-help://MS.NETFrameworkSDKv1.1/cpref/html/frlrfsystemwebservicesprotocolssoapunknownheaderPropertiesTopic.htm" ismsdn="true">
      <HelpTopic name="Element" link="ms-help://MS.NETFrameworkSDKv1.1/cpref/html/frlrfsystemwebservicesprotocolssoapunknownheaderclassElementTopic.htm" ismsdn="true" />
    </HelpFolder>
  </HelpFolder>
  <HelpFolder name="TextReturnReader class" link="ms-help://MS.NETFrameworkSDKv1.1/cpref/html/frlrfsystemwebservicesprotocolstextreturnreaderClassTopic.htm" ismsdn="true">
    <HelpTopic name="TextReturnReader members" link="ms-help://MS.NETFrameworkSDKv1.1/cpref/html/frlrfsystemwebservicesprotocolstextreturnreaderMembersTopic.htm" ismsdn="true" />
    <HelpFolder name="Constructors" link="ms-help://MS.NETFrameworkSDKv1.1/cpref/html/frlrfsystemwebservicesprotocolstextreturnreaderclassctorTopic.htm" ismsdn="true">
      <HelpTopic name=".ctor()" link="ms-help://MS.NETFrameworkSDKv1.1/cpref/html/frlrfsystemwebservicesprotocolstextreturnreaderclassctorTopic.htm" ismsdn="true" />
    </HelpFolder>
    <HelpFolder name="Methods" link="ms-help://MS.NETFrameworkSDKv1.1/cpref/html/frlrfsystemwebservicesprotocolstextreturnreaderMethodsTopic.htm" ismsdn="true">
      <HelpTopic name="Initialize(System.Object)" link="ms-help://MS.NETFrameworkSDKv1.1/cpref/html/frlrfsystemwebservicesprotocolstextreturnreaderclassInitializeTopic.htm" ismsdn="true" />
      <HelpTopic name="GetInitializer(System.Web.Services.Protocols.LogicalMethodInfo)" link="ms-help://MS.NETFrameworkSDKv1.1/cpref/html/frlrfsystemwebservicesprotocolstextreturnreaderclassGetInitializerTopic.htm" ismsdn="true" />
      <HelpTopic name="Read(System.Net.WebResponse, System.IO.Stream)" link="ms-help://MS.NETFrameworkSDKv1.1/cpref/html/frlrfsystemwebservicesprotocolstextreturnreaderclassReadTopic.htm" ismsdn="true" />
    </HelpFolder>
  </HelpFolder>
  <HelpFolder name="UrlEncodedParameterWriter class" link="ms-help://MS.NETFrameworkSDKv1.1/cpref/html/frlrfsystemwebservicesprotocolsurlencodedparameterwriterClassTopic.htm" ismsdn="true">
    <HelpTopic name="UrlEncodedParameterWriter members" link="ms-help://MS.NETFrameworkSDKv1.1/cpref/html/frlrfsystemwebservicesprotocolsurlencodedparameterwriterMembersTopic.htm" ismsdn="true" />
    <HelpFolder name="Methods" link="ms-help://MS.NETFrameworkSDKv1.1/cpref/html/frlrfsystemwebservicesprotocolsurlencodedparameterwriterMethodsTopic.htm" ismsdn="true">
      <HelpTopic name="GetInitializer(System.Web.Services.Protocols.LogicalMethodInfo)" link="ms-help://MS.NETFrameworkSDKv1.1/cpref/html/frlrfsystemwebservicesprotocolsurlencodedparameterwriterclassGetInitializerTopic.htm" ismsdn="true" />
      <HelpTopic name="Initialize(System.Object)" link="ms-help://MS.NETFrameworkSDKv1.1/cpref/html/frlrfsystemwebservicesprotocolsurlencodedparameterwriterclassInitializeTopic.htm" ismsdn="true" />
    </HelpFolder>
    <HelpFolder name="Properties" link="ms-help://MS.NETFrameworkSDKv1.1/cpref/html/frlrfsystemwebservicesprotocolsurlencodedparameterwriterPropertiesTopic.htm" ismsdn="true">
      <HelpTopic name="RequestEncoding" link="ms-help://MS.NETFrameworkSDKv1.1/cpref/html/frlrfsystemwebservicesprotocolsurlencodedparameterwriterclassRequestEncodingTopic.htm" ismsdn="true" />
    </HelpFolder>
  </HelpFolder>
  <HelpFolder name="UrlParameterReader class" link="ms-help://MS.NETFrameworkSDKv1.1/cpref/html/frlrfsystemwebservicesprotocolsurlparameterreaderClassTopic.htm" ismsdn="true">
    <HelpTopic name="UrlParameterReader members" link="ms-help://MS.NETFrameworkSDKv1.1/cpref/html/frlrfsystemwebservicesprotocolsurlparameterreaderMembersTopic.htm" ismsdn="true" />
    <HelpFolder name="Constructors" link="ms-help://MS.NETFrameworkSDKv1.1/cpref/html/frlrfsystemwebservicesprotocolsurlparameterreaderclassctorTopic.htm" ismsdn="true">
      <HelpTopic name=".ctor()" link="ms-help://MS.NETFrameworkSDKv1.1/cpref/html/frlrfsystemwebservicesprotocolsurlparameterreaderclassctorTopic.htm" ismsdn="true" />
    </HelpFolder>
    <HelpFolder name="Methods" link="ms-help://MS.NETFrameworkSDKv1.1/cpref/html/frlrfsystemwebservicesprotocolsurlparameterreaderMethodsTopic.htm" ismsdn="true">
      <HelpTopic name="Read(System.Web.HttpRequest)" link="ms-help://MS.NETFrameworkSDKv1.1/cpref/html/frlrfsystemwebservicesprotocolsurlparameterreaderclassReadTopic.htm" ismsdn="true" />
    </HelpFolder>
  </HelpFolder>
  <HelpFolder name="UrlParameterWriter class" link="ms-help://MS.NETFrameworkSDKv1.1/cpref/html/frlrfsystemwebservicesprotocolsurlparameterwriterClassTopic.htm" ismsdn="true">
    <HelpTopic name="UrlParameterWriter members" link="ms-help://MS.NETFrameworkSDKv1.1/cpref/html/frlrfsystemwebservicesprotocolsurlparameterwriterMembersTopic.htm" ismsdn="true" />
    <HelpFolder name="Constructors" link="ms-help://MS.NETFrameworkSDKv1.1/cpref/html/frlrfsystemwebservicesprotocolsurlparameterwriterclassctorTopic.htm" ismsdn="true">
      <HelpTopic name=".ctor()" link="ms-help://MS.NETFrameworkSDKv1.1/cpref/html/frlrfsystemwebservicesprotocolsurlparameterwriterclassctorTopic.htm" ismsdn="true" />
    </HelpFolder>
    <HelpFolder name="Methods" link="ms-help://MS.NETFrameworkSDKv1.1/cpref/html/frlrfsystemwebservicesprotocolsurlparameterwriterMethodsTopic.htm" ismsdn="true">
      <HelpTopic name="GetRequestUrl(System.String, System.Object[])" link="ms-help://MS.NETFrameworkSDKv1.1/cpref/html/frlrfsystemwebservicesprotocolsurlparameterwriterclassGetRequestUrlTopic.htm" ismsdn="true" />
    </HelpFolder>
  </HelpFolder>
  <HelpFolder name="ValueCollectionParameterReader class" link="ms-help://MS.NETFrameworkSDKv1.1/cpref/html/frlrfsystemwebservicesprotocolsvaluecollectionparameterreaderClassTopic.htm" ismsdn="true">
    <HelpTopic name="ValueCollectionParameterReader members" link="ms-help://MS.NETFrameworkSDKv1.1/cpref/html/frlrfsystemwebservicesprotocolsvaluecollectionparameterreaderMembersTopic.htm" ismsdn="true" />
    <HelpFolder name="Methods" link="ms-help://MS.NETFrameworkSDKv1.1/cpref/html/frlrfsystemwebservicesprotocolsvaluecollectionparameterreaderMethodsTopic.htm" ismsdn="true">
      <HelpTopic name="Initialize(System.Object)" link="ms-help://MS.NETFrameworkSDKv1.1/cpref/html/frlrfsystemwebservicesprotocolsvaluecollectionparameterreaderclassInitializeTopic.htm" ismsdn="true" />
      <HelpTopic name="GetInitializer(System.Web.Services.Protocols.LogicalMethodInfo)" link="ms-help://MS.NETFrameworkSDKv1.1/cpref/html/frlrfsystemwebservicesprotocolsvaluecollectionparameterreaderclassGetInitializerTopic.htm" ismsdn="true" />
      <HelpTopic name="IsSupported(System.Web.Services.Protocols.LogicalMethodInfo)" link="ms-help://MS.NETFrameworkSDKv1.1/cpref/html/frlrfsystemwebservicesprotocolsvaluecollectionparameterreaderclassIsSupportedTopic1.htm" ismsdn="true" />
      <HelpTopic name="IsSupported(System.Reflection.ParameterInfo)" link="ms-help://MS.NETFrameworkSDKv1.1/cpref/html/frlrfsystemwebservicesprotocolsvaluecollectionparameterreaderclassIsSupportedTopic2.htm" ismsdn="true" />
    </HelpFolder>
  </HelpFolder>
  <HelpFolder name="WebClientAsyncResult class" link="ms-help://MS.NETFrameworkSDKv1.1/cpref/html/frlrfsystemwebservicesprotocolswebclientasyncresultClassTopic.htm" ismsdn="true">
    <HelpTopic name="WebClientAsyncResult members" link="ms-help://MS.NETFrameworkSDKv1.1/cpref/html/frlrfsystemwebservicesprotocolswebclientasyncresultMembersTopic.htm" ismsdn="true" />
    <HelpFolder name="Methods" link="ms-help://MS.NETFrameworkSDKv1.1/cpref/html/frlrfsystemwebservicesprotocolswebclientasyncresultMethodsTopic.htm" ismsdn="true">
      <HelpTopic name="Abort()" link="ms-help://MS.NETFrameworkSDKv1.1/cpref/html/frlrfsystemwebservicesprotocolswebclientasyncresultclassAbortTopic.htm" ismsdn="true" />
    </HelpFolder>
    <HelpFolder name="Properties" link="ms-help://MS.NETFrameworkSDKv1.1/cpref/html/frlrfsystemwebservicesprotocolswebclientasyncresultPropertiesTopic.htm" ismsdn="true">
      <HelpTopic name="AsyncState" link="ms-help://MS.NETFrameworkSDKv1.1/cpref/html/frlrfsystemwebservicesprotocolswebclientasyncresultclassAsyncStateTopic.htm" ismsdn="true" />
      <HelpTopic name="AsyncWaitHandle" link="ms-help://MS.NETFrameworkSDKv1.1/cpref/html/frlrfsystemwebservicesprotocolswebclientasyncresultclassAsyncWaitHandleTopic.htm" ismsdn="true" />
      <HelpTopic name="CompletedSynchronously" link="ms-help://MS.NETFrameworkSDKv1.1/cpref/html/frlrfsystemwebservicesprotocolswebclientasyncresultclassCompletedSynchronouslyTopic.htm" ismsdn="true" />
      <HelpTopic name="IsCompleted" link="ms-help://MS.NETFrameworkSDKv1.1/cpref/html/frlrfsystemwebservicesprotocolswebclientasyncresultclassIsCompletedTopic.htm" ismsdn="true" />
    </HelpFolder>
  </HelpFolder>
  <HelpFolder name="WebClientProtocol class" link="ms-help://MS.NETFrameworkSDKv1.1/cpref/html/frlrfsystemwebservicesprotocolswebclientprotocolClassTopic.htm" ismsdn="true">
    <HelpTopic name="WebClientProtocol members" link="ms-help://MS.NETFrameworkSDKv1.1/cpref/html/frlrfsystemwebservicesprotocolswebclientprotocolMembersTopic.htm" ismsdn="true" />
    <HelpFolder name="Methods" link="ms-help://MS.NETFrameworkSDKv1.1/cpref/html/frlrfsystemwebservicesprotocolswebclientprotocolMethodsTopic.htm" ismsdn="true">
      <HelpTopic name="Abort()" link="ms-help://MS.NETFrameworkSDKv1.1/cpref/html/frlrfsystemwebservicesprotocolswebclientprotocolclassAbortTopic.htm" ismsdn="true" />
    </HelpFolder>
    <HelpFolder name="Properties" link="ms-help://MS.NETFrameworkSDKv1.1/cpref/html/frlrfsystemwebservicesprotocolswebclientprotocolPropertiesTopic.htm" ismsdn="true">
      <HelpTopic name="Credentials" link="ms-help://MS.NETFrameworkSDKv1.1/cpref/html/frlrfsystemwebservicesprotocolswebclientprotocolclassCredentialsTopic.htm" ismsdn="true" />
      <HelpTopic name="UseDefaultCredentials" link="ms-help://MS.NETFrameworkSDKv1.1/cpref/html/frlrfsystemwebservicesprotocolswebclientprotocolclassUseDefaultCredentialsTopic.htm" ismsdn="true" />
      <HelpTopic name="ConnectionGroupName" link="ms-help://MS.NETFrameworkSDKv1.1/cpref/html/frlrfsystemwebservicesprotocolswebclientprotocolclassConnectionGroupNameTopic.htm" ismsdn="true" />
      <HelpTopic name="PreAuthenticate" link="ms-help://MS.NETFrameworkSDKv1.1/cpref/html/frlrfsystemwebservicesprotocolswebclientprotocolclassPreAuthenticateTopic.htm" ismsdn="true" />
      <HelpTopic name="Url" link="ms-help://MS.NETFrameworkSDKv1.1/cpref/html/frlrfsystemwebservicesprotocolswebclientprotocolclassUrlTopic.htm" ismsdn="true" />
      <HelpTopic name="RequestEncoding" link="ms-help://MS.NETFrameworkSDKv1.1/cpref/html/frlrfsystemwebservicesprotocolswebclientprotocolclassRequestEncodingTopic.htm" ismsdn="true" />
      <HelpTopic name="Timeout" link="ms-help://MS.NETFrameworkSDKv1.1/cpref/html/frlrfsystemwebservicesprotocolswebclientprotocolclassTimeoutTopic.htm" ismsdn="true" />
    </HelpFolder>
  </HelpFolder>
  <HelpFolder name="WebServiceHandlerFactory class" link="ms-help://MS.NETFrameworkSDKv1.1/cpref/html/frlrfsystemwebservicesprotocolswebservicehandlerfactoryClassTopic.htm" ismsdn="true">
    <HelpTopic name="WebServiceHandlerFactory members" link="ms-help://MS.NETFrameworkSDKv1.1/cpref/html/frlrfsystemwebservicesprotocolswebservicehandlerfactoryMembersTopic.htm" ismsdn="true" />
    <HelpFolder name="Constructors" link="ms-help://MS.NETFrameworkSDKv1.1/cpref/html/frlrfsystemwebservicesprotocolswebservicehandlerfactoryclassctorTopic.htm" ismsdn="true">
      <HelpTopic name=".ctor()" link="ms-help://MS.NETFrameworkSDKv1.1/cpref/html/frlrfsystemwebservicesprotocolswebservicehandlerfactoryclassctorTopic.htm" ismsdn="true" />
    </HelpFolder>
    <HelpFolder name="Methods" link="ms-help://MS.NETFrameworkSDKv1.1/cpref/html/frlrfsystemwebservicesprotocolswebservicehandlerfactoryMethodsTopic.htm" ismsdn="true">
      <HelpTopic name="GetHandler(System.Web.HttpContext, System.String, System.String, System.String)" link="ms-help://MS.NETFrameworkSDKv1.1/cpref/html/frlrfsystemwebservicesprotocolswebservicehandlerfactoryclassGetHandlerTopic.htm" ismsdn="true" />
      <HelpTopic name="ReleaseHandler(System.Web.IHttpHandler)" link="ms-help://MS.NETFrameworkSDKv1.1/cpref/html/frlrfsystemwebservicesprotocolswebservicehandlerfactoryclassReleaseHandlerTopic.htm" ismsdn="true" />
    </HelpFolder>
  </HelpFolder>
  <HelpFolder name="XmlReturnReader class" link="ms-help://MS.NETFrameworkSDKv1.1/cpref/html/frlrfsystemwebservicesprotocolsxmlreturnreaderClassTopic.htm" ismsdn="true">
    <HelpTopic name="XmlReturnReader members" link="ms-help://MS.NETFrameworkSDKv1.1/cpref/html/frlrfsystemwebservicesprotocolsxmlreturnreaderMembersTopic.htm" ismsdn="true" />
    <HelpFolder name="Constructors" link="ms-help://MS.NETFrameworkSDKv1.1/cpref/html/frlrfsystemwebservicesprotocolsxmlreturnreaderclassctorTopic.htm" ismsdn="true">
      <HelpTopic name=".ctor()" link="ms-help://MS.NETFrameworkSDKv1.1/cpref/html/frlrfsystemwebservicesprotocolsxmlreturnreaderclassctorTopic.htm" ismsdn="true" />
    </HelpFolder>
    <HelpFolder name="Methods" link="ms-help://MS.NETFrameworkSDKv1.1/cpref/html/frlrfsystemwebservicesprotocolsxmlreturnreaderMethodsTopic.htm" ismsdn="true">
      <HelpTopic name="Initialize(System.Object)" link="ms-help://MS.NETFrameworkSDKv1.1/cpref/html/frlrfsystemwebservicesprotocolsxmlreturnreaderclassInitializeTopic.htm" ismsdn="true" />
      <HelpTopic name="GetInitializers(System.Web.Services.Protocols.LogicalMethodInfo[])" link="ms-help://MS.NETFrameworkSDKv1.1/cpref/html/frlrfsystemwebservicesprotocolsxmlreturnreaderclassGetInitializersTopic.htm" ismsdn="true" />
      <HelpTopic name="GetInitializer(System.Web.Services.Protocols.LogicalMethodInfo)" link="ms-help://MS.NETFrameworkSDKv1.1/cpref/html/frlrfsystemwebservicesprotocolsxmlreturnreaderclassGetInitializerTopic.htm" ismsdn="true" />
      <HelpTopic name="Read(System.Net.WebResponse, System.IO.Stream)" link="ms-help://MS.NETFrameworkSDKv1.1/cpref/html/frlrfsystemwebservicesprotocolsxmlreturnreaderclassReadTopic.htm" ismsdn="true" />
    </HelpFolder>
  </HelpFolder>
</HelpCollection>