<HelpCollection>
  <HelpFolder name="DateTimeSerializationSection class" link="ms-help://MS.NETFrameworkSDKv1.1/cpref/html/frlrfsystemxmlserializationconfigurationdatetimeserializationsectionClassTopic.htm" ismsdn="true">
    <HelpTopic name="DateTimeSerializationSection members" link="ms-help://MS.NETFrameworkSDKv1.1/cpref/html/frlrfsystemxmlserializationconfigurationdatetimeserializationsectionMembersTopic.htm" ismsdn="true" />
    <HelpFolder name="Constructors" link="ms-help://MS.NETFrameworkSDKv1.1/cpref/html/frlrfsystemxmlserializationconfigurationdatetimeserializationsectionclassctorTopic.htm" ismsdn="true">
      <HelpTopic name=".ctor()" link="ms-help://MS.NETFrameworkSDKv1.1/cpref/html/frlrfsystemxmlserializationconfigurationdatetimeserializationsectionclassctorTopic.htm" ismsdn="true" />
    </HelpFolder>
    <HelpFolder name="Properties" link="ms-help://MS.NETFrameworkSDKv1.1/cpref/html/frlrfsystemxmlserializationconfigurationdatetimeserializationsectionPropertiesTopic.htm" ismsdn="true">
      <HelpTopic name="Mode" link="ms-help://MS.NETFrameworkSDKv1.1/cpref/html/frlrfsystemxmlserializationconfigurationdatetimeserializationsectionclassModeTopic.htm" ismsdn="true" />
    </HelpFolder>
  </HelpFolder>
  <HelpFolder name="SchemaImporterExtensionElement class" link="ms-help://MS.NETFrameworkSDKv1.1/cpref/html/frlrfsystemxmlserializationconfigurationschemaimporterextensionelementClassTopic.htm" ismsdn="true">
    <HelpTopic name="SchemaImporterExtensionElement members" link="ms-help://MS.NETFrameworkSDKv1.1/cpref/html/frlrfsystemxmlserializationconfigurationschemaimporterextensionelementMembersTopic.htm" ismsdn="true" />
    <HelpFolder name="Constructors" link="ms-help://MS.NETFrameworkSDKv1.1/cpref/html/frlrfsystemxmlserializationconfigurationschemaimporterextensionelementclassctorTopic.htm" ismsdn="true">
      <HelpTopic name=".ctor()" link="ms-help://MS.NETFrameworkSDKv1.1/cpref/html/frlrfsystemxmlserializationconfigurationschemaimporterextensionelementclassctorTopic1.htm" ismsdn="true" />
      <HelpTopic name=".ctor(System.String, System.String)" link="ms-help://MS.NETFrameworkSDKv1.1/cpref/html/frlrfsystemxmlserializationconfigurationschemaimporterextensionelementclassctorTopic1.htm" ismsdn="true" />
      <HelpTopic name=".ctor(System.String, System.Type)" link="ms-help://MS.NETFrameworkSDKv1.1/cpref/html/frlrfsystemxmlserializationconfigurationschemaimporterextensionelementclassctorTopic2.htm" ismsdn="true" />
    </HelpFolder>
    <HelpFolder name="Properties" link="ms-help://MS.NETFrameworkSDKv1.1/cpref/html/frlrfsystemxmlserializationconfigurationschemaimporterextensionelementPropertiesTopic.htm" ismsdn="true">
      <HelpTopic name="Name" link="ms-help://MS.NETFrameworkSDKv1.1/cpref/html/frlrfsystemxmlserializationconfigurationschemaimporterextensionelementclassNameTopic.htm" ismsdn="true" />
      <HelpTopic name="Type" link="ms-help://MS.NETFrameworkSDKv1.1/cpref/html/frlrfsystemxmlserializationconfigurationschemaimporterextensionelementclassTypeTopic.htm" ismsdn="true" />
    </HelpFolder>
  </HelpFolder>
  <HelpFolder name="SchemaImporterExtensionElementCollection class" link="ms-help://MS.NETFrameworkSDKv1.1/cpref/html/frlrfsystemxmlserializationconfigurationschemaimporterextensionelementcollectionClassTopic.htm" ismsdn="true">
    <HelpTopic name="SchemaImporterExtensionElementCollection members" link="ms-help://MS.NETFrameworkSDKv1.1/cpref/html/frlrfsystemxmlserializationconfigurationschemaimporterextensionelementcollectionMembersTopic.htm" ismsdn="true" />
    <HelpFolder name="Constructors" link="ms-help://MS.NETFrameworkSDKv1.1/cpref/html/frlrfsystemxmlserializationconfigurationschemaimporterextensionelementcollectionclassctorTopic.htm" ismsdn="true">
      <HelpTopic name=".ctor()" link="ms-help://MS.NETFrameworkSDKv1.1/cpref/html/frlrfsystemxmlserializationconfigurationschemaimporterextensionelementcollectionclassctorTopic.htm" ismsdn="true" />
    </HelpFolder>
    <HelpFolder name="Methods" link="ms-help://MS.NETFrameworkSDKv1.1/cpref/html/frlrfsystemxmlserializationconfigurationschemaimporterextensionelementcollectionMethodsTopic.htm" ismsdn="true">
      <HelpTopic name="Add(System.Xml.Serialization.Configuration.SchemaImporterExtensionElement)" link="ms-help://MS.NETFrameworkSDKv1.1/cpref/html/frlrfsystemxmlserializationconfigurationschemaimporterextensionelementcollectionclassAddTopic.htm" ismsdn="true" />
      <HelpTopic name="Clear()" link="ms-help://MS.NETFrameworkSDKv1.1/cpref/html/frlrfsystemxmlserializationconfigurationschemaimporterextensionelementcollectionclassClearTopic.htm" ismsdn="true" />
      <HelpTopic name="IndexOf(System.Xml.Serialization.Configuration.SchemaImporterExtensionElement)" link="ms-help://MS.NETFrameworkSDKv1.1/cpref/html/frlrfsystemxmlserializationconfigurationschemaimporterextensionelementcollectionclassIndexOfTopic.htm" ismsdn="true" />
      <HelpTopic name="Remove(System.Xml.Serialization.Configuration.SchemaImporterExtensionElement)" link="ms-help://MS.NETFrameworkSDKv1.1/cpref/html/frlrfsystemxmlserializationconfigurationschemaimporterextensionelementcollectionclassRemoveTopic1.htm" ismsdn="true" />
      <HelpTopic name="Remove(System.String)" link="ms-help://MS.NETFrameworkSDKv1.1/cpref/html/frlrfsystemxmlserializationconfigurationschemaimporterextensionelementcollectionclassRemoveTopic2.htm" ismsdn="true" />
      <HelpTopic name="RemoveAt(System.Int32)" link="ms-help://MS.NETFrameworkSDKv1.1/cpref/html/frlrfsystemxmlserializationconfigurationschemaimporterextensionelementcollectionclassRemoveAtTopic.htm" ismsdn="true" />
    </HelpFolder>
    <HelpFolder name="Properties" link="ms-help://MS.NETFrameworkSDKv1.1/cpref/html/frlrfsystemxmlserializationconfigurationschemaimporterextensionelementcollectionPropertiesTopic.htm" ismsdn="true">
      <HelpTopic name="Item" link="ms-help://MS.NETFrameworkSDKv1.1/cpref/html/frlrfsystemxmlserializationconfigurationschemaimporterextensionelementcollectionclassItemTopic.htm" ismsdn="true" />
      <HelpTopic name="Item" link="ms-help://MS.NETFrameworkSDKv1.1/cpref/html/frlrfsystemxmlserializationconfigurationschemaimporterextensionelementcollectionclassItemTopic.htm" ismsdn="true" />
    </HelpFolder>
  </HelpFolder>
  <HelpFolder name="SchemaImporterExtensionsSection class" link="ms-help://MS.NETFrameworkSDKv1.1/cpref/html/frlrfsystemxmlserializationconfigurationschemaimporterextensionssectionClassTopic.htm" ismsdn="true">
    <HelpTopic name="SchemaImporterExtensionsSection members" link="ms-help://MS.NETFrameworkSDKv1.1/cpref/html/frlrfsystemxmlserializationconfigurationschemaimporterextensionssectionMembersTopic.htm" ismsdn="true" />
    <HelpFolder name="Constructors" link="ms-help://MS.NETFrameworkSDKv1.1/cpref/html/frlrfsystemxmlserializationconfigurationschemaimporterextensionssectionclassctorTopic.htm" ismsdn="true">
      <HelpTopic name=".ctor()" link="ms-help://MS.NETFrameworkSDKv1.1/cpref/html/frlrfsystemxmlserializationconfigurationschemaimporterextensionssectionclassctorTopic.htm" ismsdn="true" />
    </HelpFolder>
    <HelpFolder name="Properties" link="ms-help://MS.NETFrameworkSDKv1.1/cpref/html/frlrfsystemxmlserializationconfigurationschemaimporterextensionssectionPropertiesTopic.htm" ismsdn="true">
      <HelpTopic name="SchemaImporterExtensions" link="ms-help://MS.NETFrameworkSDKv1.1/cpref/html/frlrfsystemxmlserializationconfigurationschemaimporterextensionssectionclassSchemaImporterExtensionsTopic.htm" ismsdn="true" />
    </HelpFolder>
  </HelpFolder>
  <HelpFolder name="SerializationSectionGroup class" link="ms-help://MS.NETFrameworkSDKv1.1/cpref/html/frlrfsystemxmlserializationconfigurationserializationsectiongroupClassTopic.htm" ismsdn="true">
    <HelpTopic name="SerializationSectionGroup members" link="ms-help://MS.NETFrameworkSDKv1.1/cpref/html/frlrfsystemxmlserializationconfigurationserializationsectiongroupMembersTopic.htm" ismsdn="true" />
    <HelpFolder name="Constructors" link="ms-help://MS.NETFrameworkSDKv1.1/cpref/html/frlrfsystemxmlserializationconfigurationserializationsectiongroupclassctorTopic.htm" ismsdn="true">
      <HelpTopic name=".ctor()" link="ms-help://MS.NETFrameworkSDKv1.1/cpref/html/frlrfsystemxmlserializationconfigurationserializationsectiongroupclassctorTopic.htm" ismsdn="true" />
    </HelpFolder>
    <HelpFolder name="Properties" link="ms-help://MS.NETFrameworkSDKv1.1/cpref/html/frlrfsystemxmlserializationconfigurationserializationsectiongroupPropertiesTopic.htm" ismsdn="true">
      <HelpTopic name="SchemaImporterExtensions" link="ms-help://MS.NETFrameworkSDKv1.1/cpref/html/frlrfsystemxmlserializationconfigurationserializationsectiongroupclassSchemaImporterExtensionsTopic.htm" ismsdn="true" />
      <HelpTopic name="DateTimeSerialization" link="ms-help://MS.NETFrameworkSDKv1.1/cpref/html/frlrfsystemxmlserializationconfigurationserializationsectiongroupclassDateTimeSerializationTopic.htm" ismsdn="true" />
      <HelpTopic name="XmlSerializer" link="ms-help://MS.NETFrameworkSDKv1.1/cpref/html/frlrfsystemxmlserializationconfigurationserializationsectiongroupclassXmlSerializerTopic.htm" ismsdn="true" />
    </HelpFolder>
  </HelpFolder>
  <HelpFolder name="XmlSerializerSection class" link="ms-help://MS.NETFrameworkSDKv1.1/cpref/html/frlrfsystemxmlserializationconfigurationxmlserializersectionClassTopic.htm" ismsdn="true">
    <HelpTopic name="XmlSerializerSection members" link="ms-help://MS.NETFrameworkSDKv1.1/cpref/html/frlrfsystemxmlserializationconfigurationxmlserializersectionMembersTopic.htm" ismsdn="true" />
    <HelpFolder name="Constructors" link="ms-help://MS.NETFrameworkSDKv1.1/cpref/html/frlrfsystemxmlserializationconfigurationxmlserializersectionclassctorTopic.htm" ismsdn="true">
      <HelpTopic name=".ctor()" link="ms-help://MS.NETFrameworkSDKv1.1/cpref/html/frlrfsystemxmlserializationconfigurationxmlserializersectionclassctorTopic.htm" ismsdn="true" />
    </HelpFolder>
    <HelpFolder name="Properties" link="ms-help://MS.NETFrameworkSDKv1.1/cpref/html/frlrfsystemxmlserializationconfigurationxmlserializersectionPropertiesTopic.htm" ismsdn="true">
      <HelpTopic name="CheckDeserializeAdvances" link="ms-help://MS.NETFrameworkSDKv1.1/cpref/html/frlrfsystemxmlserializationconfigurationxmlserializersectionclassCheckDeserializeAdvancesTopic.htm" ismsdn="true" />
    </HelpFolder>
  </HelpFolder>
</HelpCollection>