<HelpCollection>
  <HelpFolder name="EnterpriseServicesHelper class" link="ms-help://MS.NETFrameworkSDKv1.1/cpref/html/frlrfsystemruntimeremotingservicesenterpriseserviceshelperClassTopic.htm" ismsdn="true">
    <HelpTopic name="EnterpriseServicesHelper members" link="ms-help://MS.NETFrameworkSDKv1.1/cpref/html/frlrfsystemruntimeremotingservicesenterpriseserviceshelperMembersTopic.htm" ismsdn="true" />
    <HelpFolder name="Constructors" link="ms-help://MS.NETFrameworkSDKv1.1/cpref/html/frlrfsystemruntimeremotingservicesenterpriseserviceshelperclassctorTopic.htm" ismsdn="true">
      <HelpTopic name=".ctor()" link="ms-help://MS.NETFrameworkSDKv1.1/cpref/html/frlrfsystemruntimeremotingservicesenterpriseserviceshelperclassctorTopic.htm" ismsdn="true" />
    </HelpFolder>
    <HelpFolder name="Methods" link="ms-help://MS.NETFrameworkSDKv1.1/cpref/html/frlrfsystemruntimeremotingservicesenterpriseserviceshelperMethodsTopic.htm" ismsdn="true">
      <HelpTopic name="WrapIUnknownWithComObject(System.IntPtr)" link="ms-help://MS.NETFrameworkSDKv1.1/cpref/html/frlrfsystemruntimeremotingservicesenterpriseserviceshelperclassWrapIUnknownWithComObjectTopic.htm" ismsdn="true" />
      <HelpTopic name="CreateConstructionReturnMessage(System.Runtime.Remoting.Activation.IConstructionCallMessage, System.MarshalByRefObject)" link="ms-help://MS.NETFrameworkSDKv1.1/cpref/html/frlrfsystemruntimeremotingservicesenterpriseserviceshelperclassCreateConstructionReturnMessageTopic.htm" ismsdn="true" />
      <HelpTopic name="SwitchWrappers(System.Runtime.Remoting.Proxies.RealProxy, System.Runtime.Remoting.Proxies.RealProxy)" link="ms-help://MS.NETFrameworkSDKv1.1/cpref/html/frlrfsystemruntimeremotingservicesenterpriseserviceshelperclassSwitchWrappersTopic.htm" ismsdn="true" />
    </HelpFolder>
  </HelpFolder>
  <HelpFolder name="ITrackingHandler interface" link="ms-help://MS.NETFrameworkSDKv1.1/cpref/html/frlrfsystemruntimeremotingservicesitrackinghandlerClassTopic.htm" ismsdn="true">
    <HelpTopic name="ITrackingHandler members" link="ms-help://MS.NETFrameworkSDKv1.1/cpref/html/frlrfsystemruntimeremotingservicesitrackinghandlerMembersTopic.htm" ismsdn="true" />
    <HelpFolder name="Methods" link="ms-help://MS.NETFrameworkSDKv1.1/cpref/html/frlrfsystemruntimeremotingservicesitrackinghandlerMethodsTopic.htm" ismsdn="true">
      <HelpTopic name="DisconnectedObject(System.Object)" link="ms-help://MS.NETFrameworkSDKv1.1/cpref/html/frlrfsystemruntimeremotingservicesitrackinghandlerclassDisconnectedObjectTopic.htm" ismsdn="true" />
      <HelpTopic name="UnmarshaledObject(System.Object, System.Runtime.Remoting.ObjRef)" link="ms-help://MS.NETFrameworkSDKv1.1/cpref/html/frlrfsystemruntimeremotingservicesitrackinghandlerclassUnmarshaledObjectTopic.htm" ismsdn="true" />
      <HelpTopic name="MarshaledObject(System.Object, System.Runtime.Remoting.ObjRef)" link="ms-help://MS.NETFrameworkSDKv1.1/cpref/html/frlrfsystemruntimeremotingservicesitrackinghandlerclassMarshaledObjectTopic.htm" ismsdn="true" />
    </HelpFolder>
  </HelpFolder>
  <HelpFolder name="RemotingClientProxy class" link="ms-help://MS.NETFrameworkSDKv1.1/cpref/html/frlrfsystemruntimeremotingservicesremotingclientproxyClassTopic.htm" ismsdn="true">
    <HelpTopic name="RemotingClientProxy members" link="ms-help://MS.NETFrameworkSDKv1.1/cpref/html/frlrfsystemruntimeremotingservicesremotingclientproxyMembersTopic.htm" ismsdn="true" />
    <HelpFolder name="Properties" link="ms-help://MS.NETFrameworkSDKv1.1/cpref/html/frlrfsystemruntimeremotingservicesremotingclientproxyPropertiesTopic.htm" ismsdn="true">
      <HelpTopic name="AllowAutoRedirect" link="ms-help://MS.NETFrameworkSDKv1.1/cpref/html/frlrfsystemruntimeremotingservicesremotingclientproxyclassAllowAutoRedirectTopic.htm" ismsdn="true" />
      <HelpTopic name="Cookies" link="ms-help://MS.NETFrameworkSDKv1.1/cpref/html/frlrfsystemruntimeremotingservicesremotingclientproxyclassCookiesTopic.htm" ismsdn="true" />
      <HelpTopic name="EnableCookies" link="ms-help://MS.NETFrameworkSDKv1.1/cpref/html/frlrfsystemruntimeremotingservicesremotingclientproxyclassEnableCookiesTopic.htm" ismsdn="true" />
      <HelpTopic name="PreAuthenticate" link="ms-help://MS.NETFrameworkSDKv1.1/cpref/html/frlrfsystemruntimeremotingservicesremotingclientproxyclassPreAuthenticateTopic.htm" ismsdn="true" />
      <HelpTopic name="Path" link="ms-help://MS.NETFrameworkSDKv1.1/cpref/html/frlrfsystemruntimeremotingservicesremotingclientproxyclassPathTopic.htm" ismsdn="true" />
      <HelpTopic name="Timeout" link="ms-help://MS.NETFrameworkSDKv1.1/cpref/html/frlrfsystemruntimeremotingservicesremotingclientproxyclassTimeoutTopic.htm" ismsdn="true" />
      <HelpTopic name="Url" link="ms-help://MS.NETFrameworkSDKv1.1/cpref/html/frlrfsystemruntimeremotingservicesremotingclientproxyclassUrlTopic.htm" ismsdn="true" />
      <HelpTopic name="UserAgent" link="ms-help://MS.NETFrameworkSDKv1.1/cpref/html/frlrfsystemruntimeremotingservicesremotingclientproxyclassUserAgentTopic.htm" ismsdn="true" />
      <HelpTopic name="Username" link="ms-help://MS.NETFrameworkSDKv1.1/cpref/html/frlrfsystemruntimeremotingservicesremotingclientproxyclassUsernameTopic.htm" ismsdn="true" />
      <HelpTopic name="Password" link="ms-help://MS.NETFrameworkSDKv1.1/cpref/html/frlrfsystemruntimeremotingservicesremotingclientproxyclassPasswordTopic.htm" ismsdn="true" />
      <HelpTopic name="Domain" link="ms-help://MS.NETFrameworkSDKv1.1/cpref/html/frlrfsystemruntimeremotingservicesremotingclientproxyclassDomainTopic.htm" ismsdn="true" />
      <HelpTopic name="ProxyName" link="ms-help://MS.NETFrameworkSDKv1.1/cpref/html/frlrfsystemruntimeremotingservicesremotingclientproxyclassProxyNameTopic.htm" ismsdn="true" />
      <HelpTopic name="ProxyPort" link="ms-help://MS.NETFrameworkSDKv1.1/cpref/html/frlrfsystemruntimeremotingservicesremotingclientproxyclassProxyPortTopic.htm" ismsdn="true" />
    </HelpFolder>
  </HelpFolder>
  <HelpFolder name="RemotingService class" link="ms-help://MS.NETFrameworkSDKv1.1/cpref/html/frlrfsystemruntimeremotingservicesremotingserviceClassTopic.htm" ismsdn="true">
    <HelpTopic name="RemotingService members" link="ms-help://MS.NETFrameworkSDKv1.1/cpref/html/frlrfsystemruntimeremotingservicesremotingserviceMembersTopic.htm" ismsdn="true" />
    <HelpFolder name="Constructors" link="ms-help://MS.NETFrameworkSDKv1.1/cpref/html/frlrfsystemruntimeremotingservicesremotingserviceclassctorTopic.htm" ismsdn="true">
      <HelpTopic name=".ctor()" link="ms-help://MS.NETFrameworkSDKv1.1/cpref/html/frlrfsystemruntimeremotingservicesremotingserviceclassctorTopic.htm" ismsdn="true" />
    </HelpFolder>
    <HelpFolder name="Properties" link="ms-help://MS.NETFrameworkSDKv1.1/cpref/html/frlrfsystemruntimeremotingservicesremotingservicePropertiesTopic.htm" ismsdn="true">
      <HelpTopic name="Application" link="ms-help://MS.NETFrameworkSDKv1.1/cpref/html/frlrfsystemruntimeremotingservicesremotingserviceclassApplicationTopic.htm" ismsdn="true" />
      <HelpTopic name="Context" link="ms-help://MS.NETFrameworkSDKv1.1/cpref/html/frlrfsystemruntimeremotingservicesremotingserviceclassContextTopic.htm" ismsdn="true" />
      <HelpTopic name="Session" link="ms-help://MS.NETFrameworkSDKv1.1/cpref/html/frlrfsystemruntimeremotingservicesremotingserviceclassSessionTopic.htm" ismsdn="true" />
      <HelpTopic name="Server" link="ms-help://MS.NETFrameworkSDKv1.1/cpref/html/frlrfsystemruntimeremotingservicesremotingserviceclassServerTopic.htm" ismsdn="true" />
      <HelpTopic name="User" link="ms-help://MS.NETFrameworkSDKv1.1/cpref/html/frlrfsystemruntimeremotingservicesremotingserviceclassUserTopic.htm" ismsdn="true" />
    </HelpFolder>
  </HelpFolder>
  <HelpFolder name="TrackingServices class" link="ms-help://MS.NETFrameworkSDKv1.1/cpref/html/frlrfsystemruntimeremotingservicestrackingservicesClassTopic.htm" ismsdn="true">
    <HelpTopic name="TrackingServices members" link="ms-help://MS.NETFrameworkSDKv1.1/cpref/html/frlrfsystemruntimeremotingservicestrackingservicesMembersTopic.htm" ismsdn="true" />
    <HelpFolder name="Constructors" link="ms-help://MS.NETFrameworkSDKv1.1/cpref/html/frlrfsystemruntimeremotingservicestrackingservicesclassctorTopic.htm" ismsdn="true">
      <HelpTopic name=".ctor()" link="ms-help://MS.NETFrameworkSDKv1.1/cpref/html/frlrfsystemruntimeremotingservicestrackingservicesclassctorTopic.htm" ismsdn="true" />
    </HelpFolder>
    <HelpFolder name="Methods" link="ms-help://MS.NETFrameworkSDKv1.1/cpref/html/frlrfsystemruntimeremotingservicestrackingservicesMethodsTopic.htm" ismsdn="true">
      <HelpTopic name="RegisterTrackingHandler(System.Runtime.Remoting.Services.ITrackingHandler)" link="ms-help://MS.NETFrameworkSDKv1.1/cpref/html/frlrfsystemruntimeremotingservicestrackingservicesclassRegisterTrackingHandlerTopic.htm" ismsdn="true" />
      <HelpTopic name="UnregisterTrackingHandler(System.Runtime.Remoting.Services.ITrackingHandler)" link="ms-help://MS.NETFrameworkSDKv1.1/cpref/html/frlrfsystemruntimeremotingservicestrackingservicesclassUnregisterTrackingHandlerTopic.htm" ismsdn="true" />
    </HelpFolder>
    <HelpFolder name="Properties" link="ms-help://MS.NETFrameworkSDKv1.1/cpref/html/frlrfsystemruntimeremotingservicestrackingservicesPropertiesTopic.htm" ismsdn="true">
      <HelpTopic name="RegisteredHandlers" link="ms-help://MS.NETFrameworkSDKv1.1/cpref/html/frlrfsystemruntimeremotingservicestrackingservicesclassRegisteredHandlersTopic.htm" ismsdn="true" />
    </HelpFolder>
  </HelpFolder>
</HelpCollection>