<HelpCollection>
  <HelpFolder name="SoundPlayer class" link="ms-help://MS.NETFrameworkSDKv1.1/cpref/html/frlrfsystemmediasoundplayerClassTopic.htm" ismsdn="true">
    <HelpTopic name="SoundPlayer members" link="ms-help://MS.NETFrameworkSDKv1.1/cpref/html/frlrfsystemmediasoundplayerMembersTopic.htm" ismsdn="true" />
    <HelpFolder name="Constructors" link="ms-help://MS.NETFrameworkSDKv1.1/cpref/html/frlrfsystemmediasoundplayerclassctorTopic.htm" ismsdn="true">
      <HelpTopic name=".ctor()" link="ms-help://MS.NETFrameworkSDKv1.1/cpref/html/frlrfsystemmediasoundplayerclassctorTopic1.htm" ismsdn="true" />
      <HelpTopic name=".ctor(System.String)" link="ms-help://MS.NETFrameworkSDKv1.1/cpref/html/frlrfsystemmediasoundplayerclassctorTopic1.htm" ismsdn="true" />
      <HelpTopic name=".ctor(System.IO.Stream)" link="ms-help://MS.NETFrameworkSDKv1.1/cpref/html/frlrfsystemmediasoundplayerclassctorTopic2.htm" ismsdn="true" />
    </HelpFolder>
    <HelpFolder name="Methods" link="ms-help://MS.NETFrameworkSDKv1.1/cpref/html/frlrfsystemmediasoundplayerMethodsTopic.htm" ismsdn="true">
      <HelpTopic name="LoadAsync()" link="ms-help://MS.NETFrameworkSDKv1.1/cpref/html/frlrfsystemmediasoundplayerclassLoadAsyncTopic.htm" ismsdn="true" />
      <HelpTopic name="Load()" link="ms-help://MS.NETFrameworkSDKv1.1/cpref/html/frlrfsystemmediasoundplayerclassLoadTopic.htm" ismsdn="true" />
      <HelpTopic name="Play()" link="ms-help://MS.NETFrameworkSDKv1.1/cpref/html/frlrfsystemmediasoundplayerclassPlayTopic.htm" ismsdn="true" />
      <HelpTopic name="PlaySync()" link="ms-help://MS.NETFrameworkSDKv1.1/cpref/html/frlrfsystemmediasoundplayerclassPlaySyncTopic.htm" ismsdn="true" />
      <HelpTopic name="PlayLooping()" link="ms-help://MS.NETFrameworkSDKv1.1/cpref/html/frlrfsystemmediasoundplayerclassPlayLoopingTopic.htm" ismsdn="true" />
      <HelpTopic name="Stop()" link="ms-help://MS.NETFrameworkSDKv1.1/cpref/html/frlrfsystemmediasoundplayerclassStopTopic.htm" ismsdn="true" />
    </HelpFolder>
    <HelpFolder name="Properties" link="ms-help://MS.NETFrameworkSDKv1.1/cpref/html/frlrfsystemmediasoundplayerPropertiesTopic.htm" ismsdn="true">
      <HelpTopic name="LoadTimeout" link="ms-help://MS.NETFrameworkSDKv1.1/cpref/html/frlrfsystemmediasoundplayerclassLoadTimeoutTopic.htm" ismsdn="true" />
      <HelpTopic name="SoundLocation" link="ms-help://MS.NETFrameworkSDKv1.1/cpref/html/frlrfsystemmediasoundplayerclassSoundLocationTopic.htm" ismsdn="true" />
      <HelpTopic name="Stream" link="ms-help://MS.NETFrameworkSDKv1.1/cpref/html/frlrfsystemmediasoundplayerclassStreamTopic.htm" ismsdn="true" />
      <HelpTopic name="IsLoadCompleted" link="ms-help://MS.NETFrameworkSDKv1.1/cpref/html/frlrfsystemmediasoundplayerclassIsLoadCompletedTopic.htm" ismsdn="true" />
      <HelpTopic name="Tag" link="ms-help://MS.NETFrameworkSDKv1.1/cpref/html/frlrfsystemmediasoundplayerclassTagTopic.htm" ismsdn="true" />
    </HelpFolder>
    <HelpFolder name="Events" link="ms-help://MS.NETFrameworkSDKv1.1/cpref/html/frlrfsystemmediasoundplayerEventsTopic.htm" ismsdn="true">
      <HelpTopic name="LoadCompleted" link="ms-help://MS.NETFrameworkSDKv1.1/cpref/html/frlrfsystemmediasoundplayerclassLoadCompletedTopic.htm" ismsdn="true" />
      <HelpTopic name="SoundLocationChanged" link="ms-help://MS.NETFrameworkSDKv1.1/cpref/html/frlrfsystemmediasoundplayerclassSoundLocationChangedTopic.htm" ismsdn="true" />
      <HelpTopic name="StreamChanged" link="ms-help://MS.NETFrameworkSDKv1.1/cpref/html/frlrfsystemmediasoundplayerclassStreamChangedTopic.htm" ismsdn="true" />
    </HelpFolder>
  </HelpFolder>
  <HelpFolder name="SystemSound class" link="ms-help://MS.NETFrameworkSDKv1.1/cpref/html/frlrfsystemmediasystemsoundClassTopic.htm" ismsdn="true">
    <HelpTopic name="SystemSound members" link="ms-help://MS.NETFrameworkSDKv1.1/cpref/html/frlrfsystemmediasystemsoundMembersTopic.htm" ismsdn="true" />
    <HelpFolder name="Methods" link="ms-help://MS.NETFrameworkSDKv1.1/cpref/html/frlrfsystemmediasystemsoundMethodsTopic.htm" ismsdn="true">
      <HelpTopic name="Play()" link="ms-help://MS.NETFrameworkSDKv1.1/cpref/html/frlrfsystemmediasystemsoundclassPlayTopic.htm" ismsdn="true" />
    </HelpFolder>
  </HelpFolder>
  <HelpFolder name="SystemSounds class" link="ms-help://MS.NETFrameworkSDKv1.1/cpref/html/frlrfsystemmediasystemsoundsClassTopic.htm" ismsdn="true">
    <HelpTopic name="SystemSounds members" link="ms-help://MS.NETFrameworkSDKv1.1/cpref/html/frlrfsystemmediasystemsoundsMembersTopic.htm" ismsdn="true" />
    <HelpFolder name="Properties" link="ms-help://MS.NETFrameworkSDKv1.1/cpref/html/frlrfsystemmediasystemsoundsPropertiesTopic.htm" ismsdn="true">
      <HelpTopic name="Asterisk" link="ms-help://MS.NETFrameworkSDKv1.1/cpref/html/frlrfsystemmediasystemsoundsclassAsteriskTopic.htm" ismsdn="true" />
      <HelpTopic name="Beep" link="ms-help://MS.NETFrameworkSDKv1.1/cpref/html/frlrfsystemmediasystemsoundsclassBeepTopic.htm" ismsdn="true" />
      <HelpTopic name="Exclamation" link="ms-help://MS.NETFrameworkSDKv1.1/cpref/html/frlrfsystemmediasystemsoundsclassExclamationTopic.htm" ismsdn="true" />
      <HelpTopic name="Hand" link="ms-help://MS.NETFrameworkSDKv1.1/cpref/html/frlrfsystemmediasystemsoundsclassHandTopic.htm" ismsdn="true" />
      <HelpTopic name="Question" link="ms-help://MS.NETFrameworkSDKv1.1/cpref/html/frlrfsystemmediasystemsoundsclassQuestionTopic.htm" ismsdn="true" />
    </HelpFolder>
  </HelpFolder>
</HelpCollection>