<HelpCollection>
  <HelpFolder name="HttpChannel class" link="ms-help://MS.NETFrameworkSDKv1.1/cpref/html/frlrfsystemruntimeremotingchannelshttphttpchannelClassTopic.htm" ismsdn="true">
    <HelpTopic name="HttpChannel members" link="ms-help://MS.NETFrameworkSDKv1.1/cpref/html/frlrfsystemruntimeremotingchannelshttphttpchannelMembersTopic.htm" ismsdn="true" />
    <HelpFolder name="Constructors" link="ms-help://MS.NETFrameworkSDKv1.1/cpref/html/frlrfsystemruntimeremotingchannelshttphttpchannelclassctorTopic.htm" ismsdn="true">
      <HelpTopic name=".ctor()" link="ms-help://MS.NETFrameworkSDKv1.1/cpref/html/frlrfsystemruntimeremotingchannelshttphttpchannelclassctorTopic1.htm" ismsdn="true" />
      <HelpTopic name=".ctor(System.Int32)" link="ms-help://MS.NETFrameworkSDKv1.1/cpref/html/frlrfsystemruntimeremotingchannelshttphttpchannelclassctorTopic1.htm" ismsdn="true" />
      <HelpTopic name=".ctor(System.Collections.IDictionary, System.Runtime.Remoting.Channels.IClientChannelSinkProvider, System.Runtime.Remoting.Channels.IServerChannelSinkProvider)" link="ms-help://MS.NETFrameworkSDKv1.1/cpref/html/frlrfsystemruntimeremotingchannelshttphttpchannelclassctorTopic2.htm" ismsdn="true" />
    </HelpFolder>
    <HelpFolder name="Methods" link="ms-help://MS.NETFrameworkSDKv1.1/cpref/html/frlrfsystemruntimeremotingchannelshttphttpchannelMethodsTopic.htm" ismsdn="true">
      <HelpTopic name="Parse(System.String, System.String&amp;)" link="ms-help://MS.NETFrameworkSDKv1.1/cpref/html/frlrfsystemruntimeremotingchannelshttphttpchannelclassParseTopic.htm" ismsdn="true" />
      <HelpTopic name="CreateMessageSink(System.String, System.Object, System.String&amp;)" link="ms-help://MS.NETFrameworkSDKv1.1/cpref/html/frlrfsystemruntimeremotingchannelshttphttpchannelclassCreateMessageSinkTopic.htm" ismsdn="true" />
      <HelpTopic name="GetUrlsForUri(System.String)" link="ms-help://MS.NETFrameworkSDKv1.1/cpref/html/frlrfsystemruntimeremotingchannelshttphttpchannelclassGetUrlsForUriTopic.htm" ismsdn="true" />
      <HelpTopic name="StartListening(System.Object)" link="ms-help://MS.NETFrameworkSDKv1.1/cpref/html/frlrfsystemruntimeremotingchannelshttphttpchannelclassStartListeningTopic.htm" ismsdn="true" />
      <HelpTopic name="StopListening(System.Object)" link="ms-help://MS.NETFrameworkSDKv1.1/cpref/html/frlrfsystemruntimeremotingchannelshttphttpchannelclassStopListeningTopic.htm" ismsdn="true" />
      <HelpTopic name="AddHookChannelUri(System.String)" link="ms-help://MS.NETFrameworkSDKv1.1/cpref/html/frlrfsystemruntimeremotingchannelshttphttpchannelclassAddHookChannelUriTopic.htm" ismsdn="true" />
    </HelpFolder>
    <HelpFolder name="Properties" link="ms-help://MS.NETFrameworkSDKv1.1/cpref/html/frlrfsystemruntimeremotingchannelshttphttpchannelPropertiesTopic.htm" ismsdn="true">
      <HelpTopic name="IsSecured" link="ms-help://MS.NETFrameworkSDKv1.1/cpref/html/frlrfsystemruntimeremotingchannelshttphttpchannelclassIsSecuredTopic.htm" ismsdn="true" />
      <HelpTopic name="ChannelPriority" link="ms-help://MS.NETFrameworkSDKv1.1/cpref/html/frlrfsystemruntimeremotingchannelshttphttpchannelclassChannelPriorityTopic.htm" ismsdn="true" />
      <HelpTopic name="ChannelName" link="ms-help://MS.NETFrameworkSDKv1.1/cpref/html/frlrfsystemruntimeremotingchannelshttphttpchannelclassChannelNameTopic.htm" ismsdn="true" />
      <HelpTopic name="ChannelData" link="ms-help://MS.NETFrameworkSDKv1.1/cpref/html/frlrfsystemruntimeremotingchannelshttphttpchannelclassChannelDataTopic.htm" ismsdn="true" />
      <HelpTopic name="ChannelScheme" link="ms-help://MS.NETFrameworkSDKv1.1/cpref/html/frlrfsystemruntimeremotingchannelshttphttpchannelclassChannelSchemeTopic.htm" ismsdn="true" />
      <HelpTopic name="WantsToListen" link="ms-help://MS.NETFrameworkSDKv1.1/cpref/html/frlrfsystemruntimeremotingchannelshttphttpchannelclassWantsToListenTopic.htm" ismsdn="true" />
      <HelpTopic name="ChannelSinkChain" link="ms-help://MS.NETFrameworkSDKv1.1/cpref/html/frlrfsystemruntimeremotingchannelshttphttpchannelclassChannelSinkChainTopic.htm" ismsdn="true" />
      <HelpTopic name="Properties" link="ms-help://MS.NETFrameworkSDKv1.1/cpref/html/frlrfsystemruntimeremotingchannelshttphttpchannelclassPropertiesTopic.htm" ismsdn="true" />
      <HelpTopic name="Item" link="ms-help://MS.NETFrameworkSDKv1.1/cpref/html/frlrfsystemruntimeremotingchannelshttphttpchannelclassItemTopic.htm" ismsdn="true" />
      <HelpTopic name="Keys" link="ms-help://MS.NETFrameworkSDKv1.1/cpref/html/frlrfsystemruntimeremotingchannelshttphttpchannelclassKeysTopic.htm" ismsdn="true" />
    </HelpFolder>
  </HelpFolder>
  <HelpFolder name="HttpClientChannel class" link="ms-help://MS.NETFrameworkSDKv1.1/cpref/html/frlrfsystemruntimeremotingchannelshttphttpclientchannelClassTopic.htm" ismsdn="true">
    <HelpTopic name="HttpClientChannel members" link="ms-help://MS.NETFrameworkSDKv1.1/cpref/html/frlrfsystemruntimeremotingchannelshttphttpclientchannelMembersTopic.htm" ismsdn="true" />
    <HelpFolder name="Constructors" link="ms-help://MS.NETFrameworkSDKv1.1/cpref/html/frlrfsystemruntimeremotingchannelshttphttpclientchannelclassctorTopic.htm" ismsdn="true">
      <HelpTopic name=".ctor()" link="ms-help://MS.NETFrameworkSDKv1.1/cpref/html/frlrfsystemruntimeremotingchannelshttphttpclientchannelclassctorTopic1.htm" ismsdn="true" />
      <HelpTopic name=".ctor(System.String, System.Runtime.Remoting.Channels.IClientChannelSinkProvider)" link="ms-help://MS.NETFrameworkSDKv1.1/cpref/html/frlrfsystemruntimeremotingchannelshttphttpclientchannelclassctorTopic1.htm" ismsdn="true" />
      <HelpTopic name=".ctor(System.Collections.IDictionary, System.Runtime.Remoting.Channels.IClientChannelSinkProvider)" link="ms-help://MS.NETFrameworkSDKv1.1/cpref/html/frlrfsystemruntimeremotingchannelshttphttpclientchannelclassctorTopic2.htm" ismsdn="true" />
    </HelpFolder>
    <HelpFolder name="Methods" link="ms-help://MS.NETFrameworkSDKv1.1/cpref/html/frlrfsystemruntimeremotingchannelshttphttpclientchannelMethodsTopic.htm" ismsdn="true">
      <HelpTopic name="Parse(System.String, System.String&amp;)" link="ms-help://MS.NETFrameworkSDKv1.1/cpref/html/frlrfsystemruntimeremotingchannelshttphttpclientchannelclassParseTopic.htm" ismsdn="true" />
      <HelpTopic name="CreateMessageSink(System.String, System.Object, System.String&amp;)" link="ms-help://MS.NETFrameworkSDKv1.1/cpref/html/frlrfsystemruntimeremotingchannelshttphttpclientchannelclassCreateMessageSinkTopic.htm" ismsdn="true" />
    </HelpFolder>
    <HelpFolder name="Properties" link="ms-help://MS.NETFrameworkSDKv1.1/cpref/html/frlrfsystemruntimeremotingchannelshttphttpclientchannelPropertiesTopic.htm" ismsdn="true">
      <HelpTopic name="IsSecured" link="ms-help://MS.NETFrameworkSDKv1.1/cpref/html/frlrfsystemruntimeremotingchannelshttphttpclientchannelclassIsSecuredTopic.htm" ismsdn="true" />
      <HelpTopic name="ChannelPriority" link="ms-help://MS.NETFrameworkSDKv1.1/cpref/html/frlrfsystemruntimeremotingchannelshttphttpclientchannelclassChannelPriorityTopic.htm" ismsdn="true" />
      <HelpTopic name="ChannelName" link="ms-help://MS.NETFrameworkSDKv1.1/cpref/html/frlrfsystemruntimeremotingchannelshttphttpclientchannelclassChannelNameTopic.htm" ismsdn="true" />
      <HelpTopic name="Item" link="ms-help://MS.NETFrameworkSDKv1.1/cpref/html/frlrfsystemruntimeremotingchannelshttphttpclientchannelclassItemTopic.htm" ismsdn="true" />
      <HelpTopic name="Keys" link="ms-help://MS.NETFrameworkSDKv1.1/cpref/html/frlrfsystemruntimeremotingchannelshttphttpclientchannelclassKeysTopic.htm" ismsdn="true" />
    </HelpFolder>
  </HelpFolder>
  <HelpFolder name="HttpRemotingHandler class" link="ms-help://MS.NETFrameworkSDKv1.1/cpref/html/frlrfsystemruntimeremotingchannelshttphttpremotinghandlerClassTopic.htm" ismsdn="true">
    <HelpTopic name="HttpRemotingHandler members" link="ms-help://MS.NETFrameworkSDKv1.1/cpref/html/frlrfsystemruntimeremotingchannelshttphttpremotinghandlerMembersTopic.htm" ismsdn="true" />
    <HelpFolder name="Constructors" link="ms-help://MS.NETFrameworkSDKv1.1/cpref/html/frlrfsystemruntimeremotingchannelshttphttpremotinghandlerclassctorTopic.htm" ismsdn="true">
      <HelpTopic name=".ctor()" link="ms-help://MS.NETFrameworkSDKv1.1/cpref/html/frlrfsystemruntimeremotingchannelshttphttpremotinghandlerclassctorTopic1.htm" ismsdn="true" />
      <HelpTopic name=".ctor(System.Type, System.Object)" link="ms-help://MS.NETFrameworkSDKv1.1/cpref/html/frlrfsystemruntimeremotingchannelshttphttpremotinghandlerclassctorTopic1.htm" ismsdn="true" />
    </HelpFolder>
    <HelpFolder name="Methods" link="ms-help://MS.NETFrameworkSDKv1.1/cpref/html/frlrfsystemruntimeremotingchannelshttphttpremotinghandlerMethodsTopic.htm" ismsdn="true">
      <HelpTopic name="ProcessRequest(System.Web.HttpContext)" link="ms-help://MS.NETFrameworkSDKv1.1/cpref/html/frlrfsystemruntimeremotingchannelshttphttpremotinghandlerclassProcessRequestTopic.htm" ismsdn="true" />
    </HelpFolder>
    <HelpFolder name="Properties" link="ms-help://MS.NETFrameworkSDKv1.1/cpref/html/frlrfsystemruntimeremotingchannelshttphttpremotinghandlerPropertiesTopic.htm" ismsdn="true">
      <HelpTopic name="IsReusable" link="ms-help://MS.NETFrameworkSDKv1.1/cpref/html/frlrfsystemruntimeremotingchannelshttphttpremotinghandlerclassIsReusableTopic.htm" ismsdn="true" />
    </HelpFolder>
  </HelpFolder>
  <HelpFolder name="HttpRemotingHandlerFactory class" link="ms-help://MS.NETFrameworkSDKv1.1/cpref/html/frlrfsystemruntimeremotingchannelshttphttpremotinghandlerfactoryClassTopic.htm" ismsdn="true">
    <HelpTopic name="HttpRemotingHandlerFactory members" link="ms-help://MS.NETFrameworkSDKv1.1/cpref/html/frlrfsystemruntimeremotingchannelshttphttpremotinghandlerfactoryMembersTopic.htm" ismsdn="true" />
    <HelpFolder name="Constructors" link="ms-help://MS.NETFrameworkSDKv1.1/cpref/html/frlrfsystemruntimeremotingchannelshttphttpremotinghandlerfactoryclassctorTopic.htm" ismsdn="true">
      <HelpTopic name=".ctor()" link="ms-help://MS.NETFrameworkSDKv1.1/cpref/html/frlrfsystemruntimeremotingchannelshttphttpremotinghandlerfactoryclassctorTopic.htm" ismsdn="true" />
    </HelpFolder>
    <HelpFolder name="Methods" link="ms-help://MS.NETFrameworkSDKv1.1/cpref/html/frlrfsystemruntimeremotingchannelshttphttpremotinghandlerfactoryMethodsTopic.htm" ismsdn="true">
      <HelpTopic name="GetHandler(System.Web.HttpContext, System.String, System.String, System.String)" link="ms-help://MS.NETFrameworkSDKv1.1/cpref/html/frlrfsystemruntimeremotingchannelshttphttpremotinghandlerfactoryclassGetHandlerTopic.htm" ismsdn="true" />
      <HelpTopic name="ReleaseHandler(System.Web.IHttpHandler)" link="ms-help://MS.NETFrameworkSDKv1.1/cpref/html/frlrfsystemruntimeremotingchannelshttphttpremotinghandlerfactoryclassReleaseHandlerTopic.htm" ismsdn="true" />
    </HelpFolder>
  </HelpFolder>
  <HelpFolder name="HttpServerChannel class" link="ms-help://MS.NETFrameworkSDKv1.1/cpref/html/frlrfsystemruntimeremotingchannelshttphttpserverchannelClassTopic.htm" ismsdn="true">
    <HelpTopic name="HttpServerChannel members" link="ms-help://MS.NETFrameworkSDKv1.1/cpref/html/frlrfsystemruntimeremotingchannelshttphttpserverchannelMembersTopic.htm" ismsdn="true" />
    <HelpFolder name="Constructors" link="ms-help://MS.NETFrameworkSDKv1.1/cpref/html/frlrfsystemruntimeremotingchannelshttphttpserverchannelclassctorTopic.htm" ismsdn="true">
      <HelpTopic name=".ctor()" link="ms-help://MS.NETFrameworkSDKv1.1/cpref/html/frlrfsystemruntimeremotingchannelshttphttpserverchannelclassctorTopic1.htm" ismsdn="true" />
      <HelpTopic name=".ctor(System.Int32)" link="ms-help://MS.NETFrameworkSDKv1.1/cpref/html/frlrfsystemruntimeremotingchannelshttphttpserverchannelclassctorTopic1.htm" ismsdn="true" />
      <HelpTopic name=".ctor(System.String, System.Int32)" link="ms-help://MS.NETFrameworkSDKv1.1/cpref/html/frlrfsystemruntimeremotingchannelshttphttpserverchannelclassctorTopic2.htm" ismsdn="true" />
      <HelpTopic name=".ctor(System.String, System.Int32, System.Runtime.Remoting.Channels.IServerChannelSinkProvider)" link="ms-help://MS.NETFrameworkSDKv1.1/cpref/html/frlrfsystemruntimeremotingchannelshttphttpserverchannelclassctorTopic3.htm" ismsdn="true" />
      <HelpTopic name=".ctor(System.Collections.IDictionary, System.Runtime.Remoting.Channels.IServerChannelSinkProvider)" link="ms-help://MS.NETFrameworkSDKv1.1/cpref/html/frlrfsystemruntimeremotingchannelshttphttpserverchannelclassctorTopic4.htm" ismsdn="true" />
    </HelpFolder>
    <HelpFolder name="Methods" link="ms-help://MS.NETFrameworkSDKv1.1/cpref/html/frlrfsystemruntimeremotingchannelshttphttpserverchannelMethodsTopic.htm" ismsdn="true">
      <HelpTopic name="Parse(System.String, System.String&amp;)" link="ms-help://MS.NETFrameworkSDKv1.1/cpref/html/frlrfsystemruntimeremotingchannelshttphttpserverchannelclassParseTopic.htm" ismsdn="true" />
      <HelpTopic name="GetChannelUri()" link="ms-help://MS.NETFrameworkSDKv1.1/cpref/html/frlrfsystemruntimeremotingchannelshttphttpserverchannelclassGetChannelUriTopic.htm" ismsdn="true" />
      <HelpTopic name="GetUrlsForUri(System.String)" link="ms-help://MS.NETFrameworkSDKv1.1/cpref/html/frlrfsystemruntimeremotingchannelshttphttpserverchannelclassGetUrlsForUriTopic.htm" ismsdn="true" />
      <HelpTopic name="StartListening(System.Object)" link="ms-help://MS.NETFrameworkSDKv1.1/cpref/html/frlrfsystemruntimeremotingchannelshttphttpserverchannelclassStartListeningTopic.htm" ismsdn="true" />
      <HelpTopic name="StopListening(System.Object)" link="ms-help://MS.NETFrameworkSDKv1.1/cpref/html/frlrfsystemruntimeremotingchannelshttphttpserverchannelclassStopListeningTopic.htm" ismsdn="true" />
      <HelpTopic name="AddHookChannelUri(System.String)" link="ms-help://MS.NETFrameworkSDKv1.1/cpref/html/frlrfsystemruntimeremotingchannelshttphttpserverchannelclassAddHookChannelUriTopic.htm" ismsdn="true" />
    </HelpFolder>
    <HelpFolder name="Properties" link="ms-help://MS.NETFrameworkSDKv1.1/cpref/html/frlrfsystemruntimeremotingchannelshttphttpserverchannelPropertiesTopic.htm" ismsdn="true">
      <HelpTopic name="ChannelPriority" link="ms-help://MS.NETFrameworkSDKv1.1/cpref/html/frlrfsystemruntimeremotingchannelshttphttpserverchannelclassChannelPriorityTopic.htm" ismsdn="true" />
      <HelpTopic name="ChannelName" link="ms-help://MS.NETFrameworkSDKv1.1/cpref/html/frlrfsystemruntimeremotingchannelshttphttpserverchannelclassChannelNameTopic.htm" ismsdn="true" />
      <HelpTopic name="ChannelData" link="ms-help://MS.NETFrameworkSDKv1.1/cpref/html/frlrfsystemruntimeremotingchannelshttphttpserverchannelclassChannelDataTopic.htm" ismsdn="true" />
      <HelpTopic name="ChannelScheme" link="ms-help://MS.NETFrameworkSDKv1.1/cpref/html/frlrfsystemruntimeremotingchannelshttphttpserverchannelclassChannelSchemeTopic.htm" ismsdn="true" />
      <HelpTopic name="WantsToListen" link="ms-help://MS.NETFrameworkSDKv1.1/cpref/html/frlrfsystemruntimeremotingchannelshttphttpserverchannelclassWantsToListenTopic.htm" ismsdn="true" />
      <HelpTopic name="ChannelSinkChain" link="ms-help://MS.NETFrameworkSDKv1.1/cpref/html/frlrfsystemruntimeremotingchannelshttphttpserverchannelclassChannelSinkChainTopic.htm" ismsdn="true" />
      <HelpTopic name="Item" link="ms-help://MS.NETFrameworkSDKv1.1/cpref/html/frlrfsystemruntimeremotingchannelshttphttpserverchannelclassItemTopic.htm" ismsdn="true" />
      <HelpTopic name="Keys" link="ms-help://MS.NETFrameworkSDKv1.1/cpref/html/frlrfsystemruntimeremotingchannelshttphttpserverchannelclassKeysTopic.htm" ismsdn="true" />
    </HelpFolder>
  </HelpFolder>
</HelpCollection>