<HelpCollection>
  <HelpFolder name="ApplicationScopedSettingAttribute class" link="ms-help://MS.NETFrameworkSDKv1.1/cpref/html/frlrfsystemconfigurationapplicationscopedsettingattributeClassTopic.htm" ismsdn="true">
    <HelpTopic name="ApplicationScopedSettingAttribute members" link="ms-help://MS.NETFrameworkSDKv1.1/cpref/html/frlrfsystemconfigurationapplicationscopedsettingattributeMembersTopic.htm" ismsdn="true" />
    <HelpFolder name="Constructors" link="ms-help://MS.NETFrameworkSDKv1.1/cpref/html/frlrfsystemconfigurationapplicationscopedsettingattributeclassctorTopic.htm" ismsdn="true">
      <HelpTopic name=".ctor()" link="ms-help://MS.NETFrameworkSDKv1.1/cpref/html/frlrfsystemconfigurationapplicationscopedsettingattributeclassctorTopic.htm" ismsdn="true" />
    </HelpFolder>
  </HelpFolder>
  <HelpFolder name="ApplicationSettingsBase class" link="ms-help://MS.NETFrameworkSDKv1.1/cpref/html/frlrfsystemconfigurationapplicationsettingsbaseClassTopic.htm" ismsdn="true">
    <HelpTopic name="ApplicationSettingsBase members" link="ms-help://MS.NETFrameworkSDKv1.1/cpref/html/frlrfsystemconfigurationapplicationsettingsbaseMembersTopic.htm" ismsdn="true" />
    <HelpFolder name="Methods" link="ms-help://MS.NETFrameworkSDKv1.1/cpref/html/frlrfsystemconfigurationapplicationsettingsbaseMethodsTopic.htm" ismsdn="true">
      <HelpTopic name="GetPreviousVersion(System.String)" link="ms-help://MS.NETFrameworkSDKv1.1/cpref/html/frlrfsystemconfigurationapplicationsettingsbaseclassGetPreviousVersionTopic.htm" ismsdn="true" />
      <HelpTopic name="Reload()" link="ms-help://MS.NETFrameworkSDKv1.1/cpref/html/frlrfsystemconfigurationapplicationsettingsbaseclassReloadTopic.htm" ismsdn="true" />
      <HelpTopic name="Reset()" link="ms-help://MS.NETFrameworkSDKv1.1/cpref/html/frlrfsystemconfigurationapplicationsettingsbaseclassResetTopic.htm" ismsdn="true" />
      <HelpTopic name="Save()" link="ms-help://MS.NETFrameworkSDKv1.1/cpref/html/frlrfsystemconfigurationapplicationsettingsbaseclassSaveTopic.htm" ismsdn="true" />
      <HelpTopic name="Upgrade()" link="ms-help://MS.NETFrameworkSDKv1.1/cpref/html/frlrfsystemconfigurationapplicationsettingsbaseclassUpgradeTopic.htm" ismsdn="true" />
    </HelpFolder>
    <HelpFolder name="Properties" link="ms-help://MS.NETFrameworkSDKv1.1/cpref/html/frlrfsystemconfigurationapplicationsettingsbasePropertiesTopic.htm" ismsdn="true">
      <HelpTopic name="Context" link="ms-help://MS.NETFrameworkSDKv1.1/cpref/html/frlrfsystemconfigurationapplicationsettingsbaseclassContextTopic.htm" ismsdn="true" />
      <HelpTopic name="Properties" link="ms-help://MS.NETFrameworkSDKv1.1/cpref/html/frlrfsystemconfigurationapplicationsettingsbaseclassPropertiesTopic.htm" ismsdn="true" />
      <HelpTopic name="PropertyValues" link="ms-help://MS.NETFrameworkSDKv1.1/cpref/html/frlrfsystemconfigurationapplicationsettingsbaseclassPropertyValuesTopic.htm" ismsdn="true" />
      <HelpTopic name="Providers" link="ms-help://MS.NETFrameworkSDKv1.1/cpref/html/frlrfsystemconfigurationapplicationsettingsbaseclassProvidersTopic.htm" ismsdn="true" />
      <HelpTopic name="SettingsKey" link="ms-help://MS.NETFrameworkSDKv1.1/cpref/html/frlrfsystemconfigurationapplicationsettingsbaseclassSettingsKeyTopic.htm" ismsdn="true" />
      <HelpTopic name="Item" link="ms-help://MS.NETFrameworkSDKv1.1/cpref/html/frlrfsystemconfigurationapplicationsettingsbaseclassItemTopic.htm" ismsdn="true" />
    </HelpFolder>
    <HelpFolder name="Events" link="ms-help://MS.NETFrameworkSDKv1.1/cpref/html/frlrfsystemconfigurationapplicationsettingsbaseEventsTopic.htm" ismsdn="true">
      <HelpTopic name="PropertyChanged" link="ms-help://MS.NETFrameworkSDKv1.1/cpref/html/frlrfsystemconfigurationapplicationsettingsbaseclassPropertyChangedTopic.htm" ismsdn="true" />
      <HelpTopic name="SettingChanging" link="ms-help://MS.NETFrameworkSDKv1.1/cpref/html/frlrfsystemconfigurationapplicationsettingsbaseclassSettingChangingTopic.htm" ismsdn="true" />
      <HelpTopic name="SettingsLoaded" link="ms-help://MS.NETFrameworkSDKv1.1/cpref/html/frlrfsystemconfigurationapplicationsettingsbaseclassSettingsLoadedTopic.htm" ismsdn="true" />
      <HelpTopic name="SettingsSaving" link="ms-help://MS.NETFrameworkSDKv1.1/cpref/html/frlrfsystemconfigurationapplicationsettingsbaseclassSettingsSavingTopic.htm" ismsdn="true" />
    </HelpFolder>
  </HelpFolder>
  <HelpFolder name="ApplicationSettingsGroup class" link="ms-help://MS.NETFrameworkSDKv1.1/cpref/html/frlrfsystemconfigurationapplicationsettingsgroupClassTopic.htm" ismsdn="true">
    <HelpTopic name="ApplicationSettingsGroup members" link="ms-help://MS.NETFrameworkSDKv1.1/cpref/html/frlrfsystemconfigurationapplicationsettingsgroupMembersTopic.htm" ismsdn="true" />
    <HelpFolder name="Constructors" link="ms-help://MS.NETFrameworkSDKv1.1/cpref/html/frlrfsystemconfigurationapplicationsettingsgroupclassctorTopic.htm" ismsdn="true">
      <HelpTopic name=".ctor()" link="ms-help://MS.NETFrameworkSDKv1.1/cpref/html/frlrfsystemconfigurationapplicationsettingsgroupclassctorTopic.htm" ismsdn="true" />
    </HelpFolder>
  </HelpFolder>
  <HelpFolder name="AppSettingsReader class" link="ms-help://MS.NETFrameworkSDKv1.1/cpref/html/frlrfsystemconfigurationappsettingsreaderClassTopic.htm" ismsdn="true">
    <HelpTopic name="AppSettingsReader members" link="ms-help://MS.NETFrameworkSDKv1.1/cpref/html/frlrfsystemconfigurationappsettingsreaderMembersTopic.htm" ismsdn="true" />
    <HelpFolder name="Constructors" link="ms-help://MS.NETFrameworkSDKv1.1/cpref/html/frlrfsystemconfigurationappsettingsreaderclassctorTopic.htm" ismsdn="true">
      <HelpTopic name=".ctor()" link="ms-help://MS.NETFrameworkSDKv1.1/cpref/html/frlrfsystemconfigurationappsettingsreaderclassctorTopic.htm" ismsdn="true" />
    </HelpFolder>
    <HelpFolder name="Methods" link="ms-help://MS.NETFrameworkSDKv1.1/cpref/html/frlrfsystemconfigurationappsettingsreaderMethodsTopic.htm" ismsdn="true">
      <HelpTopic name="GetValue(System.String, System.Type)" link="ms-help://MS.NETFrameworkSDKv1.1/cpref/html/frlrfsystemconfigurationappsettingsreaderclassGetValueTopic.htm" ismsdn="true" />
    </HelpFolder>
  </HelpFolder>
  <HelpFolder name="ClientSettingsSection class" link="ms-help://MS.NETFrameworkSDKv1.1/cpref/html/frlrfsystemconfigurationclientsettingssectionClassTopic.htm" ismsdn="true">
    <HelpTopic name="ClientSettingsSection members" link="ms-help://MS.NETFrameworkSDKv1.1/cpref/html/frlrfsystemconfigurationclientsettingssectionMembersTopic.htm" ismsdn="true" />
    <HelpFolder name="Constructors" link="ms-help://MS.NETFrameworkSDKv1.1/cpref/html/frlrfsystemconfigurationclientsettingssectionclassctorTopic.htm" ismsdn="true">
      <HelpTopic name=".ctor()" link="ms-help://MS.NETFrameworkSDKv1.1/cpref/html/frlrfsystemconfigurationclientsettingssectionclassctorTopic.htm" ismsdn="true" />
    </HelpFolder>
    <HelpFolder name="Properties" link="ms-help://MS.NETFrameworkSDKv1.1/cpref/html/frlrfsystemconfigurationclientsettingssectionPropertiesTopic.htm" ismsdn="true">
      <HelpTopic name="Settings" link="ms-help://MS.NETFrameworkSDKv1.1/cpref/html/frlrfsystemconfigurationclientsettingssectionclassSettingsTopic.htm" ismsdn="true" />
    </HelpFolder>
  </HelpFolder>
  <HelpFolder name="ConfigurationException class" link="ms-help://MS.NETFrameworkSDKv1.1/cpref/html/frlrfsystemconfigurationconfigurationexceptionClassTopic.htm" ismsdn="true">
    <HelpTopic name="ConfigurationException members" link="ms-help://MS.NETFrameworkSDKv1.1/cpref/html/frlrfsystemconfigurationconfigurationexceptionMembersTopic.htm" ismsdn="true" />
    <HelpFolder name="Constructors" link="ms-help://MS.NETFrameworkSDKv1.1/cpref/html/frlrfsystemconfigurationconfigurationexceptionclassctorTopic.htm" ismsdn="true">
      <HelpTopic name=".ctor()" link="ms-help://MS.NETFrameworkSDKv1.1/cpref/html/frlrfsystemconfigurationconfigurationexceptionclassctorTopic1.htm" ismsdn="true" />
      <HelpTopic name=".ctor(System.String)" link="ms-help://MS.NETFrameworkSDKv1.1/cpref/html/frlrfsystemconfigurationconfigurationexceptionclassctorTopic1.htm" ismsdn="true" />
      <HelpTopic name=".ctor(System.String, System.Exception)" link="ms-help://MS.NETFrameworkSDKv1.1/cpref/html/frlrfsystemconfigurationconfigurationexceptionclassctorTopic2.htm" ismsdn="true" />
      <HelpTopic name=".ctor(System.String, System.Xml.XmlNode)" link="ms-help://MS.NETFrameworkSDKv1.1/cpref/html/frlrfsystemconfigurationconfigurationexceptionclassctorTopic3.htm" ismsdn="true" />
      <HelpTopic name=".ctor(System.String, System.Exception, System.Xml.XmlNode)" link="ms-help://MS.NETFrameworkSDKv1.1/cpref/html/frlrfsystemconfigurationconfigurationexceptionclassctorTopic4.htm" ismsdn="true" />
      <HelpTopic name=".ctor(System.String, System.String, System.Int32)" link="ms-help://MS.NETFrameworkSDKv1.1/cpref/html/frlrfsystemconfigurationconfigurationexceptionclassctorTopic5.htm" ismsdn="true" />
      <HelpTopic name=".ctor(System.String, System.Exception, System.String, System.Int32)" link="ms-help://MS.NETFrameworkSDKv1.1/cpref/html/frlrfsystemconfigurationconfigurationexceptionclassctorTopic6.htm" ismsdn="true" />
    </HelpFolder>
    <HelpFolder name="Methods" link="ms-help://MS.NETFrameworkSDKv1.1/cpref/html/frlrfsystemconfigurationconfigurationexceptionMethodsTopic.htm" ismsdn="true">
      <HelpTopic name="GetObjectData(System.Runtime.Serialization.SerializationInfo, System.Runtime.Serialization.StreamingContext)" link="ms-help://MS.NETFrameworkSDKv1.1/cpref/html/frlrfsystemconfigurationconfigurationexceptionclassGetObjectDataTopic.htm" ismsdn="true" />
      <HelpTopic name="GetXmlNodeFilename(System.Xml.XmlNode)" link="ms-help://MS.NETFrameworkSDKv1.1/cpref/html/frlrfsystemconfigurationconfigurationexceptionclassGetXmlNodeFilenameTopic.htm" ismsdn="true" />
      <HelpTopic name="GetXmlNodeLineNumber(System.Xml.XmlNode)" link="ms-help://MS.NETFrameworkSDKv1.1/cpref/html/frlrfsystemconfigurationconfigurationexceptionclassGetXmlNodeLineNumberTopic.htm" ismsdn="true" />
    </HelpFolder>
    <HelpFolder name="Properties" link="ms-help://MS.NETFrameworkSDKv1.1/cpref/html/frlrfsystemconfigurationconfigurationexceptionPropertiesTopic.htm" ismsdn="true">
      <HelpTopic name="Message" link="ms-help://MS.NETFrameworkSDKv1.1/cpref/html/frlrfsystemconfigurationconfigurationexceptionclassMessageTopic.htm" ismsdn="true" />
      <HelpTopic name="BareMessage" link="ms-help://MS.NETFrameworkSDKv1.1/cpref/html/frlrfsystemconfigurationconfigurationexceptionclassBareMessageTopic.htm" ismsdn="true" />
      <HelpTopic name="Filename" link="ms-help://MS.NETFrameworkSDKv1.1/cpref/html/frlrfsystemconfigurationconfigurationexceptionclassFilenameTopic.htm" ismsdn="true" />
      <HelpTopic name="Line" link="ms-help://MS.NETFrameworkSDKv1.1/cpref/html/frlrfsystemconfigurationconfigurationexceptionclassLineTopic.htm" ismsdn="true" />
    </HelpFolder>
  </HelpFolder>
  <HelpFolder name="ConfigurationSettings class" link="ms-help://MS.NETFrameworkSDKv1.1/cpref/html/frlrfsystemconfigurationconfigurationsettingsClassTopic.htm" ismsdn="true">
    <HelpTopic name="ConfigurationSettings members" link="ms-help://MS.NETFrameworkSDKv1.1/cpref/html/frlrfsystemconfigurationconfigurationsettingsMembersTopic.htm" ismsdn="true" />
    <HelpFolder name="Methods" link="ms-help://MS.NETFrameworkSDKv1.1/cpref/html/frlrfsystemconfigurationconfigurationsettingsMethodsTopic.htm" ismsdn="true">
      <HelpTopic name="GetConfig(System.String)" link="ms-help://MS.NETFrameworkSDKv1.1/cpref/html/frlrfsystemconfigurationconfigurationsettingsclassGetConfigTopic.htm" ismsdn="true" />
    </HelpFolder>
    <HelpFolder name="Properties" link="ms-help://MS.NETFrameworkSDKv1.1/cpref/html/frlrfsystemconfigurationconfigurationsettingsPropertiesTopic.htm" ismsdn="true">
      <HelpTopic name="AppSettings" link="ms-help://MS.NETFrameworkSDKv1.1/cpref/html/frlrfsystemconfigurationconfigurationsettingsclassAppSettingsTopic.htm" ismsdn="true" />
    </HelpFolder>
  </HelpFolder>
  <HelpFolder name="ConfigXmlDocument class" link="ms-help://MS.NETFrameworkSDKv1.1/cpref/html/frlrfsystemconfigurationconfigxmldocumentClassTopic.htm" ismsdn="true">
    <HelpTopic name="ConfigXmlDocument members" link="ms-help://MS.NETFrameworkSDKv1.1/cpref/html/frlrfsystemconfigurationconfigxmldocumentMembersTopic.htm" ismsdn="true" />
    <HelpFolder name="Constructors" link="ms-help://MS.NETFrameworkSDKv1.1/cpref/html/frlrfsystemconfigurationconfigxmldocumentclassctorTopic.htm" ismsdn="true">
      <HelpTopic name=".ctor()" link="ms-help://MS.NETFrameworkSDKv1.1/cpref/html/frlrfsystemconfigurationconfigxmldocumentclassctorTopic.htm" ismsdn="true" />
    </HelpFolder>
    <HelpFolder name="Methods" link="ms-help://MS.NETFrameworkSDKv1.1/cpref/html/frlrfsystemconfigurationconfigxmldocumentMethodsTopic.htm" ismsdn="true">
      <HelpTopic name="Load(System.String)" link="ms-help://MS.NETFrameworkSDKv1.1/cpref/html/frlrfsystemconfigurationconfigxmldocumentclassLoadTopic.htm" ismsdn="true" />
      <HelpTopic name="LoadSingleElement(System.String, System.Xml.XmlTextReader)" link="ms-help://MS.NETFrameworkSDKv1.1/cpref/html/frlrfsystemconfigurationconfigxmldocumentclassLoadSingleElementTopic.htm" ismsdn="true" />
      <HelpTopic name="CreateAttribute(System.String, System.String, System.String)" link="ms-help://MS.NETFrameworkSDKv1.1/cpref/html/frlrfsystemconfigurationconfigxmldocumentclassCreateAttributeTopic.htm" ismsdn="true" />
      <HelpTopic name="CreateElement(System.String, System.String, System.String)" link="ms-help://MS.NETFrameworkSDKv1.1/cpref/html/frlrfsystemconfigurationconfigxmldocumentclassCreateElementTopic.htm" ismsdn="true" />
      <HelpTopic name="CreateTextNode(System.String)" link="ms-help://MS.NETFrameworkSDKv1.1/cpref/html/frlrfsystemconfigurationconfigxmldocumentclassCreateTextNodeTopic.htm" ismsdn="true" />
      <HelpTopic name="CreateCDataSection(System.String)" link="ms-help://MS.NETFrameworkSDKv1.1/cpref/html/frlrfsystemconfigurationconfigxmldocumentclassCreateCDataSectionTopic.htm" ismsdn="true" />
      <HelpTopic name="CreateComment(System.String)" link="ms-help://MS.NETFrameworkSDKv1.1/cpref/html/frlrfsystemconfigurationconfigxmldocumentclassCreateCommentTopic.htm" ismsdn="true" />
      <HelpTopic name="CreateSignificantWhitespace(System.String)" link="ms-help://MS.NETFrameworkSDKv1.1/cpref/html/frlrfsystemconfigurationconfigxmldocumentclassCreateSignificantWhitespaceTopic.htm" ismsdn="true" />
      <HelpTopic name="CreateWhitespace(System.String)" link="ms-help://MS.NETFrameworkSDKv1.1/cpref/html/frlrfsystemconfigurationconfigxmldocumentclassCreateWhitespaceTopic.htm" ismsdn="true" />
    </HelpFolder>
    <HelpFolder name="Properties" link="ms-help://MS.NETFrameworkSDKv1.1/cpref/html/frlrfsystemconfigurationconfigxmldocumentPropertiesTopic.htm" ismsdn="true">
      <HelpTopic name="LineNumber" link="ms-help://MS.NETFrameworkSDKv1.1/cpref/html/frlrfsystemconfigurationconfigxmldocumentclassLineNumberTopic.htm" ismsdn="true" />
      <HelpTopic name="Filename" link="ms-help://MS.NETFrameworkSDKv1.1/cpref/html/frlrfsystemconfigurationconfigxmldocumentclassFilenameTopic.htm" ismsdn="true" />
    </HelpFolder>
  </HelpFolder>
  <HelpFolder name="DefaultSettingValueAttribute class" link="ms-help://MS.NETFrameworkSDKv1.1/cpref/html/frlrfsystemconfigurationdefaultsettingvalueattributeClassTopic.htm" ismsdn="true">
    <HelpTopic name="DefaultSettingValueAttribute members" link="ms-help://MS.NETFrameworkSDKv1.1/cpref/html/frlrfsystemconfigurationdefaultsettingvalueattributeMembersTopic.htm" ismsdn="true" />
    <HelpFolder name="Constructors" link="ms-help://MS.NETFrameworkSDKv1.1/cpref/html/frlrfsystemconfigurationdefaultsettingvalueattributeclassctorTopic.htm" ismsdn="true">
      <HelpTopic name=".ctor(System.String)" link="ms-help://MS.NETFrameworkSDKv1.1/cpref/html/frlrfsystemconfigurationdefaultsettingvalueattributeclassctorTopic.htm" ismsdn="true" />
    </HelpFolder>
    <HelpFolder name="Properties" link="ms-help://MS.NETFrameworkSDKv1.1/cpref/html/frlrfsystemconfigurationdefaultsettingvalueattributePropertiesTopic.htm" ismsdn="true">
      <HelpTopic name="Value" link="ms-help://MS.NETFrameworkSDKv1.1/cpref/html/frlrfsystemconfigurationdefaultsettingvalueattributeclassValueTopic.htm" ismsdn="true" />
    </HelpFolder>
  </HelpFolder>
  <HelpFolder name="DictionarySectionHandler class" link="ms-help://MS.NETFrameworkSDKv1.1/cpref/html/frlrfsystemconfigurationdictionarysectionhandlerClassTopic.htm" ismsdn="true">
    <HelpTopic name="DictionarySectionHandler members" link="ms-help://MS.NETFrameworkSDKv1.1/cpref/html/frlrfsystemconfigurationdictionarysectionhandlerMembersTopic.htm" ismsdn="true" />
    <HelpFolder name="Constructors" link="ms-help://MS.NETFrameworkSDKv1.1/cpref/html/frlrfsystemconfigurationdictionarysectionhandlerclassctorTopic.htm" ismsdn="true">
      <HelpTopic name=".ctor()" link="ms-help://MS.NETFrameworkSDKv1.1/cpref/html/frlrfsystemconfigurationdictionarysectionhandlerclassctorTopic.htm" ismsdn="true" />
    </HelpFolder>
    <HelpFolder name="Methods" link="ms-help://MS.NETFrameworkSDKv1.1/cpref/html/frlrfsystemconfigurationdictionarysectionhandlerMethodsTopic.htm" ismsdn="true">
      <HelpTopic name="Create(System.Object, System.Object, System.Xml.XmlNode)" link="ms-help://MS.NETFrameworkSDKv1.1/cpref/html/frlrfsystemconfigurationdictionarysectionhandlerclassCreateTopic.htm" ismsdn="true" />
    </HelpFolder>
  </HelpFolder>
  <HelpFolder name="IApplicationSettingsProvider interface" link="ms-help://MS.NETFrameworkSDKv1.1/cpref/html/frlrfsystemconfigurationiapplicationsettingsproviderClassTopic.htm" ismsdn="true">
    <HelpTopic name="IApplicationSettingsProvider members" link="ms-help://MS.NETFrameworkSDKv1.1/cpref/html/frlrfsystemconfigurationiapplicationsettingsproviderMembersTopic.htm" ismsdn="true" />
    <HelpFolder name="Methods" link="ms-help://MS.NETFrameworkSDKv1.1/cpref/html/frlrfsystemconfigurationiapplicationsettingsproviderMethodsTopic.htm" ismsdn="true">
      <HelpTopic name="GetPreviousVersion(System.Configuration.SettingsContext, System.Configuration.SettingsProperty)" link="ms-help://MS.NETFrameworkSDKv1.1/cpref/html/frlrfsystemconfigurationiapplicationsettingsproviderclassGetPreviousVersionTopic.htm" ismsdn="true" />
      <HelpTopic name="Reset(System.Configuration.SettingsContext)" link="ms-help://MS.NETFrameworkSDKv1.1/cpref/html/frlrfsystemconfigurationiapplicationsettingsproviderclassResetTopic.htm" ismsdn="true" />
      <HelpTopic name="Upgrade(System.Configuration.SettingsContext, System.Configuration.SettingsPropertyCollection)" link="ms-help://MS.NETFrameworkSDKv1.1/cpref/html/frlrfsystemconfigurationiapplicationsettingsproviderclassUpgradeTopic.htm" ismsdn="true" />
    </HelpFolder>
  </HelpFolder>
  <HelpFolder name="IConfigurationSectionHandler interface" link="ms-help://MS.NETFrameworkSDKv1.1/cpref/html/frlrfsystemconfigurationiconfigurationsectionhandlerClassTopic.htm" ismsdn="true">
    <HelpTopic name="IConfigurationSectionHandler members" link="ms-help://MS.NETFrameworkSDKv1.1/cpref/html/frlrfsystemconfigurationiconfigurationsectionhandlerMembersTopic.htm" ismsdn="true" />
    <HelpFolder name="Methods" link="ms-help://MS.NETFrameworkSDKv1.1/cpref/html/frlrfsystemconfigurationiconfigurationsectionhandlerMethodsTopic.htm" ismsdn="true">
      <HelpTopic name="Create(System.Object, System.Object, System.Xml.XmlNode)" link="ms-help://MS.NETFrameworkSDKv1.1/cpref/html/frlrfsystemconfigurationiconfigurationsectionhandlerclassCreateTopic.htm" ismsdn="true" />
    </HelpFolder>
  </HelpFolder>
  <HelpFolder name="IConfigurationSystem interface" link="ms-help://MS.NETFrameworkSDKv1.1/cpref/html/frlrfsystemconfigurationiconfigurationsystemClassTopic.htm" ismsdn="true">
    <HelpTopic name="IConfigurationSystem members" link="ms-help://MS.NETFrameworkSDKv1.1/cpref/html/frlrfsystemconfigurationiconfigurationsystemMembersTopic.htm" ismsdn="true" />
    <HelpFolder name="Methods" link="ms-help://MS.NETFrameworkSDKv1.1/cpref/html/frlrfsystemconfigurationiconfigurationsystemMethodsTopic.htm" ismsdn="true">
      <HelpTopic name="GetConfig(System.String)" link="ms-help://MS.NETFrameworkSDKv1.1/cpref/html/frlrfsystemconfigurationiconfigurationsystemclassGetConfigTopic.htm" ismsdn="true" />
      <HelpTopic name="Init()" link="ms-help://MS.NETFrameworkSDKv1.1/cpref/html/frlrfsystemconfigurationiconfigurationsystemclassInitTopic.htm" ismsdn="true" />
    </HelpFolder>
  </HelpFolder>
  <HelpFolder name="IgnoreSectionHandler class" link="ms-help://MS.NETFrameworkSDKv1.1/cpref/html/frlrfsystemconfigurationignoresectionhandlerClassTopic.htm" ismsdn="true">
    <HelpTopic name="IgnoreSectionHandler members" link="ms-help://MS.NETFrameworkSDKv1.1/cpref/html/frlrfsystemconfigurationignoresectionhandlerMembersTopic.htm" ismsdn="true" />
    <HelpFolder name="Constructors" link="ms-help://MS.NETFrameworkSDKv1.1/cpref/html/frlrfsystemconfigurationignoresectionhandlerclassctorTopic.htm" ismsdn="true">
      <HelpTopic name=".ctor()" link="ms-help://MS.NETFrameworkSDKv1.1/cpref/html/frlrfsystemconfigurationignoresectionhandlerclassctorTopic.htm" ismsdn="true" />
    </HelpFolder>
    <HelpFolder name="Methods" link="ms-help://MS.NETFrameworkSDKv1.1/cpref/html/frlrfsystemconfigurationignoresectionhandlerMethodsTopic.htm" ismsdn="true">
      <HelpTopic name="Create(System.Object, System.Object, System.Xml.XmlNode)" link="ms-help://MS.NETFrameworkSDKv1.1/cpref/html/frlrfsystemconfigurationignoresectionhandlerclassCreateTopic.htm" ismsdn="true" />
    </HelpFolder>
  </HelpFolder>
  <HelpFolder name="IPersistComponentSettings interface" link="ms-help://MS.NETFrameworkSDKv1.1/cpref/html/frlrfsystemconfigurationipersistcomponentsettingsClassTopic.htm" ismsdn="true">
    <HelpTopic name="IPersistComponentSettings members" link="ms-help://MS.NETFrameworkSDKv1.1/cpref/html/frlrfsystemconfigurationipersistcomponentsettingsMembersTopic.htm" ismsdn="true" />
    <HelpFolder name="Methods" link="ms-help://MS.NETFrameworkSDKv1.1/cpref/html/frlrfsystemconfigurationipersistcomponentsettingsMethodsTopic.htm" ismsdn="true">
      <HelpTopic name="LoadComponentSettings()" link="ms-help://MS.NETFrameworkSDKv1.1/cpref/html/frlrfsystemconfigurationipersistcomponentsettingsclassLoadComponentSettingsTopic.htm" ismsdn="true" />
      <HelpTopic name="SaveComponentSettings()" link="ms-help://MS.NETFrameworkSDKv1.1/cpref/html/frlrfsystemconfigurationipersistcomponentsettingsclassSaveComponentSettingsTopic.htm" ismsdn="true" />
      <HelpTopic name="ResetComponentSettings()" link="ms-help://MS.NETFrameworkSDKv1.1/cpref/html/frlrfsystemconfigurationipersistcomponentsettingsclassResetComponentSettingsTopic.htm" ismsdn="true" />
    </HelpFolder>
    <HelpFolder name="Properties" link="ms-help://MS.NETFrameworkSDKv1.1/cpref/html/frlrfsystemconfigurationipersistcomponentsettingsPropertiesTopic.htm" ismsdn="true">
      <HelpTopic name="SaveSettings" link="ms-help://MS.NETFrameworkSDKv1.1/cpref/html/frlrfsystemconfigurationipersistcomponentsettingsclassSaveSettingsTopic.htm" ismsdn="true" />
      <HelpTopic name="SettingsKey" link="ms-help://MS.NETFrameworkSDKv1.1/cpref/html/frlrfsystemconfigurationipersistcomponentsettingsclassSettingsKeyTopic.htm" ismsdn="true" />
    </HelpFolder>
  </HelpFolder>
  <HelpFolder name="ISettingsProviderService interface" link="ms-help://MS.NETFrameworkSDKv1.1/cpref/html/frlrfsystemconfigurationisettingsproviderserviceClassTopic.htm" ismsdn="true">
    <HelpTopic name="ISettingsProviderService members" link="ms-help://MS.NETFrameworkSDKv1.1/cpref/html/frlrfsystemconfigurationisettingsproviderserviceMembersTopic.htm" ismsdn="true" />
    <HelpFolder name="Methods" link="ms-help://MS.NETFrameworkSDKv1.1/cpref/html/frlrfsystemconfigurationisettingsproviderserviceMethodsTopic.htm" ismsdn="true">
      <HelpTopic name="GetSettingsProvider(System.Configuration.SettingsProperty)" link="ms-help://MS.NETFrameworkSDKv1.1/cpref/html/frlrfsystemconfigurationisettingsproviderserviceclassGetSettingsProviderTopic.htm" ismsdn="true" />
    </HelpFolder>
  </HelpFolder>
  <HelpFolder name="LocalFileSettingsProvider class" link="ms-help://MS.NETFrameworkSDKv1.1/cpref/html/frlrfsystemconfigurationlocalfilesettingsproviderClassTopic.htm" ismsdn="true">
    <HelpTopic name="LocalFileSettingsProvider members" link="ms-help://MS.NETFrameworkSDKv1.1/cpref/html/frlrfsystemconfigurationlocalfilesettingsproviderMembersTopic.htm" ismsdn="true" />
    <HelpFolder name="Constructors" link="ms-help://MS.NETFrameworkSDKv1.1/cpref/html/frlrfsystemconfigurationlocalfilesettingsproviderclassctorTopic.htm" ismsdn="true">
      <HelpTopic name=".ctor()" link="ms-help://MS.NETFrameworkSDKv1.1/cpref/html/frlrfsystemconfigurationlocalfilesettingsproviderclassctorTopic.htm" ismsdn="true" />
    </HelpFolder>
    <HelpFolder name="Methods" link="ms-help://MS.NETFrameworkSDKv1.1/cpref/html/frlrfsystemconfigurationlocalfilesettingsproviderMethodsTopic.htm" ismsdn="true">
      <HelpTopic name="Initialize(System.String, System.Collections.Specialized.NameValueCollection)" link="ms-help://MS.NETFrameworkSDKv1.1/cpref/html/frlrfsystemconfigurationlocalfilesettingsproviderclassInitializeTopic.htm" ismsdn="true" />
      <HelpTopic name="GetPropertyValues(System.Configuration.SettingsContext, System.Configuration.SettingsPropertyCollection)" link="ms-help://MS.NETFrameworkSDKv1.1/cpref/html/frlrfsystemconfigurationlocalfilesettingsproviderclassGetPropertyValuesTopic.htm" ismsdn="true" />
      <HelpTopic name="SetPropertyValues(System.Configuration.SettingsContext, System.Configuration.SettingsPropertyValueCollection)" link="ms-help://MS.NETFrameworkSDKv1.1/cpref/html/frlrfsystemconfigurationlocalfilesettingsproviderclassSetPropertyValuesTopic.htm" ismsdn="true" />
      <HelpTopic name="Reset(System.Configuration.SettingsContext)" link="ms-help://MS.NETFrameworkSDKv1.1/cpref/html/frlrfsystemconfigurationlocalfilesettingsproviderclassResetTopic.htm" ismsdn="true" />
      <HelpTopic name="Upgrade(System.Configuration.SettingsContext, System.Configuration.SettingsPropertyCollection)" link="ms-help://MS.NETFrameworkSDKv1.1/cpref/html/frlrfsystemconfigurationlocalfilesettingsproviderclassUpgradeTopic.htm" ismsdn="true" />
      <HelpTopic name="GetPreviousVersion(System.Configuration.SettingsContext, System.Configuration.SettingsProperty)" link="ms-help://MS.NETFrameworkSDKv1.1/cpref/html/frlrfsystemconfigurationlocalfilesettingsproviderclassGetPreviousVersionTopic.htm" ismsdn="true" />
    </HelpFolder>
    <HelpFolder name="Properties" link="ms-help://MS.NETFrameworkSDKv1.1/cpref/html/frlrfsystemconfigurationlocalfilesettingsproviderPropertiesTopic.htm" ismsdn="true">
      <HelpTopic name="ApplicationName" link="ms-help://MS.NETFrameworkSDKv1.1/cpref/html/frlrfsystemconfigurationlocalfilesettingsproviderclassApplicationNameTopic.htm" ismsdn="true" />
    </HelpFolder>
  </HelpFolder>
  <HelpFolder name="NameValueFileSectionHandler class" link="ms-help://MS.NETFrameworkSDKv1.1/cpref/html/frlrfsystemconfigurationnamevaluefilesectionhandlerClassTopic.htm" ismsdn="true">
    <HelpTopic name="NameValueFileSectionHandler members" link="ms-help://MS.NETFrameworkSDKv1.1/cpref/html/frlrfsystemconfigurationnamevaluefilesectionhandlerMembersTopic.htm" ismsdn="true" />
    <HelpFolder name="Constructors" link="ms-help://MS.NETFrameworkSDKv1.1/cpref/html/frlrfsystemconfigurationnamevaluefilesectionhandlerclassctorTopic.htm" ismsdn="true">
      <HelpTopic name=".ctor()" link="ms-help://MS.NETFrameworkSDKv1.1/cpref/html/frlrfsystemconfigurationnamevaluefilesectionhandlerclassctorTopic.htm" ismsdn="true" />
    </HelpFolder>
    <HelpFolder name="Methods" link="ms-help://MS.NETFrameworkSDKv1.1/cpref/html/frlrfsystemconfigurationnamevaluefilesectionhandlerMethodsTopic.htm" ismsdn="true">
      <HelpTopic name="Create(System.Object, System.Object, System.Xml.XmlNode)" link="ms-help://MS.NETFrameworkSDKv1.1/cpref/html/frlrfsystemconfigurationnamevaluefilesectionhandlerclassCreateTopic.htm" ismsdn="true" />
    </HelpFolder>
  </HelpFolder>
  <HelpFolder name="NameValueSectionHandler class" link="ms-help://MS.NETFrameworkSDKv1.1/cpref/html/frlrfsystemconfigurationnamevaluesectionhandlerClassTopic.htm" ismsdn="true">
    <HelpTopic name="NameValueSectionHandler members" link="ms-help://MS.NETFrameworkSDKv1.1/cpref/html/frlrfsystemconfigurationnamevaluesectionhandlerMembersTopic.htm" ismsdn="true" />
    <HelpFolder name="Constructors" link="ms-help://MS.NETFrameworkSDKv1.1/cpref/html/frlrfsystemconfigurationnamevaluesectionhandlerclassctorTopic.htm" ismsdn="true">
      <HelpTopic name=".ctor()" link="ms-help://MS.NETFrameworkSDKv1.1/cpref/html/frlrfsystemconfigurationnamevaluesectionhandlerclassctorTopic.htm" ismsdn="true" />
    </HelpFolder>
    <HelpFolder name="Methods" link="ms-help://MS.NETFrameworkSDKv1.1/cpref/html/frlrfsystemconfigurationnamevaluesectionhandlerMethodsTopic.htm" ismsdn="true">
      <HelpTopic name="Create(System.Object, System.Object, System.Xml.XmlNode)" link="ms-help://MS.NETFrameworkSDKv1.1/cpref/html/frlrfsystemconfigurationnamevaluesectionhandlerclassCreateTopic.htm" ismsdn="true" />
    </HelpFolder>
  </HelpFolder>
  <HelpFolder name="NoSettingsVersionUpgradeAttribute class" link="ms-help://MS.NETFrameworkSDKv1.1/cpref/html/frlrfsystemconfigurationnosettingsversionupgradeattributeClassTopic.htm" ismsdn="true">
    <HelpTopic name="NoSettingsVersionUpgradeAttribute members" link="ms-help://MS.NETFrameworkSDKv1.1/cpref/html/frlrfsystemconfigurationnosettingsversionupgradeattributeMembersTopic.htm" ismsdn="true" />
    <HelpFolder name="Constructors" link="ms-help://MS.NETFrameworkSDKv1.1/cpref/html/frlrfsystemconfigurationnosettingsversionupgradeattributeclassctorTopic.htm" ismsdn="true">
      <HelpTopic name=".ctor()" link="ms-help://MS.NETFrameworkSDKv1.1/cpref/html/frlrfsystemconfigurationnosettingsversionupgradeattributeclassctorTopic.htm" ismsdn="true" />
    </HelpFolder>
  </HelpFolder>
  <HelpFolder name="SettingAttribute class" link="ms-help://MS.NETFrameworkSDKv1.1/cpref/html/frlrfsystemconfigurationsettingattributeClassTopic.htm" ismsdn="true">
    <HelpTopic name="SettingAttribute members" link="ms-help://MS.NETFrameworkSDKv1.1/cpref/html/frlrfsystemconfigurationsettingattributeMembersTopic.htm" ismsdn="true" />
    <HelpFolder name="Constructors" link="ms-help://MS.NETFrameworkSDKv1.1/cpref/html/frlrfsystemconfigurationsettingattributeclassctorTopic.htm" ismsdn="true">
      <HelpTopic name=".ctor()" link="ms-help://MS.NETFrameworkSDKv1.1/cpref/html/frlrfsystemconfigurationsettingattributeclassctorTopic.htm" ismsdn="true" />
    </HelpFolder>
  </HelpFolder>
  <HelpFolder name="SettingChangingEventArgs class" link="ms-help://MS.NETFrameworkSDKv1.1/cpref/html/frlrfsystemconfigurationsettingchangingeventargsClassTopic.htm" ismsdn="true">
    <HelpTopic name="SettingChangingEventArgs members" link="ms-help://MS.NETFrameworkSDKv1.1/cpref/html/frlrfsystemconfigurationsettingchangingeventargsMembersTopic.htm" ismsdn="true" />
    <HelpFolder name="Constructors" link="ms-help://MS.NETFrameworkSDKv1.1/cpref/html/frlrfsystemconfigurationsettingchangingeventargsclassctorTopic.htm" ismsdn="true">
      <HelpTopic name=".ctor(System.String, System.String, System.String, System.Object, System.Boolean)" link="ms-help://MS.NETFrameworkSDKv1.1/cpref/html/frlrfsystemconfigurationsettingchangingeventargsclassctorTopic.htm" ismsdn="true" />
    </HelpFolder>
    <HelpFolder name="Properties" link="ms-help://MS.NETFrameworkSDKv1.1/cpref/html/frlrfsystemconfigurationsettingchangingeventargsPropertiesTopic.htm" ismsdn="true">
      <HelpTopic name="NewValue" link="ms-help://MS.NETFrameworkSDKv1.1/cpref/html/frlrfsystemconfigurationsettingchangingeventargsclassNewValueTopic.htm" ismsdn="true" />
      <HelpTopic name="SettingClass" link="ms-help://MS.NETFrameworkSDKv1.1/cpref/html/frlrfsystemconfigurationsettingchangingeventargsclassSettingClassTopic.htm" ismsdn="true" />
      <HelpTopic name="SettingName" link="ms-help://MS.NETFrameworkSDKv1.1/cpref/html/frlrfsystemconfigurationsettingchangingeventargsclassSettingNameTopic.htm" ismsdn="true" />
      <HelpTopic name="SettingKey" link="ms-help://MS.NETFrameworkSDKv1.1/cpref/html/frlrfsystemconfigurationsettingchangingeventargsclassSettingKeyTopic.htm" ismsdn="true" />
    </HelpFolder>
  </HelpFolder>
  <HelpTopic name="SettingChangingEventHandler delegate" link="ms-help://MS.NETFrameworkSDKv1.1/cpref/html/frlrfsystemconfigurationsettingchangingeventhandlerClassTopic.htm" ismsdn="true" />
  <HelpFolder name="SettingElement class" link="ms-help://MS.NETFrameworkSDKv1.1/cpref/html/frlrfsystemconfigurationsettingelementClassTopic.htm" ismsdn="true">
    <HelpTopic name="SettingElement members" link="ms-help://MS.NETFrameworkSDKv1.1/cpref/html/frlrfsystemconfigurationsettingelementMembersTopic.htm" ismsdn="true" />
    <HelpFolder name="Constructors" link="ms-help://MS.NETFrameworkSDKv1.1/cpref/html/frlrfsystemconfigurationsettingelementclassctorTopic.htm" ismsdn="true">
      <HelpTopic name=".ctor()" link="ms-help://MS.NETFrameworkSDKv1.1/cpref/html/frlrfsystemconfigurationsettingelementclassctorTopic1.htm" ismsdn="true" />
      <HelpTopic name=".ctor(System.String, System.Configuration.SettingsSerializeAs)" link="ms-help://MS.NETFrameworkSDKv1.1/cpref/html/frlrfsystemconfigurationsettingelementclassctorTopic1.htm" ismsdn="true" />
    </HelpFolder>
    <HelpFolder name="Methods" link="ms-help://MS.NETFrameworkSDKv1.1/cpref/html/frlrfsystemconfigurationsettingelementMethodsTopic.htm" ismsdn="true">
      <HelpTopic name="Equals(System.Object)" link="ms-help://MS.NETFrameworkSDKv1.1/cpref/html/frlrfsystemconfigurationsettingelementclassEqualsTopic.htm" ismsdn="true" />
      <HelpTopic name="GetHashCode()" link="ms-help://MS.NETFrameworkSDKv1.1/cpref/html/frlrfsystemconfigurationsettingelementclassGetHashCodeTopic.htm" ismsdn="true" />
    </HelpFolder>
    <HelpFolder name="Properties" link="ms-help://MS.NETFrameworkSDKv1.1/cpref/html/frlrfsystemconfigurationsettingelementPropertiesTopic.htm" ismsdn="true">
      <HelpTopic name="Name" link="ms-help://MS.NETFrameworkSDKv1.1/cpref/html/frlrfsystemconfigurationsettingelementclassNameTopic.htm" ismsdn="true" />
      <HelpTopic name="SerializeAs" link="ms-help://MS.NETFrameworkSDKv1.1/cpref/html/frlrfsystemconfigurationsettingelementclassSerializeAsTopic.htm" ismsdn="true" />
      <HelpTopic name="Value" link="ms-help://MS.NETFrameworkSDKv1.1/cpref/html/frlrfsystemconfigurationsettingelementclassValueTopic.htm" ismsdn="true" />
    </HelpFolder>
  </HelpFolder>
  <HelpFolder name="SettingElementCollection class" link="ms-help://MS.NETFrameworkSDKv1.1/cpref/html/frlrfsystemconfigurationsettingelementcollectionClassTopic.htm" ismsdn="true">
    <HelpTopic name="SettingElementCollection members" link="ms-help://MS.NETFrameworkSDKv1.1/cpref/html/frlrfsystemconfigurationsettingelementcollectionMembersTopic.htm" ismsdn="true" />
    <HelpFolder name="Constructors" link="ms-help://MS.NETFrameworkSDKv1.1/cpref/html/frlrfsystemconfigurationsettingelementcollectionclassctorTopic.htm" ismsdn="true">
      <HelpTopic name=".ctor()" link="ms-help://MS.NETFrameworkSDKv1.1/cpref/html/frlrfsystemconfigurationsettingelementcollectionclassctorTopic.htm" ismsdn="true" />
    </HelpFolder>
    <HelpFolder name="Methods" link="ms-help://MS.NETFrameworkSDKv1.1/cpref/html/frlrfsystemconfigurationsettingelementcollectionMethodsTopic.htm" ismsdn="true">
      <HelpTopic name="Get(System.String)" link="ms-help://MS.NETFrameworkSDKv1.1/cpref/html/frlrfsystemconfigurationsettingelementcollectionclassGetTopic.htm" ismsdn="true" />
      <HelpTopic name="Add(System.Configuration.SettingElement)" link="ms-help://MS.NETFrameworkSDKv1.1/cpref/html/frlrfsystemconfigurationsettingelementcollectionclassAddTopic.htm" ismsdn="true" />
      <HelpTopic name="Remove(System.Configuration.SettingElement)" link="ms-help://MS.NETFrameworkSDKv1.1/cpref/html/frlrfsystemconfigurationsettingelementcollectionclassRemoveTopic.htm" ismsdn="true" />
      <HelpTopic name="Clear()" link="ms-help://MS.NETFrameworkSDKv1.1/cpref/html/frlrfsystemconfigurationsettingelementcollectionclassClearTopic.htm" ismsdn="true" />
    </HelpFolder>
    <HelpFolder name="Properties" link="ms-help://MS.NETFrameworkSDKv1.1/cpref/html/frlrfsystemconfigurationsettingelementcollectionPropertiesTopic.htm" ismsdn="true">
      <HelpTopic name="CollectionType" link="ms-help://MS.NETFrameworkSDKv1.1/cpref/html/frlrfsystemconfigurationsettingelementcollectionclassCollectionTypeTopic.htm" ismsdn="true" />
    </HelpFolder>
  </HelpFolder>
  <HelpFolder name="SettingsAttributeDictionary class" link="ms-help://MS.NETFrameworkSDKv1.1/cpref/html/frlrfsystemconfigurationsettingsattributedictionaryClassTopic.htm" ismsdn="true">
    <HelpTopic name="SettingsAttributeDictionary members" link="ms-help://MS.NETFrameworkSDKv1.1/cpref/html/frlrfsystemconfigurationsettingsattributedictionaryMembersTopic.htm" ismsdn="true" />
    <HelpFolder name="Constructors" link="ms-help://MS.NETFrameworkSDKv1.1/cpref/html/frlrfsystemconfigurationsettingsattributedictionaryclassctorTopic.htm" ismsdn="true">
      <HelpTopic name=".ctor()" link="ms-help://MS.NETFrameworkSDKv1.1/cpref/html/frlrfsystemconfigurationsettingsattributedictionaryclassctorTopic1.htm" ismsdn="true" />
      <HelpTopic name=".ctor(System.Configuration.SettingsAttributeDictionary)" link="ms-help://MS.NETFrameworkSDKv1.1/cpref/html/frlrfsystemconfigurationsettingsattributedictionaryclassctorTopic1.htm" ismsdn="true" />
    </HelpFolder>
  </HelpFolder>
  <HelpFolder name="SettingsBase class" link="ms-help://MS.NETFrameworkSDKv1.1/cpref/html/frlrfsystemconfigurationsettingsbaseClassTopic.htm" ismsdn="true">
    <HelpTopic name="SettingsBase members" link="ms-help://MS.NETFrameworkSDKv1.1/cpref/html/frlrfsystemconfigurationsettingsbaseMembersTopic.htm" ismsdn="true" />
    <HelpFolder name="Methods" link="ms-help://MS.NETFrameworkSDKv1.1/cpref/html/frlrfsystemconfigurationsettingsbaseMethodsTopic.htm" ismsdn="true">
      <HelpTopic name="Initialize(System.Configuration.SettingsContext, System.Configuration.SettingsPropertyCollection, System.Configuration.SettingsProviderCollection)" link="ms-help://MS.NETFrameworkSDKv1.1/cpref/html/frlrfsystemconfigurationsettingsbaseclassInitializeTopic.htm" ismsdn="true" />
      <HelpTopic name="Save()" link="ms-help://MS.NETFrameworkSDKv1.1/cpref/html/frlrfsystemconfigurationsettingsbaseclassSaveTopic.htm" ismsdn="true" />
      <HelpTopic name="Synchronized(System.Configuration.SettingsBase)" link="ms-help://MS.NETFrameworkSDKv1.1/cpref/html/frlrfsystemconfigurationsettingsbaseclassSynchronizedTopic.htm" ismsdn="true" />
    </HelpFolder>
    <HelpFolder name="Properties" link="ms-help://MS.NETFrameworkSDKv1.1/cpref/html/frlrfsystemconfigurationsettingsbasePropertiesTopic.htm" ismsdn="true">
      <HelpTopic name="Item" link="ms-help://MS.NETFrameworkSDKv1.1/cpref/html/frlrfsystemconfigurationsettingsbaseclassItemTopic.htm" ismsdn="true" />
      <HelpTopic name="Properties" link="ms-help://MS.NETFrameworkSDKv1.1/cpref/html/frlrfsystemconfigurationsettingsbaseclassPropertiesTopic.htm" ismsdn="true" />
      <HelpTopic name="Providers" link="ms-help://MS.NETFrameworkSDKv1.1/cpref/html/frlrfsystemconfigurationsettingsbaseclassProvidersTopic.htm" ismsdn="true" />
      <HelpTopic name="PropertyValues" link="ms-help://MS.NETFrameworkSDKv1.1/cpref/html/frlrfsystemconfigurationsettingsbaseclassPropertyValuesTopic.htm" ismsdn="true" />
      <HelpTopic name="Context" link="ms-help://MS.NETFrameworkSDKv1.1/cpref/html/frlrfsystemconfigurationsettingsbaseclassContextTopic.htm" ismsdn="true" />
      <HelpTopic name="IsSynchronized" link="ms-help://MS.NETFrameworkSDKv1.1/cpref/html/frlrfsystemconfigurationsettingsbaseclassIsSynchronizedTopic.htm" ismsdn="true" />
    </HelpFolder>
  </HelpFolder>
  <HelpFolder name="SettingsContext class" link="ms-help://MS.NETFrameworkSDKv1.1/cpref/html/frlrfsystemconfigurationsettingscontextClassTopic.htm" ismsdn="true">
    <HelpTopic name="SettingsContext members" link="ms-help://MS.NETFrameworkSDKv1.1/cpref/html/frlrfsystemconfigurationsettingscontextMembersTopic.htm" ismsdn="true" />
    <HelpFolder name="Constructors" link="ms-help://MS.NETFrameworkSDKv1.1/cpref/html/frlrfsystemconfigurationsettingscontextclassctorTopic.htm" ismsdn="true">
      <HelpTopic name=".ctor()" link="ms-help://MS.NETFrameworkSDKv1.1/cpref/html/frlrfsystemconfigurationsettingscontextclassctorTopic.htm" ismsdn="true" />
    </HelpFolder>
  </HelpFolder>
  <HelpFolder name="SettingsDescriptionAttribute class" link="ms-help://MS.NETFrameworkSDKv1.1/cpref/html/frlrfsystemconfigurationsettingsdescriptionattributeClassTopic.htm" ismsdn="true">
    <HelpTopic name="SettingsDescriptionAttribute members" link="ms-help://MS.NETFrameworkSDKv1.1/cpref/html/frlrfsystemconfigurationsettingsdescriptionattributeMembersTopic.htm" ismsdn="true" />
    <HelpFolder name="Constructors" link="ms-help://MS.NETFrameworkSDKv1.1/cpref/html/frlrfsystemconfigurationsettingsdescriptionattributeclassctorTopic.htm" ismsdn="true">
      <HelpTopic name=".ctor(System.String)" link="ms-help://MS.NETFrameworkSDKv1.1/cpref/html/frlrfsystemconfigurationsettingsdescriptionattributeclassctorTopic.htm" ismsdn="true" />
    </HelpFolder>
    <HelpFolder name="Properties" link="ms-help://MS.NETFrameworkSDKv1.1/cpref/html/frlrfsystemconfigurationsettingsdescriptionattributePropertiesTopic.htm" ismsdn="true">
      <HelpTopic name="Description" link="ms-help://MS.NETFrameworkSDKv1.1/cpref/html/frlrfsystemconfigurationsettingsdescriptionattributeclassDescriptionTopic.htm" ismsdn="true" />
    </HelpFolder>
  </HelpFolder>
  <HelpFolder name="SettingsGroupDescriptionAttribute class" link="ms-help://MS.NETFrameworkSDKv1.1/cpref/html/frlrfsystemconfigurationsettingsgroupdescriptionattributeClassTopic.htm" ismsdn="true">
    <HelpTopic name="SettingsGroupDescriptionAttribute members" link="ms-help://MS.NETFrameworkSDKv1.1/cpref/html/frlrfsystemconfigurationsettingsgroupdescriptionattributeMembersTopic.htm" ismsdn="true" />
    <HelpFolder name="Constructors" link="ms-help://MS.NETFrameworkSDKv1.1/cpref/html/frlrfsystemconfigurationsettingsgroupdescriptionattributeclassctorTopic.htm" ismsdn="true">
      <HelpTopic name=".ctor(System.String)" link="ms-help://MS.NETFrameworkSDKv1.1/cpref/html/frlrfsystemconfigurationsettingsgroupdescriptionattributeclassctorTopic.htm" ismsdn="true" />
    </HelpFolder>
    <HelpFolder name="Properties" link="ms-help://MS.NETFrameworkSDKv1.1/cpref/html/frlrfsystemconfigurationsettingsgroupdescriptionattributePropertiesTopic.htm" ismsdn="true">
      <HelpTopic name="Description" link="ms-help://MS.NETFrameworkSDKv1.1/cpref/html/frlrfsystemconfigurationsettingsgroupdescriptionattributeclassDescriptionTopic.htm" ismsdn="true" />
    </HelpFolder>
  </HelpFolder>
  <HelpFolder name="SettingsGroupNameAttribute class" link="ms-help://MS.NETFrameworkSDKv1.1/cpref/html/frlrfsystemconfigurationsettingsgroupnameattributeClassTopic.htm" ismsdn="true">
    <HelpTopic name="SettingsGroupNameAttribute members" link="ms-help://MS.NETFrameworkSDKv1.1/cpref/html/frlrfsystemconfigurationsettingsgroupnameattributeMembersTopic.htm" ismsdn="true" />
    <HelpFolder name="Constructors" link="ms-help://MS.NETFrameworkSDKv1.1/cpref/html/frlrfsystemconfigurationsettingsgroupnameattributeclassctorTopic.htm" ismsdn="true">
      <HelpTopic name=".ctor(System.String)" link="ms-help://MS.NETFrameworkSDKv1.1/cpref/html/frlrfsystemconfigurationsettingsgroupnameattributeclassctorTopic.htm" ismsdn="true" />
    </HelpFolder>
    <HelpFolder name="Properties" link="ms-help://MS.NETFrameworkSDKv1.1/cpref/html/frlrfsystemconfigurationsettingsgroupnameattributePropertiesTopic.htm" ismsdn="true">
      <HelpTopic name="GroupName" link="ms-help://MS.NETFrameworkSDKv1.1/cpref/html/frlrfsystemconfigurationsettingsgroupnameattributeclassGroupNameTopic.htm" ismsdn="true" />
    </HelpFolder>
  </HelpFolder>
  <HelpFolder name="SettingsLoadedEventArgs class" link="ms-help://MS.NETFrameworkSDKv1.1/cpref/html/frlrfsystemconfigurationsettingsloadedeventargsClassTopic.htm" ismsdn="true">
    <HelpTopic name="SettingsLoadedEventArgs members" link="ms-help://MS.NETFrameworkSDKv1.1/cpref/html/frlrfsystemconfigurationsettingsloadedeventargsMembersTopic.htm" ismsdn="true" />
    <HelpFolder name="Constructors" link="ms-help://MS.NETFrameworkSDKv1.1/cpref/html/frlrfsystemconfigurationsettingsloadedeventargsclassctorTopic.htm" ismsdn="true">
      <HelpTopic name=".ctor(System.Configuration.SettingsProvider)" link="ms-help://MS.NETFrameworkSDKv1.1/cpref/html/frlrfsystemconfigurationsettingsloadedeventargsclassctorTopic.htm" ismsdn="true" />
    </HelpFolder>
    <HelpFolder name="Properties" link="ms-help://MS.NETFrameworkSDKv1.1/cpref/html/frlrfsystemconfigurationsettingsloadedeventargsPropertiesTopic.htm" ismsdn="true">
      <HelpTopic name="Provider" link="ms-help://MS.NETFrameworkSDKv1.1/cpref/html/frlrfsystemconfigurationsettingsloadedeventargsclassProviderTopic.htm" ismsdn="true" />
    </HelpFolder>
  </HelpFolder>
  <HelpTopic name="SettingsLoadedEventHandler delegate" link="ms-help://MS.NETFrameworkSDKv1.1/cpref/html/frlrfsystemconfigurationsettingsloadedeventhandlerClassTopic.htm" ismsdn="true" />
  <HelpTopic name="SettingsManageability enumeration" link="ms-help://MS.NETFrameworkSDKv1.1/cpref/html/frlrfsystemconfigurationsettingsmanageabilityClassTopic.htm" ismsdn="true" />
  <HelpFolder name="SettingsManageabilityAttribute class" link="ms-help://MS.NETFrameworkSDKv1.1/cpref/html/frlrfsystemconfigurationsettingsmanageabilityattributeClassTopic.htm" ismsdn="true">
    <HelpTopic name="SettingsManageabilityAttribute members" link="ms-help://MS.NETFrameworkSDKv1.1/cpref/html/frlrfsystemconfigurationsettingsmanageabilityattributeMembersTopic.htm" ismsdn="true" />
    <HelpFolder name="Constructors" link="ms-help://MS.NETFrameworkSDKv1.1/cpref/html/frlrfsystemconfigurationsettingsmanageabilityattributeclassctorTopic.htm" ismsdn="true">
      <HelpTopic name=".ctor(System.Configuration.SettingsManageability)" link="ms-help://MS.NETFrameworkSDKv1.1/cpref/html/frlrfsystemconfigurationsettingsmanageabilityattributeclassctorTopic.htm" ismsdn="true" />
    </HelpFolder>
    <HelpFolder name="Properties" link="ms-help://MS.NETFrameworkSDKv1.1/cpref/html/frlrfsystemconfigurationsettingsmanageabilityattributePropertiesTopic.htm" ismsdn="true">
      <HelpTopic name="Manageability" link="ms-help://MS.NETFrameworkSDKv1.1/cpref/html/frlrfsystemconfigurationsettingsmanageabilityattributeclassManageabilityTopic.htm" ismsdn="true" />
    </HelpFolder>
  </HelpFolder>
  <HelpFolder name="SettingsProperty class" link="ms-help://MS.NETFrameworkSDKv1.1/cpref/html/frlrfsystemconfigurationsettingspropertyClassTopic.htm" ismsdn="true">
    <HelpTopic name="SettingsProperty members" link="ms-help://MS.NETFrameworkSDKv1.1/cpref/html/frlrfsystemconfigurationsettingspropertyMembersTopic.htm" ismsdn="true" />
    <HelpFolder name="Constructors" link="ms-help://MS.NETFrameworkSDKv1.1/cpref/html/frlrfsystemconfigurationsettingspropertyclassctorTopic.htm" ismsdn="true">
      <HelpTopic name=".ctor(System.String)" link="ms-help://MS.NETFrameworkSDKv1.1/cpref/html/frlrfsystemconfigurationsettingspropertyclassctorTopic1.htm" ismsdn="true" />
      <HelpTopic name=".ctor(System.String, System.Type, System.Configuration.SettingsProvider, System.Boolean, System.Object, System.Configuration.SettingsSerializeAs, System.Configuration.SettingsAttributeDictionary, System.Boolean, System.Boolean)" link="ms-help://MS.NETFrameworkSDKv1.1/cpref/html/frlrfsystemconfigurationsettingspropertyclassctorTopic1.htm" ismsdn="true" />
      <HelpTopic name=".ctor(System.Configuration.SettingsProperty)" link="ms-help://MS.NETFrameworkSDKv1.1/cpref/html/frlrfsystemconfigurationsettingspropertyclassctorTopic2.htm" ismsdn="true" />
    </HelpFolder>
    <HelpFolder name="Properties" link="ms-help://MS.NETFrameworkSDKv1.1/cpref/html/frlrfsystemconfigurationsettingspropertyPropertiesTopic.htm" ismsdn="true">
      <HelpTopic name="Name" link="ms-help://MS.NETFrameworkSDKv1.1/cpref/html/frlrfsystemconfigurationsettingspropertyclassNameTopic.htm" ismsdn="true" />
      <HelpTopic name="IsReadOnly" link="ms-help://MS.NETFrameworkSDKv1.1/cpref/html/frlrfsystemconfigurationsettingspropertyclassIsReadOnlyTopic.htm" ismsdn="true" />
      <HelpTopic name="DefaultValue" link="ms-help://MS.NETFrameworkSDKv1.1/cpref/html/frlrfsystemconfigurationsettingspropertyclassDefaultValueTopic.htm" ismsdn="true" />
      <HelpTopic name="PropertyType" link="ms-help://MS.NETFrameworkSDKv1.1/cpref/html/frlrfsystemconfigurationsettingspropertyclassPropertyTypeTopic.htm" ismsdn="true" />
      <HelpTopic name="SerializeAs" link="ms-help://MS.NETFrameworkSDKv1.1/cpref/html/frlrfsystemconfigurationsettingspropertyclassSerializeAsTopic.htm" ismsdn="true" />
      <HelpTopic name="Provider" link="ms-help://MS.NETFrameworkSDKv1.1/cpref/html/frlrfsystemconfigurationsettingspropertyclassProviderTopic.htm" ismsdn="true" />
      <HelpTopic name="Attributes" link="ms-help://MS.NETFrameworkSDKv1.1/cpref/html/frlrfsystemconfigurationsettingspropertyclassAttributesTopic.htm" ismsdn="true" />
      <HelpTopic name="ThrowOnErrorDeserializing" link="ms-help://MS.NETFrameworkSDKv1.1/cpref/html/frlrfsystemconfigurationsettingspropertyclassThrowOnErrorDeserializingTopic.htm" ismsdn="true" />
      <HelpTopic name="ThrowOnErrorSerializing" link="ms-help://MS.NETFrameworkSDKv1.1/cpref/html/frlrfsystemconfigurationsettingspropertyclassThrowOnErrorSerializingTopic.htm" ismsdn="true" />
    </HelpFolder>
  </HelpFolder>
  <HelpFolder name="SettingsPropertyCollection class" link="ms-help://MS.NETFrameworkSDKv1.1/cpref/html/frlrfsystemconfigurationsettingspropertycollectionClassTopic.htm" ismsdn="true">
    <HelpTopic name="SettingsPropertyCollection members" link="ms-help://MS.NETFrameworkSDKv1.1/cpref/html/frlrfsystemconfigurationsettingspropertycollectionMembersTopic.htm" ismsdn="true" />
    <HelpFolder name="Constructors" link="ms-help://MS.NETFrameworkSDKv1.1/cpref/html/frlrfsystemconfigurationsettingspropertycollectionclassctorTopic.htm" ismsdn="true">
      <HelpTopic name=".ctor()" link="ms-help://MS.NETFrameworkSDKv1.1/cpref/html/frlrfsystemconfigurationsettingspropertycollectionclassctorTopic.htm" ismsdn="true" />
    </HelpFolder>
    <HelpFolder name="Methods" link="ms-help://MS.NETFrameworkSDKv1.1/cpref/html/frlrfsystemconfigurationsettingspropertycollectionMethodsTopic.htm" ismsdn="true">
      <HelpTopic name="Add(System.Configuration.SettingsProperty)" link="ms-help://MS.NETFrameworkSDKv1.1/cpref/html/frlrfsystemconfigurationsettingspropertycollectionclassAddTopic.htm" ismsdn="true" />
      <HelpTopic name="Remove(System.String)" link="ms-help://MS.NETFrameworkSDKv1.1/cpref/html/frlrfsystemconfigurationsettingspropertycollectionclassRemoveTopic.htm" ismsdn="true" />
      <HelpTopic name="GetEnumerator()" link="ms-help://MS.NETFrameworkSDKv1.1/cpref/html/frlrfsystemconfigurationsettingspropertycollectionclassGetEnumeratorTopic.htm" ismsdn="true" />
      <HelpTopic name="Clone()" link="ms-help://MS.NETFrameworkSDKv1.1/cpref/html/frlrfsystemconfigurationsettingspropertycollectionclassCloneTopic.htm" ismsdn="true" />
      <HelpTopic name="SetReadOnly()" link="ms-help://MS.NETFrameworkSDKv1.1/cpref/html/frlrfsystemconfigurationsettingspropertycollectionclassSetReadOnlyTopic.htm" ismsdn="true" />
      <HelpTopic name="Clear()" link="ms-help://MS.NETFrameworkSDKv1.1/cpref/html/frlrfsystemconfigurationsettingspropertycollectionclassClearTopic.htm" ismsdn="true" />
      <HelpTopic name="CopyTo(System.Array, System.Int32)" link="ms-help://MS.NETFrameworkSDKv1.1/cpref/html/frlrfsystemconfigurationsettingspropertycollectionclassCopyToTopic.htm" ismsdn="true" />
    </HelpFolder>
    <HelpFolder name="Properties" link="ms-help://MS.NETFrameworkSDKv1.1/cpref/html/frlrfsystemconfigurationsettingspropertycollectionPropertiesTopic.htm" ismsdn="true">
      <HelpTopic name="Item" link="ms-help://MS.NETFrameworkSDKv1.1/cpref/html/frlrfsystemconfigurationsettingspropertycollectionclassItemTopic.htm" ismsdn="true" />
      <HelpTopic name="Count" link="ms-help://MS.NETFrameworkSDKv1.1/cpref/html/frlrfsystemconfigurationsettingspropertycollectionclassCountTopic.htm" ismsdn="true" />
      <HelpTopic name="IsSynchronized" link="ms-help://MS.NETFrameworkSDKv1.1/cpref/html/frlrfsystemconfigurationsettingspropertycollectionclassIsSynchronizedTopic.htm" ismsdn="true" />
      <HelpTopic name="SyncRoot" link="ms-help://MS.NETFrameworkSDKv1.1/cpref/html/frlrfsystemconfigurationsettingspropertycollectionclassSyncRootTopic.htm" ismsdn="true" />
    </HelpFolder>
  </HelpFolder>
  <HelpFolder name="SettingsPropertyIsReadOnlyException class" link="ms-help://MS.NETFrameworkSDKv1.1/cpref/html/frlrfsystemconfigurationsettingspropertyisreadonlyexceptionClassTopic.htm" ismsdn="true">
    <HelpTopic name="SettingsPropertyIsReadOnlyException members" link="ms-help://MS.NETFrameworkSDKv1.1/cpref/html/frlrfsystemconfigurationsettingspropertyisreadonlyexceptionMembersTopic.htm" ismsdn="true" />
    <HelpFolder name="Constructors" link="ms-help://MS.NETFrameworkSDKv1.1/cpref/html/frlrfsystemconfigurationsettingspropertyisreadonlyexceptionclassctorTopic.htm" ismsdn="true">
      <HelpTopic name=".ctor(System.String)" link="ms-help://MS.NETFrameworkSDKv1.1/cpref/html/frlrfsystemconfigurationsettingspropertyisreadonlyexceptionclassctorTopic1.htm" ismsdn="true" />
      <HelpTopic name=".ctor(System.String, System.Exception)" link="ms-help://MS.NETFrameworkSDKv1.1/cpref/html/frlrfsystemconfigurationsettingspropertyisreadonlyexceptionclassctorTopic1.htm" ismsdn="true" />
      <HelpTopic name=".ctor()" link="ms-help://MS.NETFrameworkSDKv1.1/cpref/html/frlrfsystemconfigurationsettingspropertyisreadonlyexceptionclassctorTopic2.htm" ismsdn="true" />
    </HelpFolder>
  </HelpFolder>
  <HelpFolder name="SettingsPropertyNotFoundException class" link="ms-help://MS.NETFrameworkSDKv1.1/cpref/html/frlrfsystemconfigurationsettingspropertynotfoundexceptionClassTopic.htm" ismsdn="true">
    <HelpTopic name="SettingsPropertyNotFoundException members" link="ms-help://MS.NETFrameworkSDKv1.1/cpref/html/frlrfsystemconfigurationsettingspropertynotfoundexceptionMembersTopic.htm" ismsdn="true" />
    <HelpFolder name="Constructors" link="ms-help://MS.NETFrameworkSDKv1.1/cpref/html/frlrfsystemconfigurationsettingspropertynotfoundexceptionclassctorTopic.htm" ismsdn="true">
      <HelpTopic name=".ctor(System.String)" link="ms-help://MS.NETFrameworkSDKv1.1/cpref/html/frlrfsystemconfigurationsettingspropertynotfoundexceptionclassctorTopic1.htm" ismsdn="true" />
      <HelpTopic name=".ctor(System.String, System.Exception)" link="ms-help://MS.NETFrameworkSDKv1.1/cpref/html/frlrfsystemconfigurationsettingspropertynotfoundexceptionclassctorTopic1.htm" ismsdn="true" />
      <HelpTopic name=".ctor()" link="ms-help://MS.NETFrameworkSDKv1.1/cpref/html/frlrfsystemconfigurationsettingspropertynotfoundexceptionclassctorTopic2.htm" ismsdn="true" />
    </HelpFolder>
  </HelpFolder>
  <HelpFolder name="SettingsPropertyValue class" link="ms-help://MS.NETFrameworkSDKv1.1/cpref/html/frlrfsystemconfigurationsettingspropertyvalueClassTopic.htm" ismsdn="true">
    <HelpTopic name="SettingsPropertyValue members" link="ms-help://MS.NETFrameworkSDKv1.1/cpref/html/frlrfsystemconfigurationsettingspropertyvalueMembersTopic.htm" ismsdn="true" />
    <HelpFolder name="Constructors" link="ms-help://MS.NETFrameworkSDKv1.1/cpref/html/frlrfsystemconfigurationsettingspropertyvalueclassctorTopic.htm" ismsdn="true">
      <HelpTopic name=".ctor(System.Configuration.SettingsProperty)" link="ms-help://MS.NETFrameworkSDKv1.1/cpref/html/frlrfsystemconfigurationsettingspropertyvalueclassctorTopic.htm" ismsdn="true" />
    </HelpFolder>
    <HelpFolder name="Properties" link="ms-help://MS.NETFrameworkSDKv1.1/cpref/html/frlrfsystemconfigurationsettingspropertyvaluePropertiesTopic.htm" ismsdn="true">
      <HelpTopic name="Name" link="ms-help://MS.NETFrameworkSDKv1.1/cpref/html/frlrfsystemconfigurationsettingspropertyvalueclassNameTopic.htm" ismsdn="true" />
      <HelpTopic name="IsDirty" link="ms-help://MS.NETFrameworkSDKv1.1/cpref/html/frlrfsystemconfigurationsettingspropertyvalueclassIsDirtyTopic.htm" ismsdn="true" />
      <HelpTopic name="Property" link="ms-help://MS.NETFrameworkSDKv1.1/cpref/html/frlrfsystemconfigurationsettingspropertyvalueclassPropertyTopic.htm" ismsdn="true" />
      <HelpTopic name="UsingDefaultValue" link="ms-help://MS.NETFrameworkSDKv1.1/cpref/html/frlrfsystemconfigurationsettingspropertyvalueclassUsingDefaultValueTopic.htm" ismsdn="true" />
      <HelpTopic name="PropertyValue" link="ms-help://MS.NETFrameworkSDKv1.1/cpref/html/frlrfsystemconfigurationsettingspropertyvalueclassPropertyValueTopic.htm" ismsdn="true" />
      <HelpTopic name="SerializedValue" link="ms-help://MS.NETFrameworkSDKv1.1/cpref/html/frlrfsystemconfigurationsettingspropertyvalueclassSerializedValueTopic.htm" ismsdn="true" />
      <HelpTopic name="Deserialized" link="ms-help://MS.NETFrameworkSDKv1.1/cpref/html/frlrfsystemconfigurationsettingspropertyvalueclassDeserializedTopic.htm" ismsdn="true" />
    </HelpFolder>
  </HelpFolder>
  <HelpFolder name="SettingsPropertyValueCollection class" link="ms-help://MS.NETFrameworkSDKv1.1/cpref/html/frlrfsystemconfigurationsettingspropertyvaluecollectionClassTopic.htm" ismsdn="true">
    <HelpTopic name="SettingsPropertyValueCollection members" link="ms-help://MS.NETFrameworkSDKv1.1/cpref/html/frlrfsystemconfigurationsettingspropertyvaluecollectionMembersTopic.htm" ismsdn="true" />
    <HelpFolder name="Constructors" link="ms-help://MS.NETFrameworkSDKv1.1/cpref/html/frlrfsystemconfigurationsettingspropertyvaluecollectionclassctorTopic.htm" ismsdn="true">
      <HelpTopic name=".ctor()" link="ms-help://MS.NETFrameworkSDKv1.1/cpref/html/frlrfsystemconfigurationsettingspropertyvaluecollectionclassctorTopic.htm" ismsdn="true" />
    </HelpFolder>
    <HelpFolder name="Methods" link="ms-help://MS.NETFrameworkSDKv1.1/cpref/html/frlrfsystemconfigurationsettingspropertyvaluecollectionMethodsTopic.htm" ismsdn="true">
      <HelpTopic name="Add(System.Configuration.SettingsPropertyValue)" link="ms-help://MS.NETFrameworkSDKv1.1/cpref/html/frlrfsystemconfigurationsettingspropertyvaluecollectionclassAddTopic.htm" ismsdn="true" />
      <HelpTopic name="Remove(System.String)" link="ms-help://MS.NETFrameworkSDKv1.1/cpref/html/frlrfsystemconfigurationsettingspropertyvaluecollectionclassRemoveTopic.htm" ismsdn="true" />
      <HelpTopic name="GetEnumerator()" link="ms-help://MS.NETFrameworkSDKv1.1/cpref/html/frlrfsystemconfigurationsettingspropertyvaluecollectionclassGetEnumeratorTopic.htm" ismsdn="true" />
      <HelpTopic name="Clone()" link="ms-help://MS.NETFrameworkSDKv1.1/cpref/html/frlrfsystemconfigurationsettingspropertyvaluecollectionclassCloneTopic.htm" ismsdn="true" />
      <HelpTopic name="SetReadOnly()" link="ms-help://MS.NETFrameworkSDKv1.1/cpref/html/frlrfsystemconfigurationsettingspropertyvaluecollectionclassSetReadOnlyTopic.htm" ismsdn="true" />
      <HelpTopic name="Clear()" link="ms-help://MS.NETFrameworkSDKv1.1/cpref/html/frlrfsystemconfigurationsettingspropertyvaluecollectionclassClearTopic.htm" ismsdn="true" />
      <HelpTopic name="CopyTo(System.Array, System.Int32)" link="ms-help://MS.NETFrameworkSDKv1.1/cpref/html/frlrfsystemconfigurationsettingspropertyvaluecollectionclassCopyToTopic.htm" ismsdn="true" />
    </HelpFolder>
    <HelpFolder name="Properties" link="ms-help://MS.NETFrameworkSDKv1.1/cpref/html/frlrfsystemconfigurationsettingspropertyvaluecollectionPropertiesTopic.htm" ismsdn="true">
      <HelpTopic name="Item" link="ms-help://MS.NETFrameworkSDKv1.1/cpref/html/frlrfsystemconfigurationsettingspropertyvaluecollectionclassItemTopic.htm" ismsdn="true" />
      <HelpTopic name="Count" link="ms-help://MS.NETFrameworkSDKv1.1/cpref/html/frlrfsystemconfigurationsettingspropertyvaluecollectionclassCountTopic.htm" ismsdn="true" />
      <HelpTopic name="IsSynchronized" link="ms-help://MS.NETFrameworkSDKv1.1/cpref/html/frlrfsystemconfigurationsettingspropertyvaluecollectionclassIsSynchronizedTopic.htm" ismsdn="true" />
      <HelpTopic name="SyncRoot" link="ms-help://MS.NETFrameworkSDKv1.1/cpref/html/frlrfsystemconfigurationsettingspropertyvaluecollectionclassSyncRootTopic.htm" ismsdn="true" />
    </HelpFolder>
  </HelpFolder>
  <HelpFolder name="SettingsPropertyWrongTypeException class" link="ms-help://MS.NETFrameworkSDKv1.1/cpref/html/frlrfsystemconfigurationsettingspropertywrongtypeexceptionClassTopic.htm" ismsdn="true">
    <HelpTopic name="SettingsPropertyWrongTypeException members" link="ms-help://MS.NETFrameworkSDKv1.1/cpref/html/frlrfsystemconfigurationsettingspropertywrongtypeexceptionMembersTopic.htm" ismsdn="true" />
    <HelpFolder name="Constructors" link="ms-help://MS.NETFrameworkSDKv1.1/cpref/html/frlrfsystemconfigurationsettingspropertywrongtypeexceptionclassctorTopic.htm" ismsdn="true">
      <HelpTopic name=".ctor(System.String)" link="ms-help://MS.NETFrameworkSDKv1.1/cpref/html/frlrfsystemconfigurationsettingspropertywrongtypeexceptionclassctorTopic1.htm" ismsdn="true" />
      <HelpTopic name=".ctor(System.String, System.Exception)" link="ms-help://MS.NETFrameworkSDKv1.1/cpref/html/frlrfsystemconfigurationsettingspropertywrongtypeexceptionclassctorTopic1.htm" ismsdn="true" />
      <HelpTopic name=".ctor()" link="ms-help://MS.NETFrameworkSDKv1.1/cpref/html/frlrfsystemconfigurationsettingspropertywrongtypeexceptionclassctorTopic2.htm" ismsdn="true" />
    </HelpFolder>
  </HelpFolder>
  <HelpFolder name="SettingsProvider class" link="ms-help://MS.NETFrameworkSDKv1.1/cpref/html/frlrfsystemconfigurationsettingsproviderClassTopic.htm" ismsdn="true">
    <HelpTopic name="SettingsProvider members" link="ms-help://MS.NETFrameworkSDKv1.1/cpref/html/frlrfsystemconfigurationsettingsproviderMembersTopic.htm" ismsdn="true" />
    <HelpFolder name="Methods" link="ms-help://MS.NETFrameworkSDKv1.1/cpref/html/frlrfsystemconfigurationsettingsproviderMethodsTopic.htm" ismsdn="true">
      <HelpTopic name="GetPropertyValues(System.Configuration.SettingsContext, System.Configuration.SettingsPropertyCollection)" link="ms-help://MS.NETFrameworkSDKv1.1/cpref/html/frlrfsystemconfigurationsettingsproviderclassGetPropertyValuesTopic.htm" ismsdn="true" />
      <HelpTopic name="SetPropertyValues(System.Configuration.SettingsContext, System.Configuration.SettingsPropertyValueCollection)" link="ms-help://MS.NETFrameworkSDKv1.1/cpref/html/frlrfsystemconfigurationsettingsproviderclassSetPropertyValuesTopic.htm" ismsdn="true" />
    </HelpFolder>
    <HelpFolder name="Properties" link="ms-help://MS.NETFrameworkSDKv1.1/cpref/html/frlrfsystemconfigurationsettingsproviderPropertiesTopic.htm" ismsdn="true">
      <HelpTopic name="ApplicationName" link="ms-help://MS.NETFrameworkSDKv1.1/cpref/html/frlrfsystemconfigurationsettingsproviderclassApplicationNameTopic.htm" ismsdn="true" />
    </HelpFolder>
  </HelpFolder>
  <HelpFolder name="SettingsProviderAttribute class" link="ms-help://MS.NETFrameworkSDKv1.1/cpref/html/frlrfsystemconfigurationsettingsproviderattributeClassTopic.htm" ismsdn="true">
    <HelpTopic name="SettingsProviderAttribute members" link="ms-help://MS.NETFrameworkSDKv1.1/cpref/html/frlrfsystemconfigurationsettingsproviderattributeMembersTopic.htm" ismsdn="true" />
    <HelpFolder name="Constructors" link="ms-help://MS.NETFrameworkSDKv1.1/cpref/html/frlrfsystemconfigurationsettingsproviderattributeclassctorTopic.htm" ismsdn="true">
      <HelpTopic name=".ctor(System.String)" link="ms-help://MS.NETFrameworkSDKv1.1/cpref/html/frlrfsystemconfigurationsettingsproviderattributeclassctorTopic1.htm" ismsdn="true" />
      <HelpTopic name=".ctor(System.Type)" link="ms-help://MS.NETFrameworkSDKv1.1/cpref/html/frlrfsystemconfigurationsettingsproviderattributeclassctorTopic1.htm" ismsdn="true" />
    </HelpFolder>
    <HelpFolder name="Properties" link="ms-help://MS.NETFrameworkSDKv1.1/cpref/html/frlrfsystemconfigurationsettingsproviderattributePropertiesTopic.htm" ismsdn="true">
      <HelpTopic name="ProviderTypeName" link="ms-help://MS.NETFrameworkSDKv1.1/cpref/html/frlrfsystemconfigurationsettingsproviderattributeclassProviderTypeNameTopic.htm" ismsdn="true" />
    </HelpFolder>
  </HelpFolder>
  <HelpFolder name="SettingsProviderCollection class" link="ms-help://MS.NETFrameworkSDKv1.1/cpref/html/frlrfsystemconfigurationsettingsprovidercollectionClassTopic.htm" ismsdn="true">
    <HelpTopic name="SettingsProviderCollection members" link="ms-help://MS.NETFrameworkSDKv1.1/cpref/html/frlrfsystemconfigurationsettingsprovidercollectionMembersTopic.htm" ismsdn="true" />
    <HelpFolder name="Constructors" link="ms-help://MS.NETFrameworkSDKv1.1/cpref/html/frlrfsystemconfigurationsettingsprovidercollectionclassctorTopic.htm" ismsdn="true">
      <HelpTopic name=".ctor()" link="ms-help://MS.NETFrameworkSDKv1.1/cpref/html/frlrfsystemconfigurationsettingsprovidercollectionclassctorTopic.htm" ismsdn="true" />
    </HelpFolder>
    <HelpFolder name="Methods" link="ms-help://MS.NETFrameworkSDKv1.1/cpref/html/frlrfsystemconfigurationsettingsprovidercollectionMethodsTopic.htm" ismsdn="true">
      <HelpTopic name="Add(System.Configuration.Provider.ProviderBase)" link="ms-help://MS.NETFrameworkSDKv1.1/cpref/html/frlrfsystemconfigurationsettingsprovidercollectionclassAddTopic.htm" ismsdn="true" />
    </HelpFolder>
    <HelpFolder name="Properties" link="ms-help://MS.NETFrameworkSDKv1.1/cpref/html/frlrfsystemconfigurationsettingsprovidercollectionPropertiesTopic.htm" ismsdn="true">
      <HelpTopic name="Item" link="ms-help://MS.NETFrameworkSDKv1.1/cpref/html/frlrfsystemconfigurationsettingsprovidercollectionclassItemTopic.htm" ismsdn="true" />
    </HelpFolder>
  </HelpFolder>
  <HelpTopic name="SettingsSavingEventHandler delegate" link="ms-help://MS.NETFrameworkSDKv1.1/cpref/html/frlrfsystemconfigurationsettingssavingeventhandlerClassTopic.htm" ismsdn="true" />
  <HelpTopic name="SettingsSerializeAs enumeration" link="ms-help://MS.NETFrameworkSDKv1.1/cpref/html/frlrfsystemconfigurationsettingsserializeasClassTopic.htm" ismsdn="true" />
  <HelpFolder name="SettingsSerializeAsAttribute class" link="ms-help://MS.NETFrameworkSDKv1.1/cpref/html/frlrfsystemconfigurationsettingsserializeasattributeClassTopic.htm" ismsdn="true">
    <HelpTopic name="SettingsSerializeAsAttribute members" link="ms-help://MS.NETFrameworkSDKv1.1/cpref/html/frlrfsystemconfigurationsettingsserializeasattributeMembersTopic.htm" ismsdn="true" />
    <HelpFolder name="Constructors" link="ms-help://MS.NETFrameworkSDKv1.1/cpref/html/frlrfsystemconfigurationsettingsserializeasattributeclassctorTopic.htm" ismsdn="true">
      <HelpTopic name=".ctor(System.Configuration.SettingsSerializeAs)" link="ms-help://MS.NETFrameworkSDKv1.1/cpref/html/frlrfsystemconfigurationsettingsserializeasattributeclassctorTopic.htm" ismsdn="true" />
    </HelpFolder>
    <HelpFolder name="Properties" link="ms-help://MS.NETFrameworkSDKv1.1/cpref/html/frlrfsystemconfigurationsettingsserializeasattributePropertiesTopic.htm" ismsdn="true">
      <HelpTopic name="SerializeAs" link="ms-help://MS.NETFrameworkSDKv1.1/cpref/html/frlrfsystemconfigurationsettingsserializeasattributeclassSerializeAsTopic.htm" ismsdn="true" />
    </HelpFolder>
  </HelpFolder>
  <HelpFolder name="SettingValueElement class" link="ms-help://MS.NETFrameworkSDKv1.1/cpref/html/frlrfsystemconfigurationsettingvalueelementClassTopic.htm" ismsdn="true">
    <HelpTopic name="SettingValueElement members" link="ms-help://MS.NETFrameworkSDKv1.1/cpref/html/frlrfsystemconfigurationsettingvalueelementMembersTopic.htm" ismsdn="true" />
    <HelpFolder name="Constructors" link="ms-help://MS.NETFrameworkSDKv1.1/cpref/html/frlrfsystemconfigurationsettingvalueelementclassctorTopic.htm" ismsdn="true">
      <HelpTopic name=".ctor()" link="ms-help://MS.NETFrameworkSDKv1.1/cpref/html/frlrfsystemconfigurationsettingvalueelementclassctorTopic.htm" ismsdn="true" />
    </HelpFolder>
    <HelpFolder name="Methods" link="ms-help://MS.NETFrameworkSDKv1.1/cpref/html/frlrfsystemconfigurationsettingvalueelementMethodsTopic.htm" ismsdn="true">
      <HelpTopic name="Equals(System.Object)" link="ms-help://MS.NETFrameworkSDKv1.1/cpref/html/frlrfsystemconfigurationsettingvalueelementclassEqualsTopic.htm" ismsdn="true" />
      <HelpTopic name="GetHashCode()" link="ms-help://MS.NETFrameworkSDKv1.1/cpref/html/frlrfsystemconfigurationsettingvalueelementclassGetHashCodeTopic.htm" ismsdn="true" />
    </HelpFolder>
    <HelpFolder name="Properties" link="ms-help://MS.NETFrameworkSDKv1.1/cpref/html/frlrfsystemconfigurationsettingvalueelementPropertiesTopic.htm" ismsdn="true">
      <HelpTopic name="ValueXml" link="ms-help://MS.NETFrameworkSDKv1.1/cpref/html/frlrfsystemconfigurationsettingvalueelementclassValueXmlTopic.htm" ismsdn="true" />
    </HelpFolder>
  </HelpFolder>
  <HelpFolder name="SingleTagSectionHandler class" link="ms-help://MS.NETFrameworkSDKv1.1/cpref/html/frlrfsystemconfigurationsingletagsectionhandlerClassTopic.htm" ismsdn="true">
    <HelpTopic name="SingleTagSectionHandler members" link="ms-help://MS.NETFrameworkSDKv1.1/cpref/html/frlrfsystemconfigurationsingletagsectionhandlerMembersTopic.htm" ismsdn="true" />
    <HelpFolder name="Constructors" link="ms-help://MS.NETFrameworkSDKv1.1/cpref/html/frlrfsystemconfigurationsingletagsectionhandlerclassctorTopic.htm" ismsdn="true">
      <HelpTopic name=".ctor()" link="ms-help://MS.NETFrameworkSDKv1.1/cpref/html/frlrfsystemconfigurationsingletagsectionhandlerclassctorTopic.htm" ismsdn="true" />
    </HelpFolder>
    <HelpFolder name="Methods" link="ms-help://MS.NETFrameworkSDKv1.1/cpref/html/frlrfsystemconfigurationsingletagsectionhandlerMethodsTopic.htm" ismsdn="true">
      <HelpTopic name="Create(System.Object, System.Object, System.Xml.XmlNode)" link="ms-help://MS.NETFrameworkSDKv1.1/cpref/html/frlrfsystemconfigurationsingletagsectionhandlerclassCreateTopic.htm" ismsdn="true" />
    </HelpFolder>
  </HelpFolder>
  <HelpTopic name="SpecialSetting enumeration" link="ms-help://MS.NETFrameworkSDKv1.1/cpref/html/frlrfsystemconfigurationspecialsettingClassTopic.htm" ismsdn="true" />
  <HelpFolder name="SpecialSettingAttribute class" link="ms-help://MS.NETFrameworkSDKv1.1/cpref/html/frlrfsystemconfigurationspecialsettingattributeClassTopic.htm" ismsdn="true">
    <HelpTopic name="SpecialSettingAttribute members" link="ms-help://MS.NETFrameworkSDKv1.1/cpref/html/frlrfsystemconfigurationspecialsettingattributeMembersTopic.htm" ismsdn="true" />
    <HelpFolder name="Constructors" link="ms-help://MS.NETFrameworkSDKv1.1/cpref/html/frlrfsystemconfigurationspecialsettingattributeclassctorTopic.htm" ismsdn="true">
      <HelpTopic name=".ctor(System.Configuration.SpecialSetting)" link="ms-help://MS.NETFrameworkSDKv1.1/cpref/html/frlrfsystemconfigurationspecialsettingattributeclassctorTopic.htm" ismsdn="true" />
    </HelpFolder>
    <HelpFolder name="Properties" link="ms-help://MS.NETFrameworkSDKv1.1/cpref/html/frlrfsystemconfigurationspecialsettingattributePropertiesTopic.htm" ismsdn="true">
      <HelpTopic name="SpecialSetting" link="ms-help://MS.NETFrameworkSDKv1.1/cpref/html/frlrfsystemconfigurationspecialsettingattributeclassSpecialSettingTopic.htm" ismsdn="true" />
    </HelpFolder>
  </HelpFolder>
  <HelpFolder name="UserScopedSettingAttribute class" link="ms-help://MS.NETFrameworkSDKv1.1/cpref/html/frlrfsystemconfigurationuserscopedsettingattributeClassTopic.htm" ismsdn="true">
    <HelpTopic name="UserScopedSettingAttribute members" link="ms-help://MS.NETFrameworkSDKv1.1/cpref/html/frlrfsystemconfigurationuserscopedsettingattributeMembersTopic.htm" ismsdn="true" />
    <HelpFolder name="Constructors" link="ms-help://MS.NETFrameworkSDKv1.1/cpref/html/frlrfsystemconfigurationuserscopedsettingattributeclassctorTopic.htm" ismsdn="true">
      <HelpTopic name=".ctor()" link="ms-help://MS.NETFrameworkSDKv1.1/cpref/html/frlrfsystemconfigurationuserscopedsettingattributeclassctorTopic.htm" ismsdn="true" />
    </HelpFolder>
  </HelpFolder>
  <HelpFolder name="UserSettingsGroup class" link="ms-help://MS.NETFrameworkSDKv1.1/cpref/html/frlrfsystemconfigurationusersettingsgroupClassTopic.htm" ismsdn="true">
    <HelpTopic name="UserSettingsGroup members" link="ms-help://MS.NETFrameworkSDKv1.1/cpref/html/frlrfsystemconfigurationusersettingsgroupMembersTopic.htm" ismsdn="true" />
    <HelpFolder name="Constructors" link="ms-help://MS.NETFrameworkSDKv1.1/cpref/html/frlrfsystemconfigurationusersettingsgroupclassctorTopic.htm" ismsdn="true">
      <HelpTopic name=".ctor()" link="ms-help://MS.NETFrameworkSDKv1.1/cpref/html/frlrfsystemconfigurationusersettingsgroupclassctorTopic.htm" ismsdn="true" />
    </HelpFolder>
  </HelpFolder>
</HelpCollection>