<HelpCollection>
  <HelpTopic name="TransactedCallback delegate" link="ms-help://MS.NETFrameworkSDKv1.1/cpref/html/frlrfsystemwebutiltransactedcallbackClassTopic.htm" ismsdn="true" />
  <HelpFolder name="Transactions class" link="ms-help://MS.NETFrameworkSDKv1.1/cpref/html/frlrfsystemwebutiltransactionsClassTopic.htm" ismsdn="true">
    <HelpTopic name="Transactions members" link="ms-help://MS.NETFrameworkSDKv1.1/cpref/html/frlrfsystemwebutiltransactionsMembersTopic.htm" ismsdn="true" />
    <HelpFolder name="Constructors" link="ms-help://MS.NETFrameworkSDKv1.1/cpref/html/frlrfsystemwebutiltransactionsclassctorTopic.htm" ismsdn="true">
      <HelpTopic name=".ctor()" link="ms-help://MS.NETFrameworkSDKv1.1/cpref/html/frlrfsystemwebutiltransactionsclassctorTopic.htm" ismsdn="true" />
    </HelpFolder>
    <HelpFolder name="Methods" link="ms-help://MS.NETFrameworkSDKv1.1/cpref/html/frlrfsystemwebutiltransactionsMethodsTopic.htm" ismsdn="true">
      <HelpTopic name="InvokeTransacted(System.Web.Util.TransactedCallback, System.EnterpriseServices.TransactionOption)" link="ms-help://MS.NETFrameworkSDKv1.1/cpref/html/frlrfsystemwebutiltransactionsclassInvokeTransactedTopic0.htm" ismsdn="true" />
      <HelpTopic name="InvokeTransacted(System.Web.Util.TransactedCallback, System.EnterpriseServices.TransactionOption, System.Boolean&amp;)" link="ms-help://MS.NETFrameworkSDKv1.1/cpref/html/frlrfsystemwebutiltransactionsclassInvokeTransactedTopic1.htm" ismsdn="true" />
    </HelpFolder>
  </HelpFolder>
  <HelpFolder name="WorkItem class" link="ms-help://MS.NETFrameworkSDKv1.1/cpref/html/frlrfsystemwebutilworkitemClassTopic.htm" ismsdn="true">
    <HelpTopic name="WorkItem members" link="ms-help://MS.NETFrameworkSDKv1.1/cpref/html/frlrfsystemwebutilworkitemMembersTopic.htm" ismsdn="true" />
    <HelpFolder name="Constructors" link="ms-help://MS.NETFrameworkSDKv1.1/cpref/html/frlrfsystemwebutilworkitemclassctorTopic.htm" ismsdn="true">
      <HelpTopic name=".ctor()" link="ms-help://MS.NETFrameworkSDKv1.1/cpref/html/frlrfsystemwebutilworkitemclassctorTopic.htm" ismsdn="true" />
    </HelpFolder>
    <HelpFolder name="Methods" link="ms-help://MS.NETFrameworkSDKv1.1/cpref/html/frlrfsystemwebutilworkitemMethodsTopic.htm" ismsdn="true">
      <HelpTopic name="Post(System.Web.Util.WorkItemCallback)" link="ms-help://MS.NETFrameworkSDKv1.1/cpref/html/frlrfsystemwebutilworkitemclassPostTopic.htm" ismsdn="true" />
    </HelpFolder>
  </HelpFolder>
  <HelpTopic name="WorkItemCallback delegate" link="ms-help://MS.NETFrameworkSDKv1.1/cpref/html/frlrfsystemwebutilworkitemcallbackClassTopic.htm" ismsdn="true" />
</HelpCollection>