<HelpCollection>
  <HelpFolder name="BitVector32 structure" link="ms-help://MS.NETFrameworkSDKv1.1/cpref/html/frlrfsystemcollectionsspecializedbitvector32ClassTopic.htm" ismsdn="true">
    <HelpTopic name="BitVector32 members" link="ms-help://MS.NETFrameworkSDKv1.1/cpref/html/frlrfsystemcollectionsspecializedbitvector32MembersTopic.htm" ismsdn="true" />
    <HelpFolder name="Constructors" link="ms-help://MS.NETFrameworkSDKv1.1/cpref/html/frlrfsystemcollectionsspecializedbitvector32classctorTopic.htm" ismsdn="true">
      <HelpTopic name=".ctor(System.Int32)" link="ms-help://MS.NETFrameworkSDKv1.1/cpref/html/frlrfsystemcollectionsspecializedbitvector32classctorTopic1.htm" ismsdn="true" />
      <HelpTopic name=".ctor(System.Collections.Specialized.BitVector32)" link="ms-help://MS.NETFrameworkSDKv1.1/cpref/html/frlrfsystemcollectionsspecializedbitvector32classctorTopic1.htm" ismsdn="true" />
    </HelpFolder>
    <HelpFolder name="Methods" link="ms-help://MS.NETFrameworkSDKv1.1/cpref/html/frlrfsystemcollectionsspecializedbitvector32MethodsTopic.htm" ismsdn="true">
      <HelpTopic name="GetHashCode()" link="ms-help://MS.NETFrameworkSDKv1.1/cpref/html/frlrfsystemcollectionsspecializedbitvector32classGetHashCodeTopic.htm" ismsdn="true" />
      <HelpTopic name="Equals(System.Object)" link="ms-help://MS.NETFrameworkSDKv1.1/cpref/html/frlrfsystemcollectionsspecializedbitvector32classEqualsTopic.htm" ismsdn="true" />
      <HelpTopic name="ToString()" link="ms-help://MS.NETFrameworkSDKv1.1/cpref/html/frlrfsystemcollectionsspecializedbitvector32classToStringTopic.htm" ismsdn="true" />
      <HelpTopic name="CreateMask()" link="ms-help://MS.NETFrameworkSDKv1.1/cpref/html/frlrfsystemcollectionsspecializedbitvector32classCreateMaskTopic1.htm" ismsdn="true" />
      <HelpTopic name="CreateMask(System.Int32)" link="ms-help://MS.NETFrameworkSDKv1.1/cpref/html/frlrfsystemcollectionsspecializedbitvector32classCreateMaskTopic2.htm" ismsdn="true" />
      <HelpTopic name="CreateSection(System.Int16)" link="ms-help://MS.NETFrameworkSDKv1.1/cpref/html/frlrfsystemcollectionsspecializedbitvector32classCreateSectionTopic1.htm" ismsdn="true" />
      <HelpTopic name="CreateSection(System.Int16, System.Collections.Specialized.BitVector32+Section)" link="ms-help://MS.NETFrameworkSDKv1.1/cpref/html/frlrfsystemcollectionsspecializedbitvector32classCreateSectionTopic2.htm" ismsdn="true" />
      <HelpTopic name="ToString(System.Collections.Specialized.BitVector32)" link="ms-help://MS.NETFrameworkSDKv1.1/cpref/html/frlrfsystemcollectionsspecializedbitvector32classToStringTopic.htm" ismsdn="true" />
    </HelpFolder>
    <HelpFolder name="Properties" link="ms-help://MS.NETFrameworkSDKv1.1/cpref/html/frlrfsystemcollectionsspecializedbitvector32PropertiesTopic.htm" ismsdn="true">
      <HelpTopic name="Item" link="ms-help://MS.NETFrameworkSDKv1.1/cpref/html/frlrfsystemcollectionsspecializedbitvector32classItemTopic.htm" ismsdn="true" />
      <HelpTopic name="Item" link="ms-help://MS.NETFrameworkSDKv1.1/cpref/html/frlrfsystemcollectionsspecializedbitvector32classItemTopic.htm" ismsdn="true" />
      <HelpTopic name="Data" link="ms-help://MS.NETFrameworkSDKv1.1/cpref/html/frlrfsystemcollectionsspecializedbitvector32classDataTopic.htm" ismsdn="true" />
    </HelpFolder>
  </HelpFolder>
  <HelpFolder name="CollectionsUtil class" link="ms-help://MS.NETFrameworkSDKv1.1/cpref/html/frlrfsystemcollectionsspecializedcollectionsutilClassTopic.htm" ismsdn="true">
    <HelpTopic name="CollectionsUtil members" link="ms-help://MS.NETFrameworkSDKv1.1/cpref/html/frlrfsystemcollectionsspecializedcollectionsutilMembersTopic.htm" ismsdn="true" />
    <HelpFolder name="Constructors" link="ms-help://MS.NETFrameworkSDKv1.1/cpref/html/frlrfsystemcollectionsspecializedcollectionsutilclassctorTopic.htm" ismsdn="true">
      <HelpTopic name=".ctor()" link="ms-help://MS.NETFrameworkSDKv1.1/cpref/html/frlrfsystemcollectionsspecializedcollectionsutilclassctorTopic.htm" ismsdn="true" />
    </HelpFolder>
    <HelpFolder name="Methods" link="ms-help://MS.NETFrameworkSDKv1.1/cpref/html/frlrfsystemcollectionsspecializedcollectionsutilMethodsTopic.htm" ismsdn="true">
      <HelpTopic name="CreateCaseInsensitiveHashtable()" link="ms-help://MS.NETFrameworkSDKv1.1/cpref/html/frlrfsystemcollectionsspecializedcollectionsutilclassCreateCaseInsensitiveHashtableTopic0.htm" ismsdn="true" />
      <HelpTopic name="CreateCaseInsensitiveHashtable(System.Int32)" link="ms-help://MS.NETFrameworkSDKv1.1/cpref/html/frlrfsystemcollectionsspecializedcollectionsutilclassCreateCaseInsensitiveHashtableTopic1.htm" ismsdn="true" />
      <HelpTopic name="CreateCaseInsensitiveHashtable(System.Collections.IDictionary)" link="ms-help://MS.NETFrameworkSDKv1.1/cpref/html/frlrfsystemcollectionsspecializedcollectionsutilclassCreateCaseInsensitiveHashtableTopic2.htm" ismsdn="true" />
      <HelpTopic name="CreateCaseInsensitiveSortedList()" link="ms-help://MS.NETFrameworkSDKv1.1/cpref/html/frlrfsystemcollectionsspecializedcollectionsutilclassCreateCaseInsensitiveSortedListTopic.htm" ismsdn="true" />
    </HelpFolder>
  </HelpFolder>
  <HelpFolder name="HybridDictionary class" link="ms-help://MS.NETFrameworkSDKv1.1/cpref/html/frlrfsystemcollectionsspecializedhybriddictionaryClassTopic.htm" ismsdn="true">
    <HelpTopic name="HybridDictionary members" link="ms-help://MS.NETFrameworkSDKv1.1/cpref/html/frlrfsystemcollectionsspecializedhybriddictionaryMembersTopic.htm" ismsdn="true" />
    <HelpFolder name="Constructors" link="ms-help://MS.NETFrameworkSDKv1.1/cpref/html/frlrfsystemcollectionsspecializedhybriddictionaryclassctorTopic.htm" ismsdn="true">
      <HelpTopic name=".ctor()" link="ms-help://MS.NETFrameworkSDKv1.1/cpref/html/frlrfsystemcollectionsspecializedhybriddictionaryclassctorTopic1.htm" ismsdn="true" />
      <HelpTopic name=".ctor(System.Int32)" link="ms-help://MS.NETFrameworkSDKv1.1/cpref/html/frlrfsystemcollectionsspecializedhybriddictionaryclassctorTopic1.htm" ismsdn="true" />
      <HelpTopic name=".ctor(System.Boolean)" link="ms-help://MS.NETFrameworkSDKv1.1/cpref/html/frlrfsystemcollectionsspecializedhybriddictionaryclassctorTopic2.htm" ismsdn="true" />
      <HelpTopic name=".ctor(System.Int32, System.Boolean)" link="ms-help://MS.NETFrameworkSDKv1.1/cpref/html/frlrfsystemcollectionsspecializedhybriddictionaryclassctorTopic3.htm" ismsdn="true" />
    </HelpFolder>
    <HelpFolder name="Methods" link="ms-help://MS.NETFrameworkSDKv1.1/cpref/html/frlrfsystemcollectionsspecializedhybriddictionaryMethodsTopic.htm" ismsdn="true">
      <HelpTopic name="CopyTo(System.Array, System.Int32)" link="ms-help://MS.NETFrameworkSDKv1.1/cpref/html/frlrfsystemcollectionsspecializedhybriddictionaryclassCopyToTopic.htm" ismsdn="true" />
      <HelpTopic name="Remove(System.Object)" link="ms-help://MS.NETFrameworkSDKv1.1/cpref/html/frlrfsystemcollectionsspecializedhybriddictionaryclassRemoveTopic.htm" ismsdn="true" />
      <HelpTopic name="GetEnumerator()" link="ms-help://MS.NETFrameworkSDKv1.1/cpref/html/frlrfsystemcollectionsspecializedhybriddictionaryclassGetEnumeratorTopic.htm" ismsdn="true" />
      <HelpTopic name="Clear()" link="ms-help://MS.NETFrameworkSDKv1.1/cpref/html/frlrfsystemcollectionsspecializedhybriddictionaryclassClearTopic.htm" ismsdn="true" />
      <HelpTopic name="Add(System.Object, System.Object)" link="ms-help://MS.NETFrameworkSDKv1.1/cpref/html/frlrfsystemcollectionsspecializedhybriddictionaryclassAddTopic.htm" ismsdn="true" />
      <HelpTopic name="Contains(System.Object)" link="ms-help://MS.NETFrameworkSDKv1.1/cpref/html/frlrfsystemcollectionsspecializedhybriddictionaryclassContainsTopic.htm" ismsdn="true" />
    </HelpFolder>
    <HelpFolder name="Properties" link="ms-help://MS.NETFrameworkSDKv1.1/cpref/html/frlrfsystemcollectionsspecializedhybriddictionaryPropertiesTopic.htm" ismsdn="true">
      <HelpTopic name="Item" link="ms-help://MS.NETFrameworkSDKv1.1/cpref/html/frlrfsystemcollectionsspecializedhybriddictionaryclassItemTopic.htm" ismsdn="true" />
      <HelpTopic name="Count" link="ms-help://MS.NETFrameworkSDKv1.1/cpref/html/frlrfsystemcollectionsspecializedhybriddictionaryclassCountTopic.htm" ismsdn="true" />
      <HelpTopic name="Keys" link="ms-help://MS.NETFrameworkSDKv1.1/cpref/html/frlrfsystemcollectionsspecializedhybriddictionaryclassKeysTopic.htm" ismsdn="true" />
      <HelpTopic name="IsReadOnly" link="ms-help://MS.NETFrameworkSDKv1.1/cpref/html/frlrfsystemcollectionsspecializedhybriddictionaryclassIsReadOnlyTopic.htm" ismsdn="true" />
      <HelpTopic name="IsFixedSize" link="ms-help://MS.NETFrameworkSDKv1.1/cpref/html/frlrfsystemcollectionsspecializedhybriddictionaryclassIsFixedSizeTopic.htm" ismsdn="true" />
      <HelpTopic name="IsSynchronized" link="ms-help://MS.NETFrameworkSDKv1.1/cpref/html/frlrfsystemcollectionsspecializedhybriddictionaryclassIsSynchronizedTopic.htm" ismsdn="true" />
      <HelpTopic name="SyncRoot" link="ms-help://MS.NETFrameworkSDKv1.1/cpref/html/frlrfsystemcollectionsspecializedhybriddictionaryclassSyncRootTopic.htm" ismsdn="true" />
      <HelpTopic name="Values" link="ms-help://MS.NETFrameworkSDKv1.1/cpref/html/frlrfsystemcollectionsspecializedhybriddictionaryclassValuesTopic.htm" ismsdn="true" />
    </HelpFolder>
  </HelpFolder>
  <HelpFolder name="ListDictionary class" link="ms-help://MS.NETFrameworkSDKv1.1/cpref/html/frlrfsystemcollectionsspecializedlistdictionaryClassTopic.htm" ismsdn="true">
    <HelpTopic name="ListDictionary members" link="ms-help://MS.NETFrameworkSDKv1.1/cpref/html/frlrfsystemcollectionsspecializedlistdictionaryMembersTopic.htm" ismsdn="true" />
    <HelpFolder name="Constructors" link="ms-help://MS.NETFrameworkSDKv1.1/cpref/html/frlrfsystemcollectionsspecializedlistdictionaryclassctorTopic.htm" ismsdn="true">
      <HelpTopic name=".ctor()" link="ms-help://MS.NETFrameworkSDKv1.1/cpref/html/frlrfsystemcollectionsspecializedlistdictionaryclassctorTopic1.htm" ismsdn="true" />
      <HelpTopic name=".ctor(System.Collections.IComparer)" link="ms-help://MS.NETFrameworkSDKv1.1/cpref/html/frlrfsystemcollectionsspecializedlistdictionaryclassctorTopic1.htm" ismsdn="true" />
    </HelpFolder>
    <HelpFolder name="Methods" link="ms-help://MS.NETFrameworkSDKv1.1/cpref/html/frlrfsystemcollectionsspecializedlistdictionaryMethodsTopic.htm" ismsdn="true">
      <HelpTopic name="CopyTo(System.Array, System.Int32)" link="ms-help://MS.NETFrameworkSDKv1.1/cpref/html/frlrfsystemcollectionsspecializedlistdictionaryclassCopyToTopic.htm" ismsdn="true" />
      <HelpTopic name="Remove(System.Object)" link="ms-help://MS.NETFrameworkSDKv1.1/cpref/html/frlrfsystemcollectionsspecializedlistdictionaryclassRemoveTopic.htm" ismsdn="true" />
      <HelpTopic name="GetEnumerator()" link="ms-help://MS.NETFrameworkSDKv1.1/cpref/html/frlrfsystemcollectionsspecializedlistdictionaryclassGetEnumeratorTopic.htm" ismsdn="true" />
      <HelpTopic name="Clear()" link="ms-help://MS.NETFrameworkSDKv1.1/cpref/html/frlrfsystemcollectionsspecializedlistdictionaryclassClearTopic.htm" ismsdn="true" />
      <HelpTopic name="Add(System.Object, System.Object)" link="ms-help://MS.NETFrameworkSDKv1.1/cpref/html/frlrfsystemcollectionsspecializedlistdictionaryclassAddTopic.htm" ismsdn="true" />
      <HelpTopic name="Contains(System.Object)" link="ms-help://MS.NETFrameworkSDKv1.1/cpref/html/frlrfsystemcollectionsspecializedlistdictionaryclassContainsTopic.htm" ismsdn="true" />
    </HelpFolder>
    <HelpFolder name="Properties" link="ms-help://MS.NETFrameworkSDKv1.1/cpref/html/frlrfsystemcollectionsspecializedlistdictionaryPropertiesTopic.htm" ismsdn="true">
      <HelpTopic name="Item" link="ms-help://MS.NETFrameworkSDKv1.1/cpref/html/frlrfsystemcollectionsspecializedlistdictionaryclassItemTopic.htm" ismsdn="true" />
      <HelpTopic name="Count" link="ms-help://MS.NETFrameworkSDKv1.1/cpref/html/frlrfsystemcollectionsspecializedlistdictionaryclassCountTopic.htm" ismsdn="true" />
      <HelpTopic name="Keys" link="ms-help://MS.NETFrameworkSDKv1.1/cpref/html/frlrfsystemcollectionsspecializedlistdictionaryclassKeysTopic.htm" ismsdn="true" />
      <HelpTopic name="IsReadOnly" link="ms-help://MS.NETFrameworkSDKv1.1/cpref/html/frlrfsystemcollectionsspecializedlistdictionaryclassIsReadOnlyTopic.htm" ismsdn="true" />
      <HelpTopic name="IsFixedSize" link="ms-help://MS.NETFrameworkSDKv1.1/cpref/html/frlrfsystemcollectionsspecializedlistdictionaryclassIsFixedSizeTopic.htm" ismsdn="true" />
      <HelpTopic name="IsSynchronized" link="ms-help://MS.NETFrameworkSDKv1.1/cpref/html/frlrfsystemcollectionsspecializedlistdictionaryclassIsSynchronizedTopic.htm" ismsdn="true" />
      <HelpTopic name="SyncRoot" link="ms-help://MS.NETFrameworkSDKv1.1/cpref/html/frlrfsystemcollectionsspecializedlistdictionaryclassSyncRootTopic.htm" ismsdn="true" />
      <HelpTopic name="Values" link="ms-help://MS.NETFrameworkSDKv1.1/cpref/html/frlrfsystemcollectionsspecializedlistdictionaryclassValuesTopic.htm" ismsdn="true" />
    </HelpFolder>
  </HelpFolder>
  <HelpFolder name="NameObjectCollectionBase class" link="ms-help://MS.NETFrameworkSDKv1.1/cpref/html/frlrfsystemcollectionsspecializednameobjectcollectionbaseClassTopic.htm" ismsdn="true">
    <HelpTopic name="NameObjectCollectionBase members" link="ms-help://MS.NETFrameworkSDKv1.1/cpref/html/frlrfsystemcollectionsspecializednameobjectcollectionbaseMembersTopic.htm" ismsdn="true" />
    <HelpFolder name="Methods" link="ms-help://MS.NETFrameworkSDKv1.1/cpref/html/frlrfsystemcollectionsspecializednameobjectcollectionbaseMethodsTopic.htm" ismsdn="true">
      <HelpTopic name="OnDeserialization(System.Object)" link="ms-help://MS.NETFrameworkSDKv1.1/cpref/html/frlrfsystemcollectionsspecializednameobjectcollectionbaseclassOnDeserializationTopic.htm" ismsdn="true" />
      <HelpTopic name="GetObjectData(System.Runtime.Serialization.SerializationInfo, System.Runtime.Serialization.StreamingContext)" link="ms-help://MS.NETFrameworkSDKv1.1/cpref/html/frlrfsystemcollectionsspecializednameobjectcollectionbaseclassGetObjectDataTopic.htm" ismsdn="true" />
      <HelpTopic name="GetEnumerator()" link="ms-help://MS.NETFrameworkSDKv1.1/cpref/html/frlrfsystemcollectionsspecializednameobjectcollectionbaseclassGetEnumeratorTopic.htm" ismsdn="true" />
    </HelpFolder>
    <HelpFolder name="Properties" link="ms-help://MS.NETFrameworkSDKv1.1/cpref/html/frlrfsystemcollectionsspecializednameobjectcollectionbasePropertiesTopic.htm" ismsdn="true">
      <HelpTopic name="Count" link="ms-help://MS.NETFrameworkSDKv1.1/cpref/html/frlrfsystemcollectionsspecializednameobjectcollectionbaseclassCountTopic.htm" ismsdn="true" />
      <HelpTopic name="Keys" link="ms-help://MS.NETFrameworkSDKv1.1/cpref/html/frlrfsystemcollectionsspecializednameobjectcollectionbaseclassKeysTopic.htm" ismsdn="true" />
    </HelpFolder>
  </HelpFolder>
  <HelpFolder name="NameValueCollection class" link="ms-help://MS.NETFrameworkSDKv1.1/cpref/html/frlrfsystemcollectionsspecializednamevaluecollectionClassTopic.htm" ismsdn="true">
    <HelpTopic name="NameValueCollection members" link="ms-help://MS.NETFrameworkSDKv1.1/cpref/html/frlrfsystemcollectionsspecializednamevaluecollectionMembersTopic.htm" ismsdn="true" />
    <HelpFolder name="Constructors" link="ms-help://MS.NETFrameworkSDKv1.1/cpref/html/frlrfsystemcollectionsspecializednamevaluecollectionclassctorTopic.htm" ismsdn="true">
      <HelpTopic name=".ctor()" link="ms-help://MS.NETFrameworkSDKv1.1/cpref/html/frlrfsystemcollectionsspecializednamevaluecollectionclassctorTopic1.htm" ismsdn="true" />
      <HelpTopic name=".ctor(System.Collections.Specialized.NameValueCollection)" link="ms-help://MS.NETFrameworkSDKv1.1/cpref/html/frlrfsystemcollectionsspecializednamevaluecollectionclassctorTopic1.htm" ismsdn="true" />
      <HelpTopic name=".ctor(System.Collections.IHashCodeProvider, System.Collections.IComparer)" link="ms-help://MS.NETFrameworkSDKv1.1/cpref/html/frlrfsystemcollectionsspecializednamevaluecollectionclassctorTopic2.htm" ismsdn="true" />
      <HelpTopic name=".ctor(System.Int32)" link="ms-help://MS.NETFrameworkSDKv1.1/cpref/html/frlrfsystemcollectionsspecializednamevaluecollectionclassctorTopic3.htm" ismsdn="true" />
      <HelpTopic name=".ctor(System.Int32, System.Collections.Specialized.NameValueCollection)" link="ms-help://MS.NETFrameworkSDKv1.1/cpref/html/frlrfsystemcollectionsspecializednamevaluecollectionclassctorTopic4.htm" ismsdn="true" />
      <HelpTopic name=".ctor(System.Int32, System.Collections.IHashCodeProvider, System.Collections.IComparer)" link="ms-help://MS.NETFrameworkSDKv1.1/cpref/html/frlrfsystemcollectionsspecializednamevaluecollectionclassctorTopic5.htm" ismsdn="true" />
    </HelpFolder>
    <HelpFolder name="Methods" link="ms-help://MS.NETFrameworkSDKv1.1/cpref/html/frlrfsystemcollectionsspecializednamevaluecollectionMethodsTopic.htm" ismsdn="true">
      <HelpTopic name="GetKey(System.Int32)" link="ms-help://MS.NETFrameworkSDKv1.1/cpref/html/frlrfsystemcollectionsspecializednamevaluecollectionclassGetKeyTopic.htm" ismsdn="true" />
      <HelpTopic name="GetValues(System.Int32)" link="ms-help://MS.NETFrameworkSDKv1.1/cpref/html/frlrfsystemcollectionsspecializednamevaluecollectionclassGetValuesTopic.htm" ismsdn="true" />
      <HelpTopic name="Get(System.Int32)" link="ms-help://MS.NETFrameworkSDKv1.1/cpref/html/frlrfsystemcollectionsspecializednamevaluecollectionclassGetTopic.htm" ismsdn="true" />
      <HelpTopic name="Remove(System.String)" link="ms-help://MS.NETFrameworkSDKv1.1/cpref/html/frlrfsystemcollectionsspecializednamevaluecollectionclassRemoveTopic.htm" ismsdn="true" />
      <HelpTopic name="Set(System.String, System.String)" link="ms-help://MS.NETFrameworkSDKv1.1/cpref/html/frlrfsystemcollectionsspecializednamevaluecollectionclassSetTopic.htm" ismsdn="true" />
      <HelpTopic name="GetValues(System.String)" link="ms-help://MS.NETFrameworkSDKv1.1/cpref/html/frlrfsystemcollectionsspecializednamevaluecollectionclassGetValuesTopic.htm" ismsdn="true" />
      <HelpTopic name="Get(System.String)" link="ms-help://MS.NETFrameworkSDKv1.1/cpref/html/frlrfsystemcollectionsspecializednamevaluecollectionclassGetTopic.htm" ismsdn="true" />
      <HelpTopic name="Add(System.String, System.String)" link="ms-help://MS.NETFrameworkSDKv1.1/cpref/html/frlrfsystemcollectionsspecializednamevaluecollectionclassAddTopic1.htm" ismsdn="true" />
      <HelpTopic name="Add(System.Collections.Specialized.NameValueCollection)" link="ms-help://MS.NETFrameworkSDKv1.1/cpref/html/frlrfsystemcollectionsspecializednamevaluecollectionclassAddTopic2.htm" ismsdn="true" />
      <HelpTopic name="Clear()" link="ms-help://MS.NETFrameworkSDKv1.1/cpref/html/frlrfsystemcollectionsspecializednamevaluecollectionclassClearTopic.htm" ismsdn="true" />
      <HelpTopic name="CopyTo(System.Array, System.Int32)" link="ms-help://MS.NETFrameworkSDKv1.1/cpref/html/frlrfsystemcollectionsspecializednamevaluecollectionclassCopyToTopic.htm" ismsdn="true" />
      <HelpTopic name="HasKeys()" link="ms-help://MS.NETFrameworkSDKv1.1/cpref/html/frlrfsystemcollectionsspecializednamevaluecollectionclassHasKeysTopic.htm" ismsdn="true" />
    </HelpFolder>
    <HelpFolder name="Properties" link="ms-help://MS.NETFrameworkSDKv1.1/cpref/html/frlrfsystemcollectionsspecializednamevaluecollectionPropertiesTopic.htm" ismsdn="true">
      <HelpTopic name="Item" link="ms-help://MS.NETFrameworkSDKv1.1/cpref/html/frlrfsystemcollectionsspecializednamevaluecollectionclassItemTopic.htm" ismsdn="true" />
      <HelpTopic name="Item" link="ms-help://MS.NETFrameworkSDKv1.1/cpref/html/frlrfsystemcollectionsspecializednamevaluecollectionclassItemTopic.htm" ismsdn="true" />
      <HelpTopic name="AllKeys" link="ms-help://MS.NETFrameworkSDKv1.1/cpref/html/frlrfsystemcollectionsspecializednamevaluecollectionclassAllKeysTopic.htm" ismsdn="true" />
    </HelpFolder>
  </HelpFolder>
  <HelpFolder name="StringCollection class" link="ms-help://MS.NETFrameworkSDKv1.1/cpref/html/frlrfsystemcollectionsspecializedstringcollectionClassTopic.htm" ismsdn="true">
    <HelpTopic name="StringCollection members" link="ms-help://MS.NETFrameworkSDKv1.1/cpref/html/frlrfsystemcollectionsspecializedstringcollectionMembersTopic.htm" ismsdn="true" />
    <HelpFolder name="Constructors" link="ms-help://MS.NETFrameworkSDKv1.1/cpref/html/frlrfsystemcollectionsspecializedstringcollectionclassctorTopic.htm" ismsdn="true">
      <HelpTopic name=".ctor()" link="ms-help://MS.NETFrameworkSDKv1.1/cpref/html/frlrfsystemcollectionsspecializedstringcollectionclassctorTopic.htm" ismsdn="true" />
    </HelpFolder>
    <HelpFolder name="Methods" link="ms-help://MS.NETFrameworkSDKv1.1/cpref/html/frlrfsystemcollectionsspecializedstringcollectionMethodsTopic.htm" ismsdn="true">
      <HelpTopic name="RemoveAt(System.Int32)" link="ms-help://MS.NETFrameworkSDKv1.1/cpref/html/frlrfsystemcollectionsspecializedstringcollectionclassRemoveAtTopic.htm" ismsdn="true" />
      <HelpTopic name="Clear()" link="ms-help://MS.NETFrameworkSDKv1.1/cpref/html/frlrfsystemcollectionsspecializedstringcollectionclassClearTopic.htm" ismsdn="true" />
      <HelpTopic name="Add(System.String)" link="ms-help://MS.NETFrameworkSDKv1.1/cpref/html/frlrfsystemcollectionsspecializedstringcollectionclassAddTopic.htm" ismsdn="true" />
      <HelpTopic name="AddRange(System.String[])" link="ms-help://MS.NETFrameworkSDKv1.1/cpref/html/frlrfsystemcollectionsspecializedstringcollectionclassAddRangeTopic.htm" ismsdn="true" />
      <HelpTopic name="Contains(System.String)" link="ms-help://MS.NETFrameworkSDKv1.1/cpref/html/frlrfsystemcollectionsspecializedstringcollectionclassContainsTopic.htm" ismsdn="true" />
      <HelpTopic name="CopyTo(System.String[], System.Int32)" link="ms-help://MS.NETFrameworkSDKv1.1/cpref/html/frlrfsystemcollectionsspecializedstringcollectionclassCopyToTopic.htm" ismsdn="true" />
      <HelpTopic name="GetEnumerator()" link="ms-help://MS.NETFrameworkSDKv1.1/cpref/html/frlrfsystemcollectionsspecializedstringcollectionclassGetEnumeratorTopic.htm" ismsdn="true" />
      <HelpTopic name="IndexOf(System.String)" link="ms-help://MS.NETFrameworkSDKv1.1/cpref/html/frlrfsystemcollectionsspecializedstringcollectionclassIndexOfTopic.htm" ismsdn="true" />
      <HelpTopic name="Insert(System.Int32, System.String)" link="ms-help://MS.NETFrameworkSDKv1.1/cpref/html/frlrfsystemcollectionsspecializedstringcollectionclassInsertTopic.htm" ismsdn="true" />
      <HelpTopic name="Remove(System.String)" link="ms-help://MS.NETFrameworkSDKv1.1/cpref/html/frlrfsystemcollectionsspecializedstringcollectionclassRemoveTopic.htm" ismsdn="true" />
    </HelpFolder>
    <HelpFolder name="Properties" link="ms-help://MS.NETFrameworkSDKv1.1/cpref/html/frlrfsystemcollectionsspecializedstringcollectionPropertiesTopic.htm" ismsdn="true">
      <HelpTopic name="Item" link="ms-help://MS.NETFrameworkSDKv1.1/cpref/html/frlrfsystemcollectionsspecializedstringcollectionclassItemTopic.htm" ismsdn="true" />
      <HelpTopic name="Count" link="ms-help://MS.NETFrameworkSDKv1.1/cpref/html/frlrfsystemcollectionsspecializedstringcollectionclassCountTopic.htm" ismsdn="true" />
      <HelpTopic name="IsReadOnly" link="ms-help://MS.NETFrameworkSDKv1.1/cpref/html/frlrfsystemcollectionsspecializedstringcollectionclassIsReadOnlyTopic.htm" ismsdn="true" />
      <HelpTopic name="IsSynchronized" link="ms-help://MS.NETFrameworkSDKv1.1/cpref/html/frlrfsystemcollectionsspecializedstringcollectionclassIsSynchronizedTopic.htm" ismsdn="true" />
      <HelpTopic name="SyncRoot" link="ms-help://MS.NETFrameworkSDKv1.1/cpref/html/frlrfsystemcollectionsspecializedstringcollectionclassSyncRootTopic.htm" ismsdn="true" />
    </HelpFolder>
  </HelpFolder>
  <HelpFolder name="StringDictionary class" link="ms-help://MS.NETFrameworkSDKv1.1/cpref/html/frlrfsystemcollectionsspecializedstringdictionaryClassTopic.htm" ismsdn="true">
    <HelpTopic name="StringDictionary members" link="ms-help://MS.NETFrameworkSDKv1.1/cpref/html/frlrfsystemcollectionsspecializedstringdictionaryMembersTopic.htm" ismsdn="true" />
    <HelpFolder name="Constructors" link="ms-help://MS.NETFrameworkSDKv1.1/cpref/html/frlrfsystemcollectionsspecializedstringdictionaryclassctorTopic.htm" ismsdn="true">
      <HelpTopic name=".ctor()" link="ms-help://MS.NETFrameworkSDKv1.1/cpref/html/frlrfsystemcollectionsspecializedstringdictionaryclassctorTopic.htm" ismsdn="true" />
    </HelpFolder>
    <HelpFolder name="Methods" link="ms-help://MS.NETFrameworkSDKv1.1/cpref/html/frlrfsystemcollectionsspecializedstringdictionaryMethodsTopic.htm" ismsdn="true">
      <HelpTopic name="GetEnumerator()" link="ms-help://MS.NETFrameworkSDKv1.1/cpref/html/frlrfsystemcollectionsspecializedstringdictionaryclassGetEnumeratorTopic.htm" ismsdn="true" />
      <HelpTopic name="Remove(System.String)" link="ms-help://MS.NETFrameworkSDKv1.1/cpref/html/frlrfsystemcollectionsspecializedstringdictionaryclassRemoveTopic.htm" ismsdn="true" />
      <HelpTopic name="CopyTo(System.Array, System.Int32)" link="ms-help://MS.NETFrameworkSDKv1.1/cpref/html/frlrfsystemcollectionsspecializedstringdictionaryclassCopyToTopic.htm" ismsdn="true" />
      <HelpTopic name="ContainsValue(System.String)" link="ms-help://MS.NETFrameworkSDKv1.1/cpref/html/frlrfsystemcollectionsspecializedstringdictionaryclassContainsValueTopic.htm" ismsdn="true" />
      <HelpTopic name="ContainsKey(System.String)" link="ms-help://MS.NETFrameworkSDKv1.1/cpref/html/frlrfsystemcollectionsspecializedstringdictionaryclassContainsKeyTopic.htm" ismsdn="true" />
      <HelpTopic name="Clear()" link="ms-help://MS.NETFrameworkSDKv1.1/cpref/html/frlrfsystemcollectionsspecializedstringdictionaryclassClearTopic.htm" ismsdn="true" />
      <HelpTopic name="Add(System.String, System.String)" link="ms-help://MS.NETFrameworkSDKv1.1/cpref/html/frlrfsystemcollectionsspecializedstringdictionaryclassAddTopic.htm" ismsdn="true" />
    </HelpFolder>
    <HelpFolder name="Properties" link="ms-help://MS.NETFrameworkSDKv1.1/cpref/html/frlrfsystemcollectionsspecializedstringdictionaryPropertiesTopic.htm" ismsdn="true">
      <HelpTopic name="Count" link="ms-help://MS.NETFrameworkSDKv1.1/cpref/html/frlrfsystemcollectionsspecializedstringdictionaryclassCountTopic.htm" ismsdn="true" />
      <HelpTopic name="IsSynchronized" link="ms-help://MS.NETFrameworkSDKv1.1/cpref/html/frlrfsystemcollectionsspecializedstringdictionaryclassIsSynchronizedTopic.htm" ismsdn="true" />
      <HelpTopic name="Item" link="ms-help://MS.NETFrameworkSDKv1.1/cpref/html/frlrfsystemcollectionsspecializedstringdictionaryclassItemTopic.htm" ismsdn="true" />
      <HelpTopic name="Keys" link="ms-help://MS.NETFrameworkSDKv1.1/cpref/html/frlrfsystemcollectionsspecializedstringdictionaryclassKeysTopic.htm" ismsdn="true" />
      <HelpTopic name="SyncRoot" link="ms-help://MS.NETFrameworkSDKv1.1/cpref/html/frlrfsystemcollectionsspecializedstringdictionaryclassSyncRootTopic.htm" ismsdn="true" />
      <HelpTopic name="Values" link="ms-help://MS.NETFrameworkSDKv1.1/cpref/html/frlrfsystemcollectionsspecializedstringdictionaryclassValuesTopic.htm" ismsdn="true" />
    </HelpFolder>
  </HelpFolder>
  <HelpFolder name="StringEnumerator class" link="ms-help://MS.NETFrameworkSDKv1.1/cpref/html/frlrfsystemcollectionsspecializedstringenumeratorClassTopic.htm" ismsdn="true">
    <HelpTopic name="StringEnumerator members" link="ms-help://MS.NETFrameworkSDKv1.1/cpref/html/frlrfsystemcollectionsspecializedstringenumeratorMembersTopic.htm" ismsdn="true" />
    <HelpFolder name="Methods" link="ms-help://MS.NETFrameworkSDKv1.1/cpref/html/frlrfsystemcollectionsspecializedstringenumeratorMethodsTopic.htm" ismsdn="true">
      <HelpTopic name="MoveNext()" link="ms-help://MS.NETFrameworkSDKv1.1/cpref/html/frlrfsystemcollectionsspecializedstringenumeratorclassMoveNextTopic.htm" ismsdn="true" />
      <HelpTopic name="Reset()" link="ms-help://MS.NETFrameworkSDKv1.1/cpref/html/frlrfsystemcollectionsspecializedstringenumeratorclassResetTopic.htm" ismsdn="true" />
    </HelpFolder>
    <HelpFolder name="Properties" link="ms-help://MS.NETFrameworkSDKv1.1/cpref/html/frlrfsystemcollectionsspecializedstringenumeratorPropertiesTopic.htm" ismsdn="true">
      <HelpTopic name="Current" link="ms-help://MS.NETFrameworkSDKv1.1/cpref/html/frlrfsystemcollectionsspecializedstringenumeratorclassCurrentTopic.htm" ismsdn="true" />
    </HelpFolder>
  </HelpFolder>
</HelpCollection>