<HelpCollection>
  <HelpFolder name="IResourceReader interface" link="ms-help://MS.NETFrameworkSDKv1.1/cpref/html/frlrfsystemresourcesiresourcereaderClassTopic.htm" ismsdn="true">
    <HelpTopic name="IResourceReader members" link="ms-help://MS.NETFrameworkSDKv1.1/cpref/html/frlrfsystemresourcesiresourcereaderMembersTopic.htm" ismsdn="true" />
    <HelpFolder name="Methods" link="ms-help://MS.NETFrameworkSDKv1.1/cpref/html/frlrfsystemresourcesiresourcereaderMethodsTopic.htm" ismsdn="true">
      <HelpTopic name="GetEnumerator()" link="ms-help://MS.NETFrameworkSDKv1.1/cpref/html/frlrfsystemresourcesiresourcereaderclassGetEnumeratorTopic.htm" ismsdn="true" />
      <HelpTopic name="Close()" link="ms-help://MS.NETFrameworkSDKv1.1/cpref/html/frlrfsystemresourcesiresourcereaderclassCloseTopic.htm" ismsdn="true" />
    </HelpFolder>
  </HelpFolder>
  <HelpFolder name="IResourceWriter interface" link="ms-help://MS.NETFrameworkSDKv1.1/cpref/html/frlrfsystemresourcesiresourcewriterClassTopic.htm" ismsdn="true">
    <HelpTopic name="IResourceWriter members" link="ms-help://MS.NETFrameworkSDKv1.1/cpref/html/frlrfsystemresourcesiresourcewriterMembersTopic.htm" ismsdn="true" />
    <HelpFolder name="Methods" link="ms-help://MS.NETFrameworkSDKv1.1/cpref/html/frlrfsystemresourcesiresourcewriterMethodsTopic.htm" ismsdn="true">
      <HelpTopic name="Generate()" link="ms-help://MS.NETFrameworkSDKv1.1/cpref/html/frlrfsystemresourcesiresourcewriterclassGenerateTopic.htm" ismsdn="true" />
      <HelpTopic name="Close()" link="ms-help://MS.NETFrameworkSDKv1.1/cpref/html/frlrfsystemresourcesiresourcewriterclassCloseTopic.htm" ismsdn="true" />
      <HelpTopic name="AddResource(System.String, System.Byte[])" link="ms-help://MS.NETFrameworkSDKv1.1/cpref/html/frlrfsystemresourcesiresourcewriterclassAddResourceTopic1.htm" ismsdn="true" />
      <HelpTopic name="AddResource(System.String, System.Object)" link="ms-help://MS.NETFrameworkSDKv1.1/cpref/html/frlrfsystemresourcesiresourcewriterclassAddResourceTopic2.htm" ismsdn="true" />
      <HelpTopic name="AddResource(System.String, System.String)" link="ms-help://MS.NETFrameworkSDKv1.1/cpref/html/frlrfsystemresourcesiresourcewriterclassAddResourceTopic3.htm" ismsdn="true" />
    </HelpFolder>
  </HelpFolder>
  <HelpFolder name="MissingManifestResourceException class" link="ms-help://MS.NETFrameworkSDKv1.1/cpref/html/frlrfsystemresourcesmissingmanifestresourceexceptionClassTopic.htm" ismsdn="true">
    <HelpTopic name="MissingManifestResourceException members" link="ms-help://MS.NETFrameworkSDKv1.1/cpref/html/frlrfsystemresourcesmissingmanifestresourceexceptionMembersTopic.htm" ismsdn="true" />
    <HelpFolder name="Constructors" link="ms-help://MS.NETFrameworkSDKv1.1/cpref/html/frlrfsystemresourcesmissingmanifestresourceexceptionclassctorTopic.htm" ismsdn="true">
      <HelpTopic name=".ctor()" link="ms-help://MS.NETFrameworkSDKv1.1/cpref/html/frlrfsystemresourcesmissingmanifestresourceexceptionclassctorTopic1.htm" ismsdn="true" />
      <HelpTopic name=".ctor(System.String)" link="ms-help://MS.NETFrameworkSDKv1.1/cpref/html/frlrfsystemresourcesmissingmanifestresourceexceptionclassctorTopic1.htm" ismsdn="true" />
      <HelpTopic name=".ctor(System.String, System.Exception)" link="ms-help://MS.NETFrameworkSDKv1.1/cpref/html/frlrfsystemresourcesmissingmanifestresourceexceptionclassctorTopic2.htm" ismsdn="true" />
    </HelpFolder>
  </HelpFolder>
  <HelpFolder name="NeutralResourcesLanguageAttribute class" link="ms-help://MS.NETFrameworkSDKv1.1/cpref/html/frlrfsystemresourcesneutralresourceslanguageattributeClassTopic.htm" ismsdn="true">
    <HelpTopic name="NeutralResourcesLanguageAttribute members" link="ms-help://MS.NETFrameworkSDKv1.1/cpref/html/frlrfsystemresourcesneutralresourceslanguageattributeMembersTopic.htm" ismsdn="true" />
    <HelpFolder name="Constructors" link="ms-help://MS.NETFrameworkSDKv1.1/cpref/html/frlrfsystemresourcesneutralresourceslanguageattributeclassctorTopic.htm" ismsdn="true">
      <HelpTopic name=".ctor(System.String)" link="ms-help://MS.NETFrameworkSDKv1.1/cpref/html/frlrfsystemresourcesneutralresourceslanguageattributeclassctorTopic.htm" ismsdn="true" />
    </HelpFolder>
    <HelpFolder name="Properties" link="ms-help://MS.NETFrameworkSDKv1.1/cpref/html/frlrfsystemresourcesneutralresourceslanguageattributePropertiesTopic.htm" ismsdn="true">
      <HelpTopic name="CultureName" link="ms-help://MS.NETFrameworkSDKv1.1/cpref/html/frlrfsystemresourcesneutralresourceslanguageattributeclassCultureNameTopic.htm" ismsdn="true" />
    </HelpFolder>
  </HelpFolder>
  <HelpFolder name="ResourceManager class" link="ms-help://MS.NETFrameworkSDKv1.1/cpref/html/frlrfsystemresourcesresourcemanagerClassTopic.htm" ismsdn="true">
    <HelpTopic name="ResourceManager members" link="ms-help://MS.NETFrameworkSDKv1.1/cpref/html/frlrfsystemresourcesresourcemanagerMembersTopic.htm" ismsdn="true" />
    <HelpFolder name="Constructors" link="ms-help://MS.NETFrameworkSDKv1.1/cpref/html/frlrfsystemresourcesresourcemanagerclassctorTopic.htm" ismsdn="true">
      <HelpTopic name=".ctor(System.String, System.Reflection.Assembly)" link="ms-help://MS.NETFrameworkSDKv1.1/cpref/html/frlrfsystemresourcesresourcemanagerclassctorTopic1.htm" ismsdn="true" />
      <HelpTopic name=".ctor(System.String, System.Reflection.Assembly, System.Type)" link="ms-help://MS.NETFrameworkSDKv1.1/cpref/html/frlrfsystemresourcesresourcemanagerclassctorTopic1.htm" ismsdn="true" />
      <HelpTopic name=".ctor(System.Type)" link="ms-help://MS.NETFrameworkSDKv1.1/cpref/html/frlrfsystemresourcesresourcemanagerclassctorTopic2.htm" ismsdn="true" />
    </HelpFolder>
    <HelpFolder name="Fields" link="ms-help://MS.NETFrameworkSDKv1.1/cpref/html/frlrfsystemresourcesresourcemanagerFieldsTopic.htm" ismsdn="true">
      <HelpTopic name="MagicNumber" link="ms-help://MS.NETFrameworkSDKv1.1/cpref/html/frlrfsystemresourcesresourcemanagerclassMagicNumberTopic.htm" ismsdn="true" />
      <HelpTopic name="HeaderVersionNumber" link="ms-help://MS.NETFrameworkSDKv1.1/cpref/html/frlrfsystemresourcesresourcemanagerclassHeaderVersionNumberTopic.htm" ismsdn="true" />
    </HelpFolder>
    <HelpFolder name="Methods" link="ms-help://MS.NETFrameworkSDKv1.1/cpref/html/frlrfsystemresourcesresourcemanagerMethodsTopic.htm" ismsdn="true">
      <HelpTopic name="GetObject(System.String, System.Globalization.CultureInfo)" link="ms-help://MS.NETFrameworkSDKv1.1/cpref/html/frlrfsystemresourcesresourcemanagerclassGetObjectTopic0.htm" ismsdn="true" />
      <HelpTopic name="GetObject(System.String)" link="ms-help://MS.NETFrameworkSDKv1.1/cpref/html/frlrfsystemresourcesresourcemanagerclassGetObjectTopic1.htm" ismsdn="true" />
      <HelpTopic name="GetString(System.String, System.Globalization.CultureInfo)" link="ms-help://MS.NETFrameworkSDKv1.1/cpref/html/frlrfsystemresourcesresourcemanagerclassGetStringTopic1.htm" ismsdn="true" />
      <HelpTopic name="GetString(System.String)" link="ms-help://MS.NETFrameworkSDKv1.1/cpref/html/frlrfsystemresourcesresourcemanagerclassGetStringTopic2.htm" ismsdn="true" />
      <HelpTopic name="GetResourceSet(System.Globalization.CultureInfo, System.Boolean, System.Boolean)" link="ms-help://MS.NETFrameworkSDKv1.1/cpref/html/frlrfsystemresourcesresourcemanagerclassGetResourceSetTopic.htm" ismsdn="true" />
      <HelpTopic name="ReleaseAllResources()" link="ms-help://MS.NETFrameworkSDKv1.1/cpref/html/frlrfsystemresourcesresourcemanagerclassReleaseAllResourcesTopic.htm" ismsdn="true" />
      <HelpTopic name="CreateFileBasedResourceManager(System.String, System.String, System.Type)" link="ms-help://MS.NETFrameworkSDKv1.1/cpref/html/frlrfsystemresourcesresourcemanagerclassCreateFileBasedResourceManagerTopic.htm" ismsdn="true" />
    </HelpFolder>
    <HelpFolder name="Properties" link="ms-help://MS.NETFrameworkSDKv1.1/cpref/html/frlrfsystemresourcesresourcemanagerPropertiesTopic.htm" ismsdn="true">
      <HelpTopic name="BaseName" link="ms-help://MS.NETFrameworkSDKv1.1/cpref/html/frlrfsystemresourcesresourcemanagerclassBaseNameTopic.htm" ismsdn="true" />
      <HelpTopic name="IgnoreCase" link="ms-help://MS.NETFrameworkSDKv1.1/cpref/html/frlrfsystemresourcesresourcemanagerclassIgnoreCaseTopic.htm" ismsdn="true" />
      <HelpTopic name="ResourceSetType" link="ms-help://MS.NETFrameworkSDKv1.1/cpref/html/frlrfsystemresourcesresourcemanagerclassResourceSetTypeTopic.htm" ismsdn="true" />
    </HelpFolder>
  </HelpFolder>
  <HelpFolder name="ResourceReader class" link="ms-help://MS.NETFrameworkSDKv1.1/cpref/html/frlrfsystemresourcesresourcereaderClassTopic.htm" ismsdn="true">
    <HelpTopic name="ResourceReader members" link="ms-help://MS.NETFrameworkSDKv1.1/cpref/html/frlrfsystemresourcesresourcereaderMembersTopic.htm" ismsdn="true" />
    <HelpFolder name="Constructors" link="ms-help://MS.NETFrameworkSDKv1.1/cpref/html/frlrfsystemresourcesresourcereaderclassctorTopic.htm" ismsdn="true">
      <HelpTopic name=".ctor(System.String)" link="ms-help://MS.NETFrameworkSDKv1.1/cpref/html/frlrfsystemresourcesresourcereaderclassctorTopic1.htm" ismsdn="true" />
      <HelpTopic name=".ctor(System.IO.Stream)" link="ms-help://MS.NETFrameworkSDKv1.1/cpref/html/frlrfsystemresourcesresourcereaderclassctorTopic1.htm" ismsdn="true" />
    </HelpFolder>
    <HelpFolder name="Methods" link="ms-help://MS.NETFrameworkSDKv1.1/cpref/html/frlrfsystemresourcesresourcereaderMethodsTopic.htm" ismsdn="true">
      <HelpTopic name="GetEnumerator()" link="ms-help://MS.NETFrameworkSDKv1.1/cpref/html/frlrfsystemresourcesresourcereaderclassGetEnumeratorTopic.htm" ismsdn="true" />
      <HelpTopic name="Close()" link="ms-help://MS.NETFrameworkSDKv1.1/cpref/html/frlrfsystemresourcesresourcereaderclassCloseTopic.htm" ismsdn="true" />
    </HelpFolder>
  </HelpFolder>
  <HelpFolder name="ResourceSet class" link="ms-help://MS.NETFrameworkSDKv1.1/cpref/html/frlrfsystemresourcesresourcesetClassTopic.htm" ismsdn="true">
    <HelpTopic name="ResourceSet members" link="ms-help://MS.NETFrameworkSDKv1.1/cpref/html/frlrfsystemresourcesresourcesetMembersTopic.htm" ismsdn="true" />
    <HelpFolder name="Constructors" link="ms-help://MS.NETFrameworkSDKv1.1/cpref/html/frlrfsystemresourcesresourcesetclassctorTopic.htm" ismsdn="true">
      <HelpTopic name=".ctor(System.String)" link="ms-help://MS.NETFrameworkSDKv1.1/cpref/html/frlrfsystemresourcesresourcesetclassctorTopic1.htm" ismsdn="true" />
      <HelpTopic name=".ctor(System.IO.Stream)" link="ms-help://MS.NETFrameworkSDKv1.1/cpref/html/frlrfsystemresourcesresourcesetclassctorTopic1.htm" ismsdn="true" />
      <HelpTopic name=".ctor(System.Resources.IResourceReader)" link="ms-help://MS.NETFrameworkSDKv1.1/cpref/html/frlrfsystemresourcesresourcesetclassctorTopic2.htm" ismsdn="true" />
    </HelpFolder>
    <HelpFolder name="Methods" link="ms-help://MS.NETFrameworkSDKv1.1/cpref/html/frlrfsystemresourcesresourcesetMethodsTopic.htm" ismsdn="true">
      <HelpTopic name="Dispose()" link="ms-help://MS.NETFrameworkSDKv1.1/cpref/html/frlrfsystemresourcesresourcesetclassDisposeTopic.htm" ismsdn="true" />
      <HelpTopic name="GetObject(System.String, System.Boolean)" link="ms-help://MS.NETFrameworkSDKv1.1/cpref/html/frlrfsystemresourcesresourcesetclassGetObjectTopic1.htm" ismsdn="true" />
      <HelpTopic name="GetObject(System.String)" link="ms-help://MS.NETFrameworkSDKv1.1/cpref/html/frlrfsystemresourcesresourcesetclassGetObjectTopic2.htm" ismsdn="true" />
      <HelpTopic name="GetString(System.String, System.Boolean)" link="ms-help://MS.NETFrameworkSDKv1.1/cpref/html/frlrfsystemresourcesresourcesetclassGetStringTopic1.htm" ismsdn="true" />
      <HelpTopic name="GetString(System.String)" link="ms-help://MS.NETFrameworkSDKv1.1/cpref/html/frlrfsystemresourcesresourcesetclassGetStringTopic2.htm" ismsdn="true" />
      <HelpTopic name="GetEnumerator()" link="ms-help://MS.NETFrameworkSDKv1.1/cpref/html/frlrfsystemresourcesresourcesetclassGetEnumeratorTopic.htm" ismsdn="true" />
      <HelpTopic name="GetDefaultWriter()" link="ms-help://MS.NETFrameworkSDKv1.1/cpref/html/frlrfsystemresourcesresourcesetclassGetDefaultWriterTopic.htm" ismsdn="true" />
      <HelpTopic name="GetDefaultReader()" link="ms-help://MS.NETFrameworkSDKv1.1/cpref/html/frlrfsystemresourcesresourcesetclassGetDefaultReaderTopic.htm" ismsdn="true" />
      <HelpTopic name="Close()" link="ms-help://MS.NETFrameworkSDKv1.1/cpref/html/frlrfsystemresourcesresourcesetclassCloseTopic.htm" ismsdn="true" />
    </HelpFolder>
  </HelpFolder>
  <HelpFolder name="ResourceWriter class" link="ms-help://MS.NETFrameworkSDKv1.1/cpref/html/frlrfsystemresourcesresourcewriterClassTopic.htm" ismsdn="true">
    <HelpTopic name="ResourceWriter members" link="ms-help://MS.NETFrameworkSDKv1.1/cpref/html/frlrfsystemresourcesresourcewriterMembersTopic.htm" ismsdn="true" />
    <HelpFolder name="Constructors" link="ms-help://MS.NETFrameworkSDKv1.1/cpref/html/frlrfsystemresourcesresourcewriterclassctorTopic.htm" ismsdn="true">
      <HelpTopic name=".ctor(System.String)" link="ms-help://MS.NETFrameworkSDKv1.1/cpref/html/frlrfsystemresourcesresourcewriterclassctorTopic1.htm" ismsdn="true" />
      <HelpTopic name=".ctor(System.IO.Stream)" link="ms-help://MS.NETFrameworkSDKv1.1/cpref/html/frlrfsystemresourcesresourcewriterclassctorTopic1.htm" ismsdn="true" />
    </HelpFolder>
    <HelpFolder name="Methods" link="ms-help://MS.NETFrameworkSDKv1.1/cpref/html/frlrfsystemresourcesresourcewriterMethodsTopic.htm" ismsdn="true">
      <HelpTopic name="Dispose()" link="ms-help://MS.NETFrameworkSDKv1.1/cpref/html/frlrfsystemresourcesresourcewriterclassDisposeTopic.htm" ismsdn="true" />
      <HelpTopic name="Generate()" link="ms-help://MS.NETFrameworkSDKv1.1/cpref/html/frlrfsystemresourcesresourcewriterclassGenerateTopic.htm" ismsdn="true" />
      <HelpTopic name="Close()" link="ms-help://MS.NETFrameworkSDKv1.1/cpref/html/frlrfsystemresourcesresourcewriterclassCloseTopic.htm" ismsdn="true" />
      <HelpTopic name="AddResource(System.String, System.Byte[])" link="ms-help://MS.NETFrameworkSDKv1.1/cpref/html/frlrfsystemresourcesresourcewriterclassAddResourceTopic1.htm" ismsdn="true" />
      <HelpTopic name="AddResource(System.String, System.Object)" link="ms-help://MS.NETFrameworkSDKv1.1/cpref/html/frlrfsystemresourcesresourcewriterclassAddResourceTopic2.htm" ismsdn="true" />
      <HelpTopic name="AddResource(System.String, System.String)" link="ms-help://MS.NETFrameworkSDKv1.1/cpref/html/frlrfsystemresourcesresourcewriterclassAddResourceTopic3.htm" ismsdn="true" />
    </HelpFolder>
  </HelpFolder>
  <HelpFolder name="ResXFileRef class" link="ms-help://MS.NETFrameworkSDKv1.1/cpref/html/frlrfsystemresourcesresxfilerefClassTopic.htm" ismsdn="true">
    <HelpTopic name="ResXFileRef members" link="ms-help://MS.NETFrameworkSDKv1.1/cpref/html/frlrfsystemresourcesresxfilerefMembersTopic.htm" ismsdn="true" />
    <HelpFolder name="Constructors" link="ms-help://MS.NETFrameworkSDKv1.1/cpref/html/frlrfsystemresourcesresxfilerefclassctorTopic.htm" ismsdn="true">
      <HelpTopic name=".ctor(System.String, System.String)" link="ms-help://MS.NETFrameworkSDKv1.1/cpref/html/frlrfsystemresourcesresxfilerefclassctorTopic.htm" ismsdn="true" />
    </HelpFolder>
    <HelpFolder name="Methods" link="ms-help://MS.NETFrameworkSDKv1.1/cpref/html/frlrfsystemresourcesresxfilerefMethodsTopic.htm" ismsdn="true">
      <HelpTopic name="ToString()" link="ms-help://MS.NETFrameworkSDKv1.1/cpref/html/frlrfsystemresourcesresxfilerefclassToStringTopic.htm" ismsdn="true" />
    </HelpFolder>
  </HelpFolder>
  <HelpFolder name="ResXResourceReader class" link="ms-help://MS.NETFrameworkSDKv1.1/cpref/html/frlrfsystemresourcesresxresourcereaderClassTopic.htm" ismsdn="true">
    <HelpTopic name="ResXResourceReader members" link="ms-help://MS.NETFrameworkSDKv1.1/cpref/html/frlrfsystemresourcesresxresourcereaderMembersTopic.htm" ismsdn="true" />
    <HelpFolder name="Constructors" link="ms-help://MS.NETFrameworkSDKv1.1/cpref/html/frlrfsystemresourcesresxresourcereaderclassctorTopic.htm" ismsdn="true">
      <HelpTopic name=".ctor(System.String)" link="ms-help://MS.NETFrameworkSDKv1.1/cpref/html/frlrfsystemresourcesresxresourcereaderclassctorTopic1.htm" ismsdn="true" />
      <HelpTopic name=".ctor(System.IO.Stream)" link="ms-help://MS.NETFrameworkSDKv1.1/cpref/html/frlrfsystemresourcesresxresourcereaderclassctorTopic1.htm" ismsdn="true" />
      <HelpTopic name=".ctor(System.IO.TextReader)" link="ms-help://MS.NETFrameworkSDKv1.1/cpref/html/frlrfsystemresourcesresxresourcereaderclassctorTopic2.htm" ismsdn="true" />
      <HelpTopic name=".ctor(System.String, System.ComponentModel.Design.ITypeResolutionService)" link="ms-help://MS.NETFrameworkSDKv1.1/cpref/html/frlrfsystemresourcesresxresourcereaderclassctorTopic3.htm" ismsdn="true" />
      <HelpTopic name=".ctor(System.IO.Stream, System.ComponentModel.Design.ITypeResolutionService)" link="ms-help://MS.NETFrameworkSDKv1.1/cpref/html/frlrfsystemresourcesresxresourcereaderclassctorTopic4.htm" ismsdn="true" />
      <HelpTopic name=".ctor(System.IO.TextReader, System.ComponentModel.Design.ITypeResolutionService)" link="ms-help://MS.NETFrameworkSDKv1.1/cpref/html/frlrfsystemresourcesresxresourcereaderclassctorTopic5.htm" ismsdn="true" />
    </HelpFolder>
    <HelpFolder name="Methods" link="ms-help://MS.NETFrameworkSDKv1.1/cpref/html/frlrfsystemresourcesresxresourcereaderMethodsTopic.htm" ismsdn="true">
      <HelpTopic name="GetEnumerator()" link="ms-help://MS.NETFrameworkSDKv1.1/cpref/html/frlrfsystemresourcesresxresourcereaderclassGetEnumeratorTopic.htm" ismsdn="true" />
      <HelpTopic name="Close()" link="ms-help://MS.NETFrameworkSDKv1.1/cpref/html/frlrfsystemresourcesresxresourcereaderclassCloseTopic.htm" ismsdn="true" />
      <HelpTopic name="FromFileContents(System.String)" link="ms-help://MS.NETFrameworkSDKv1.1/cpref/html/frlrfsystemresourcesresxresourcereaderclassFromFileContentsTopic1.htm" ismsdn="true" />
      <HelpTopic name="FromFileContents(System.String, System.ComponentModel.Design.ITypeResolutionService)" link="ms-help://MS.NETFrameworkSDKv1.1/cpref/html/frlrfsystemresourcesresxresourcereaderclassFromFileContentsTopic2.htm" ismsdn="true" />
    </HelpFolder>
  </HelpFolder>
  <HelpFolder name="ResXResourceSet class" link="ms-help://MS.NETFrameworkSDKv1.1/cpref/html/frlrfsystemresourcesresxresourcesetClassTopic.htm" ismsdn="true">
    <HelpTopic name="ResXResourceSet members" link="ms-help://MS.NETFrameworkSDKv1.1/cpref/html/frlrfsystemresourcesresxresourcesetMembersTopic.htm" ismsdn="true" />
    <HelpFolder name="Constructors" link="ms-help://MS.NETFrameworkSDKv1.1/cpref/html/frlrfsystemresourcesresxresourcesetclassctorTopic.htm" ismsdn="true">
      <HelpTopic name=".ctor(System.String)" link="ms-help://MS.NETFrameworkSDKv1.1/cpref/html/frlrfsystemresourcesresxresourcesetclassctorTopic1.htm" ismsdn="true" />
      <HelpTopic name=".ctor(System.IO.Stream)" link="ms-help://MS.NETFrameworkSDKv1.1/cpref/html/frlrfsystemresourcesresxresourcesetclassctorTopic1.htm" ismsdn="true" />
    </HelpFolder>
    <HelpFolder name="Methods" link="ms-help://MS.NETFrameworkSDKv1.1/cpref/html/frlrfsystemresourcesresxresourcesetMethodsTopic.htm" ismsdn="true">
      <HelpTopic name="GetDefaultWriter()" link="ms-help://MS.NETFrameworkSDKv1.1/cpref/html/frlrfsystemresourcesresxresourcesetclassGetDefaultWriterTopic.htm" ismsdn="true" />
      <HelpTopic name="GetDefaultReader()" link="ms-help://MS.NETFrameworkSDKv1.1/cpref/html/frlrfsystemresourcesresxresourcesetclassGetDefaultReaderTopic.htm" ismsdn="true" />
    </HelpFolder>
  </HelpFolder>
  <HelpFolder name="ResXResourceWriter class" link="ms-help://MS.NETFrameworkSDKv1.1/cpref/html/frlrfsystemresourcesresxresourcewriterClassTopic.htm" ismsdn="true">
    <HelpTopic name="ResXResourceWriter members" link="ms-help://MS.NETFrameworkSDKv1.1/cpref/html/frlrfsystemresourcesresxresourcewriterMembersTopic.htm" ismsdn="true" />
    <HelpFolder name="Constructors" link="ms-help://MS.NETFrameworkSDKv1.1/cpref/html/frlrfsystemresourcesresxresourcewriterclassctorTopic.htm" ismsdn="true">
      <HelpTopic name=".ctor(System.String)" link="ms-help://MS.NETFrameworkSDKv1.1/cpref/html/frlrfsystemresourcesresxresourcewriterclassctorTopic1.htm" ismsdn="true" />
      <HelpTopic name=".ctor(System.IO.Stream)" link="ms-help://MS.NETFrameworkSDKv1.1/cpref/html/frlrfsystemresourcesresxresourcewriterclassctorTopic1.htm" ismsdn="true" />
      <HelpTopic name=".ctor(System.IO.TextWriter)" link="ms-help://MS.NETFrameworkSDKv1.1/cpref/html/frlrfsystemresourcesresxresourcewriterclassctorTopic2.htm" ismsdn="true" />
    </HelpFolder>
    <HelpFolder name="Fields" link="ms-help://MS.NETFrameworkSDKv1.1/cpref/html/frlrfsystemresourcesresxresourcewriterFieldsTopic.htm" ismsdn="true">
      <HelpTopic name="BinSerializedObjectMimeType" link="ms-help://MS.NETFrameworkSDKv1.1/cpref/html/frlrfsystemresourcesresxresourcewriterclassBinSerializedObjectMimeTypeTopic.htm" ismsdn="true" />
      <HelpTopic name="SoapSerializedObjectMimeType" link="ms-help://MS.NETFrameworkSDKv1.1/cpref/html/frlrfsystemresourcesresxresourcewriterclassSoapSerializedObjectMimeTypeTopic.htm" ismsdn="true" />
      <HelpTopic name="DefaultSerializedObjectMimeType" link="ms-help://MS.NETFrameworkSDKv1.1/cpref/html/frlrfsystemresourcesresxresourcewriterclassDefaultSerializedObjectMimeTypeTopic.htm" ismsdn="true" />
      <HelpTopic name="ByteArraySerializedObjectMimeType" link="ms-help://MS.NETFrameworkSDKv1.1/cpref/html/frlrfsystemresourcesresxresourcewriterclassByteArraySerializedObjectMimeTypeTopic.htm" ismsdn="true" />
      <HelpTopic name="ResMimeType" link="ms-help://MS.NETFrameworkSDKv1.1/cpref/html/frlrfsystemresourcesresxresourcewriterclassResMimeTypeTopic.htm" ismsdn="true" />
      <HelpTopic name="Version" link="ms-help://MS.NETFrameworkSDKv1.1/cpref/html/frlrfsystemresourcesresxresourcewriterclassVersionTopic.htm" ismsdn="true" />
      <HelpTopic name="ResourceSchema" link="ms-help://MS.NETFrameworkSDKv1.1/cpref/html/frlrfsystemresourcesresxresourcewriterclassResourceSchemaTopic.htm" ismsdn="true" />
    </HelpFolder>
    <HelpFolder name="Methods" link="ms-help://MS.NETFrameworkSDKv1.1/cpref/html/frlrfsystemresourcesresxresourcewriterMethodsTopic.htm" ismsdn="true">
      <HelpTopic name="Dispose()" link="ms-help://MS.NETFrameworkSDKv1.1/cpref/html/frlrfsystemresourcesresxresourcewriterclassDisposeTopic.htm" ismsdn="true" />
      <HelpTopic name="Generate()" link="ms-help://MS.NETFrameworkSDKv1.1/cpref/html/frlrfsystemresourcesresxresourcewriterclassGenerateTopic.htm" ismsdn="true" />
      <HelpTopic name="Close()" link="ms-help://MS.NETFrameworkSDKv1.1/cpref/html/frlrfsystemresourcesresxresourcewriterclassCloseTopic.htm" ismsdn="true" />
      <HelpTopic name="AddResource(System.String, System.Byte[])" link="ms-help://MS.NETFrameworkSDKv1.1/cpref/html/frlrfsystemresourcesresxresourcewriterclassAddResourceTopic1.htm" ismsdn="true" />
      <HelpTopic name="AddResource(System.String, System.Object)" link="ms-help://MS.NETFrameworkSDKv1.1/cpref/html/frlrfsystemresourcesresxresourcewriterclassAddResourceTopic2.htm" ismsdn="true" />
      <HelpTopic name="AddResource(System.String, System.String)" link="ms-help://MS.NETFrameworkSDKv1.1/cpref/html/frlrfsystemresourcesresxresourcewriterclassAddResourceTopic3.htm" ismsdn="true" />
    </HelpFolder>
  </HelpFolder>
  <HelpFolder name="SatelliteContractVersionAttribute class" link="ms-help://MS.NETFrameworkSDKv1.1/cpref/html/frlrfsystemresourcessatellitecontractversionattributeClassTopic.htm" ismsdn="true">
    <HelpTopic name="SatelliteContractVersionAttribute members" link="ms-help://MS.NETFrameworkSDKv1.1/cpref/html/frlrfsystemresourcessatellitecontractversionattributeMembersTopic.htm" ismsdn="true" />
    <HelpFolder name="Constructors" link="ms-help://MS.NETFrameworkSDKv1.1/cpref/html/frlrfsystemresourcessatellitecontractversionattributeclassctorTopic.htm" ismsdn="true">
      <HelpTopic name=".ctor(System.String)" link="ms-help://MS.NETFrameworkSDKv1.1/cpref/html/frlrfsystemresourcessatellitecontractversionattributeclassctorTopic.htm" ismsdn="true" />
    </HelpFolder>
    <HelpFolder name="Properties" link="ms-help://MS.NETFrameworkSDKv1.1/cpref/html/frlrfsystemresourcessatellitecontractversionattributePropertiesTopic.htm" ismsdn="true">
      <HelpTopic name="Version" link="ms-help://MS.NETFrameworkSDKv1.1/cpref/html/frlrfsystemresourcessatellitecontractversionattributeclassVersionTopic.htm" ismsdn="true" />
    </HelpFolder>
  </HelpFolder>
</HelpCollection>